INSERT INTO game (id, league_year_id, type_game_id, team_home_id, team_guest_id, team_home_points, team_guest_points, date_hours_utc, referee_1_id, referee_2_id, referee_3_id) VALUES (24988, 1, 1, 1655, 1649, 70, 73, 1747497600000, 1, 2, 3);
INSERT INTO lba.player_team_game(player_id, team_id, game_id) VALUES(378, 1655, 24988);
INSERT INTO lba.player_team_game(player_id, team_id, game_id) VALUES(2103, 1649, 24988);
INSERT INTO lba.player_team_game(player_id, team_id, game_id) VALUES(2148, 1655, 24988);
INSERT INTO lba.player_team_game(player_id, team_id, game_id) VALUES(3176, 1649, 24988);
INSERT INTO lba.player_team_game(player_id, team_id, game_id) VALUES(4692, 1649, 24988);
INSERT INTO lba.player_team_game(player_id, team_id, game_id) VALUES(5150, 1649, 24988);
INSERT INTO lba.player_team_game(player_id, team_id, game_id) VALUES(5568, 1649, 24988);
INSERT INTO lba.player_team_game(player_id, team_id, game_id) VALUES(6138, 1649, 24988);
INSERT INTO lba.player_team_game(player_id, team_id, game_id) VALUES(6320, 1655, 24988);
INSERT INTO lba.player_team_game(player_id, team_id, game_id) VALUES(6719, 1655, 24988);
INSERT INTO lba.player_team_game(player_id, team_id, game_id) VALUES(7015, 1649, 24988);
INSERT INTO lba.player_team_game(player_id, team_id, game_id) VALUES(7049, 1655, 24988);
INSERT INTO lba.player_team_game(player_id, team_id, game_id) VALUES(7404, 1649, 24988);
INSERT INTO lba.player_team_game(player_id, team_id, game_id) VALUES(7406, 1649, 24988);
INSERT INTO lba.player_team_game(player_id, team_id, game_id) VALUES(7407, 1649, 24988);
INSERT INTO lba.player_team_game(player_id, team_id, game_id) VALUES(7447, 1655, 24988);
INSERT INTO lba.player_team_game(player_id, team_id, game_id) VALUES(7448, 1655, 24988);
INSERT INTO lba.player_team_game(player_id, team_id, game_id) VALUES(7449, 1655, 24988);
INSERT INTO lba.player_team_game(player_id, team_id, game_id) VALUES(7450, 1655, 24988);
INSERT INTO lba.player_team_game(player_id, team_id, game_id) VALUES(7451, 1655, 24988);
INSERT INTO play(id, game_id, seconds_start, seconds_end, quarter, attack_home_01, score_home, score_guest)VALUES(27808, 24988, 0, 16, 1, '0', 0, 2);
INSERT INTO player_team_game_play(player_id, team_id, game_id, play_id, seconds_start, seconds_end) VALUES(7049, 1655, 24988, 27808, 0, 16);
INSERT INTO player_team_game_play(player_id, team_id, game_id, play_id, seconds_start, seconds_end) VALUES(7447, 1655, 24988, 27808, 0, 16);
INSERT INTO player_team_game_play(player_id, team_id, game_id, play_id, seconds_start, seconds_end) VALUES(7449, 1655, 24988, 27808, 0, 16);
INSERT INTO player_team_game_play(player_id, team_id, game_id, play_id, seconds_start, seconds_end) VALUES(7450, 1655, 24988, 27808, 0, 16);
INSERT INTO player_team_game_play(player_id, team_id, game_id, play_id, seconds_start, seconds_end) VALUES(6719, 1655, 24988, 27808, 0, 16);
INSERT INTO player_team_game_play(player_id, team_id, game_id, play_id, seconds_start, seconds_end) VALUES(5568, 1649, 24988, 27808, 0, 16);
INSERT INTO player_team_game_play(player_id, team_id, game_id, play_id, seconds_start, seconds_end) VALUES(7015, 1649, 24988, 27808, 0, 16);
INSERT INTO player_team_game_play(player_id, team_id, game_id, play_id, seconds_start, seconds_end) VALUES(7407, 1649, 24988, 27808, 0, 16);
INSERT INTO player_team_game_play(player_id, team_id, game_id, play_id, seconds_start, seconds_end) VALUES(6138, 1649, 24988, 27808, 0, 16);
INSERT INTO player_team_game_play(player_id, team_id, game_id, play_id, seconds_start, seconds_end) VALUES(5150, 1649, 24988, 27808, 0, 16);
INSERT INTO lba.sub_play (play_id, seconds_da_start, player_made_id, team_made_id, game_made_id, player_suffered_id, team_suffered_id, game_suffered_id, shot_id, turnover_id, foul_id, rebound_defensive_01, rebound_offensive_01, assist_01, blocks_01, time_out_01, x, y)VALUES(27808, 16, 7407, 1649, 24988, NULL, NULL, NULL, 1, NULL, NULL, '', '', '', '', '', 7, 57);
INSERT INTO lba.sub_play (play_id, seconds_da_start, player_made_id, team_made_id, game_made_id, player_suffered_id, team_suffered_id, game_suffered_id, shot_id, turnover_id, foul_id, rebound_defensive_01, rebound_offensive_01, assist_01, blocks_01, time_out_01, x, y)VALUES(27808, 16, 5150, 1649, 24988, NULL, NULL, NULL, NULL, NULL, NULL, '', '', '1', '', '', 7, 57);

INSERT INTO play(id, game_id, seconds_start, seconds_end, quarter, attack_home_01, score_home, score_guest)VALUES(27809, 24988, 16, 40, 1, '1', 3, 2);
INSERT INTO player_team_game_play(player_id, team_id, game_id, play_id, seconds_start, seconds_end) VALUES(7049, 1655, 24988, 27809, 16, 40);
INSERT INTO player_team_game_play(player_id, team_id, game_id, play_id, seconds_start, seconds_end) VALUES(7447, 1655, 24988, 27809, 16, 40);
INSERT INTO player_team_game_play(player_id, team_id, game_id, play_id, seconds_start, seconds_end) VALUES(7449, 1655, 24988, 27809, 16, 40);
INSERT INTO player_team_game_play(player_id, team_id, game_id, play_id, seconds_start, seconds_end) VALUES(7450, 1655, 24988, 27809, 16, 40);
INSERT INTO player_team_game_play(player_id, team_id, game_id, play_id, seconds_start, seconds_end) VALUES(6719, 1655, 24988, 27809, 16, 40);
INSERT INTO player_team_game_play(player_id, team_id, game_id, play_id, seconds_start, seconds_end) VALUES(5568, 1649, 24988, 27809, 16, 40);
INSERT INTO player_team_game_play(player_id, team_id, game_id, play_id, seconds_start, seconds_end) VALUES(7015, 1649, 24988, 27809, 16, 40);
INSERT INTO player_team_game_play(player_id, team_id, game_id, play_id, seconds_start, seconds_end) VALUES(7407, 1649, 24988, 27809, 16, 40);
INSERT INTO player_team_game_play(player_id, team_id, game_id, play_id, seconds_start, seconds_end) VALUES(6138, 1649, 24988, 27809, 16, 40);
INSERT INTO player_team_game_play(player_id, team_id, game_id, play_id, seconds_start, seconds_end) VALUES(5150, 1649, 24988, 27809, 16, 40);
INSERT INTO lba.sub_play (play_id, seconds_da_start, player_made_id, team_made_id, game_made_id, player_suffered_id, team_suffered_id, game_suffered_id, shot_id, turnover_id, foul_id, rebound_defensive_01, rebound_offensive_01, assist_01, blocks_01, time_out_01, x, y)VALUES(27809, 24, 7450, 1655, 24988, NULL, NULL, NULL, 3, NULL, NULL, '', '', '', '', '', 67, 30);
INSERT INTO lba.sub_play (play_id, seconds_da_start, player_made_id, team_made_id, game_made_id, player_suffered_id, team_suffered_id, game_suffered_id, shot_id, turnover_id, foul_id, rebound_defensive_01, rebound_offensive_01, assist_01, blocks_01, time_out_01, x, y)VALUES(27809, 24, 7447, 1655, 24988, NULL, NULL, NULL, NULL, NULL, NULL, '', '', '1', '', '', 67, 30);

INSERT INTO play(id, game_id, seconds_start, seconds_end, quarter, attack_home_01, score_home, score_guest)VALUES(27810, 24988, 40, 73, 1, '0', 3, 2);
INSERT INTO player_team_game_play(player_id, team_id, game_id, play_id, seconds_start, seconds_end) VALUES(7049, 1655, 24988, 27810, 40, 73);
INSERT INTO player_team_game_play(player_id, team_id, game_id, play_id, seconds_start, seconds_end) VALUES(7447, 1655, 24988, 27810, 40, 73);
INSERT INTO player_team_game_play(player_id, team_id, game_id, play_id, seconds_start, seconds_end) VALUES(7449, 1655, 24988, 27810, 40, 73);
INSERT INTO player_team_game_play(player_id, team_id, game_id, play_id, seconds_start, seconds_end) VALUES(7450, 1655, 24988, 27810, 40, 73);
INSERT INTO player_team_game_play(player_id, team_id, game_id, play_id, seconds_start, seconds_end) VALUES(6719, 1655, 24988, 27810, 40, 73);
INSERT INTO player_team_game_play(player_id, team_id, game_id, play_id, seconds_start, seconds_end) VALUES(5568, 1649, 24988, 27810, 40, 73);
INSERT INTO player_team_game_play(player_id, team_id, game_id, play_id, seconds_start, seconds_end) VALUES(7015, 1649, 24988, 27810, 40, 73);
INSERT INTO player_team_game_play(player_id, team_id, game_id, play_id, seconds_start, seconds_end) VALUES(7407, 1649, 24988, 27810, 40, 73);
INSERT INTO player_team_game_play(player_id, team_id, game_id, play_id, seconds_start, seconds_end) VALUES(6138, 1649, 24988, 27810, 40, 73);
INSERT INTO player_team_game_play(player_id, team_id, game_id, play_id, seconds_start, seconds_end) VALUES(5150, 1649, 24988, 27810, 40, 73);
INSERT INTO lba.sub_play (play_id, seconds_da_start, player_made_id, team_made_id, game_made_id, player_suffered_id, team_suffered_id, game_suffered_id, shot_id, turnover_id, foul_id, rebound_defensive_01, rebound_offensive_01, assist_01, blocks_01, time_out_01, x, y)VALUES(27810, 33, 5150, 1649, 24988, 7450, 1655, 24988, NULL, 1, NULL, '', '', '', '', '', 21, 55);

INSERT INTO play(id, game_id, seconds_start, seconds_end, quarter, attack_home_01, score_home, score_guest)VALUES(27811, 24988, 73, 89, 1, '1', 3, 2);
INSERT INTO player_team_game_play(player_id, team_id, game_id, play_id, seconds_start, seconds_end) VALUES(7049, 1655, 24988, 27811, 73, 89);
INSERT INTO player_team_game_play(player_id, team_id, game_id, play_id, seconds_start, seconds_end) VALUES(7447, 1655, 24988, 27811, 73, 89);
INSERT INTO player_team_game_play(player_id, team_id, game_id, play_id, seconds_start, seconds_end) VALUES(7449, 1655, 24988, 27811, 73, 89);
INSERT INTO player_team_game_play(player_id, team_id, game_id, play_id, seconds_start, seconds_end) VALUES(7450, 1655, 24988, 27811, 73, 89);
INSERT INTO player_team_game_play(player_id, team_id, game_id, play_id, seconds_start, seconds_end) VALUES(6719, 1655, 24988, 27811, 73, 89);
INSERT INTO player_team_game_play(player_id, team_id, game_id, play_id, seconds_start, seconds_end) VALUES(5568, 1649, 24988, 27811, 73, 89);
INSERT INTO player_team_game_play(player_id, team_id, game_id, play_id, seconds_start, seconds_end) VALUES(7015, 1649, 24988, 27811, 73, 89);
INSERT INTO player_team_game_play(player_id, team_id, game_id, play_id, seconds_start, seconds_end) VALUES(7407, 1649, 24988, 27811, 73, 89);
INSERT INTO player_team_game_play(player_id, team_id, game_id, play_id, seconds_start, seconds_end) VALUES(6138, 1649, 24988, 27811, 73, 89);
INSERT INTO player_team_game_play(player_id, team_id, game_id, play_id, seconds_start, seconds_end) VALUES(5150, 1649, 24988, 27811, 73, 89);
INSERT INTO lba.sub_play (play_id, seconds_da_start, player_made_id, team_made_id, game_made_id, player_suffered_id, team_suffered_id, game_suffered_id, shot_id, turnover_id, foul_id, rebound_defensive_01, rebound_offensive_01, assist_01, blocks_01, time_out_01, x, y)VALUES(27811, 11, 7450, 1655, 24988, NULL, NULL, NULL, 2, NULL, NULL, '', '', '', '', '', 89, 49);
INSERT INTO lba.sub_play (play_id, seconds_da_start, player_made_id, team_made_id, game_made_id, player_suffered_id, team_suffered_id, game_suffered_id, shot_id, turnover_id, foul_id, rebound_defensive_01, rebound_offensive_01, assist_01, blocks_01, time_out_01, x, y)VALUES(27811, 11, 7015, 1649, 24988, 7450, 1655, 24988, NULL, NULL, NULL, '', '', '', '1', '', 89, 49);
INSERT INTO lba.sub_play (play_id, seconds_da_start, player_made_id, team_made_id, game_made_id, player_suffered_id, team_suffered_id, game_suffered_id, shot_id, turnover_id, foul_id, rebound_defensive_01, rebound_offensive_01, assist_01, blocks_01, time_out_01, x, y)VALUES(27811, 16, 7447, 1655, 24988, NULL, NULL, NULL, 2, NULL, NULL, '', '', '', '', '', 82, 33);
INSERT INTO lba.sub_play (play_id, seconds_da_start, player_made_id, team_made_id, game_made_id, player_suffered_id, team_suffered_id, game_suffered_id, shot_id, turnover_id, foul_id, rebound_defensive_01, rebound_offensive_01, assist_01, blocks_01, time_out_01, x, y)VALUES(27811, 16, 5568, 1649, 24988, NULL, NULL, NULL, NULL, NULL, NULL, '1', '', '', '', '', 82, 33);

INSERT INTO play(id, game_id, seconds_start, seconds_end, quarter, attack_home_01, score_home, score_guest)VALUES(27812, 24988, 89, 97, 1, '0', 3, 2);
INSERT INTO player_team_game_play(player_id, team_id, game_id, play_id, seconds_start, seconds_end) VALUES(7049, 1655, 24988, 27812, 89, 97);
INSERT INTO player_team_game_play(player_id, team_id, game_id, play_id, seconds_start, seconds_end) VALUES(7447, 1655, 24988, 27812, 89, 97);
INSERT INTO player_team_game_play(player_id, team_id, game_id, play_id, seconds_start, seconds_end) VALUES(7449, 1655, 24988, 27812, 89, 97);
INSERT INTO player_team_game_play(player_id, team_id, game_id, play_id, seconds_start, seconds_end) VALUES(7450, 1655, 24988, 27812, 89, 97);
INSERT INTO player_team_game_play(player_id, team_id, game_id, play_id, seconds_start, seconds_end) VALUES(6719, 1655, 24988, 27812, 89, 97);
INSERT INTO player_team_game_play(player_id, team_id, game_id, play_id, seconds_start, seconds_end) VALUES(5568, 1649, 24988, 27812, 89, 97);
INSERT INTO player_team_game_play(player_id, team_id, game_id, play_id, seconds_start, seconds_end) VALUES(7015, 1649, 24988, 27812, 89, 97);
INSERT INTO player_team_game_play(player_id, team_id, game_id, play_id, seconds_start, seconds_end) VALUES(7407, 1649, 24988, 27812, 89, 97);
INSERT INTO player_team_game_play(player_id, team_id, game_id, play_id, seconds_start, seconds_end) VALUES(6138, 1649, 24988, 27812, 89, 97);
INSERT INTO player_team_game_play(player_id, team_id, game_id, play_id, seconds_start, seconds_end) VALUES(5150, 1649, 24988, 27812, 89, 97);
INSERT INTO lba.sub_play (play_id, seconds_da_start, player_made_id, team_made_id, game_made_id, player_suffered_id, team_suffered_id, game_suffered_id, shot_id, turnover_id, foul_id, rebound_defensive_01, rebound_offensive_01, assist_01, blocks_01, time_out_01, x, y)VALUES(27812, 8, 7015, 1649, 24988, 7450, 1655, 24988, NULL, NULL, 7, '', '', '', '', '', 11, 28);
INSERT INTO lba.sub_play (play_id, seconds_da_start, player_made_id, team_made_id, game_made_id, player_suffered_id, team_suffered_id, game_suffered_id, shot_id, turnover_id, foul_id, rebound_defensive_01, rebound_offensive_01, assist_01, blocks_01, time_out_01, x, y)VALUES(27812, 8, 7015, 1649, 24988, NULL, NULL, NULL, NULL, 13, NULL, '', '', '', '', '', 11, 28);

INSERT INTO play(id, game_id, seconds_start, seconds_end, quarter, attack_home_01, score_home, score_guest)VALUES(27813, 24988, 97, 115, 1, '1', 5, 2);
INSERT INTO player_team_game_play(player_id, team_id, game_id, play_id, seconds_start, seconds_end) VALUES(7049, 1655, 24988, 27813, 97, 115);
INSERT INTO player_team_game_play(player_id, team_id, game_id, play_id, seconds_start, seconds_end) VALUES(7447, 1655, 24988, 27813, 97, 115);
INSERT INTO player_team_game_play(player_id, team_id, game_id, play_id, seconds_start, seconds_end) VALUES(7449, 1655, 24988, 27813, 97, 115);
INSERT INTO player_team_game_play(player_id, team_id, game_id, play_id, seconds_start, seconds_end) VALUES(7450, 1655, 24988, 27813, 97, 115);
INSERT INTO player_team_game_play(player_id, team_id, game_id, play_id, seconds_start, seconds_end) VALUES(6719, 1655, 24988, 27813, 97, 115);
INSERT INTO player_team_game_play(player_id, team_id, game_id, play_id, seconds_start, seconds_end) VALUES(5568, 1649, 24988, 27813, 97, 115);
INSERT INTO player_team_game_play(player_id, team_id, game_id, play_id, seconds_start, seconds_end) VALUES(7015, 1649, 24988, 27813, 97, 115);
INSERT INTO player_team_game_play(player_id, team_id, game_id, play_id, seconds_start, seconds_end) VALUES(7407, 1649, 24988, 27813, 97, 115);
INSERT INTO player_team_game_play(player_id, team_id, game_id, play_id, seconds_start, seconds_end) VALUES(6138, 1649, 24988, 27813, 97, 115);
INSERT INTO player_team_game_play(player_id, team_id, game_id, play_id, seconds_start, seconds_end) VALUES(5150, 1649, 24988, 27813, 97, 115);
INSERT INTO lba.sub_play (play_id, seconds_da_start, player_made_id, team_made_id, game_made_id, player_suffered_id, team_suffered_id, game_suffered_id, shot_id, turnover_id, foul_id, rebound_defensive_01, rebound_offensive_01, assist_01, blocks_01, time_out_01, x, y)VALUES(27813, 18, 7450, 1655, 24988, NULL, NULL, NULL, 1, NULL, NULL, '', '', '', '', '', 92, 39);
INSERT INTO lba.sub_play (play_id, seconds_da_start, player_made_id, team_made_id, game_made_id, player_suffered_id, team_suffered_id, game_suffered_id, shot_id, turnover_id, foul_id, rebound_defensive_01, rebound_offensive_01, assist_01, blocks_01, time_out_01, x, y)VALUES(27813, 18, 7447, 1655, 24988, NULL, NULL, NULL, NULL, NULL, NULL, '', '', '1', '', '', 92, 39);

INSERT INTO play(id, game_id, seconds_start, seconds_end, quarter, attack_home_01, score_home, score_guest)VALUES(27814, 24988, 115, 132, 1, '0', 5, 2);
INSERT INTO player_team_game_play(player_id, team_id, game_id, play_id, seconds_start, seconds_end) VALUES(7049, 1655, 24988, 27814, 115, 132);
INSERT INTO player_team_game_play(player_id, team_id, game_id, play_id, seconds_start, seconds_end) VALUES(7447, 1655, 24988, 27814, 115, 132);
INSERT INTO player_team_game_play(player_id, team_id, game_id, play_id, seconds_start, seconds_end) VALUES(7449, 1655, 24988, 27814, 115, 132);
INSERT INTO player_team_game_play(player_id, team_id, game_id, play_id, seconds_start, seconds_end) VALUES(7450, 1655, 24988, 27814, 115, 132);
INSERT INTO player_team_game_play(player_id, team_id, game_id, play_id, seconds_start, seconds_end) VALUES(6719, 1655, 24988, 27814, 115, 132);
INSERT INTO player_team_game_play(player_id, team_id, game_id, play_id, seconds_start, seconds_end) VALUES(5568, 1649, 24988, 27814, 115, 132);
INSERT INTO player_team_game_play(player_id, team_id, game_id, play_id, seconds_start, seconds_end) VALUES(7015, 1649, 24988, 27814, 115, 132);
INSERT INTO player_team_game_play(player_id, team_id, game_id, play_id, seconds_start, seconds_end) VALUES(7407, 1649, 24988, 27814, 115, 132);
INSERT INTO player_team_game_play(player_id, team_id, game_id, play_id, seconds_start, seconds_end) VALUES(6138, 1649, 24988, 27814, 115, 132);
INSERT INTO player_team_game_play(player_id, team_id, game_id, play_id, seconds_start, seconds_end) VALUES(5150, 1649, 24988, 27814, 115, 132);
INSERT INTO lba.sub_play (play_id, seconds_da_start, player_made_id, team_made_id, game_made_id, player_suffered_id, team_suffered_id, game_suffered_id, shot_id, turnover_id, foul_id, rebound_defensive_01, rebound_offensive_01, assist_01, blocks_01, time_out_01, x, y)VALUES(27814, 17, 6138, 1649, 24988, NULL, NULL, NULL, 4, NULL, NULL, '', '', '', '', '', 30, 73);

INSERT INTO play(id, game_id, seconds_start, seconds_end, quarter, attack_home_01, score_home, score_guest)VALUES(27815, 24988, 132, 150, 1, '1', 8, 2);
INSERT INTO player_team_game_play(player_id, team_id, game_id, play_id, seconds_start, seconds_end) VALUES(7049, 1655, 24988, 27815, 132, 150);
INSERT INTO player_team_game_play(player_id, team_id, game_id, play_id, seconds_start, seconds_end) VALUES(7447, 1655, 24988, 27815, 132, 150);
INSERT INTO player_team_game_play(player_id, team_id, game_id, play_id, seconds_start, seconds_end) VALUES(7449, 1655, 24988, 27815, 132, 150);
INSERT INTO player_team_game_play(player_id, team_id, game_id, play_id, seconds_start, seconds_end) VALUES(7450, 1655, 24988, 27815, 132, 150);
INSERT INTO player_team_game_play(player_id, team_id, game_id, play_id, seconds_start, seconds_end) VALUES(6719, 1655, 24988, 27815, 132, 150);
INSERT INTO player_team_game_play(player_id, team_id, game_id, play_id, seconds_start, seconds_end) VALUES(5568, 1649, 24988, 27815, 132, 150);
INSERT INTO player_team_game_play(player_id, team_id, game_id, play_id, seconds_start, seconds_end) VALUES(7015, 1649, 24988, 27815, 132, 150);
INSERT INTO player_team_game_play(player_id, team_id, game_id, play_id, seconds_start, seconds_end) VALUES(7407, 1649, 24988, 27815, 132, 150);
INSERT INTO player_team_game_play(player_id, team_id, game_id, play_id, seconds_start, seconds_end) VALUES(6138, 1649, 24988, 27815, 132, 150);
INSERT INTO player_team_game_play(player_id, team_id, game_id, play_id, seconds_start, seconds_end) VALUES(5150, 1649, 24988, 27815, 132, 150);
INSERT INTO lba.sub_play (play_id, seconds_da_start, player_made_id, team_made_id, game_made_id, player_suffered_id, team_suffered_id, game_suffered_id, shot_id, turnover_id, foul_id, rebound_defensive_01, rebound_offensive_01, assist_01, blocks_01, time_out_01, x, y)VALUES(27815, 18, 7450, 1655, 24988, NULL, NULL, NULL, 3, NULL, NULL, '', '', '', '', '', 69, 25);
INSERT INTO lba.sub_play (play_id, seconds_da_start, player_made_id, team_made_id, game_made_id, player_suffered_id, team_suffered_id, game_suffered_id, shot_id, turnover_id, foul_id, rebound_defensive_01, rebound_offensive_01, assist_01, blocks_01, time_out_01, x, y)VALUES(27815, 18, 7049, 1655, 24988, NULL, NULL, NULL, NULL, NULL, NULL, '', '', '1', '', '', 69, 25);

INSERT INTO play(id, game_id, seconds_start, seconds_end, quarter, attack_home_01, score_home, score_guest)VALUES(27816, 24988, 150, 172, 1, '0', 8, 2);
INSERT INTO player_team_game_play(player_id, team_id, game_id, play_id, seconds_start, seconds_end) VALUES(7049, 1655, 24988, 27816, 150, 172);
INSERT INTO player_team_game_play(player_id, team_id, game_id, play_id, seconds_start, seconds_end) VALUES(7447, 1655, 24988, 27816, 150, 172);
INSERT INTO player_team_game_play(player_id, team_id, game_id, play_id, seconds_start, seconds_end) VALUES(7449, 1655, 24988, 27816, 150, 172);
INSERT INTO player_team_game_play(player_id, team_id, game_id, play_id, seconds_start, seconds_end) VALUES(7450, 1655, 24988, 27816, 150, 172);
INSERT INTO player_team_game_play(player_id, team_id, game_id, play_id, seconds_start, seconds_end) VALUES(6719, 1655, 24988, 27816, 150, 172);
INSERT INTO player_team_game_play(player_id, team_id, game_id, play_id, seconds_start, seconds_end) VALUES(5568, 1649, 24988, 27816, 150, 172);
INSERT INTO player_team_game_play(player_id, team_id, game_id, play_id, seconds_start, seconds_end) VALUES(7015, 1649, 24988, 27816, 150, 172);
INSERT INTO player_team_game_play(player_id, team_id, game_id, play_id, seconds_start, seconds_end) VALUES(7407, 1649, 24988, 27816, 150, 172);
INSERT INTO player_team_game_play(player_id, team_id, game_id, play_id, seconds_start, seconds_end) VALUES(6138, 1649, 24988, 27816, 150, 172);
INSERT INTO player_team_game_play(player_id, team_id, game_id, play_id, seconds_start, seconds_end) VALUES(5150, 1649, 24988, 27816, 150, 172);
INSERT INTO lba.sub_play (play_id, seconds_da_start, player_made_id, team_made_id, game_made_id, player_suffered_id, team_suffered_id, game_suffered_id, shot_id, turnover_id, foul_id, rebound_defensive_01, rebound_offensive_01, assist_01, blocks_01, time_out_01, x, y)VALUES(27816, 22, 5150, 1649, 24988, NULL, NULL, NULL, 2, NULL, NULL, '', '', '', '', '', 18, 65);
INSERT INTO lba.sub_play (play_id, seconds_da_start, player_made_id, team_made_id, game_made_id, player_suffered_id, team_suffered_id, game_suffered_id, shot_id, turnover_id, foul_id, rebound_defensive_01, rebound_offensive_01, assist_01, blocks_01, time_out_01, x, y)VALUES(27816, 22, 7449, 1655, 24988, NULL, NULL, NULL, NULL, NULL, NULL, '1', '', '', '', '', 18, 65);

INSERT INTO play(id, game_id, seconds_start, seconds_end, quarter, attack_home_01, score_home, score_guest)VALUES(27817, 24988, 172, 182, 1, '1', 8, 2);
INSERT INTO player_team_game_play(player_id, team_id, game_id, play_id, seconds_start, seconds_end) VALUES(7049, 1655, 24988, 27817, 172, 182);
INSERT INTO player_team_game_play(player_id, team_id, game_id, play_id, seconds_start, seconds_end) VALUES(7447, 1655, 24988, 27817, 172, 182);
INSERT INTO player_team_game_play(player_id, team_id, game_id, play_id, seconds_start, seconds_end) VALUES(7449, 1655, 24988, 27817, 172, 182);
INSERT INTO player_team_game_play(player_id, team_id, game_id, play_id, seconds_start, seconds_end) VALUES(7450, 1655, 24988, 27817, 172, 182);
INSERT INTO player_team_game_play(player_id, team_id, game_id, play_id, seconds_start, seconds_end) VALUES(6719, 1655, 24988, 27817, 172, 182);
INSERT INTO player_team_game_play(player_id, team_id, game_id, play_id, seconds_start, seconds_end) VALUES(5568, 1649, 24988, 27817, 172, 182);
INSERT INTO player_team_game_play(player_id, team_id, game_id, play_id, seconds_start, seconds_end) VALUES(7015, 1649, 24988, 27817, 172, 182);
INSERT INTO player_team_game_play(player_id, team_id, game_id, play_id, seconds_start, seconds_end) VALUES(7407, 1649, 24988, 27817, 172, 182);
INSERT INTO player_team_game_play(player_id, team_id, game_id, play_id, seconds_start, seconds_end) VALUES(6138, 1649, 24988, 27817, 172, 182);
INSERT INTO player_team_game_play(player_id, team_id, game_id, play_id, seconds_start, seconds_end) VALUES(5150, 1649, 24988, 27817, 172, 182);
INSERT INTO lba.sub_play (play_id, seconds_da_start, player_made_id, team_made_id, game_made_id, player_suffered_id, team_suffered_id, game_suffered_id, shot_id, turnover_id, foul_id, rebound_defensive_01, rebound_offensive_01, assist_01, blocks_01, time_out_01, x, y)VALUES(27817, 10, 7450, 1655, 24988, 6138, 1649, 24988, NULL, 1, NULL, '', '', '', '', '', 80, 30);

INSERT INTO play(id, game_id, seconds_start, seconds_end, quarter, attack_home_01, score_home, score_guest)VALUES(27818, 24988, 182, 186, 1, '0', 8, 2);
INSERT INTO player_team_game_play(player_id, team_id, game_id, play_id, seconds_start, seconds_end) VALUES(7049, 1655, 24988, 27818, 182, 186);
INSERT INTO player_team_game_play(player_id, team_id, game_id, play_id, seconds_start, seconds_end) VALUES(7447, 1655, 24988, 27818, 182, 186);
INSERT INTO player_team_game_play(player_id, team_id, game_id, play_id, seconds_start, seconds_end) VALUES(7449, 1655, 24988, 27818, 182, 186);
INSERT INTO player_team_game_play(player_id, team_id, game_id, play_id, seconds_start, seconds_end) VALUES(7450, 1655, 24988, 27818, 182, 186);
INSERT INTO player_team_game_play(player_id, team_id, game_id, play_id, seconds_start, seconds_end) VALUES(6719, 1655, 24988, 27818, 182, 186);
INSERT INTO player_team_game_play(player_id, team_id, game_id, play_id, seconds_start, seconds_end) VALUES(5568, 1649, 24988, 27818, 182, 186);
INSERT INTO player_team_game_play(player_id, team_id, game_id, play_id, seconds_start, seconds_end) VALUES(7015, 1649, 24988, 27818, 182, 186);
INSERT INTO player_team_game_play(player_id, team_id, game_id, play_id, seconds_start, seconds_end) VALUES(7407, 1649, 24988, 27818, 182, 186);
INSERT INTO player_team_game_play(player_id, team_id, game_id, play_id, seconds_start, seconds_end) VALUES(6138, 1649, 24988, 27818, 182, 186);
INSERT INTO player_team_game_play(player_id, team_id, game_id, play_id, seconds_start, seconds_end) VALUES(5150, 1649, 24988, 27818, 182, 186);
INSERT INTO lba.sub_play (play_id, seconds_da_start, player_made_id, team_made_id, game_made_id, player_suffered_id, team_suffered_id, game_suffered_id, shot_id, turnover_id, foul_id, rebound_defensive_01, rebound_offensive_01, assist_01, blocks_01, time_out_01, x, y)VALUES(27818, 4, 6138, 1649, 24988, 7447, 1655, 24988, NULL, 1, NULL, '', '', '', '', '', 63, 69);

INSERT INTO play(id, game_id, seconds_start, seconds_end, quarter, attack_home_01, score_home, score_guest)VALUES(27819, 24988, 186, 190, 1, '1', 8, 2);
INSERT INTO player_team_game_play(player_id, team_id, game_id, play_id, seconds_start, seconds_end) VALUES(7049, 1655, 24988, 27819, 186, 190);
INSERT INTO player_team_game_play(player_id, team_id, game_id, play_id, seconds_start, seconds_end) VALUES(7447, 1655, 24988, 27819, 186, 190);
INSERT INTO player_team_game_play(player_id, team_id, game_id, play_id, seconds_start, seconds_end) VALUES(7449, 1655, 24988, 27819, 186, 190);
INSERT INTO player_team_game_play(player_id, team_id, game_id, play_id, seconds_start, seconds_end) VALUES(7450, 1655, 24988, 27819, 186, 190);
INSERT INTO player_team_game_play(player_id, team_id, game_id, play_id, seconds_start, seconds_end) VALUES(6719, 1655, 24988, 27819, 186, 190);
INSERT INTO player_team_game_play(player_id, team_id, game_id, play_id, seconds_start, seconds_end) VALUES(5568, 1649, 24988, 27819, 186, 190);
INSERT INTO player_team_game_play(player_id, team_id, game_id, play_id, seconds_start, seconds_end) VALUES(7015, 1649, 24988, 27819, 186, 190);
INSERT INTO player_team_game_play(player_id, team_id, game_id, play_id, seconds_start, seconds_end) VALUES(7407, 1649, 24988, 27819, 186, 190);
INSERT INTO player_team_game_play(player_id, team_id, game_id, play_id, seconds_start, seconds_end) VALUES(6138, 1649, 24988, 27819, 186, 190);
INSERT INTO player_team_game_play(player_id, team_id, game_id, play_id, seconds_start, seconds_end) VALUES(5150, 1649, 24988, 27819, 186, 190);
INSERT INTO lba.sub_play (play_id, seconds_da_start, player_made_id, team_made_id, game_made_id, player_suffered_id, team_suffered_id, game_suffered_id, shot_id, turnover_id, foul_id, rebound_defensive_01, rebound_offensive_01, assist_01, blocks_01, time_out_01, x, y)VALUES(27819, 4, 7450, 1655, 24988, NULL, NULL, NULL, 4, NULL, NULL, '', '', '', '', '', 74, 86);

INSERT INTO play(id, game_id, seconds_start, seconds_end, quarter, attack_home_01, score_home, score_guest)VALUES(27820, 24988, 190, 202, 1, '0', 8, 2);
INSERT INTO player_team_game_play(player_id, team_id, game_id, play_id, seconds_start, seconds_end) VALUES(7049, 1655, 24988, 27820, 190, 202);
INSERT INTO player_team_game_play(player_id, team_id, game_id, play_id, seconds_start, seconds_end) VALUES(7447, 1655, 24988, 27820, 190, 202);
INSERT INTO player_team_game_play(player_id, team_id, game_id, play_id, seconds_start, seconds_end) VALUES(7449, 1655, 24988, 27820, 190, 202);
INSERT INTO player_team_game_play(player_id, team_id, game_id, play_id, seconds_start, seconds_end) VALUES(7450, 1655, 24988, 27820, 190, 202);
INSERT INTO player_team_game_play(player_id, team_id, game_id, play_id, seconds_start, seconds_end) VALUES(6719, 1655, 24988, 27820, 190, 202);
INSERT INTO player_team_game_play(player_id, team_id, game_id, play_id, seconds_start, seconds_end) VALUES(5568, 1649, 24988, 27820, 190, 202);
INSERT INTO player_team_game_play(player_id, team_id, game_id, play_id, seconds_start, seconds_end) VALUES(7015, 1649, 24988, 27820, 190, 202);
INSERT INTO player_team_game_play(player_id, team_id, game_id, play_id, seconds_start, seconds_end) VALUES(7407, 1649, 24988, 27820, 190, 202);
INSERT INTO player_team_game_play(player_id, team_id, game_id, play_id, seconds_start, seconds_end) VALUES(6138, 1649, 24988, 27820, 190, 202);
INSERT INTO player_team_game_play(player_id, team_id, game_id, play_id, seconds_start, seconds_end) VALUES(5150, 1649, 24988, 27820, 190, 202);
INSERT INTO lba.sub_play (play_id, seconds_da_start, player_made_id, team_made_id, game_made_id, player_suffered_id, team_suffered_id, game_suffered_id, shot_id, turnover_id, foul_id, rebound_defensive_01, rebound_offensive_01, assist_01, blocks_01, time_out_01, x, y)VALUES(27820, 10, 6719, 1655, 24988, 5150, 1649, 24988, NULL, NULL, 1, '', '', '', '', '', 12, 56);
INSERT INTO lba.sub_play (play_id, seconds_da_start, player_made_id, team_made_id, game_made_id, player_suffered_id, team_suffered_id, game_suffered_id, shot_id, turnover_id, foul_id, rebound_defensive_01, rebound_offensive_01, assist_01, blocks_01, time_out_01, x, y)VALUES(27820, 12, 7015, 1649, 24988, NULL, NULL, NULL, 4, NULL, NULL, '', '', '', '', '', 33, 43);
INSERT INTO lba.sub_play (play_id, seconds_da_start, player_made_id, team_made_id, game_made_id, player_suffered_id, team_suffered_id, game_suffered_id, shot_id, turnover_id, foul_id, rebound_defensive_01, rebound_offensive_01, assist_01, blocks_01, time_out_01, x, y)VALUES(27820, 12, 6719, 1655, 24988, NULL, NULL, NULL, NULL, NULL, NULL, '1', '', '', '', '', 33, 43);

INSERT INTO play(id, game_id, seconds_start, seconds_end, quarter, attack_home_01, score_home, score_guest)VALUES(27821, 24988, 202, 229, 1, '1', 11, 2);
INSERT INTO player_team_game_play(player_id, team_id, game_id, play_id, seconds_start, seconds_end) VALUES(7049, 1655, 24988, 27821, 202, 229);
INSERT INTO player_team_game_play(player_id, team_id, game_id, play_id, seconds_start, seconds_end) VALUES(7447, 1655, 24988, 27821, 202, 229);
INSERT INTO player_team_game_play(player_id, team_id, game_id, play_id, seconds_start, seconds_end) VALUES(7449, 1655, 24988, 27821, 202, 229);
INSERT INTO player_team_game_play(player_id, team_id, game_id, play_id, seconds_start, seconds_end) VALUES(7450, 1655, 24988, 27821, 202, 229);
INSERT INTO player_team_game_play(player_id, team_id, game_id, play_id, seconds_start, seconds_end) VALUES(6719, 1655, 24988, 27821, 202, 229);
INSERT INTO player_team_game_play(player_id, team_id, game_id, play_id, seconds_start, seconds_end) VALUES(5568, 1649, 24988, 27821, 202, 229);
INSERT INTO player_team_game_play(player_id, team_id, game_id, play_id, seconds_start, seconds_end) VALUES(7015, 1649, 24988, 27821, 202, 229);
INSERT INTO player_team_game_play(player_id, team_id, game_id, play_id, seconds_start, seconds_end) VALUES(7407, 1649, 24988, 27821, 202, 229);
INSERT INTO player_team_game_play(player_id, team_id, game_id, play_id, seconds_start, seconds_end) VALUES(6138, 1649, 24988, 27821, 202, 229);
INSERT INTO player_team_game_play(player_id, team_id, game_id, play_id, seconds_start, seconds_end) VALUES(5150, 1649, 24988, 27821, 202, 229);
INSERT INTO lba.sub_play (play_id, seconds_da_start, player_made_id, team_made_id, game_made_id, player_suffered_id, team_suffered_id, game_suffered_id, shot_id, turnover_id, foul_id, rebound_defensive_01, rebound_offensive_01, assist_01, blocks_01, time_out_01, x, y)VALUES(27821, 15, 7447, 1655, 24988, NULL, NULL, NULL, 4, NULL, NULL, '', '', '', '', '', 68, 50);
INSERT INTO lba.sub_play (play_id, seconds_da_start, player_made_id, team_made_id, game_made_id, player_suffered_id, team_suffered_id, game_suffered_id, shot_id, turnover_id, foul_id, rebound_defensive_01, rebound_offensive_01, assist_01, blocks_01, time_out_01, x, y)VALUES(27821, 15, 6719, 1655, 24988, NULL, NULL, NULL, NULL, NULL, NULL, '', '1', '', '', '', 68, 50);
INSERT INTO lba.sub_play (play_id, seconds_da_start, player_made_id, team_made_id, game_made_id, player_suffered_id, team_suffered_id, game_suffered_id, shot_id, turnover_id, foul_id, rebound_defensive_01, rebound_offensive_01, assist_01, blocks_01, time_out_01, x, y)VALUES(27821, 27, 7049, 1655, 24988, NULL, NULL, NULL, 3, NULL, NULL, '', '', '', '', '', 69, 38);

INSERT INTO play(id, game_id, seconds_start, seconds_end, quarter, attack_home_01, score_home, score_guest)VALUES(27822, 24988, 229, 271, 1, '0', 11, 2);
INSERT INTO player_team_game_play(player_id, team_id, game_id, play_id, seconds_start, seconds_end) VALUES(7049, 1655, 24988, 27822, 229, 271);
INSERT INTO player_team_game_play(player_id, team_id, game_id, play_id, seconds_start, seconds_end) VALUES(7447, 1655, 24988, 27822, 229, 271);
INSERT INTO player_team_game_play(player_id, team_id, game_id, play_id, seconds_start, seconds_end) VALUES(7449, 1655, 24988, 27822, 229, 271);
INSERT INTO player_team_game_play(player_id, team_id, game_id, play_id, seconds_start, seconds_end) VALUES(7450, 1655, 24988, 27822, 229, 271);
INSERT INTO player_team_game_play(player_id, team_id, game_id, play_id, seconds_start, seconds_end) VALUES(6719, 1655, 24988, 27822, 229, 271);
INSERT INTO player_team_game_play(player_id, team_id, game_id, play_id, seconds_start, seconds_end) VALUES(5568, 1649, 24988, 27822, 229, 271);
INSERT INTO player_team_game_play(player_id, team_id, game_id, play_id, seconds_start, seconds_end) VALUES(7015, 1649, 24988, 27822, 229, 271);
INSERT INTO player_team_game_play(player_id, team_id, game_id, play_id, seconds_start, seconds_end) VALUES(7407, 1649, 24988, 27822, 229, 271);
INSERT INTO player_team_game_play(player_id, team_id, game_id, play_id, seconds_start, seconds_end) VALUES(6138, 1649, 24988, 27822, 229, 271);
INSERT INTO player_team_game_play(player_id, team_id, game_id, play_id, seconds_start, seconds_end) VALUES(5150, 1649, 24988, 27822, 229, 271);
UPDATE player_team_game_play SET seconds_end = 250 WHERE player_id = 7449 AND game_id = 24988 AND play_id = 27822;
UPDATE player_team_game_play SET seconds_end = 250 WHERE player_id = 7450 AND game_id = 24988 AND play_id = 27822;
UPDATE player_team_game_play SET seconds_end = 250 WHERE player_id = 6719 AND game_id = 24988 AND play_id = 27822;
UPDATE player_team_game_play SET seconds_end = 250 WHERE player_id = 7447 AND game_id = 24988 AND play_id = 27822;
INSERT INTO player_team_game_play(player_id, team_id, game_id, play_id, seconds_start, seconds_end) VALUES(6320, 1655, 24988, 27822, 250, 271);
INSERT INTO player_team_game_play(player_id, team_id, game_id, play_id, seconds_start, seconds_end) VALUES(7448, 1655, 24988, 27822, 250, 271);
INSERT INTO player_team_game_play(player_id, team_id, game_id, play_id, seconds_start, seconds_end) VALUES(378, 1655, 24988, 27822, 250, 271);
INSERT INTO player_team_game_play(player_id, team_id, game_id, play_id, seconds_start, seconds_end) VALUES(7451, 1655, 24988, 27822, 250, 271);
INSERT INTO lba.sub_play (play_id, seconds_da_start, player_made_id, team_made_id, game_made_id, player_suffered_id, team_suffered_id, game_suffered_id, shot_id, turnover_id, foul_id, rebound_defensive_01, rebound_offensive_01, assist_01, blocks_01, time_out_01, x, y)VALUES(27822, 21, 7449, 1655, 24988, 7015, 1649, 24988, NULL, NULL, 1, '', '', '', '', '', 33, 49);
INSERT INTO lba.sub_play (play_id, seconds_da_start, player_made_id, team_made_id, game_made_id, player_suffered_id, team_suffered_id, game_suffered_id, shot_id, turnover_id, foul_id, rebound_defensive_01, rebound_offensive_01, assist_01, blocks_01, time_out_01, x, y)VALUES(27822, 33, 5150, 1649, 24988, NULL, NULL, NULL, 2, NULL, NULL, '', '', '', '', '', 11, 65);
INSERT INTO lba.sub_play (play_id, seconds_da_start, player_made_id, team_made_id, game_made_id, player_suffered_id, team_suffered_id, game_suffered_id, shot_id, turnover_id, foul_id, rebound_defensive_01, rebound_offensive_01, assist_01, blocks_01, time_out_01, x, y)VALUES(27822, 33, 7407, 1649, 24988, NULL, NULL, NULL, NULL, NULL, NULL, '', '1', '', '', '', 11, 65);
INSERT INTO lba.sub_play (play_id, seconds_da_start, player_made_id, team_made_id, game_made_id, player_suffered_id, team_suffered_id, game_suffered_id, shot_id, turnover_id, foul_id, rebound_defensive_01, rebound_offensive_01, assist_01, blocks_01, time_out_01, x, y)VALUES(27822, 38, 7407, 1649, 24988, NULL, NULL, NULL, 2, NULL, NULL, '', '', '', '', '', 10, 55);
INSERT INTO lba.sub_play (play_id, seconds_da_start, player_made_id, team_made_id, game_made_id, player_suffered_id, team_suffered_id, game_suffered_id, shot_id, turnover_id, foul_id, rebound_defensive_01, rebound_offensive_01, assist_01, blocks_01, time_out_01, x, y)VALUES(27822, 38, 7407, 1649, 24988, NULL, NULL, NULL, NULL, NULL, NULL, '', '1', '', '', '', 10, 55);
INSERT INTO lba.sub_play (play_id, seconds_da_start, player_made_id, team_made_id, game_made_id, player_suffered_id, team_suffered_id, game_suffered_id, shot_id, turnover_id, foul_id, rebound_defensive_01, rebound_offensive_01, assist_01, blocks_01, time_out_01, x, y)VALUES(27822, 42, 7407, 1649, 24988, NULL, NULL, NULL, 2, NULL, NULL, '', '', '', '', '', 7, 51);
INSERT INTO lba.sub_play (play_id, seconds_da_start, player_made_id, team_made_id, game_made_id, player_suffered_id, team_suffered_id, game_suffered_id, shot_id, turnover_id, foul_id, rebound_defensive_01, rebound_offensive_01, assist_01, blocks_01, time_out_01, x, y)VALUES(27822, 42, 7049, 1655, 24988, NULL, NULL, NULL, NULL, NULL, NULL, '1', '', '', '', '', 7, 51);

INSERT INTO play(id, game_id, seconds_start, seconds_end, quarter, attack_home_01, score_home, score_guest)VALUES(27823, 24988, 271, 278, 1, '1', 13, 2);
INSERT INTO player_team_game_play(player_id, team_id, game_id, play_id, seconds_start, seconds_end) VALUES(7049, 1655, 24988, 27823, 271, 278);
INSERT INTO player_team_game_play(player_id, team_id, game_id, play_id, seconds_start, seconds_end) VALUES(6320, 1655, 24988, 27823, 271, 278);
INSERT INTO player_team_game_play(player_id, team_id, game_id, play_id, seconds_start, seconds_end) VALUES(7448, 1655, 24988, 27823, 271, 278);
INSERT INTO player_team_game_play(player_id, team_id, game_id, play_id, seconds_start, seconds_end) VALUES(378, 1655, 24988, 27823, 271, 278);
INSERT INTO player_team_game_play(player_id, team_id, game_id, play_id, seconds_start, seconds_end) VALUES(7451, 1655, 24988, 27823, 271, 278);
INSERT INTO player_team_game_play(player_id, team_id, game_id, play_id, seconds_start, seconds_end) VALUES(5568, 1649, 24988, 27823, 271, 278);
INSERT INTO player_team_game_play(player_id, team_id, game_id, play_id, seconds_start, seconds_end) VALUES(7015, 1649, 24988, 27823, 271, 278);
INSERT INTO player_team_game_play(player_id, team_id, game_id, play_id, seconds_start, seconds_end) VALUES(7407, 1649, 24988, 27823, 271, 278);
INSERT INTO player_team_game_play(player_id, team_id, game_id, play_id, seconds_start, seconds_end) VALUES(6138, 1649, 24988, 27823, 271, 278);
INSERT INTO player_team_game_play(player_id, team_id, game_id, play_id, seconds_start, seconds_end) VALUES(5150, 1649, 24988, 27823, 271, 278);
UPDATE player_team_game_play SET seconds_end = 278 WHERE player_id = 5568 AND game_id = 24988 AND play_id = 27823;
UPDATE player_team_game_play SET seconds_end = 278 WHERE player_id = 7015 AND game_id = 24988 AND play_id = 27823;
INSERT INTO player_team_game_play(player_id, team_id, game_id, play_id, seconds_start, seconds_end) VALUES(3176, 1649, 24988, 27823, 278, 278);
INSERT INTO player_team_game_play(player_id, team_id, game_id, play_id, seconds_start, seconds_end) VALUES(7404, 1649, 24988, 27823, 278, 278);
INSERT INTO lba.sub_play (play_id, seconds_da_start, player_made_id, team_made_id, game_made_id, player_suffered_id, team_suffered_id, game_suffered_id, shot_id, turnover_id, foul_id, rebound_defensive_01, rebound_offensive_01, assist_01, blocks_01, time_out_01, x, y)VALUES(27823, 7, 5568, 1649, 24988, 7049, 1655, 24988, NULL, NULL, 4, '', '', '', '', '', 91, 49);
INSERT INTO lba.sub_play (play_id, seconds_da_start, player_made_id, team_made_id, game_made_id, player_suffered_id, team_suffered_id, game_suffered_id, shot_id, turnover_id, foul_id, rebound_defensive_01, rebound_offensive_01, assist_01, blocks_01, time_out_01, x, y)VALUES(27823, 7, 7049, 1655, 24988, NULL, NULL, NULL, 5, NULL, NULL, '', '', '', '', '', NULL, NULL);
INSERT INTO lba.sub_play (play_id, seconds_da_start, player_made_id, team_made_id, game_made_id, player_suffered_id, team_suffered_id, game_suffered_id, shot_id, turnover_id, foul_id, rebound_defensive_01, rebound_offensive_01, assist_01, blocks_01, time_out_01, x, y)VALUES(27823, 7, 7049, 1655, 24988, NULL, NULL, NULL, 5, NULL, NULL, '', '', '', '', '', NULL, NULL);

INSERT INTO play(id, game_id, seconds_start, seconds_end, quarter, attack_home_01, score_home, score_guest)VALUES(27824, 24988, 278, 294, 1, '0', 13, 2);
INSERT INTO player_team_game_play(player_id, team_id, game_id, play_id, seconds_start, seconds_end) VALUES(7049, 1655, 24988, 27824, 278, 294);
INSERT INTO player_team_game_play(player_id, team_id, game_id, play_id, seconds_start, seconds_end) VALUES(6320, 1655, 24988, 27824, 278, 294);
INSERT INTO player_team_game_play(player_id, team_id, game_id, play_id, seconds_start, seconds_end) VALUES(7448, 1655, 24988, 27824, 278, 294);
INSERT INTO player_team_game_play(player_id, team_id, game_id, play_id, seconds_start, seconds_end) VALUES(378, 1655, 24988, 27824, 278, 294);
INSERT INTO player_team_game_play(player_id, team_id, game_id, play_id, seconds_start, seconds_end) VALUES(7451, 1655, 24988, 27824, 278, 294);
INSERT INTO player_team_game_play(player_id, team_id, game_id, play_id, seconds_start, seconds_end) VALUES(5568, 1649, 24988, 27824, 278, 294);
INSERT INTO player_team_game_play(player_id, team_id, game_id, play_id, seconds_start, seconds_end) VALUES(7015, 1649, 24988, 27824, 278, 294);
INSERT INTO player_team_game_play(player_id, team_id, game_id, play_id, seconds_start, seconds_end) VALUES(7407, 1649, 24988, 27824, 278, 294);
INSERT INTO player_team_game_play(player_id, team_id, game_id, play_id, seconds_start, seconds_end) VALUES(6138, 1649, 24988, 27824, 278, 294);
INSERT INTO player_team_game_play(player_id, team_id, game_id, play_id, seconds_start, seconds_end) VALUES(5150, 1649, 24988, 27824, 278, 294);
UPDATE player_team_game_play SET seconds_end = 278 WHERE player_id = 5568 AND game_id = 24988 AND play_id = 27824;
UPDATE player_team_game_play SET seconds_end = 278 WHERE player_id = 7015 AND game_id = 24988 AND play_id = 27824;
INSERT INTO player_team_game_play(player_id, team_id, game_id, play_id, seconds_start, seconds_end) VALUES(3176, 1649, 24988, 27824, 278, 294);
INSERT INTO player_team_game_play(player_id, team_id, game_id, play_id, seconds_start, seconds_end) VALUES(7404, 1649, 24988, 27824, 278, 294);
INSERT INTO lba.sub_play (play_id, seconds_da_start, player_made_id, team_made_id, game_made_id, player_suffered_id, team_suffered_id, game_suffered_id, shot_id, turnover_id, foul_id, rebound_defensive_01, rebound_offensive_01, assist_01, blocks_01, time_out_01, x, y)VALUES(27824, 16, 7407, 1649, 24988, NULL, NULL, NULL, 2, NULL, NULL, '', '', '', '', '', 15, 70);
INSERT INTO lba.sub_play (play_id, seconds_da_start, player_made_id, team_made_id, game_made_id, player_suffered_id, team_suffered_id, game_suffered_id, shot_id, turnover_id, foul_id, rebound_defensive_01, rebound_offensive_01, assist_01, blocks_01, time_out_01, x, y)VALUES(27824, 16, 378, 1655, 24988, NULL, NULL, NULL, NULL, NULL, NULL, '1', '', '', '', '', 15, 70);

INSERT INTO play(id, game_id, seconds_start, seconds_end, quarter, attack_home_01, score_home, score_guest)VALUES(27825, 24988, 294, 303, 1, '1', 16, 2);
INSERT INTO player_team_game_play(player_id, team_id, game_id, play_id, seconds_start, seconds_end) VALUES(7049, 1655, 24988, 27825, 294, 303);
INSERT INTO player_team_game_play(player_id, team_id, game_id, play_id, seconds_start, seconds_end) VALUES(6320, 1655, 24988, 27825, 294, 303);
INSERT INTO player_team_game_play(player_id, team_id, game_id, play_id, seconds_start, seconds_end) VALUES(7448, 1655, 24988, 27825, 294, 303);
INSERT INTO player_team_game_play(player_id, team_id, game_id, play_id, seconds_start, seconds_end) VALUES(378, 1655, 24988, 27825, 294, 303);
INSERT INTO player_team_game_play(player_id, team_id, game_id, play_id, seconds_start, seconds_end) VALUES(7451, 1655, 24988, 27825, 294, 303);
INSERT INTO player_team_game_play(player_id, team_id, game_id, play_id, seconds_start, seconds_end) VALUES(3176, 1649, 24988, 27825, 294, 303);
INSERT INTO player_team_game_play(player_id, team_id, game_id, play_id, seconds_start, seconds_end) VALUES(7404, 1649, 24988, 27825, 294, 303);
INSERT INTO player_team_game_play(player_id, team_id, game_id, play_id, seconds_start, seconds_end) VALUES(7407, 1649, 24988, 27825, 294, 303);
INSERT INTO player_team_game_play(player_id, team_id, game_id, play_id, seconds_start, seconds_end) VALUES(6138, 1649, 24988, 27825, 294, 303);
INSERT INTO player_team_game_play(player_id, team_id, game_id, play_id, seconds_start, seconds_end) VALUES(5150, 1649, 24988, 27825, 294, 303);
INSERT INTO lba.sub_play (play_id, seconds_da_start, player_made_id, team_made_id, game_made_id, player_suffered_id, team_suffered_id, game_suffered_id, shot_id, turnover_id, foul_id, rebound_defensive_01, rebound_offensive_01, assist_01, blocks_01, time_out_01, x, y)VALUES(27825, 9, 7451, 1655, 24988, NULL, NULL, NULL, 3, NULL, NULL, '', '', '', '', '', 91, 97);
INSERT INTO lba.sub_play (play_id, seconds_da_start, player_made_id, team_made_id, game_made_id, player_suffered_id, team_suffered_id, game_suffered_id, shot_id, turnover_id, foul_id, rebound_defensive_01, rebound_offensive_01, assist_01, blocks_01, time_out_01, x, y)VALUES(27825, 9, 6320, 1655, 24988, NULL, NULL, NULL, NULL, NULL, NULL, '', '', '1', '', '', 91, 97);

INSERT INTO play(id, game_id, seconds_start, seconds_end, quarter, attack_home_01, score_home, score_guest)VALUES(27826, 24988, 303, 331, 1, '0', 16, 4);
INSERT INTO player_team_game_play(player_id, team_id, game_id, play_id, seconds_start, seconds_end) VALUES(7049, 1655, 24988, 27826, 303, 331);
INSERT INTO player_team_game_play(player_id, team_id, game_id, play_id, seconds_start, seconds_end) VALUES(6320, 1655, 24988, 27826, 303, 331);
INSERT INTO player_team_game_play(player_id, team_id, game_id, play_id, seconds_start, seconds_end) VALUES(7448, 1655, 24988, 27826, 303, 331);
INSERT INTO player_team_game_play(player_id, team_id, game_id, play_id, seconds_start, seconds_end) VALUES(378, 1655, 24988, 27826, 303, 331);
INSERT INTO player_team_game_play(player_id, team_id, game_id, play_id, seconds_start, seconds_end) VALUES(7451, 1655, 24988, 27826, 303, 331);
INSERT INTO player_team_game_play(player_id, team_id, game_id, play_id, seconds_start, seconds_end) VALUES(3176, 1649, 24988, 27826, 303, 331);
INSERT INTO player_team_game_play(player_id, team_id, game_id, play_id, seconds_start, seconds_end) VALUES(7404, 1649, 24988, 27826, 303, 331);
INSERT INTO player_team_game_play(player_id, team_id, game_id, play_id, seconds_start, seconds_end) VALUES(7407, 1649, 24988, 27826, 303, 331);
INSERT INTO player_team_game_play(player_id, team_id, game_id, play_id, seconds_start, seconds_end) VALUES(6138, 1649, 24988, 27826, 303, 331);
INSERT INTO player_team_game_play(player_id, team_id, game_id, play_id, seconds_start, seconds_end) VALUES(5150, 1649, 24988, 27826, 303, 331);
INSERT INTO lba.sub_play (play_id, seconds_da_start, player_made_id, team_made_id, game_made_id, player_suffered_id, team_suffered_id, game_suffered_id, shot_id, turnover_id, foul_id, rebound_defensive_01, rebound_offensive_01, assist_01, blocks_01, time_out_01, x, y)VALUES(27826, 22, 3176, 1649, 24988, NULL, NULL, NULL, 4, NULL, NULL, '', '', '', '', '', 21, 9);
INSERT INTO lba.sub_play (play_id, seconds_da_start, player_made_id, team_made_id, game_made_id, player_suffered_id, team_suffered_id, game_suffered_id, shot_id, turnover_id, foul_id, rebound_defensive_01, rebound_offensive_01, assist_01, blocks_01, time_out_01, x, y)VALUES(27826, 22, 6138, 1649, 24988, NULL, NULL, NULL, NULL, NULL, NULL, '', '1', '', '', '', 21, 9);
INSERT INTO lba.sub_play (play_id, seconds_da_start, player_made_id, team_made_id, game_made_id, player_suffered_id, team_suffered_id, game_suffered_id, shot_id, turnover_id, foul_id, rebound_defensive_01, rebound_offensive_01, assist_01, blocks_01, time_out_01, x, y)VALUES(27826, 28, 7404, 1649, 24988, NULL, NULL, NULL, 1, NULL, NULL, '', '', '', '', '', 16, 63);

INSERT INTO play(id, game_id, seconds_start, seconds_end, quarter, attack_home_01, score_home, score_guest)VALUES(27827, 24988, 331, 369, 1, '0', 18, 6);
INSERT INTO player_team_game_play(player_id, team_id, game_id, play_id, seconds_start, seconds_end) VALUES(7049, 1655, 24988, 27827, 331, 369);
INSERT INTO player_team_game_play(player_id, team_id, game_id, play_id, seconds_start, seconds_end) VALUES(6320, 1655, 24988, 27827, 331, 369);
INSERT INTO player_team_game_play(player_id, team_id, game_id, play_id, seconds_start, seconds_end) VALUES(7448, 1655, 24988, 27827, 331, 369);
INSERT INTO player_team_game_play(player_id, team_id, game_id, play_id, seconds_start, seconds_end) VALUES(378, 1655, 24988, 27827, 331, 369);
INSERT INTO player_team_game_play(player_id, team_id, game_id, play_id, seconds_start, seconds_end) VALUES(7451, 1655, 24988, 27827, 331, 369);
INSERT INTO player_team_game_play(player_id, team_id, game_id, play_id, seconds_start, seconds_end) VALUES(3176, 1649, 24988, 27827, 331, 369);
INSERT INTO player_team_game_play(player_id, team_id, game_id, play_id, seconds_start, seconds_end) VALUES(7404, 1649, 24988, 27827, 331, 369);
INSERT INTO player_team_game_play(player_id, team_id, game_id, play_id, seconds_start, seconds_end) VALUES(7407, 1649, 24988, 27827, 331, 369);
INSERT INTO player_team_game_play(player_id, team_id, game_id, play_id, seconds_start, seconds_end) VALUES(6138, 1649, 24988, 27827, 331, 369);
INSERT INTO player_team_game_play(player_id, team_id, game_id, play_id, seconds_start, seconds_end) VALUES(5150, 1649, 24988, 27827, 331, 369);
UPDATE player_team_game_play SET seconds_end = 369 WHERE player_id = 7049 AND game_id = 24988 AND play_id = 27827;
INSERT INTO player_team_game_play(player_id, team_id, game_id, play_id, seconds_start, seconds_end) VALUES(7447, 1655, 24988, 27827, 369, 369);
UPDATE player_team_game_play SET seconds_end = 369 WHERE player_id = 6138 AND game_id = 24988 AND play_id = 27827;
UPDATE player_team_game_play SET seconds_end = 369 WHERE player_id = 5150 AND game_id = 24988 AND play_id = 27827;
UPDATE player_team_game_play SET seconds_end = 369 WHERE player_id = 7407 AND game_id = 24988 AND play_id = 27827;
INSERT INTO player_team_game_play(player_id, team_id, game_id, play_id, seconds_start, seconds_end) VALUES(7015, 1649, 24988, 27827, 369, 369);
INSERT INTO player_team_game_play(player_id, team_id, game_id, play_id, seconds_start, seconds_end) VALUES(7406, 1649, 24988, 27827, 369, 369);
INSERT INTO player_team_game_play(player_id, team_id, game_id, play_id, seconds_start, seconds_end) VALUES(2103, 1649, 24988, 27827, 369, 369);
INSERT INTO lba.sub_play (play_id, seconds_da_start, player_made_id, team_made_id, game_made_id, player_suffered_id, team_suffered_id, game_suffered_id, shot_id, turnover_id, foul_id, rebound_defensive_01, rebound_offensive_01, assist_01, blocks_01, time_out_01, x, y)VALUES(27827, 13, 7049, 1655, 24988, NULL, NULL, NULL, 1, NULL, NULL, '', '', '', '', '', 81, 72);
INSERT INTO lba.sub_play (play_id, seconds_da_start, player_made_id, team_made_id, game_made_id, player_suffered_id, team_suffered_id, game_suffered_id, shot_id, turnover_id, foul_id, rebound_defensive_01, rebound_offensive_01, assist_01, blocks_01, time_out_01, x, y)VALUES(27827, 38, 378, 1655, 24988, 3176, 1649, 24988, NULL, NULL, 4, '', '', '', '', '', 5, 53);
INSERT INTO lba.sub_play (play_id, seconds_da_start, player_made_id, team_made_id, game_made_id, player_suffered_id, team_suffered_id, game_suffered_id, shot_id, turnover_id, foul_id, rebound_defensive_01, rebound_offensive_01, assist_01, blocks_01, time_out_01, x, y)VALUES(27827, 38, 3176, 1649, 24988, NULL, NULL, NULL, 5, NULL, NULL, '', '', '', '', '', NULL, NULL);
INSERT INTO lba.sub_play (play_id, seconds_da_start, player_made_id, team_made_id, game_made_id, player_suffered_id, team_suffered_id, game_suffered_id, shot_id, turnover_id, foul_id, rebound_defensive_01, rebound_offensive_01, assist_01, blocks_01, time_out_01, x, y)VALUES(27827, 38, 3176, 1649, 24988, NULL, NULL, NULL, 5, NULL, NULL, '', '', '', '', '', NULL, NULL);
INSERT INTO lba.sub_play (play_id, seconds_da_start, player_made_id, team_made_id, game_made_id, player_suffered_id, team_suffered_id, game_suffered_id, shot_id, turnover_id, foul_id, rebound_defensive_01, rebound_offensive_01, assist_01, blocks_01, time_out_01, x, y)VALUES(27827, 38, 7407, 1649, 24988, NULL, NULL, NULL, NULL, NULL, NULL, '', '', '1', '', '', NULL, NULL);

INSERT INTO play(id, game_id, seconds_start, seconds_end, quarter, attack_home_01, score_home, score_guest)VALUES(27828, 24988, 369, 392, 1, '1', 18, 6);
INSERT INTO player_team_game_play(player_id, team_id, game_id, play_id, seconds_start, seconds_end) VALUES(7049, 1655, 24988, 27828, 369, 392);
INSERT INTO player_team_game_play(player_id, team_id, game_id, play_id, seconds_start, seconds_end) VALUES(6320, 1655, 24988, 27828, 369, 392);
INSERT INTO player_team_game_play(player_id, team_id, game_id, play_id, seconds_start, seconds_end) VALUES(7448, 1655, 24988, 27828, 369, 392);
INSERT INTO player_team_game_play(player_id, team_id, game_id, play_id, seconds_start, seconds_end) VALUES(378, 1655, 24988, 27828, 369, 392);
INSERT INTO player_team_game_play(player_id, team_id, game_id, play_id, seconds_start, seconds_end) VALUES(7451, 1655, 24988, 27828, 369, 392);
INSERT INTO player_team_game_play(player_id, team_id, game_id, play_id, seconds_start, seconds_end) VALUES(3176, 1649, 24988, 27828, 369, 392);
INSERT INTO player_team_game_play(player_id, team_id, game_id, play_id, seconds_start, seconds_end) VALUES(7404, 1649, 24988, 27828, 369, 392);
INSERT INTO player_team_game_play(player_id, team_id, game_id, play_id, seconds_start, seconds_end) VALUES(7407, 1649, 24988, 27828, 369, 392);
INSERT INTO player_team_game_play(player_id, team_id, game_id, play_id, seconds_start, seconds_end) VALUES(6138, 1649, 24988, 27828, 369, 392);
INSERT INTO player_team_game_play(player_id, team_id, game_id, play_id, seconds_start, seconds_end) VALUES(5150, 1649, 24988, 27828, 369, 392);
UPDATE player_team_game_play SET seconds_end = 369 WHERE player_id = 7049 AND game_id = 24988 AND play_id = 27828;
INSERT INTO player_team_game_play(player_id, team_id, game_id, play_id, seconds_start, seconds_end) VALUES(7447, 1655, 24988, 27828, 369, 392);
UPDATE player_team_game_play SET seconds_end = 369 WHERE player_id = 6138 AND game_id = 24988 AND play_id = 27828;
UPDATE player_team_game_play SET seconds_end = 369 WHERE player_id = 5150 AND game_id = 24988 AND play_id = 27828;
UPDATE player_team_game_play SET seconds_end = 369 WHERE player_id = 7407 AND game_id = 24988 AND play_id = 27828;
INSERT INTO player_team_game_play(player_id, team_id, game_id, play_id, seconds_start, seconds_end) VALUES(7015, 1649, 24988, 27828, 369, 392);
INSERT INTO player_team_game_play(player_id, team_id, game_id, play_id, seconds_start, seconds_end) VALUES(7406, 1649, 24988, 27828, 369, 392);
INSERT INTO player_team_game_play(player_id, team_id, game_id, play_id, seconds_start, seconds_end) VALUES(2103, 1649, 24988, 27828, 369, 392);
INSERT INTO lba.sub_play (play_id, seconds_da_start, player_made_id, team_made_id, game_made_id, player_suffered_id, team_suffered_id, game_suffered_id, shot_id, turnover_id, foul_id, rebound_defensive_01, rebound_offensive_01, assist_01, blocks_01, time_out_01, x, y)VALUES(27828, 23, 7447, 1655, 24988, NULL, NULL, NULL, 4, NULL, NULL, '', '', '', '', '', 74, 21);
INSERT INTO lba.sub_play (play_id, seconds_da_start, player_made_id, team_made_id, game_made_id, player_suffered_id, team_suffered_id, game_suffered_id, shot_id, turnover_id, foul_id, rebound_defensive_01, rebound_offensive_01, assist_01, blocks_01, time_out_01, x, y)VALUES(27828, 23, 7406, 1649, 24988, NULL, NULL, NULL, NULL, NULL, NULL, '1', '', '', '', '', 74, 21);

INSERT INTO play(id, game_id, seconds_start, seconds_end, quarter, attack_home_01, score_home, score_guest)VALUES(27829, 24988, 392, 400, 1, '0', 18, 6);
INSERT INTO player_team_game_play(player_id, team_id, game_id, play_id, seconds_start, seconds_end) VALUES(6320, 1655, 24988, 27829, 392, 400);
INSERT INTO player_team_game_play(player_id, team_id, game_id, play_id, seconds_start, seconds_end) VALUES(7447, 1655, 24988, 27829, 392, 400);
INSERT INTO player_team_game_play(player_id, team_id, game_id, play_id, seconds_start, seconds_end) VALUES(7448, 1655, 24988, 27829, 392, 400);
INSERT INTO player_team_game_play(player_id, team_id, game_id, play_id, seconds_start, seconds_end) VALUES(378, 1655, 24988, 27829, 392, 400);
INSERT INTO player_team_game_play(player_id, team_id, game_id, play_id, seconds_start, seconds_end) VALUES(7451, 1655, 24988, 27829, 392, 400);
INSERT INTO player_team_game_play(player_id, team_id, game_id, play_id, seconds_start, seconds_end) VALUES(2103, 1649, 24988, 27829, 392, 400);
INSERT INTO player_team_game_play(player_id, team_id, game_id, play_id, seconds_start, seconds_end) VALUES(7015, 1649, 24988, 27829, 392, 400);
INSERT INTO player_team_game_play(player_id, team_id, game_id, play_id, seconds_start, seconds_end) VALUES(3176, 1649, 24988, 27829, 392, 400);
INSERT INTO player_team_game_play(player_id, team_id, game_id, play_id, seconds_start, seconds_end) VALUES(7404, 1649, 24988, 27829, 392, 400);
INSERT INTO player_team_game_play(player_id, team_id, game_id, play_id, seconds_start, seconds_end) VALUES(7406, 1649, 24988, 27829, 392, 400);
INSERT INTO lba.sub_play (play_id, seconds_da_start, player_made_id, team_made_id, game_made_id, player_suffered_id, team_suffered_id, game_suffered_id, shot_id, turnover_id, foul_id, rebound_defensive_01, rebound_offensive_01, assist_01, blocks_01, time_out_01, x, y)VALUES(27829, 8, 7015, 1649, 24988, NULL, NULL, NULL, 2, NULL, NULL, '', '', '', '', '', 5, 61);
INSERT INTO lba.sub_play (play_id, seconds_da_start, player_made_id, team_made_id, game_made_id, player_suffered_id, team_suffered_id, game_suffered_id, shot_id, turnover_id, foul_id, rebound_defensive_01, rebound_offensive_01, assist_01, blocks_01, time_out_01, x, y)VALUES(27829, 8, 7451, 1655, 24988, NULL, NULL, NULL, NULL, NULL, NULL, '1', '', '', '', '', 5, 61);

INSERT INTO play(id, game_id, seconds_start, seconds_end, quarter, attack_home_01, score_home, score_guest)VALUES(27830, 24988, 400, 409, 1, '1', 18, 6);
INSERT INTO player_team_game_play(player_id, team_id, game_id, play_id, seconds_start, seconds_end) VALUES(6320, 1655, 24988, 27830, 400, 409);
INSERT INTO player_team_game_play(player_id, team_id, game_id, play_id, seconds_start, seconds_end) VALUES(7447, 1655, 24988, 27830, 400, 409);
INSERT INTO player_team_game_play(player_id, team_id, game_id, play_id, seconds_start, seconds_end) VALUES(7448, 1655, 24988, 27830, 400, 409);
INSERT INTO player_team_game_play(player_id, team_id, game_id, play_id, seconds_start, seconds_end) VALUES(378, 1655, 24988, 27830, 400, 409);
INSERT INTO player_team_game_play(player_id, team_id, game_id, play_id, seconds_start, seconds_end) VALUES(7451, 1655, 24988, 27830, 400, 409);
INSERT INTO player_team_game_play(player_id, team_id, game_id, play_id, seconds_start, seconds_end) VALUES(2103, 1649, 24988, 27830, 400, 409);
INSERT INTO player_team_game_play(player_id, team_id, game_id, play_id, seconds_start, seconds_end) VALUES(7015, 1649, 24988, 27830, 400, 409);
INSERT INTO player_team_game_play(player_id, team_id, game_id, play_id, seconds_start, seconds_end) VALUES(3176, 1649, 24988, 27830, 400, 409);
INSERT INTO player_team_game_play(player_id, team_id, game_id, play_id, seconds_start, seconds_end) VALUES(7404, 1649, 24988, 27830, 400, 409);
INSERT INTO player_team_game_play(player_id, team_id, game_id, play_id, seconds_start, seconds_end) VALUES(7406, 1649, 24988, 27830, 400, 409);
INSERT INTO lba.sub_play (play_id, seconds_da_start, player_made_id, team_made_id, game_made_id, player_suffered_id, team_suffered_id, game_suffered_id, shot_id, turnover_id, foul_id, rebound_defensive_01, rebound_offensive_01, assist_01, blocks_01, time_out_01, x, y)VALUES(27830, 9, 7448, 1655, 24988, NULL, NULL, NULL, 2, NULL, NULL, '', '', '', '', '', 91, 18);
INSERT INTO lba.sub_play (play_id, seconds_da_start, player_made_id, team_made_id, game_made_id, player_suffered_id, team_suffered_id, game_suffered_id, shot_id, turnover_id, foul_id, rebound_defensive_01, rebound_offensive_01, assist_01, blocks_01, time_out_01, x, y)VALUES(27830, 9, 7015, 1649, 24988, NULL, NULL, NULL, NULL, NULL, NULL, '1', '', '', '', '', 91, 18);

INSERT INTO play(id, game_id, seconds_start, seconds_end, quarter, attack_home_01, score_home, score_guest)VALUES(27831, 24988, 409, 423, 1, '0', 18, 9);
INSERT INTO player_team_game_play(player_id, team_id, game_id, play_id, seconds_start, seconds_end) VALUES(6320, 1655, 24988, 27831, 409, 423);
INSERT INTO player_team_game_play(player_id, team_id, game_id, play_id, seconds_start, seconds_end) VALUES(7447, 1655, 24988, 27831, 409, 423);
INSERT INTO player_team_game_play(player_id, team_id, game_id, play_id, seconds_start, seconds_end) VALUES(7448, 1655, 24988, 27831, 409, 423);
INSERT INTO player_team_game_play(player_id, team_id, game_id, play_id, seconds_start, seconds_end) VALUES(378, 1655, 24988, 27831, 409, 423);
INSERT INTO player_team_game_play(player_id, team_id, game_id, play_id, seconds_start, seconds_end) VALUES(7451, 1655, 24988, 27831, 409, 423);
INSERT INTO player_team_game_play(player_id, team_id, game_id, play_id, seconds_start, seconds_end) VALUES(2103, 1649, 24988, 27831, 409, 423);
INSERT INTO player_team_game_play(player_id, team_id, game_id, play_id, seconds_start, seconds_end) VALUES(7015, 1649, 24988, 27831, 409, 423);
INSERT INTO player_team_game_play(player_id, team_id, game_id, play_id, seconds_start, seconds_end) VALUES(3176, 1649, 24988, 27831, 409, 423);
INSERT INTO player_team_game_play(player_id, team_id, game_id, play_id, seconds_start, seconds_end) VALUES(7404, 1649, 24988, 27831, 409, 423);
INSERT INTO player_team_game_play(player_id, team_id, game_id, play_id, seconds_start, seconds_end) VALUES(7406, 1649, 24988, 27831, 409, 423);
INSERT INTO lba.sub_play (play_id, seconds_da_start, player_made_id, team_made_id, game_made_id, player_suffered_id, team_suffered_id, game_suffered_id, shot_id, turnover_id, foul_id, rebound_defensive_01, rebound_offensive_01, assist_01, blocks_01, time_out_01, x, y)VALUES(27831, 14, 7015, 1649, 24988, NULL, NULL, NULL, 3, NULL, NULL, '', '', '', '', '', 32, 46);
INSERT INTO lba.sub_play (play_id, seconds_da_start, player_made_id, team_made_id, game_made_id, player_suffered_id, team_suffered_id, game_suffered_id, shot_id, turnover_id, foul_id, rebound_defensive_01, rebound_offensive_01, assist_01, blocks_01, time_out_01, x, y)VALUES(27831, 14, 7404, 1649, 24988, NULL, NULL, NULL, NULL, NULL, NULL, '', '', '1', '', '', 32, 46);

INSERT INTO play(id, game_id, seconds_start, seconds_end, quarter, attack_home_01, score_home, score_guest)VALUES(27832, 24988, 423, 439, 1, '1', 20, 9);
INSERT INTO player_team_game_play(player_id, team_id, game_id, play_id, seconds_start, seconds_end) VALUES(6320, 1655, 24988, 27832, 423, 439);
INSERT INTO player_team_game_play(player_id, team_id, game_id, play_id, seconds_start, seconds_end) VALUES(7447, 1655, 24988, 27832, 423, 439);
INSERT INTO player_team_game_play(player_id, team_id, game_id, play_id, seconds_start, seconds_end) VALUES(7448, 1655, 24988, 27832, 423, 439);
INSERT INTO player_team_game_play(player_id, team_id, game_id, play_id, seconds_start, seconds_end) VALUES(378, 1655, 24988, 27832, 423, 439);
INSERT INTO player_team_game_play(player_id, team_id, game_id, play_id, seconds_start, seconds_end) VALUES(7451, 1655, 24988, 27832, 423, 439);
INSERT INTO player_team_game_play(player_id, team_id, game_id, play_id, seconds_start, seconds_end) VALUES(2103, 1649, 24988, 27832, 423, 439);
INSERT INTO player_team_game_play(player_id, team_id, game_id, play_id, seconds_start, seconds_end) VALUES(7015, 1649, 24988, 27832, 423, 439);
INSERT INTO player_team_game_play(player_id, team_id, game_id, play_id, seconds_start, seconds_end) VALUES(3176, 1649, 24988, 27832, 423, 439);
INSERT INTO player_team_game_play(player_id, team_id, game_id, play_id, seconds_start, seconds_end) VALUES(7404, 1649, 24988, 27832, 423, 439);
INSERT INTO player_team_game_play(player_id, team_id, game_id, play_id, seconds_start, seconds_end) VALUES(7406, 1649, 24988, 27832, 423, 439);
INSERT INTO lba.sub_play (play_id, seconds_da_start, player_made_id, team_made_id, game_made_id, player_suffered_id, team_suffered_id, game_suffered_id, shot_id, turnover_id, foul_id, rebound_defensive_01, rebound_offensive_01, assist_01, blocks_01, time_out_01, x, y)VALUES(27832, 9, 7404, 1649, 24988, 7447, 1655, 24988, NULL, NULL, 1, '', '', '', '', '', 73, 15);
INSERT INTO lba.sub_play (play_id, seconds_da_start, player_made_id, team_made_id, game_made_id, player_suffered_id, team_suffered_id, game_suffered_id, shot_id, turnover_id, foul_id, rebound_defensive_01, rebound_offensive_01, assist_01, blocks_01, time_out_01, x, y)VALUES(27832, 16, 7447, 1655, 24988, NULL, NULL, NULL, 1, NULL, NULL, '', '', '', '', '', 94, 49);

INSERT INTO play(id, game_id, seconds_start, seconds_end, quarter, attack_home_01, score_home, score_guest)VALUES(27833, 24988, 439, 458, 1, '0', 20, 12);
INSERT INTO player_team_game_play(player_id, team_id, game_id, play_id, seconds_start, seconds_end) VALUES(6320, 1655, 24988, 27833, 439, 458);
INSERT INTO player_team_game_play(player_id, team_id, game_id, play_id, seconds_start, seconds_end) VALUES(7447, 1655, 24988, 27833, 439, 458);
INSERT INTO player_team_game_play(player_id, team_id, game_id, play_id, seconds_start, seconds_end) VALUES(7448, 1655, 24988, 27833, 439, 458);
INSERT INTO player_team_game_play(player_id, team_id, game_id, play_id, seconds_start, seconds_end) VALUES(378, 1655, 24988, 27833, 439, 458);
INSERT INTO player_team_game_play(player_id, team_id, game_id, play_id, seconds_start, seconds_end) VALUES(7451, 1655, 24988, 27833, 439, 458);
INSERT INTO player_team_game_play(player_id, team_id, game_id, play_id, seconds_start, seconds_end) VALUES(2103, 1649, 24988, 27833, 439, 458);
INSERT INTO player_team_game_play(player_id, team_id, game_id, play_id, seconds_start, seconds_end) VALUES(7015, 1649, 24988, 27833, 439, 458);
INSERT INTO player_team_game_play(player_id, team_id, game_id, play_id, seconds_start, seconds_end) VALUES(3176, 1649, 24988, 27833, 439, 458);
INSERT INTO player_team_game_play(player_id, team_id, game_id, play_id, seconds_start, seconds_end) VALUES(7404, 1649, 24988, 27833, 439, 458);
INSERT INTO player_team_game_play(player_id, team_id, game_id, play_id, seconds_start, seconds_end) VALUES(7406, 1649, 24988, 27833, 439, 458);
INSERT INTO lba.sub_play (play_id, seconds_da_start, player_made_id, team_made_id, game_made_id, player_suffered_id, team_suffered_id, game_suffered_id, shot_id, turnover_id, foul_id, rebound_defensive_01, rebound_offensive_01, assist_01, blocks_01, time_out_01, x, y)VALUES(27833, 17, 7406, 1649, 24988, NULL, NULL, NULL, 2, NULL, NULL, '', '', '', '', '', 12, 76);
INSERT INTO lba.sub_play (play_id, seconds_da_start, player_made_id, team_made_id, game_made_id, player_suffered_id, team_suffered_id, game_suffered_id, shot_id, turnover_id, foul_id, rebound_defensive_01, rebound_offensive_01, assist_01, blocks_01, time_out_01, x, y)VALUES(27833, 17, 3176, 1649, 24988, NULL, NULL, NULL, NULL, NULL, NULL, '', '1', '', '', '', 12, 76);
INSERT INTO lba.sub_play (play_id, seconds_da_start, player_made_id, team_made_id, game_made_id, player_suffered_id, team_suffered_id, game_suffered_id, shot_id, turnover_id, foul_id, rebound_defensive_01, rebound_offensive_01, assist_01, blocks_01, time_out_01, x, y)VALUES(27833, 17, 3176, 1649, 24988, NULL, NULL, NULL, 1, NULL, NULL, '', '', '', '', '', 12, 76);
INSERT INTO lba.sub_play (play_id, seconds_da_start, player_made_id, team_made_id, game_made_id, player_suffered_id, team_suffered_id, game_suffered_id, shot_id, turnover_id, foul_id, rebound_defensive_01, rebound_offensive_01, assist_01, blocks_01, time_out_01, x, y)VALUES(27833, 19, 6320, 1655, 24988, 3176, 1649, 24988, NULL, NULL, 4, '', '', '', '', '', 9, 53);
INSERT INTO lba.sub_play (play_id, seconds_da_start, player_made_id, team_made_id, game_made_id, player_suffered_id, team_suffered_id, game_suffered_id, shot_id, turnover_id, foul_id, rebound_defensive_01, rebound_offensive_01, assist_01, blocks_01, time_out_01, x, y)VALUES(27833, 19, 3176, 1649, 24988, NULL, NULL, NULL, 5, NULL, NULL, '', '', '', '', '', NULL, NULL);

INSERT INTO play(id, game_id, seconds_start, seconds_end, quarter, attack_home_01, score_home, score_guest)VALUES(27834, 24988, 458, 466, 1, '1', 20, 12);
INSERT INTO player_team_game_play(player_id, team_id, game_id, play_id, seconds_start, seconds_end) VALUES(6320, 1655, 24988, 27834, 458, 466);
INSERT INTO player_team_game_play(player_id, team_id, game_id, play_id, seconds_start, seconds_end) VALUES(7447, 1655, 24988, 27834, 458, 466);
INSERT INTO player_team_game_play(player_id, team_id, game_id, play_id, seconds_start, seconds_end) VALUES(7448, 1655, 24988, 27834, 458, 466);
INSERT INTO player_team_game_play(player_id, team_id, game_id, play_id, seconds_start, seconds_end) VALUES(378, 1655, 24988, 27834, 458, 466);
INSERT INTO player_team_game_play(player_id, team_id, game_id, play_id, seconds_start, seconds_end) VALUES(7451, 1655, 24988, 27834, 458, 466);
INSERT INTO player_team_game_play(player_id, team_id, game_id, play_id, seconds_start, seconds_end) VALUES(2103, 1649, 24988, 27834, 458, 466);
INSERT INTO player_team_game_play(player_id, team_id, game_id, play_id, seconds_start, seconds_end) VALUES(7015, 1649, 24988, 27834, 458, 466);
INSERT INTO player_team_game_play(player_id, team_id, game_id, play_id, seconds_start, seconds_end) VALUES(3176, 1649, 24988, 27834, 458, 466);
INSERT INTO player_team_game_play(player_id, team_id, game_id, play_id, seconds_start, seconds_end) VALUES(7404, 1649, 24988, 27834, 458, 466);
INSERT INTO player_team_game_play(player_id, team_id, game_id, play_id, seconds_start, seconds_end) VALUES(7406, 1649, 24988, 27834, 458, 466);
INSERT INTO lba.sub_play (play_id, seconds_da_start, player_made_id, team_made_id, game_made_id, player_suffered_id, team_suffered_id, game_suffered_id, shot_id, turnover_id, foul_id, rebound_defensive_01, rebound_offensive_01, assist_01, blocks_01, time_out_01, x, y)VALUES(27834, 8, 7448, 1655, 24988, 2103, 1649, 24988, NULL, 2, NULL, '', '', '', '', '', 49, 51);

INSERT INTO play(id, game_id, seconds_start, seconds_end, quarter, attack_home_01, score_home, score_guest)VALUES(27835, 24988, 466, 469, 1, '0', 20, 14);
INSERT INTO player_team_game_play(player_id, team_id, game_id, play_id, seconds_start, seconds_end) VALUES(6320, 1655, 24988, 27835, 466, 469);
INSERT INTO player_team_game_play(player_id, team_id, game_id, play_id, seconds_start, seconds_end) VALUES(7447, 1655, 24988, 27835, 466, 469);
INSERT INTO player_team_game_play(player_id, team_id, game_id, play_id, seconds_start, seconds_end) VALUES(7448, 1655, 24988, 27835, 466, 469);
INSERT INTO player_team_game_play(player_id, team_id, game_id, play_id, seconds_start, seconds_end) VALUES(378, 1655, 24988, 27835, 466, 469);
INSERT INTO player_team_game_play(player_id, team_id, game_id, play_id, seconds_start, seconds_end) VALUES(7451, 1655, 24988, 27835, 466, 469);
INSERT INTO player_team_game_play(player_id, team_id, game_id, play_id, seconds_start, seconds_end) VALUES(2103, 1649, 24988, 27835, 466, 469);
INSERT INTO player_team_game_play(player_id, team_id, game_id, play_id, seconds_start, seconds_end) VALUES(7015, 1649, 24988, 27835, 466, 469);
INSERT INTO player_team_game_play(player_id, team_id, game_id, play_id, seconds_start, seconds_end) VALUES(3176, 1649, 24988, 27835, 466, 469);
INSERT INTO player_team_game_play(player_id, team_id, game_id, play_id, seconds_start, seconds_end) VALUES(7404, 1649, 24988, 27835, 466, 469);
INSERT INTO player_team_game_play(player_id, team_id, game_id, play_id, seconds_start, seconds_end) VALUES(7406, 1649, 24988, 27835, 466, 469);
INSERT INTO lba.sub_play (play_id, seconds_da_start, player_made_id, team_made_id, game_made_id, player_suffered_id, team_suffered_id, game_suffered_id, shot_id, turnover_id, foul_id, rebound_defensive_01, rebound_offensive_01, assist_01, blocks_01, time_out_01, x, y)VALUES(27835, 3, 7448, 1655, 24988, 2103, 1649, 24988, NULL, NULL, 4, '', '', '', '', '', 11, 58);
INSERT INTO lba.sub_play (play_id, seconds_da_start, player_made_id, team_made_id, game_made_id, player_suffered_id, team_suffered_id, game_suffered_id, shot_id, turnover_id, foul_id, rebound_defensive_01, rebound_offensive_01, assist_01, blocks_01, time_out_01, x, y)VALUES(27835, 3, 2103, 1649, 24988, NULL, NULL, NULL, 5, NULL, NULL, '', '', '', '', '', NULL, NULL);
INSERT INTO lba.sub_play (play_id, seconds_da_start, player_made_id, team_made_id, game_made_id, player_suffered_id, team_suffered_id, game_suffered_id, shot_id, turnover_id, foul_id, rebound_defensive_01, rebound_offensive_01, assist_01, blocks_01, time_out_01, x, y)VALUES(27835, 3, 2103, 1649, 24988, NULL, NULL, NULL, 5, NULL, NULL, '', '', '', '', '', NULL, NULL);

INSERT INTO play(id, game_id, seconds_start, seconds_end, quarter, attack_home_01, score_home, score_guest)VALUES(27836, 24988, 469, 487, 1, '1', 22, 14);
INSERT INTO player_team_game_play(player_id, team_id, game_id, play_id, seconds_start, seconds_end) VALUES(6320, 1655, 24988, 27836, 469, 487);
INSERT INTO player_team_game_play(player_id, team_id, game_id, play_id, seconds_start, seconds_end) VALUES(7447, 1655, 24988, 27836, 469, 487);
INSERT INTO player_team_game_play(player_id, team_id, game_id, play_id, seconds_start, seconds_end) VALUES(7448, 1655, 24988, 27836, 469, 487);
INSERT INTO player_team_game_play(player_id, team_id, game_id, play_id, seconds_start, seconds_end) VALUES(378, 1655, 24988, 27836, 469, 487);
INSERT INTO player_team_game_play(player_id, team_id, game_id, play_id, seconds_start, seconds_end) VALUES(7451, 1655, 24988, 27836, 469, 487);
INSERT INTO player_team_game_play(player_id, team_id, game_id, play_id, seconds_start, seconds_end) VALUES(2103, 1649, 24988, 27836, 469, 487);
INSERT INTO player_team_game_play(player_id, team_id, game_id, play_id, seconds_start, seconds_end) VALUES(7015, 1649, 24988, 27836, 469, 487);
INSERT INTO player_team_game_play(player_id, team_id, game_id, play_id, seconds_start, seconds_end) VALUES(3176, 1649, 24988, 27836, 469, 487);
INSERT INTO player_team_game_play(player_id, team_id, game_id, play_id, seconds_start, seconds_end) VALUES(7404, 1649, 24988, 27836, 469, 487);
INSERT INTO player_team_game_play(player_id, team_id, game_id, play_id, seconds_start, seconds_end) VALUES(7406, 1649, 24988, 27836, 469, 487);
INSERT INTO lba.sub_play (play_id, seconds_da_start, player_made_id, team_made_id, game_made_id, player_suffered_id, team_suffered_id, game_suffered_id, shot_id, turnover_id, foul_id, rebound_defensive_01, rebound_offensive_01, assist_01, blocks_01, time_out_01, x, y)VALUES(27836, 18, 7447, 1655, 24988, NULL, NULL, NULL, 1, NULL, NULL, '', '', '', '', '', 81, 66);

INSERT INTO play(id, game_id, seconds_start, seconds_end, quarter, attack_home_01, score_home, score_guest)VALUES(27837, 24988, 487, 503, 1, '0', 22, 16);
INSERT INTO player_team_game_play(player_id, team_id, game_id, play_id, seconds_start, seconds_end) VALUES(6320, 1655, 24988, 27837, 487, 503);
INSERT INTO player_team_game_play(player_id, team_id, game_id, play_id, seconds_start, seconds_end) VALUES(7447, 1655, 24988, 27837, 487, 503);
INSERT INTO player_team_game_play(player_id, team_id, game_id, play_id, seconds_start, seconds_end) VALUES(7448, 1655, 24988, 27837, 487, 503);
INSERT INTO player_team_game_play(player_id, team_id, game_id, play_id, seconds_start, seconds_end) VALUES(378, 1655, 24988, 27837, 487, 503);
INSERT INTO player_team_game_play(player_id, team_id, game_id, play_id, seconds_start, seconds_end) VALUES(7451, 1655, 24988, 27837, 487, 503);
INSERT INTO player_team_game_play(player_id, team_id, game_id, play_id, seconds_start, seconds_end) VALUES(2103, 1649, 24988, 27837, 487, 503);
INSERT INTO player_team_game_play(player_id, team_id, game_id, play_id, seconds_start, seconds_end) VALUES(7015, 1649, 24988, 27837, 487, 503);
INSERT INTO player_team_game_play(player_id, team_id, game_id, play_id, seconds_start, seconds_end) VALUES(3176, 1649, 24988, 27837, 487, 503);
INSERT INTO player_team_game_play(player_id, team_id, game_id, play_id, seconds_start, seconds_end) VALUES(7404, 1649, 24988, 27837, 487, 503);
INSERT INTO player_team_game_play(player_id, team_id, game_id, play_id, seconds_start, seconds_end) VALUES(7406, 1649, 24988, 27837, 487, 503);
UPDATE player_team_game_play SET seconds_end = 503 WHERE player_id = 6320 AND game_id = 24988 AND play_id = 27837;
UPDATE player_team_game_play SET seconds_end = 503 WHERE player_id = 378 AND game_id = 24988 AND play_id = 27837;
UPDATE player_team_game_play SET seconds_end = 503 WHERE player_id = 7451 AND game_id = 24988 AND play_id = 27837;
INSERT INTO player_team_game_play(player_id, team_id, game_id, play_id, seconds_start, seconds_end) VALUES(7449, 1655, 24988, 27837, 503, 503);
INSERT INTO player_team_game_play(player_id, team_id, game_id, play_id, seconds_start, seconds_end) VALUES(7450, 1655, 24988, 27837, 503, 503);
INSERT INTO player_team_game_play(player_id, team_id, game_id, play_id, seconds_start, seconds_end) VALUES(2148, 1655, 24988, 27837, 503, 503);
INSERT INTO lba.sub_play (play_id, seconds_da_start, player_made_id, team_made_id, game_made_id, player_suffered_id, team_suffered_id, game_suffered_id, shot_id, turnover_id, foul_id, rebound_defensive_01, rebound_offensive_01, assist_01, blocks_01, time_out_01, x, y)VALUES(27837, 14, 3176, 1649, 24988, NULL, NULL, NULL, 4, NULL, NULL, '', '', '', '', '', 29, 24);
INSERT INTO lba.sub_play (play_id, seconds_da_start, player_made_id, team_made_id, game_made_id, player_suffered_id, team_suffered_id, game_suffered_id, shot_id, turnover_id, foul_id, rebound_defensive_01, rebound_offensive_01, assist_01, blocks_01, time_out_01, x, y)VALUES(27837, 16, 378, 1655, 24988, 7015, 1649, 24988, NULL, NULL, 1, '', '', '', '', '', 10, 52);
INSERT INTO lba.sub_play (play_id, seconds_da_start, player_made_id, team_made_id, game_made_id, player_suffered_id, team_suffered_id, game_suffered_id, shot_id, turnover_id, foul_id, rebound_defensive_01, rebound_offensive_01, assist_01, blocks_01, time_out_01, x, y)VALUES(27837, 16, 7015, 1649, 24988, NULL, NULL, NULL, 5, NULL, NULL, '', '', '', '', '', NULL, NULL);
INSERT INTO lba.sub_play (play_id, seconds_da_start, player_made_id, team_made_id, game_made_id, player_suffered_id, team_suffered_id, game_suffered_id, shot_id, turnover_id, foul_id, rebound_defensive_01, rebound_offensive_01, assist_01, blocks_01, time_out_01, x, y)VALUES(27837, 16, 7015, 1649, 24988, NULL, NULL, NULL, 5, NULL, NULL, '', '', '', '', '', NULL, NULL);

INSERT INTO play(id, game_id, seconds_start, seconds_end, quarter, attack_home_01, score_home, score_guest)VALUES(27838, 24988, 503, 517, 1, '1', 22, 16);
INSERT INTO player_team_game_play(player_id, team_id, game_id, play_id, seconds_start, seconds_end) VALUES(6320, 1655, 24988, 27838, 503, 517);
INSERT INTO player_team_game_play(player_id, team_id, game_id, play_id, seconds_start, seconds_end) VALUES(7447, 1655, 24988, 27838, 503, 517);
INSERT INTO player_team_game_play(player_id, team_id, game_id, play_id, seconds_start, seconds_end) VALUES(7448, 1655, 24988, 27838, 503, 517);
INSERT INTO player_team_game_play(player_id, team_id, game_id, play_id, seconds_start, seconds_end) VALUES(378, 1655, 24988, 27838, 503, 517);
INSERT INTO player_team_game_play(player_id, team_id, game_id, play_id, seconds_start, seconds_end) VALUES(7451, 1655, 24988, 27838, 503, 517);
INSERT INTO player_team_game_play(player_id, team_id, game_id, play_id, seconds_start, seconds_end) VALUES(2103, 1649, 24988, 27838, 503, 517);
INSERT INTO player_team_game_play(player_id, team_id, game_id, play_id, seconds_start, seconds_end) VALUES(7015, 1649, 24988, 27838, 503, 517);
INSERT INTO player_team_game_play(player_id, team_id, game_id, play_id, seconds_start, seconds_end) VALUES(3176, 1649, 24988, 27838, 503, 517);
INSERT INTO player_team_game_play(player_id, team_id, game_id, play_id, seconds_start, seconds_end) VALUES(7404, 1649, 24988, 27838, 503, 517);
INSERT INTO player_team_game_play(player_id, team_id, game_id, play_id, seconds_start, seconds_end) VALUES(7406, 1649, 24988, 27838, 503, 517);
UPDATE player_team_game_play SET seconds_end = 503 WHERE player_id = 6320 AND game_id = 24988 AND play_id = 27838;
UPDATE player_team_game_play SET seconds_end = 503 WHERE player_id = 378 AND game_id = 24988 AND play_id = 27838;
UPDATE player_team_game_play SET seconds_end = 503 WHERE player_id = 7451 AND game_id = 24988 AND play_id = 27838;
INSERT INTO player_team_game_play(player_id, team_id, game_id, play_id, seconds_start, seconds_end) VALUES(7449, 1655, 24988, 27838, 503, 517);
INSERT INTO player_team_game_play(player_id, team_id, game_id, play_id, seconds_start, seconds_end) VALUES(7450, 1655, 24988, 27838, 503, 517);
INSERT INTO player_team_game_play(player_id, team_id, game_id, play_id, seconds_start, seconds_end) VALUES(2148, 1655, 24988, 27838, 503, 517);
INSERT INTO lba.sub_play (play_id, seconds_da_start, player_made_id, team_made_id, game_made_id, player_suffered_id, team_suffered_id, game_suffered_id, shot_id, turnover_id, foul_id, rebound_defensive_01, rebound_offensive_01, assist_01, blocks_01, time_out_01, x, y)VALUES(27838, 14, 7448, 1655, 24988, NULL, NULL, NULL, 2, NULL, NULL, '', '', '', '', '', 82, 55);
INSERT INTO lba.sub_play (play_id, seconds_da_start, player_made_id, team_made_id, game_made_id, player_suffered_id, team_suffered_id, game_suffered_id, shot_id, turnover_id, foul_id, rebound_defensive_01, rebound_offensive_01, assist_01, blocks_01, time_out_01, x, y)VALUES(27838, 14, 7015, 1649, 24988, NULL, NULL, NULL, NULL, NULL, NULL, '1', '', '', '', '', 82, 55);

INSERT INTO play(id, game_id, seconds_start, seconds_end, quarter, attack_home_01, score_home, score_guest)VALUES(27839, 24988, 517, 530, 1, '0', 22, 19);
INSERT INTO player_team_game_play(player_id, team_id, game_id, play_id, seconds_start, seconds_end) VALUES(2148, 1655, 24988, 27839, 517, 530);
INSERT INTO player_team_game_play(player_id, team_id, game_id, play_id, seconds_start, seconds_end) VALUES(7447, 1655, 24988, 27839, 517, 530);
INSERT INTO player_team_game_play(player_id, team_id, game_id, play_id, seconds_start, seconds_end) VALUES(7448, 1655, 24988, 27839, 517, 530);
INSERT INTO player_team_game_play(player_id, team_id, game_id, play_id, seconds_start, seconds_end) VALUES(7449, 1655, 24988, 27839, 517, 530);
INSERT INTO player_team_game_play(player_id, team_id, game_id, play_id, seconds_start, seconds_end) VALUES(7450, 1655, 24988, 27839, 517, 530);
INSERT INTO player_team_game_play(player_id, team_id, game_id, play_id, seconds_start, seconds_end) VALUES(2103, 1649, 24988, 27839, 517, 530);
INSERT INTO player_team_game_play(player_id, team_id, game_id, play_id, seconds_start, seconds_end) VALUES(7015, 1649, 24988, 27839, 517, 530);
INSERT INTO player_team_game_play(player_id, team_id, game_id, play_id, seconds_start, seconds_end) VALUES(3176, 1649, 24988, 27839, 517, 530);
INSERT INTO player_team_game_play(player_id, team_id, game_id, play_id, seconds_start, seconds_end) VALUES(7404, 1649, 24988, 27839, 517, 530);
INSERT INTO player_team_game_play(player_id, team_id, game_id, play_id, seconds_start, seconds_end) VALUES(7406, 1649, 24988, 27839, 517, 530);
INSERT INTO lba.sub_play (play_id, seconds_da_start, player_made_id, team_made_id, game_made_id, player_suffered_id, team_suffered_id, game_suffered_id, shot_id, turnover_id, foul_id, rebound_defensive_01, rebound_offensive_01, assist_01, blocks_01, time_out_01, x, y)VALUES(27839, 13, 2103, 1649, 24988, NULL, NULL, NULL, 1, NULL, NULL, '', '', '', '', '', 10, 75);
INSERT INTO lba.sub_play (play_id, seconds_da_start, player_made_id, team_made_id, game_made_id, player_suffered_id, team_suffered_id, game_suffered_id, shot_id, turnover_id, foul_id, rebound_defensive_01, rebound_offensive_01, assist_01, blocks_01, time_out_01, x, y)VALUES(27839, 13, 2148, 1655, 24988, 2103, 1649, 24988, NULL, NULL, 4, '', '', '', '', '', 10, 75);
INSERT INTO lba.sub_play (play_id, seconds_da_start, player_made_id, team_made_id, game_made_id, player_suffered_id, team_suffered_id, game_suffered_id, shot_id, turnover_id, foul_id, rebound_defensive_01, rebound_offensive_01, assist_01, blocks_01, time_out_01, x, y)VALUES(27839, 13, 2103, 1649, 24988, NULL, NULL, NULL, 5, NULL, NULL, '', '', '', '', '', NULL, NULL);

INSERT INTO play(id, game_id, seconds_start, seconds_end, quarter, attack_home_01, score_home, score_guest)VALUES(27840, 24988, 530, 549, 1, '1', 22, 19);
INSERT INTO player_team_game_play(player_id, team_id, game_id, play_id, seconds_start, seconds_end) VALUES(2148, 1655, 24988, 27840, 530, 549);
INSERT INTO player_team_game_play(player_id, team_id, game_id, play_id, seconds_start, seconds_end) VALUES(7447, 1655, 24988, 27840, 530, 549);
INSERT INTO player_team_game_play(player_id, team_id, game_id, play_id, seconds_start, seconds_end) VALUES(7448, 1655, 24988, 27840, 530, 549);
INSERT INTO player_team_game_play(player_id, team_id, game_id, play_id, seconds_start, seconds_end) VALUES(7449, 1655, 24988, 27840, 530, 549);
INSERT INTO player_team_game_play(player_id, team_id, game_id, play_id, seconds_start, seconds_end) VALUES(7450, 1655, 24988, 27840, 530, 549);
INSERT INTO player_team_game_play(player_id, team_id, game_id, play_id, seconds_start, seconds_end) VALUES(2103, 1649, 24988, 27840, 530, 549);
INSERT INTO player_team_game_play(player_id, team_id, game_id, play_id, seconds_start, seconds_end) VALUES(7015, 1649, 24988, 27840, 530, 549);
INSERT INTO player_team_game_play(player_id, team_id, game_id, play_id, seconds_start, seconds_end) VALUES(3176, 1649, 24988, 27840, 530, 549);
INSERT INTO player_team_game_play(player_id, team_id, game_id, play_id, seconds_start, seconds_end) VALUES(7404, 1649, 24988, 27840, 530, 549);
INSERT INTO player_team_game_play(player_id, team_id, game_id, play_id, seconds_start, seconds_end) VALUES(7406, 1649, 24988, 27840, 530, 549);
INSERT INTO lba.sub_play (play_id, seconds_da_start, player_made_id, team_made_id, game_made_id, player_suffered_id, team_suffered_id, game_suffered_id, shot_id, turnover_id, foul_id, rebound_defensive_01, rebound_offensive_01, assist_01, blocks_01, time_out_01, x, y)VALUES(27840, 11, 2103, 1649, 24988, 7450, 1655, 24988, NULL, NULL, 1, '', '', '', '', '', 87, 77);
INSERT INTO lba.sub_play (play_id, seconds_da_start, player_made_id, team_made_id, game_made_id, player_suffered_id, team_suffered_id, game_suffered_id, shot_id, turnover_id, foul_id, rebound_defensive_01, rebound_offensive_01, assist_01, blocks_01, time_out_01, x, y)VALUES(27840, 19, 7450, 1655, 24988, NULL, NULL, NULL, 2, NULL, NULL, '', '', '', '', '', 83, 56);
INSERT INTO lba.sub_play (play_id, seconds_da_start, player_made_id, team_made_id, game_made_id, player_suffered_id, team_suffered_id, game_suffered_id, shot_id, turnover_id, foul_id, rebound_defensive_01, rebound_offensive_01, assist_01, blocks_01, time_out_01, x, y)VALUES(27840, 19, 3176, 1649, 24988, 7450, 1655, 24988, NULL, NULL, NULL, '', '', '', '1', '', 83, 56);
INSERT INTO lba.sub_play (play_id, seconds_da_start, player_made_id, team_made_id, game_made_id, player_suffered_id, team_suffered_id, game_suffered_id, shot_id, turnover_id, foul_id, rebound_defensive_01, rebound_offensive_01, assist_01, blocks_01, time_out_01, x, y)VALUES(27840, 19, 7015, 1649, 24988, NULL, NULL, NULL, NULL, NULL, NULL, '1', '', '', '', '', 83, 56);

INSERT INTO play(id, game_id, seconds_start, seconds_end, quarter, attack_home_01, score_home, score_guest)VALUES(27841, 24988, 549, 569, 1, '0', 22, 21);
INSERT INTO player_team_game_play(player_id, team_id, game_id, play_id, seconds_start, seconds_end) VALUES(2148, 1655, 24988, 27841, 549, 569);
INSERT INTO player_team_game_play(player_id, team_id, game_id, play_id, seconds_start, seconds_end) VALUES(7447, 1655, 24988, 27841, 549, 569);
INSERT INTO player_team_game_play(player_id, team_id, game_id, play_id, seconds_start, seconds_end) VALUES(7448, 1655, 24988, 27841, 549, 569);
INSERT INTO player_team_game_play(player_id, team_id, game_id, play_id, seconds_start, seconds_end) VALUES(7449, 1655, 24988, 27841, 549, 569);
INSERT INTO player_team_game_play(player_id, team_id, game_id, play_id, seconds_start, seconds_end) VALUES(7450, 1655, 24988, 27841, 549, 569);
INSERT INTO player_team_game_play(player_id, team_id, game_id, play_id, seconds_start, seconds_end) VALUES(2103, 1649, 24988, 27841, 549, 569);
INSERT INTO player_team_game_play(player_id, team_id, game_id, play_id, seconds_start, seconds_end) VALUES(7015, 1649, 24988, 27841, 549, 569);
INSERT INTO player_team_game_play(player_id, team_id, game_id, play_id, seconds_start, seconds_end) VALUES(3176, 1649, 24988, 27841, 549, 569);
INSERT INTO player_team_game_play(player_id, team_id, game_id, play_id, seconds_start, seconds_end) VALUES(7404, 1649, 24988, 27841, 549, 569);
INSERT INTO player_team_game_play(player_id, team_id, game_id, play_id, seconds_start, seconds_end) VALUES(7406, 1649, 24988, 27841, 549, 569);
INSERT INTO lba.sub_play (play_id, seconds_da_start, player_made_id, team_made_id, game_made_id, player_suffered_id, team_suffered_id, game_suffered_id, shot_id, turnover_id, foul_id, rebound_defensive_01, rebound_offensive_01, assist_01, blocks_01, time_out_01, x, y)VALUES(27841, 20, 7404, 1649, 24988, NULL, NULL, NULL, 1, NULL, NULL, '', '', '', '', '', 8, 47);

INSERT INTO play(id, game_id, seconds_start, seconds_end, quarter, attack_home_01, score_home, score_guest)VALUES(27842, 24988, 569, 583, 1, '1', 24, 21);
INSERT INTO player_team_game_play(player_id, team_id, game_id, play_id, seconds_start, seconds_end) VALUES(2148, 1655, 24988, 27842, 569, 583);
INSERT INTO player_team_game_play(player_id, team_id, game_id, play_id, seconds_start, seconds_end) VALUES(7447, 1655, 24988, 27842, 569, 583);
INSERT INTO player_team_game_play(player_id, team_id, game_id, play_id, seconds_start, seconds_end) VALUES(7448, 1655, 24988, 27842, 569, 583);
INSERT INTO player_team_game_play(player_id, team_id, game_id, play_id, seconds_start, seconds_end) VALUES(7449, 1655, 24988, 27842, 569, 583);
INSERT INTO player_team_game_play(player_id, team_id, game_id, play_id, seconds_start, seconds_end) VALUES(7450, 1655, 24988, 27842, 569, 583);
INSERT INTO player_team_game_play(player_id, team_id, game_id, play_id, seconds_start, seconds_end) VALUES(2103, 1649, 24988, 27842, 569, 583);
INSERT INTO player_team_game_play(player_id, team_id, game_id, play_id, seconds_start, seconds_end) VALUES(7015, 1649, 24988, 27842, 569, 583);
INSERT INTO player_team_game_play(player_id, team_id, game_id, play_id, seconds_start, seconds_end) VALUES(3176, 1649, 24988, 27842, 569, 583);
INSERT INTO player_team_game_play(player_id, team_id, game_id, play_id, seconds_start, seconds_end) VALUES(7404, 1649, 24988, 27842, 569, 583);
INSERT INTO player_team_game_play(player_id, team_id, game_id, play_id, seconds_start, seconds_end) VALUES(7406, 1649, 24988, 27842, 569, 583);
INSERT INTO lba.sub_play (play_id, seconds_da_start, player_made_id, team_made_id, game_made_id, player_suffered_id, team_suffered_id, game_suffered_id, shot_id, turnover_id, foul_id, rebound_defensive_01, rebound_offensive_01, assist_01, blocks_01, time_out_01, x, y)VALUES(27842, 14, 7449, 1655, 24988, NULL, NULL, NULL, 1, NULL, NULL, '', '', '', '', '', 93, 50);
INSERT INTO lba.sub_play (play_id, seconds_da_start, player_made_id, team_made_id, game_made_id, player_suffered_id, team_suffered_id, game_suffered_id, shot_id, turnover_id, foul_id, rebound_defensive_01, rebound_offensive_01, assist_01, blocks_01, time_out_01, x, y)VALUES(27842, 14, 7450, 1655, 24988, NULL, NULL, NULL, NULL, NULL, NULL, '', '', '1', '', '', 93, 50);

INSERT INTO play(id, game_id, seconds_start, seconds_end, quarter, attack_home_01, score_home, score_guest)VALUES(27843, 24988, 583, 616, 2, '1', 24, 21);
INSERT INTO player_team_game_play(player_id, team_id, game_id, play_id, seconds_start, seconds_end) VALUES(2148, 1655, 24988, 27843, 583, 616);
INSERT INTO player_team_game_play(player_id, team_id, game_id, play_id, seconds_start, seconds_end) VALUES(7447, 1655, 24988, 27843, 583, 616);
INSERT INTO player_team_game_play(player_id, team_id, game_id, play_id, seconds_start, seconds_end) VALUES(7448, 1655, 24988, 27843, 583, 616);
INSERT INTO player_team_game_play(player_id, team_id, game_id, play_id, seconds_start, seconds_end) VALUES(7449, 1655, 24988, 27843, 583, 616);
INSERT INTO player_team_game_play(player_id, team_id, game_id, play_id, seconds_start, seconds_end) VALUES(7450, 1655, 24988, 27843, 583, 616);
INSERT INTO player_team_game_play(player_id, team_id, game_id, play_id, seconds_start, seconds_end) VALUES(2103, 1649, 24988, 27843, 583, 616);
INSERT INTO player_team_game_play(player_id, team_id, game_id, play_id, seconds_start, seconds_end) VALUES(7015, 1649, 24988, 27843, 583, 616);
INSERT INTO player_team_game_play(player_id, team_id, game_id, play_id, seconds_start, seconds_end) VALUES(3176, 1649, 24988, 27843, 583, 616);
INSERT INTO player_team_game_play(player_id, team_id, game_id, play_id, seconds_start, seconds_end) VALUES(7404, 1649, 24988, 27843, 583, 616);
INSERT INTO player_team_game_play(player_id, team_id, game_id, play_id, seconds_start, seconds_end) VALUES(7406, 1649, 24988, 27843, 583, 616);
UPDATE player_team_game_play SET seconds_end = 585 WHERE player_id = 7448 AND game_id = 24988 AND play_id = 27843;
UPDATE player_team_game_play SET seconds_end = 585 WHERE player_id = 2148 AND game_id = 24988 AND play_id = 27843;
INSERT INTO player_team_game_play(player_id, team_id, game_id, play_id, seconds_start, seconds_end) VALUES(6320, 1655, 24988, 27843, 585, 616);
INSERT INTO player_team_game_play(player_id, team_id, game_id, play_id, seconds_start, seconds_end) VALUES(7049, 1655, 24988, 27843, 585, 616);
UPDATE player_team_game_play SET seconds_end = 600 WHERE player_id = 6320 AND game_id = 24988 AND play_id = 27843;
UPDATE player_team_game_play SET seconds_end = 600 WHERE player_id = 7015 AND game_id = 24988 AND play_id = 27843;
INSERT INTO player_team_game_play(player_id, team_id, game_id, play_id, seconds_start, seconds_end) VALUES(7407, 1649, 24988, 27843, 600, 616);
INSERT INTO lba.sub_play (play_id, seconds_da_start, player_made_id, team_made_id, game_made_id, player_suffered_id, team_suffered_id, game_suffered_id, shot_id, turnover_id, foul_id, rebound_defensive_01, rebound_offensive_01, assist_01, blocks_01, time_out_01, x, y)VALUES(27843, 15, 3176, 1649, 24988, NULL, NULL, NULL, 4, NULL, NULL, '', '', '', '', '', 6, 4);
INSERT INTO lba.sub_play (play_id, seconds_da_start, player_made_id, team_made_id, game_made_id, player_suffered_id, team_suffered_id, game_suffered_id, shot_id, turnover_id, foul_id, rebound_defensive_01, rebound_offensive_01, assist_01, blocks_01, time_out_01, x, y)VALUES(27843, 29, 7049, 1655, 24988, NULL, NULL, NULL, 2, NULL, NULL, '', '', '', '', '', 90, 59);
INSERT INTO lba.sub_play (play_id, seconds_da_start, player_made_id, team_made_id, game_made_id, player_suffered_id, team_suffered_id, game_suffered_id, shot_id, turnover_id, foul_id, rebound_defensive_01, rebound_offensive_01, assist_01, blocks_01, time_out_01, x, y)VALUES(27843, 29, 7447, 1655, 24988, NULL, NULL, NULL, NULL, NULL, NULL, '', '1', '', '', '', 90, 59);
INSERT INTO lba.sub_play (play_id, seconds_da_start, player_made_id, team_made_id, game_made_id, player_suffered_id, team_suffered_id, game_suffered_id, shot_id, turnover_id, foul_id, rebound_defensive_01, rebound_offensive_01, assist_01, blocks_01, time_out_01, x, y)VALUES(27843, 33, 7447, 1655, 24988, NULL, NULL, NULL, 4, NULL, NULL, '', '', '', '', '', 93, 4);

INSERT INTO play(id, game_id, seconds_start, seconds_end, quarter, attack_home_01, score_home, score_guest)VALUES(27844, 24988, 616, 637, 2, '0', 24, 21);
INSERT INTO player_team_game_play(player_id, team_id, game_id, play_id, seconds_start, seconds_end) VALUES(2148, 1655, 24988, 27844, 616, 637);
INSERT INTO player_team_game_play(player_id, team_id, game_id, play_id, seconds_start, seconds_end) VALUES(7449, 1655, 24988, 27844, 616, 637);
INSERT INTO player_team_game_play(player_id, team_id, game_id, play_id, seconds_start, seconds_end) VALUES(7447, 1655, 24988, 27844, 616, 637);
INSERT INTO player_team_game_play(player_id, team_id, game_id, play_id, seconds_start, seconds_end) VALUES(7049, 1655, 24988, 27844, 616, 637);
INSERT INTO player_team_game_play(player_id, team_id, game_id, play_id, seconds_start, seconds_end) VALUES(7450, 1655, 24988, 27844, 616, 637);
INSERT INTO player_team_game_play(player_id, team_id, game_id, play_id, seconds_start, seconds_end) VALUES(2103, 1649, 24988, 27844, 616, 637);
INSERT INTO player_team_game_play(player_id, team_id, game_id, play_id, seconds_start, seconds_end) VALUES(3176, 1649, 24988, 27844, 616, 637);
INSERT INTO player_team_game_play(player_id, team_id, game_id, play_id, seconds_start, seconds_end) VALUES(7404, 1649, 24988, 27844, 616, 637);
INSERT INTO player_team_game_play(player_id, team_id, game_id, play_id, seconds_start, seconds_end) VALUES(7406, 1649, 24988, 27844, 616, 637);
INSERT INTO player_team_game_play(player_id, team_id, game_id, play_id, seconds_start, seconds_end) VALUES(7407, 1649, 24988, 27844, 616, 637);
INSERT INTO lba.sub_play (play_id, seconds_da_start, player_made_id, team_made_id, game_made_id, player_suffered_id, team_suffered_id, game_suffered_id, shot_id, turnover_id, foul_id, rebound_defensive_01, rebound_offensive_01, assist_01, blocks_01, time_out_01, x, y)VALUES(27844, 21, 7404, 1649, 24988, NULL, NULL, NULL, 4, NULL, NULL, '', '', '', '', '', 33, 58);
INSERT INTO lba.sub_play (play_id, seconds_da_start, player_made_id, team_made_id, game_made_id, player_suffered_id, team_suffered_id, game_suffered_id, shot_id, turnover_id, foul_id, rebound_defensive_01, rebound_offensive_01, assist_01, blocks_01, time_out_01, x, y)VALUES(27844, 21, 7450, 1655, 24988, NULL, NULL, NULL, NULL, NULL, NULL, '1', '', '', '', '', 33, 58);

INSERT INTO play(id, game_id, seconds_start, seconds_end, quarter, attack_home_01, score_home, score_guest)VALUES(27845, 24988, 637, 657, 2, '1', 27, 21);
INSERT INTO player_team_game_play(player_id, team_id, game_id, play_id, seconds_start, seconds_end) VALUES(2148, 1655, 24988, 27845, 637, 657);
INSERT INTO player_team_game_play(player_id, team_id, game_id, play_id, seconds_start, seconds_end) VALUES(7449, 1655, 24988, 27845, 637, 657);
INSERT INTO player_team_game_play(player_id, team_id, game_id, play_id, seconds_start, seconds_end) VALUES(7447, 1655, 24988, 27845, 637, 657);
INSERT INTO player_team_game_play(player_id, team_id, game_id, play_id, seconds_start, seconds_end) VALUES(7049, 1655, 24988, 27845, 637, 657);
INSERT INTO player_team_game_play(player_id, team_id, game_id, play_id, seconds_start, seconds_end) VALUES(7450, 1655, 24988, 27845, 637, 657);
INSERT INTO player_team_game_play(player_id, team_id, game_id, play_id, seconds_start, seconds_end) VALUES(2103, 1649, 24988, 27845, 637, 657);
INSERT INTO player_team_game_play(player_id, team_id, game_id, play_id, seconds_start, seconds_end) VALUES(3176, 1649, 24988, 27845, 637, 657);
INSERT INTO player_team_game_play(player_id, team_id, game_id, play_id, seconds_start, seconds_end) VALUES(7404, 1649, 24988, 27845, 637, 657);
INSERT INTO player_team_game_play(player_id, team_id, game_id, play_id, seconds_start, seconds_end) VALUES(7406, 1649, 24988, 27845, 637, 657);
INSERT INTO player_team_game_play(player_id, team_id, game_id, play_id, seconds_start, seconds_end) VALUES(7407, 1649, 24988, 27845, 637, 657);
INSERT INTO lba.sub_play (play_id, seconds_da_start, player_made_id, team_made_id, game_made_id, player_suffered_id, team_suffered_id, game_suffered_id, shot_id, turnover_id, foul_id, rebound_defensive_01, rebound_offensive_01, assist_01, blocks_01, time_out_01, x, y)VALUES(27845, 20, 2148, 1655, 24988, NULL, NULL, NULL, 3, NULL, NULL, '', '', '', '', '', 68, 35);
INSERT INTO lba.sub_play (play_id, seconds_da_start, player_made_id, team_made_id, game_made_id, player_suffered_id, team_suffered_id, game_suffered_id, shot_id, turnover_id, foul_id, rebound_defensive_01, rebound_offensive_01, assist_01, blocks_01, time_out_01, x, y)VALUES(27845, 20, 7450, 1655, 24988, NULL, NULL, NULL, NULL, NULL, NULL, '', '', '1', '', '', 68, 35);

INSERT INTO play(id, game_id, seconds_start, seconds_end, quarter, attack_home_01, score_home, score_guest)VALUES(27846, 24988, 657, 696, 2, '0', 27, 21);
INSERT INTO player_team_game_play(player_id, team_id, game_id, play_id, seconds_start, seconds_end) VALUES(2148, 1655, 24988, 27846, 657, 696);
INSERT INTO player_team_game_play(player_id, team_id, game_id, play_id, seconds_start, seconds_end) VALUES(7449, 1655, 24988, 27846, 657, 696);
INSERT INTO player_team_game_play(player_id, team_id, game_id, play_id, seconds_start, seconds_end) VALUES(7447, 1655, 24988, 27846, 657, 696);
INSERT INTO player_team_game_play(player_id, team_id, game_id, play_id, seconds_start, seconds_end) VALUES(7049, 1655, 24988, 27846, 657, 696);
INSERT INTO player_team_game_play(player_id, team_id, game_id, play_id, seconds_start, seconds_end) VALUES(7450, 1655, 24988, 27846, 657, 696);
INSERT INTO player_team_game_play(player_id, team_id, game_id, play_id, seconds_start, seconds_end) VALUES(2103, 1649, 24988, 27846, 657, 696);
INSERT INTO player_team_game_play(player_id, team_id, game_id, play_id, seconds_start, seconds_end) VALUES(3176, 1649, 24988, 27846, 657, 696);
INSERT INTO player_team_game_play(player_id, team_id, game_id, play_id, seconds_start, seconds_end) VALUES(7404, 1649, 24988, 27846, 657, 696);
INSERT INTO player_team_game_play(player_id, team_id, game_id, play_id, seconds_start, seconds_end) VALUES(7406, 1649, 24988, 27846, 657, 696);
INSERT INTO player_team_game_play(player_id, team_id, game_id, play_id, seconds_start, seconds_end) VALUES(7407, 1649, 24988, 27846, 657, 696);
UPDATE player_team_game_play SET seconds_end = 680 WHERE player_id = 7404 AND game_id = 24988 AND play_id = 27846;
UPDATE player_team_game_play SET seconds_end = 680 WHERE player_id = 2103 AND game_id = 24988 AND play_id = 27846;
INSERT INTO player_team_game_play(player_id, team_id, game_id, play_id, seconds_start, seconds_end) VALUES(6138, 1649, 24988, 27846, 680, 696);
INSERT INTO player_team_game_play(player_id, team_id, game_id, play_id, seconds_start, seconds_end) VALUES(5150, 1649, 24988, 27846, 680, 696);
INSERT INTO lba.sub_play (play_id, seconds_da_start, player_made_id, team_made_id, game_made_id, player_suffered_id, team_suffered_id, game_suffered_id, shot_id, turnover_id, foul_id, rebound_defensive_01, rebound_offensive_01, assist_01, blocks_01, time_out_01, x, y)VALUES(27846, 23, 7447, 1655, 24988, 3176, 1649, 24988, NULL, NULL, 1, '', '', '', '', '', 20, 74);
INSERT INTO lba.sub_play (play_id, seconds_da_start, player_made_id, team_made_id, game_made_id, player_suffered_id, team_suffered_id, game_suffered_id, shot_id, turnover_id, foul_id, rebound_defensive_01, rebound_offensive_01, assist_01, blocks_01, time_out_01, x, y)VALUES(27846, 27, 7049, 1655, 24988, 5150, 1649, 24988, NULL, NULL, 1, '', '', '', '', '', 26, 77);
INSERT INTO lba.sub_play (play_id, seconds_da_start, player_made_id, team_made_id, game_made_id, player_suffered_id, team_suffered_id, game_suffered_id, shot_id, turnover_id, foul_id, rebound_defensive_01, rebound_offensive_01, assist_01, blocks_01, time_out_01, x, y)VALUES(27846, 34, 7406, 1649, 24988, NULL, NULL, NULL, 2, NULL, NULL, '', '', '', '', '', 13, 45);
INSERT INTO lba.sub_play (play_id, seconds_da_start, player_made_id, team_made_id, game_made_id, player_suffered_id, team_suffered_id, game_suffered_id, shot_id, turnover_id, foul_id, rebound_defensive_01, rebound_offensive_01, assist_01, blocks_01, time_out_01, x, y)VALUES(27846, 34, 7407, 1649, 24988, NULL, NULL, NULL, NULL, NULL, NULL, '', '1', '', '', '', 13, 45);
INSERT INTO lba.sub_play (play_id, seconds_da_start, player_made_id, team_made_id, game_made_id, player_suffered_id, team_suffered_id, game_suffered_id, shot_id, turnover_id, foul_id, rebound_defensive_01, rebound_offensive_01, assist_01, blocks_01, time_out_01, x, y)VALUES(27846, 39, 7407, 1649, 24988, NULL, NULL, NULL, 2, NULL, NULL, '', '', '', '', '', 6, 47);
INSERT INTO lba.sub_play (play_id, seconds_da_start, player_made_id, team_made_id, game_made_id, player_suffered_id, team_suffered_id, game_suffered_id, shot_id, turnover_id, foul_id, rebound_defensive_01, rebound_offensive_01, assist_01, blocks_01, time_out_01, x, y)VALUES(27846, 39, 7049, 1655, 24988, NULL, NULL, NULL, NULL, NULL, NULL, '1', '', '', '', '', 6, 47);

INSERT INTO play(id, game_id, seconds_start, seconds_end, quarter, attack_home_01, score_home, score_guest)VALUES(27847, 24988, 696, 699, 2, '1', 27, 21);
INSERT INTO player_team_game_play(player_id, team_id, game_id, play_id, seconds_start, seconds_end) VALUES(2148, 1655, 24988, 27847, 696, 699);
INSERT INTO player_team_game_play(player_id, team_id, game_id, play_id, seconds_start, seconds_end) VALUES(7449, 1655, 24988, 27847, 696, 699);
INSERT INTO player_team_game_play(player_id, team_id, game_id, play_id, seconds_start, seconds_end) VALUES(7447, 1655, 24988, 27847, 696, 699);
INSERT INTO player_team_game_play(player_id, team_id, game_id, play_id, seconds_start, seconds_end) VALUES(7049, 1655, 24988, 27847, 696, 699);
INSERT INTO player_team_game_play(player_id, team_id, game_id, play_id, seconds_start, seconds_end) VALUES(7450, 1655, 24988, 27847, 696, 699);
INSERT INTO player_team_game_play(player_id, team_id, game_id, play_id, seconds_start, seconds_end) VALUES(5150, 1649, 24988, 27847, 696, 699);
INSERT INTO player_team_game_play(player_id, team_id, game_id, play_id, seconds_start, seconds_end) VALUES(3176, 1649, 24988, 27847, 696, 699);
INSERT INTO player_team_game_play(player_id, team_id, game_id, play_id, seconds_start, seconds_end) VALUES(6138, 1649, 24988, 27847, 696, 699);
INSERT INTO player_team_game_play(player_id, team_id, game_id, play_id, seconds_start, seconds_end) VALUES(7406, 1649, 24988, 27847, 696, 699);
INSERT INTO player_team_game_play(player_id, team_id, game_id, play_id, seconds_start, seconds_end) VALUES(7407, 1649, 24988, 27847, 696, 699);
INSERT INTO lba.sub_play (play_id, seconds_da_start, player_made_id, team_made_id, game_made_id, player_suffered_id, team_suffered_id, game_suffered_id, shot_id, turnover_id, foul_id, rebound_defensive_01, rebound_offensive_01, assist_01, blocks_01, time_out_01, x, y)VALUES(27847, 3, 2148, 1655, 24988, 6138, 1649, 24988, NULL, NULL, 7, '', '', '', '', '', 89, 52);
INSERT INTO lba.sub_play (play_id, seconds_da_start, player_made_id, team_made_id, game_made_id, player_suffered_id, team_suffered_id, game_suffered_id, shot_id, turnover_id, foul_id, rebound_defensive_01, rebound_offensive_01, assist_01, blocks_01, time_out_01, x, y)VALUES(27847, 3, 2148, 1655, 24988, NULL, NULL, NULL, NULL, 13, NULL, '', '', '', '', '', 89, 52);

INSERT INTO play(id, game_id, seconds_start, seconds_end, quarter, attack_home_01, score_home, score_guest)VALUES(27848, 24988, 699, 719, 2, '0', 27, 21);
INSERT INTO player_team_game_play(player_id, team_id, game_id, play_id, seconds_start, seconds_end) VALUES(2148, 1655, 24988, 27848, 699, 719);
INSERT INTO player_team_game_play(player_id, team_id, game_id, play_id, seconds_start, seconds_end) VALUES(7449, 1655, 24988, 27848, 699, 719);
INSERT INTO player_team_game_play(player_id, team_id, game_id, play_id, seconds_start, seconds_end) VALUES(7447, 1655, 24988, 27848, 699, 719);
INSERT INTO player_team_game_play(player_id, team_id, game_id, play_id, seconds_start, seconds_end) VALUES(7049, 1655, 24988, 27848, 699, 719);
INSERT INTO player_team_game_play(player_id, team_id, game_id, play_id, seconds_start, seconds_end) VALUES(7450, 1655, 24988, 27848, 699, 719);
INSERT INTO player_team_game_play(player_id, team_id, game_id, play_id, seconds_start, seconds_end) VALUES(5150, 1649, 24988, 27848, 699, 719);
INSERT INTO player_team_game_play(player_id, team_id, game_id, play_id, seconds_start, seconds_end) VALUES(3176, 1649, 24988, 27848, 699, 719);
INSERT INTO player_team_game_play(player_id, team_id, game_id, play_id, seconds_start, seconds_end) VALUES(6138, 1649, 24988, 27848, 699, 719);
INSERT INTO player_team_game_play(player_id, team_id, game_id, play_id, seconds_start, seconds_end) VALUES(7406, 1649, 24988, 27848, 699, 719);
INSERT INTO player_team_game_play(player_id, team_id, game_id, play_id, seconds_start, seconds_end) VALUES(7407, 1649, 24988, 27848, 699, 719);
INSERT INTO lba.sub_play (play_id, seconds_da_start, player_made_id, team_made_id, game_made_id, player_suffered_id, team_suffered_id, game_suffered_id, shot_id, turnover_id, foul_id, rebound_defensive_01, rebound_offensive_01, assist_01, blocks_01, time_out_01, x, y)VALUES(27848, 20, 3176, 1649, 24988, 2148, 1655, 24988, NULL, 2, NULL, '', '', '', '', '', 17, 51);

INSERT INTO play(id, game_id, seconds_start, seconds_end, quarter, attack_home_01, score_home, score_guest)VALUES(27849, 24988, 719, 731, 2, '1', 29, 21);
INSERT INTO player_team_game_play(player_id, team_id, game_id, play_id, seconds_start, seconds_end) VALUES(2148, 1655, 24988, 27849, 719, 731);
INSERT INTO player_team_game_play(player_id, team_id, game_id, play_id, seconds_start, seconds_end) VALUES(7449, 1655, 24988, 27849, 719, 731);
INSERT INTO player_team_game_play(player_id, team_id, game_id, play_id, seconds_start, seconds_end) VALUES(7447, 1655, 24988, 27849, 719, 731);
INSERT INTO player_team_game_play(player_id, team_id, game_id, play_id, seconds_start, seconds_end) VALUES(7049, 1655, 24988, 27849, 719, 731);
INSERT INTO player_team_game_play(player_id, team_id, game_id, play_id, seconds_start, seconds_end) VALUES(7450, 1655, 24988, 27849, 719, 731);
INSERT INTO player_team_game_play(player_id, team_id, game_id, play_id, seconds_start, seconds_end) VALUES(5150, 1649, 24988, 27849, 719, 731);
INSERT INTO player_team_game_play(player_id, team_id, game_id, play_id, seconds_start, seconds_end) VALUES(3176, 1649, 24988, 27849, 719, 731);
INSERT INTO player_team_game_play(player_id, team_id, game_id, play_id, seconds_start, seconds_end) VALUES(6138, 1649, 24988, 27849, 719, 731);
INSERT INTO player_team_game_play(player_id, team_id, game_id, play_id, seconds_start, seconds_end) VALUES(7406, 1649, 24988, 27849, 719, 731);
INSERT INTO player_team_game_play(player_id, team_id, game_id, play_id, seconds_start, seconds_end) VALUES(7407, 1649, 24988, 27849, 719, 731);
INSERT INTO lba.sub_play (play_id, seconds_da_start, player_made_id, team_made_id, game_made_id, player_suffered_id, team_suffered_id, game_suffered_id, shot_id, turnover_id, foul_id, rebound_defensive_01, rebound_offensive_01, assist_01, blocks_01, time_out_01, x, y)VALUES(27849, 12, 7447, 1655, 24988, NULL, NULL, NULL, 1, NULL, NULL, '', '', '', '', '', 93, 43);
INSERT INTO lba.sub_play (play_id, seconds_da_start, player_made_id, team_made_id, game_made_id, player_suffered_id, team_suffered_id, game_suffered_id, shot_id, turnover_id, foul_id, rebound_defensive_01, rebound_offensive_01, assist_01, blocks_01, time_out_01, x, y)VALUES(27849, 12, 7449, 1655, 24988, NULL, NULL, NULL, NULL, NULL, NULL, '', '', '1', '', '', 93, 43);

INSERT INTO play(id, game_id, seconds_start, seconds_end, quarter, attack_home_01, score_home, score_guest)VALUES(27850, 24988, 731, 753, 2, '0', 29, 24);
INSERT INTO player_team_game_play(player_id, team_id, game_id, play_id, seconds_start, seconds_end) VALUES(2148, 1655, 24988, 27850, 731, 753);
INSERT INTO player_team_game_play(player_id, team_id, game_id, play_id, seconds_start, seconds_end) VALUES(7449, 1655, 24988, 27850, 731, 753);
INSERT INTO player_team_game_play(player_id, team_id, game_id, play_id, seconds_start, seconds_end) VALUES(7447, 1655, 24988, 27850, 731, 753);
INSERT INTO player_team_game_play(player_id, team_id, game_id, play_id, seconds_start, seconds_end) VALUES(7049, 1655, 24988, 27850, 731, 753);
INSERT INTO player_team_game_play(player_id, team_id, game_id, play_id, seconds_start, seconds_end) VALUES(7450, 1655, 24988, 27850, 731, 753);
INSERT INTO player_team_game_play(player_id, team_id, game_id, play_id, seconds_start, seconds_end) VALUES(5150, 1649, 24988, 27850, 731, 753);
INSERT INTO player_team_game_play(player_id, team_id, game_id, play_id, seconds_start, seconds_end) VALUES(3176, 1649, 24988, 27850, 731, 753);
INSERT INTO player_team_game_play(player_id, team_id, game_id, play_id, seconds_start, seconds_end) VALUES(6138, 1649, 24988, 27850, 731, 753);
INSERT INTO player_team_game_play(player_id, team_id, game_id, play_id, seconds_start, seconds_end) VALUES(7406, 1649, 24988, 27850, 731, 753);
INSERT INTO player_team_game_play(player_id, team_id, game_id, play_id, seconds_start, seconds_end) VALUES(7407, 1649, 24988, 27850, 731, 753);
INSERT INTO lba.sub_play (play_id, seconds_da_start, player_made_id, team_made_id, game_made_id, player_suffered_id, team_suffered_id, game_suffered_id, shot_id, turnover_id, foul_id, rebound_defensive_01, rebound_offensive_01, assist_01, blocks_01, time_out_01, x, y)VALUES(27850, 22, 3176, 1649, 24988, NULL, NULL, NULL, 3, NULL, NULL, '', '', '', '', '', 21, 89);
INSERT INTO lba.sub_play (play_id, seconds_da_start, player_made_id, team_made_id, game_made_id, player_suffered_id, team_suffered_id, game_suffered_id, shot_id, turnover_id, foul_id, rebound_defensive_01, rebound_offensive_01, assist_01, blocks_01, time_out_01, x, y)VALUES(27850, 22, 6138, 1649, 24988, NULL, NULL, NULL, NULL, NULL, NULL, '', '', '1', '', '', 21, 89);

INSERT INTO play(id, game_id, seconds_start, seconds_end, quarter, attack_home_01, score_home, score_guest)VALUES(27851, 24988, 753, 790, 2, '1', 32, 24);
INSERT INTO player_team_game_play(player_id, team_id, game_id, play_id, seconds_start, seconds_end) VALUES(2148, 1655, 24988, 27851, 753, 790);
INSERT INTO player_team_game_play(player_id, team_id, game_id, play_id, seconds_start, seconds_end) VALUES(7449, 1655, 24988, 27851, 753, 790);
INSERT INTO player_team_game_play(player_id, team_id, game_id, play_id, seconds_start, seconds_end) VALUES(7447, 1655, 24988, 27851, 753, 790);
INSERT INTO player_team_game_play(player_id, team_id, game_id, play_id, seconds_start, seconds_end) VALUES(7049, 1655, 24988, 27851, 753, 790);
INSERT INTO player_team_game_play(player_id, team_id, game_id, play_id, seconds_start, seconds_end) VALUES(7450, 1655, 24988, 27851, 753, 790);
INSERT INTO player_team_game_play(player_id, team_id, game_id, play_id, seconds_start, seconds_end) VALUES(5150, 1649, 24988, 27851, 753, 790);
INSERT INTO player_team_game_play(player_id, team_id, game_id, play_id, seconds_start, seconds_end) VALUES(3176, 1649, 24988, 27851, 753, 790);
INSERT INTO player_team_game_play(player_id, team_id, game_id, play_id, seconds_start, seconds_end) VALUES(6138, 1649, 24988, 27851, 753, 790);
INSERT INTO player_team_game_play(player_id, team_id, game_id, play_id, seconds_start, seconds_end) VALUES(7406, 1649, 24988, 27851, 753, 790);
INSERT INTO player_team_game_play(player_id, team_id, game_id, play_id, seconds_start, seconds_end) VALUES(7407, 1649, 24988, 27851, 753, 790);
UPDATE player_team_game_play SET seconds_end = 763 WHERE player_id = 2148 AND game_id = 24988 AND play_id = 27851;
UPDATE player_team_game_play SET seconds_end = 763 WHERE player_id = 7447 AND game_id = 24988 AND play_id = 27851;
INSERT INTO player_team_game_play(player_id, team_id, game_id, play_id, seconds_start, seconds_end) VALUES(6320, 1655, 24988, 27851, 763, 790);
INSERT INTO player_team_game_play(player_id, team_id, game_id, play_id, seconds_start, seconds_end) VALUES(7448, 1655, 24988, 27851, 763, 790);
UPDATE player_team_game_play SET seconds_end = 763 WHERE player_id = 3176 AND game_id = 24988 AND play_id = 27851;
INSERT INTO player_team_game_play(player_id, team_id, game_id, play_id, seconds_start, seconds_end) VALUES(4692, 1649, 24988, 27851, 763, 790);
INSERT INTO lba.sub_play (play_id, seconds_da_start, player_made_id, team_made_id, game_made_id, player_suffered_id, team_suffered_id, game_suffered_id, shot_id, turnover_id, foul_id, rebound_defensive_01, rebound_offensive_01, assist_01, blocks_01, time_out_01, x, y)VALUES(27851, 10, 3176, 1649, 24988, 7450, 1655, 24988, NULL, NULL, 1, '', '', '', '', '', 80, 78);
INSERT INTO lba.sub_play (play_id, seconds_da_start, player_made_id, team_made_id, game_made_id, player_suffered_id, team_suffered_id, game_suffered_id, shot_id, turnover_id, foul_id, rebound_defensive_01, rebound_offensive_01, assist_01, blocks_01, time_out_01, x, y)VALUES(27851, 28, 7448, 1655, 24988, NULL, NULL, NULL, 4, NULL, NULL, '', '', '', '', '', 67, 41);
INSERT INTO lba.sub_play (play_id, seconds_da_start, player_made_id, team_made_id, game_made_id, player_suffered_id, team_suffered_id, game_suffered_id, shot_id, turnover_id, foul_id, rebound_defensive_01, rebound_offensive_01, assist_01, blocks_01, time_out_01, x, y)VALUES(27851, 28, 6320, 1655, 24988, NULL, NULL, NULL, NULL, NULL, NULL, '', '1', '', '', '', 67, 41);
INSERT INTO lba.sub_play (play_id, seconds_da_start, player_made_id, team_made_id, game_made_id, player_suffered_id, team_suffered_id, game_suffered_id, shot_id, turnover_id, foul_id, rebound_defensive_01, rebound_offensive_01, assist_01, blocks_01, time_out_01, x, y)VALUES(27851, 31, 7406, 1649, 24988, 6320, 1655, 24988, NULL, NULL, 1, '', '', '', '', '', 92, 48);
INSERT INTO lba.sub_play (play_id, seconds_da_start, player_made_id, team_made_id, game_made_id, player_suffered_id, team_suffered_id, game_suffered_id, shot_id, turnover_id, foul_id, rebound_defensive_01, rebound_offensive_01, assist_01, blocks_01, time_out_01, x, y)VALUES(27851, 34, 4692, 1649, 24988, 7450, 1655, 24988, NULL, NULL, 1, '', '', '', '', '', 91, 63);
INSERT INTO lba.sub_play (play_id, seconds_da_start, player_made_id, team_made_id, game_made_id, player_suffered_id, team_suffered_id, game_suffered_id, shot_id, turnover_id, foul_id, rebound_defensive_01, rebound_offensive_01, assist_01, blocks_01, time_out_01, x, y)VALUES(27851, 37, 7450, 1655, 24988, NULL, NULL, NULL, 3, NULL, NULL, '', '', '', '', '', 90, 96);
INSERT INTO lba.sub_play (play_id, seconds_da_start, player_made_id, team_made_id, game_made_id, player_suffered_id, team_suffered_id, game_suffered_id, shot_id, turnover_id, foul_id, rebound_defensive_01, rebound_offensive_01, assist_01, blocks_01, time_out_01, x, y)VALUES(27851, 37, 7049, 1655, 24988, NULL, NULL, NULL, NULL, NULL, NULL, '', '', '1', '', '', 90, 96);

INSERT INTO play(id, game_id, seconds_start, seconds_end, quarter, attack_home_01, score_home, score_guest)VALUES(27852, 24988, 790, 807, 2, '0', 32, 24);
INSERT INTO player_team_game_play(player_id, team_id, game_id, play_id, seconds_start, seconds_end) VALUES(6320, 1655, 24988, 27852, 790, 807);
INSERT INTO player_team_game_play(player_id, team_id, game_id, play_id, seconds_start, seconds_end) VALUES(7449, 1655, 24988, 27852, 790, 807);
INSERT INTO player_team_game_play(player_id, team_id, game_id, play_id, seconds_start, seconds_end) VALUES(7448, 1655, 24988, 27852, 790, 807);
INSERT INTO player_team_game_play(player_id, team_id, game_id, play_id, seconds_start, seconds_end) VALUES(7049, 1655, 24988, 27852, 790, 807);
INSERT INTO player_team_game_play(player_id, team_id, game_id, play_id, seconds_start, seconds_end) VALUES(7450, 1655, 24988, 27852, 790, 807);
INSERT INTO player_team_game_play(player_id, team_id, game_id, play_id, seconds_start, seconds_end) VALUES(4692, 1649, 24988, 27852, 790, 807);
INSERT INTO player_team_game_play(player_id, team_id, game_id, play_id, seconds_start, seconds_end) VALUES(5150, 1649, 24988, 27852, 790, 807);
INSERT INTO player_team_game_play(player_id, team_id, game_id, play_id, seconds_start, seconds_end) VALUES(6138, 1649, 24988, 27852, 790, 807);
INSERT INTO player_team_game_play(player_id, team_id, game_id, play_id, seconds_start, seconds_end) VALUES(7406, 1649, 24988, 27852, 790, 807);
INSERT INTO player_team_game_play(player_id, team_id, game_id, play_id, seconds_start, seconds_end) VALUES(7407, 1649, 24988, 27852, 790, 807);
INSERT INTO lba.sub_play (play_id, seconds_da_start, player_made_id, team_made_id, game_made_id, player_suffered_id, team_suffered_id, game_suffered_id, shot_id, turnover_id, foul_id, rebound_defensive_01, rebound_offensive_01, assist_01, blocks_01, time_out_01, x, y)VALUES(27852, 17, 4692, 1649, 24988, NULL, NULL, NULL, 2, NULL, NULL, '', '', '', '', '', 15, 87);
INSERT INTO lba.sub_play (play_id, seconds_da_start, player_made_id, team_made_id, game_made_id, player_suffered_id, team_suffered_id, game_suffered_id, shot_id, turnover_id, foul_id, rebound_defensive_01, rebound_offensive_01, assist_01, blocks_01, time_out_01, x, y)VALUES(27852, 17, 7407, 1649, 24988, NULL, NULL, NULL, NULL, NULL, NULL, '', '1', '', '', '', 15, 87);
INSERT INTO lba.sub_play (play_id, seconds_da_start, player_made_id, team_made_id, game_made_id, player_suffered_id, team_suffered_id, game_suffered_id, shot_id, turnover_id, foul_id, rebound_defensive_01, rebound_offensive_01, assist_01, blocks_01, time_out_01, x, y)VALUES(27852, 17, 7407, 1649, 24988, NULL, NULL, NULL, 2, NULL, NULL, '', '', '', '', '', 15, 87);
INSERT INTO lba.sub_play (play_id, seconds_da_start, player_made_id, team_made_id, game_made_id, player_suffered_id, team_suffered_id, game_suffered_id, shot_id, turnover_id, foul_id, rebound_defensive_01, rebound_offensive_01, assist_01, blocks_01, time_out_01, x, y)VALUES(27852, 17, 7450, 1655, 24988, NULL, NULL, NULL, NULL, NULL, NULL, '1', '', '', '', '', 15, 87);

INSERT INTO play(id, game_id, seconds_start, seconds_end, quarter, attack_home_01, score_home, score_guest)VALUES(27853, 24988, 807, 824, 2, '1', 32, 24);
INSERT INTO player_team_game_play(player_id, team_id, game_id, play_id, seconds_start, seconds_end) VALUES(6320, 1655, 24988, 27853, 807, 824);
INSERT INTO player_team_game_play(player_id, team_id, game_id, play_id, seconds_start, seconds_end) VALUES(7449, 1655, 24988, 27853, 807, 824);
INSERT INTO player_team_game_play(player_id, team_id, game_id, play_id, seconds_start, seconds_end) VALUES(7448, 1655, 24988, 27853, 807, 824);
INSERT INTO player_team_game_play(player_id, team_id, game_id, play_id, seconds_start, seconds_end) VALUES(7049, 1655, 24988, 27853, 807, 824);
INSERT INTO player_team_game_play(player_id, team_id, game_id, play_id, seconds_start, seconds_end) VALUES(7450, 1655, 24988, 27853, 807, 824);
INSERT INTO player_team_game_play(player_id, team_id, game_id, play_id, seconds_start, seconds_end) VALUES(4692, 1649, 24988, 27853, 807, 824);
INSERT INTO player_team_game_play(player_id, team_id, game_id, play_id, seconds_start, seconds_end) VALUES(5150, 1649, 24988, 27853, 807, 824);
INSERT INTO player_team_game_play(player_id, team_id, game_id, play_id, seconds_start, seconds_end) VALUES(6138, 1649, 24988, 27853, 807, 824);
INSERT INTO player_team_game_play(player_id, team_id, game_id, play_id, seconds_start, seconds_end) VALUES(7406, 1649, 24988, 27853, 807, 824);
INSERT INTO player_team_game_play(player_id, team_id, game_id, play_id, seconds_start, seconds_end) VALUES(7407, 1649, 24988, 27853, 807, 824);
INSERT INTO lba.sub_play (play_id, seconds_da_start, player_made_id, team_made_id, game_made_id, player_suffered_id, team_suffered_id, game_suffered_id, shot_id, turnover_id, foul_id, rebound_defensive_01, rebound_offensive_01, assist_01, blocks_01, time_out_01, x, y)VALUES(27853, 17, 7450, 1655, 24988, NULL, NULL, NULL, 2, NULL, NULL, '', '', '', '', '', 88, 43);
INSERT INTO lba.sub_play (play_id, seconds_da_start, player_made_id, team_made_id, game_made_id, player_suffered_id, team_suffered_id, game_suffered_id, shot_id, turnover_id, foul_id, rebound_defensive_01, rebound_offensive_01, assist_01, blocks_01, time_out_01, x, y)VALUES(27853, 17, 6138, 1649, 24988, NULL, NULL, NULL, NULL, NULL, NULL, '1', '', '', '', '', 88, 43);

INSERT INTO play(id, game_id, seconds_start, seconds_end, quarter, attack_home_01, score_home, score_guest)VALUES(27854, 24988, 824, 855, 2, '1', 32, 26);
INSERT INTO player_team_game_play(player_id, team_id, game_id, play_id, seconds_start, seconds_end) VALUES(6320, 1655, 24988, 27854, 824, 855);
INSERT INTO player_team_game_play(player_id, team_id, game_id, play_id, seconds_start, seconds_end) VALUES(7449, 1655, 24988, 27854, 824, 855);
INSERT INTO player_team_game_play(player_id, team_id, game_id, play_id, seconds_start, seconds_end) VALUES(7448, 1655, 24988, 27854, 824, 855);
INSERT INTO player_team_game_play(player_id, team_id, game_id, play_id, seconds_start, seconds_end) VALUES(7049, 1655, 24988, 27854, 824, 855);
INSERT INTO player_team_game_play(player_id, team_id, game_id, play_id, seconds_start, seconds_end) VALUES(7450, 1655, 24988, 27854, 824, 855);
INSERT INTO player_team_game_play(player_id, team_id, game_id, play_id, seconds_start, seconds_end) VALUES(4692, 1649, 24988, 27854, 824, 855);
INSERT INTO player_team_game_play(player_id, team_id, game_id, play_id, seconds_start, seconds_end) VALUES(5150, 1649, 24988, 27854, 824, 855);
INSERT INTO player_team_game_play(player_id, team_id, game_id, play_id, seconds_start, seconds_end) VALUES(6138, 1649, 24988, 27854, 824, 855);
INSERT INTO player_team_game_play(player_id, team_id, game_id, play_id, seconds_start, seconds_end) VALUES(7406, 1649, 24988, 27854, 824, 855);
INSERT INTO player_team_game_play(player_id, team_id, game_id, play_id, seconds_start, seconds_end) VALUES(7407, 1649, 24988, 27854, 824, 855);
UPDATE player_team_game_play SET seconds_end = 843 WHERE player_id = 7449 AND game_id = 24988 AND play_id = 27854;
UPDATE player_team_game_play SET seconds_end = 843 WHERE player_id = 7450 AND game_id = 24988 AND play_id = 27854;
INSERT INTO player_team_game_play(player_id, team_id, game_id, play_id, seconds_start, seconds_end) VALUES(378, 1655, 24988, 27854, 843, 855);
INSERT INTO player_team_game_play(player_id, team_id, game_id, play_id, seconds_start, seconds_end) VALUES(7451, 1655, 24988, 27854, 843, 855);
UPDATE player_team_game_play SET seconds_end = 843 WHERE player_id = 7406 AND game_id = 24988 AND play_id = 27854;
INSERT INTO player_team_game_play(player_id, team_id, game_id, play_id, seconds_start, seconds_end) VALUES(5568, 1649, 24988, 27854, 843, 855);
INSERT INTO lba.sub_play (play_id, seconds_da_start, player_made_id, team_made_id, game_made_id, player_suffered_id, team_suffered_id, game_suffered_id, shot_id, turnover_id, foul_id, rebound_defensive_01, rebound_offensive_01, assist_01, blocks_01, time_out_01, x, y)VALUES(27854, 8, 6138, 1649, 24988, NULL, NULL, NULL, 2, NULL, NULL, '', '', '', '', '', 6, 48);
INSERT INTO lba.sub_play (play_id, seconds_da_start, player_made_id, team_made_id, game_made_id, player_suffered_id, team_suffered_id, game_suffered_id, shot_id, turnover_id, foul_id, rebound_defensive_01, rebound_offensive_01, assist_01, blocks_01, time_out_01, x, y)VALUES(27854, 8, 7407, 1649, 24988, NULL, NULL, NULL, NULL, NULL, NULL, '', '1', '', '', '', 6, 48);
INSERT INTO lba.sub_play (play_id, seconds_da_start, player_made_id, team_made_id, game_made_id, player_suffered_id, team_suffered_id, game_suffered_id, shot_id, turnover_id, foul_id, rebound_defensive_01, rebound_offensive_01, assist_01, blocks_01, time_out_01, x, y)VALUES(27854, 8, 7407, 1649, 24988, NULL, NULL, NULL, 1, NULL, NULL, '', '', '', '', '', 6, 48);
INSERT INTO lba.sub_play (play_id, seconds_da_start, player_made_id, team_made_id, game_made_id, player_suffered_id, team_suffered_id, game_suffered_id, shot_id, turnover_id, foul_id, rebound_defensive_01, rebound_offensive_01, assist_01, blocks_01, time_out_01, x, y)VALUES(27854, 19, 6138, 1649, 24988, 7448, 1655, 24988, NULL, NULL, 1, '', '', '', '', '', 75, 39);
INSERT INTO lba.sub_play (play_id, seconds_da_start, player_made_id, team_made_id, game_made_id, player_suffered_id, team_suffered_id, game_suffered_id, shot_id, turnover_id, foul_id, rebound_defensive_01, rebound_offensive_01, assist_01, blocks_01, time_out_01, x, y)VALUES(27854, 31, 7049, 1655, 24988, NULL, NULL, NULL, 4, NULL, NULL, '', '', '', '', '', 68, 29);
INSERT INTO lba.sub_play (play_id, seconds_da_start, player_made_id, team_made_id, game_made_id, player_suffered_id, team_suffered_id, game_suffered_id, shot_id, turnover_id, foul_id, rebound_defensive_01, rebound_offensive_01, assist_01, blocks_01, time_out_01, x, y)VALUES(27854, 31, 7407, 1649, 24988, NULL, NULL, NULL, NULL, NULL, NULL, '1', '', '', '', '', 68, 29);

INSERT INTO play(id, game_id, seconds_start, seconds_end, quarter, attack_home_01, score_home, score_guest)VALUES(27855, 24988, 855, 875, 2, '0', 32, 28);
INSERT INTO player_team_game_play(player_id, team_id, game_id, play_id, seconds_start, seconds_end) VALUES(6320, 1655, 24988, 27855, 855, 875);
INSERT INTO player_team_game_play(player_id, team_id, game_id, play_id, seconds_start, seconds_end) VALUES(7448, 1655, 24988, 27855, 855, 875);
INSERT INTO player_team_game_play(player_id, team_id, game_id, play_id, seconds_start, seconds_end) VALUES(7049, 1655, 24988, 27855, 855, 875);
INSERT INTO player_team_game_play(player_id, team_id, game_id, play_id, seconds_start, seconds_end) VALUES(378, 1655, 24988, 27855, 855, 875);
INSERT INTO player_team_game_play(player_id, team_id, game_id, play_id, seconds_start, seconds_end) VALUES(7451, 1655, 24988, 27855, 855, 875);
INSERT INTO player_team_game_play(player_id, team_id, game_id, play_id, seconds_start, seconds_end) VALUES(5568, 1649, 24988, 27855, 855, 875);
INSERT INTO player_team_game_play(player_id, team_id, game_id, play_id, seconds_start, seconds_end) VALUES(4692, 1649, 24988, 27855, 855, 875);
INSERT INTO player_team_game_play(player_id, team_id, game_id, play_id, seconds_start, seconds_end) VALUES(6138, 1649, 24988, 27855, 855, 875);
INSERT INTO player_team_game_play(player_id, team_id, game_id, play_id, seconds_start, seconds_end) VALUES(5150, 1649, 24988, 27855, 855, 875);
INSERT INTO player_team_game_play(player_id, team_id, game_id, play_id, seconds_start, seconds_end) VALUES(7407, 1649, 24988, 27855, 855, 875);
INSERT INTO lba.sub_play (play_id, seconds_da_start, player_made_id, team_made_id, game_made_id, player_suffered_id, team_suffered_id, game_suffered_id, shot_id, turnover_id, foul_id, rebound_defensive_01, rebound_offensive_01, assist_01, blocks_01, time_out_01, x, y)VALUES(27855, 12, 5568, 1649, 24988, NULL, NULL, NULL, 4, NULL, NULL, '', '', '', '', '', 29, 24);
INSERT INTO lba.sub_play (play_id, seconds_da_start, player_made_id, team_made_id, game_made_id, player_suffered_id, team_suffered_id, game_suffered_id, shot_id, turnover_id, foul_id, rebound_defensive_01, rebound_offensive_01, assist_01, blocks_01, time_out_01, x, y)VALUES(27855, 20, 5150, 1649, 24988, NULL, NULL, NULL, 1, NULL, NULL, '', '', '', '', '', 6, 45);

INSERT INTO play(id, game_id, seconds_start, seconds_end, quarter, attack_home_01, score_home, score_guest)VALUES(27856, 24988, 875, 883, 2, '1', 32, 28);
INSERT INTO player_team_game_play(player_id, team_id, game_id, play_id, seconds_start, seconds_end) VALUES(6320, 1655, 24988, 27856, 875, 883);
INSERT INTO player_team_game_play(player_id, team_id, game_id, play_id, seconds_start, seconds_end) VALUES(7448, 1655, 24988, 27856, 875, 883);
INSERT INTO player_team_game_play(player_id, team_id, game_id, play_id, seconds_start, seconds_end) VALUES(7049, 1655, 24988, 27856, 875, 883);
INSERT INTO player_team_game_play(player_id, team_id, game_id, play_id, seconds_start, seconds_end) VALUES(378, 1655, 24988, 27856, 875, 883);
INSERT INTO player_team_game_play(player_id, team_id, game_id, play_id, seconds_start, seconds_end) VALUES(7451, 1655, 24988, 27856, 875, 883);
INSERT INTO player_team_game_play(player_id, team_id, game_id, play_id, seconds_start, seconds_end) VALUES(5568, 1649, 24988, 27856, 875, 883);
INSERT INTO player_team_game_play(player_id, team_id, game_id, play_id, seconds_start, seconds_end) VALUES(4692, 1649, 24988, 27856, 875, 883);
INSERT INTO player_team_game_play(player_id, team_id, game_id, play_id, seconds_start, seconds_end) VALUES(6138, 1649, 24988, 27856, 875, 883);
INSERT INTO player_team_game_play(player_id, team_id, game_id, play_id, seconds_start, seconds_end) VALUES(5150, 1649, 24988, 27856, 875, 883);
INSERT INTO player_team_game_play(player_id, team_id, game_id, play_id, seconds_start, seconds_end) VALUES(7407, 1649, 24988, 27856, 875, 883);
INSERT INTO lba.sub_play (play_id, seconds_da_start, player_made_id, team_made_id, game_made_id, player_suffered_id, team_suffered_id, game_suffered_id, shot_id, turnover_id, foul_id, rebound_defensive_01, rebound_offensive_01, assist_01, blocks_01, time_out_01, x, y)VALUES(27856, 8, 7448, 1655, 24988, NULL, NULL, NULL, 2, NULL, NULL, '', '', '', '', '', 94, 44);
INSERT INTO lba.sub_play (play_id, seconds_da_start, player_made_id, team_made_id, game_made_id, player_suffered_id, team_suffered_id, game_suffered_id, shot_id, turnover_id, foul_id, rebound_defensive_01, rebound_offensive_01, assist_01, blocks_01, time_out_01, x, y)VALUES(27856, 8, 5150, 1649, 24988, NULL, NULL, NULL, NULL, NULL, NULL, '1', '', '', '', '', 94, 44);

INSERT INTO play(id, game_id, seconds_start, seconds_end, quarter, attack_home_01, score_home, score_guest)VALUES(27857, 24988, 883, 902, 2, '0', 32, 31);
INSERT INTO player_team_game_play(player_id, team_id, game_id, play_id, seconds_start, seconds_end) VALUES(6320, 1655, 24988, 27857, 883, 902);
INSERT INTO player_team_game_play(player_id, team_id, game_id, play_id, seconds_start, seconds_end) VALUES(7448, 1655, 24988, 27857, 883, 902);
INSERT INTO player_team_game_play(player_id, team_id, game_id, play_id, seconds_start, seconds_end) VALUES(7049, 1655, 24988, 27857, 883, 902);
INSERT INTO player_team_game_play(player_id, team_id, game_id, play_id, seconds_start, seconds_end) VALUES(378, 1655, 24988, 27857, 883, 902);
INSERT INTO player_team_game_play(player_id, team_id, game_id, play_id, seconds_start, seconds_end) VALUES(7451, 1655, 24988, 27857, 883, 902);
INSERT INTO player_team_game_play(player_id, team_id, game_id, play_id, seconds_start, seconds_end) VALUES(5568, 1649, 24988, 27857, 883, 902);
INSERT INTO player_team_game_play(player_id, team_id, game_id, play_id, seconds_start, seconds_end) VALUES(4692, 1649, 24988, 27857, 883, 902);
INSERT INTO player_team_game_play(player_id, team_id, game_id, play_id, seconds_start, seconds_end) VALUES(6138, 1649, 24988, 27857, 883, 902);
INSERT INTO player_team_game_play(player_id, team_id, game_id, play_id, seconds_start, seconds_end) VALUES(5150, 1649, 24988, 27857, 883, 902);
INSERT INTO player_team_game_play(player_id, team_id, game_id, play_id, seconds_start, seconds_end) VALUES(7407, 1649, 24988, 27857, 883, 902);
INSERT INTO lba.sub_play (play_id, seconds_da_start, player_made_id, team_made_id, game_made_id, player_suffered_id, team_suffered_id, game_suffered_id, shot_id, turnover_id, foul_id, rebound_defensive_01, rebound_offensive_01, assist_01, blocks_01, time_out_01, x, y)VALUES(27857, 19, 6138, 1649, 24988, NULL, NULL, NULL, 3, NULL, NULL, '', '', '', '', '', 28, 75);

INSERT INTO play(id, game_id, seconds_start, seconds_end, quarter, attack_home_01, score_home, score_guest)VALUES(27858, 24988, 902, 921, 2, '1', 34, 31);
INSERT INTO player_team_game_play(player_id, team_id, game_id, play_id, seconds_start, seconds_end) VALUES(6320, 1655, 24988, 27858, 902, 921);
INSERT INTO player_team_game_play(player_id, team_id, game_id, play_id, seconds_start, seconds_end) VALUES(7448, 1655, 24988, 27858, 902, 921);
INSERT INTO player_team_game_play(player_id, team_id, game_id, play_id, seconds_start, seconds_end) VALUES(7049, 1655, 24988, 27858, 902, 921);
INSERT INTO player_team_game_play(player_id, team_id, game_id, play_id, seconds_start, seconds_end) VALUES(378, 1655, 24988, 27858, 902, 921);
INSERT INTO player_team_game_play(player_id, team_id, game_id, play_id, seconds_start, seconds_end) VALUES(7451, 1655, 24988, 27858, 902, 921);
INSERT INTO player_team_game_play(player_id, team_id, game_id, play_id, seconds_start, seconds_end) VALUES(5568, 1649, 24988, 27858, 902, 921);
INSERT INTO player_team_game_play(player_id, team_id, game_id, play_id, seconds_start, seconds_end) VALUES(4692, 1649, 24988, 27858, 902, 921);
INSERT INTO player_team_game_play(player_id, team_id, game_id, play_id, seconds_start, seconds_end) VALUES(6138, 1649, 24988, 27858, 902, 921);
INSERT INTO player_team_game_play(player_id, team_id, game_id, play_id, seconds_start, seconds_end) VALUES(5150, 1649, 24988, 27858, 902, 921);
INSERT INTO player_team_game_play(player_id, team_id, game_id, play_id, seconds_start, seconds_end) VALUES(7407, 1649, 24988, 27858, 902, 921);
UPDATE player_team_game_play SET seconds_end = 905 WHERE player_id = 7407 AND game_id = 24988 AND play_id = 27858;
INSERT INTO player_team_game_play(player_id, team_id, game_id, play_id, seconds_start, seconds_end) VALUES(7015, 1649, 24988, 27858, 905, 921);
INSERT INTO lba.sub_play (play_id, seconds_da_start, player_made_id, team_made_id, game_made_id, player_suffered_id, team_suffered_id, game_suffered_id, shot_id, turnover_id, foul_id, rebound_defensive_01, rebound_offensive_01, assist_01, blocks_01, time_out_01, x, y)VALUES(27858, 19, 6320, 1655, 24988, NULL, NULL, NULL, 1, NULL, NULL, '', '', '', '', '', 94, 55);

INSERT INTO play(id, game_id, seconds_start, seconds_end, quarter, attack_home_01, score_home, score_guest)VALUES(27859, 24988, 921, 936, 2, '0', 34, 33);
INSERT INTO player_team_game_play(player_id, team_id, game_id, play_id, seconds_start, seconds_end) VALUES(6320, 1655, 24988, 27859, 921, 936);
INSERT INTO player_team_game_play(player_id, team_id, game_id, play_id, seconds_start, seconds_end) VALUES(7448, 1655, 24988, 27859, 921, 936);
INSERT INTO player_team_game_play(player_id, team_id, game_id, play_id, seconds_start, seconds_end) VALUES(7049, 1655, 24988, 27859, 921, 936);
INSERT INTO player_team_game_play(player_id, team_id, game_id, play_id, seconds_start, seconds_end) VALUES(378, 1655, 24988, 27859, 921, 936);
INSERT INTO player_team_game_play(player_id, team_id, game_id, play_id, seconds_start, seconds_end) VALUES(7451, 1655, 24988, 27859, 921, 936);
INSERT INTO player_team_game_play(player_id, team_id, game_id, play_id, seconds_start, seconds_end) VALUES(5568, 1649, 24988, 27859, 921, 936);
INSERT INTO player_team_game_play(player_id, team_id, game_id, play_id, seconds_start, seconds_end) VALUES(4692, 1649, 24988, 27859, 921, 936);
INSERT INTO player_team_game_play(player_id, team_id, game_id, play_id, seconds_start, seconds_end) VALUES(7015, 1649, 24988, 27859, 921, 936);
INSERT INTO player_team_game_play(player_id, team_id, game_id, play_id, seconds_start, seconds_end) VALUES(6138, 1649, 24988, 27859, 921, 936);
INSERT INTO player_team_game_play(player_id, team_id, game_id, play_id, seconds_start, seconds_end) VALUES(5150, 1649, 24988, 27859, 921, 936);
INSERT INTO lba.sub_play (play_id, seconds_da_start, player_made_id, team_made_id, game_made_id, player_suffered_id, team_suffered_id, game_suffered_id, shot_id, turnover_id, foul_id, rebound_defensive_01, rebound_offensive_01, assist_01, blocks_01, time_out_01, x, y)VALUES(27859, 15, 6138, 1649, 24988, NULL, NULL, NULL, 1, NULL, NULL, '', '', '', '', '', 7, 57);

INSERT INTO play(id, game_id, seconds_start, seconds_end, quarter, attack_home_01, score_home, score_guest)VALUES(27860, 24988, 936, 949, 2, '1', 34, 33);
INSERT INTO player_team_game_play(player_id, team_id, game_id, play_id, seconds_start, seconds_end) VALUES(6320, 1655, 24988, 27860, 936, 949);
INSERT INTO player_team_game_play(player_id, team_id, game_id, play_id, seconds_start, seconds_end) VALUES(7448, 1655, 24988, 27860, 936, 949);
INSERT INTO player_team_game_play(player_id, team_id, game_id, play_id, seconds_start, seconds_end) VALUES(7049, 1655, 24988, 27860, 936, 949);
INSERT INTO player_team_game_play(player_id, team_id, game_id, play_id, seconds_start, seconds_end) VALUES(378, 1655, 24988, 27860, 936, 949);
INSERT INTO player_team_game_play(player_id, team_id, game_id, play_id, seconds_start, seconds_end) VALUES(7451, 1655, 24988, 27860, 936, 949);
INSERT INTO player_team_game_play(player_id, team_id, game_id, play_id, seconds_start, seconds_end) VALUES(5568, 1649, 24988, 27860, 936, 949);
INSERT INTO player_team_game_play(player_id, team_id, game_id, play_id, seconds_start, seconds_end) VALUES(4692, 1649, 24988, 27860, 936, 949);
INSERT INTO player_team_game_play(player_id, team_id, game_id, play_id, seconds_start, seconds_end) VALUES(7015, 1649, 24988, 27860, 936, 949);
INSERT INTO player_team_game_play(player_id, team_id, game_id, play_id, seconds_start, seconds_end) VALUES(6138, 1649, 24988, 27860, 936, 949);
INSERT INTO player_team_game_play(player_id, team_id, game_id, play_id, seconds_start, seconds_end) VALUES(5150, 1649, 24988, 27860, 936, 949);
INSERT INTO lba.sub_play (play_id, seconds_da_start, player_made_id, team_made_id, game_made_id, player_suffered_id, team_suffered_id, game_suffered_id, shot_id, turnover_id, foul_id, rebound_defensive_01, rebound_offensive_01, assist_01, blocks_01, time_out_01, x, y)VALUES(27860, 13, 7049, 1655, 24988, NULL, NULL, NULL, 2, NULL, NULL, '', '', '', '', '', 94, 57);
INSERT INTO lba.sub_play (play_id, seconds_da_start, player_made_id, team_made_id, game_made_id, player_suffered_id, team_suffered_id, game_suffered_id, shot_id, turnover_id, foul_id, rebound_defensive_01, rebound_offensive_01, assist_01, blocks_01, time_out_01, x, y)VALUES(27860, 13, 378, 1655, 24988, NULL, NULL, NULL, NULL, NULL, NULL, '', '1', '', '', '', 94, 57);
INSERT INTO lba.sub_play (play_id, seconds_da_start, player_made_id, team_made_id, game_made_id, player_suffered_id, team_suffered_id, game_suffered_id, shot_id, turnover_id, foul_id, rebound_defensive_01, rebound_offensive_01, assist_01, blocks_01, time_out_01, x, y)VALUES(27860, 13, 378, 1655, 24988, NULL, NULL, NULL, 2, NULL, NULL, '', '', '', '', '', 94, 57);
INSERT INTO lba.sub_play (play_id, seconds_da_start, player_made_id, team_made_id, game_made_id, player_suffered_id, team_suffered_id, game_suffered_id, shot_id, turnover_id, foul_id, rebound_defensive_01, rebound_offensive_01, assist_01, blocks_01, time_out_01, x, y)VALUES(27860, 13, 7015, 1649, 24988, NULL, NULL, NULL, NULL, NULL, NULL, '1', '', '', '', '', 94, 57);

INSERT INTO play(id, game_id, seconds_start, seconds_end, quarter, attack_home_01, score_home, score_guest)VALUES(27861, 24988, 949, 974, 2, '0', 34, 35);
INSERT INTO player_team_game_play(player_id, team_id, game_id, play_id, seconds_start, seconds_end) VALUES(6320, 1655, 24988, 27861, 949, 974);
INSERT INTO player_team_game_play(player_id, team_id, game_id, play_id, seconds_start, seconds_end) VALUES(7448, 1655, 24988, 27861, 949, 974);
INSERT INTO player_team_game_play(player_id, team_id, game_id, play_id, seconds_start, seconds_end) VALUES(7049, 1655, 24988, 27861, 949, 974);
INSERT INTO player_team_game_play(player_id, team_id, game_id, play_id, seconds_start, seconds_end) VALUES(378, 1655, 24988, 27861, 949, 974);
INSERT INTO player_team_game_play(player_id, team_id, game_id, play_id, seconds_start, seconds_end) VALUES(7451, 1655, 24988, 27861, 949, 974);
INSERT INTO player_team_game_play(player_id, team_id, game_id, play_id, seconds_start, seconds_end) VALUES(5568, 1649, 24988, 27861, 949, 974);
INSERT INTO player_team_game_play(player_id, team_id, game_id, play_id, seconds_start, seconds_end) VALUES(4692, 1649, 24988, 27861, 949, 974);
INSERT INTO player_team_game_play(player_id, team_id, game_id, play_id, seconds_start, seconds_end) VALUES(7015, 1649, 24988, 27861, 949, 974);
INSERT INTO player_team_game_play(player_id, team_id, game_id, play_id, seconds_start, seconds_end) VALUES(6138, 1649, 24988, 27861, 949, 974);
INSERT INTO player_team_game_play(player_id, team_id, game_id, play_id, seconds_start, seconds_end) VALUES(5150, 1649, 24988, 27861, 949, 974);
UPDATE player_team_game_play SET seconds_end = 955 WHERE player_id = 7049 AND game_id = 24988 AND play_id = 27861;
INSERT INTO player_team_game_play(player_id, team_id, game_id, play_id, seconds_start, seconds_end) VALUES(7447, 1655, 24988, 27861, 955, 974);
INSERT INTO lba.sub_play (play_id, seconds_da_start, player_made_id, team_made_id, game_made_id, player_suffered_id, team_suffered_id, game_suffered_id, shot_id, turnover_id, foul_id, rebound_defensive_01, rebound_offensive_01, assist_01, blocks_01, time_out_01, x, y)VALUES(27861, 6, 6320, 1655, 24988, 6138, 1649, 24988, NULL, NULL, 1, '', '', '', '', '', 34, 66);
INSERT INTO lba.sub_play (play_id, seconds_da_start, player_made_id, team_made_id, game_made_id, player_suffered_id, team_suffered_id, game_suffered_id, shot_id, turnover_id, foul_id, rebound_defensive_01, rebound_offensive_01, assist_01, blocks_01, time_out_01, x, y)VALUES(27861, 25, 7451, 1655, 24988, 6138, 1649, 24988, NULL, NULL, 4, '', '', '', '', '', 8, 56);
INSERT INTO lba.sub_play (play_id, seconds_da_start, player_made_id, team_made_id, game_made_id, player_suffered_id, team_suffered_id, game_suffered_id, shot_id, turnover_id, foul_id, rebound_defensive_01, rebound_offensive_01, assist_01, blocks_01, time_out_01, x, y)VALUES(27861, 25, 6138, 1649, 24988, NULL, NULL, NULL, 5, NULL, NULL, '', '', '', '', '', NULL, NULL);
INSERT INTO lba.sub_play (play_id, seconds_da_start, player_made_id, team_made_id, game_made_id, player_suffered_id, team_suffered_id, game_suffered_id, shot_id, turnover_id, foul_id, rebound_defensive_01, rebound_offensive_01, assist_01, blocks_01, time_out_01, x, y)VALUES(27861, 25, 6138, 1649, 24988, NULL, NULL, NULL, 5, NULL, NULL, '', '', '', '', '', NULL, NULL);

INSERT INTO play(id, game_id, seconds_start, seconds_end, quarter, attack_home_01, score_home, score_guest)VALUES(27862, 24988, 974, 992, 2, '1', 37, 35);
INSERT INTO player_team_game_play(player_id, team_id, game_id, play_id, seconds_start, seconds_end) VALUES(6320, 1655, 24988, 27862, 974, 992);
INSERT INTO player_team_game_play(player_id, team_id, game_id, play_id, seconds_start, seconds_end) VALUES(7447, 1655, 24988, 27862, 974, 992);
INSERT INTO player_team_game_play(player_id, team_id, game_id, play_id, seconds_start, seconds_end) VALUES(7448, 1655, 24988, 27862, 974, 992);
INSERT INTO player_team_game_play(player_id, team_id, game_id, play_id, seconds_start, seconds_end) VALUES(378, 1655, 24988, 27862, 974, 992);
INSERT INTO player_team_game_play(player_id, team_id, game_id, play_id, seconds_start, seconds_end) VALUES(7451, 1655, 24988, 27862, 974, 992);
INSERT INTO player_team_game_play(player_id, team_id, game_id, play_id, seconds_start, seconds_end) VALUES(5568, 1649, 24988, 27862, 974, 992);
INSERT INTO player_team_game_play(player_id, team_id, game_id, play_id, seconds_start, seconds_end) VALUES(4692, 1649, 24988, 27862, 974, 992);
INSERT INTO player_team_game_play(player_id, team_id, game_id, play_id, seconds_start, seconds_end) VALUES(7015, 1649, 24988, 27862, 974, 992);
INSERT INTO player_team_game_play(player_id, team_id, game_id, play_id, seconds_start, seconds_end) VALUES(6138, 1649, 24988, 27862, 974, 992);
INSERT INTO player_team_game_play(player_id, team_id, game_id, play_id, seconds_start, seconds_end) VALUES(5150, 1649, 24988, 27862, 974, 992);
INSERT INTO lba.sub_play (play_id, seconds_da_start, player_made_id, team_made_id, game_made_id, player_suffered_id, team_suffered_id, game_suffered_id, shot_id, turnover_id, foul_id, rebound_defensive_01, rebound_offensive_01, assist_01, blocks_01, time_out_01, x, y)VALUES(27862, 18, 7448, 1655, 24988, NULL, NULL, NULL, 3, NULL, NULL, '', '', '', '', '', 67, 42);

INSERT INTO play(id, game_id, seconds_start, seconds_end, quarter, attack_home_01, score_home, score_guest)VALUES(27863, 24988, 992, 1016, 2, '0', 37, 37);
INSERT INTO player_team_game_play(player_id, team_id, game_id, play_id, seconds_start, seconds_end) VALUES(6320, 1655, 24988, 27863, 992, 1016);
INSERT INTO player_team_game_play(player_id, team_id, game_id, play_id, seconds_start, seconds_end) VALUES(7447, 1655, 24988, 27863, 992, 1016);
INSERT INTO player_team_game_play(player_id, team_id, game_id, play_id, seconds_start, seconds_end) VALUES(7448, 1655, 24988, 27863, 992, 1016);
INSERT INTO player_team_game_play(player_id, team_id, game_id, play_id, seconds_start, seconds_end) VALUES(378, 1655, 24988, 27863, 992, 1016);
INSERT INTO player_team_game_play(player_id, team_id, game_id, play_id, seconds_start, seconds_end) VALUES(7451, 1655, 24988, 27863, 992, 1016);
INSERT INTO player_team_game_play(player_id, team_id, game_id, play_id, seconds_start, seconds_end) VALUES(5568, 1649, 24988, 27863, 992, 1016);
INSERT INTO player_team_game_play(player_id, team_id, game_id, play_id, seconds_start, seconds_end) VALUES(4692, 1649, 24988, 27863, 992, 1016);
INSERT INTO player_team_game_play(player_id, team_id, game_id, play_id, seconds_start, seconds_end) VALUES(7015, 1649, 24988, 27863, 992, 1016);
INSERT INTO player_team_game_play(player_id, team_id, game_id, play_id, seconds_start, seconds_end) VALUES(6138, 1649, 24988, 27863, 992, 1016);
INSERT INTO player_team_game_play(player_id, team_id, game_id, play_id, seconds_start, seconds_end) VALUES(5150, 1649, 24988, 27863, 992, 1016);
INSERT INTO lba.sub_play (play_id, seconds_da_start, player_made_id, team_made_id, game_made_id, player_suffered_id, team_suffered_id, game_suffered_id, shot_id, turnover_id, foul_id, rebound_defensive_01, rebound_offensive_01, assist_01, blocks_01, time_out_01, x, y)VALUES(27863, 20, 6138, 1649, 24988, NULL, NULL, NULL, 2, NULL, NULL, '', '', '', '', '', 12, 52);
INSERT INTO lba.sub_play (play_id, seconds_da_start, player_made_id, team_made_id, game_made_id, player_suffered_id, team_suffered_id, game_suffered_id, shot_id, turnover_id, foul_id, rebound_defensive_01, rebound_offensive_01, assist_01, blocks_01, time_out_01, x, y)VALUES(27863, 20, 4692, 1649, 24988, NULL, NULL, NULL, NULL, NULL, NULL, '', '1', '', '', '', 12, 52);
INSERT INTO lba.sub_play (play_id, seconds_da_start, player_made_id, team_made_id, game_made_id, player_suffered_id, team_suffered_id, game_suffered_id, shot_id, turnover_id, foul_id, rebound_defensive_01, rebound_offensive_01, assist_01, blocks_01, time_out_01, x, y)VALUES(27863, 24, 4692, 1649, 24988, NULL, NULL, NULL, 1, NULL, NULL, '', '', '', '', '', 7, 54);

INSERT INTO play(id, game_id, seconds_start, seconds_end, quarter, attack_home_01, score_home, score_guest)VALUES(27864, 24988, 1016, 1023, 2, '1', 37, 37);
INSERT INTO player_team_game_play(player_id, team_id, game_id, play_id, seconds_start, seconds_end) VALUES(6320, 1655, 24988, 27864, 1016, 1023);
INSERT INTO player_team_game_play(player_id, team_id, game_id, play_id, seconds_start, seconds_end) VALUES(7447, 1655, 24988, 27864, 1016, 1023);
INSERT INTO player_team_game_play(player_id, team_id, game_id, play_id, seconds_start, seconds_end) VALUES(7448, 1655, 24988, 27864, 1016, 1023);
INSERT INTO player_team_game_play(player_id, team_id, game_id, play_id, seconds_start, seconds_end) VALUES(378, 1655, 24988, 27864, 1016, 1023);
INSERT INTO player_team_game_play(player_id, team_id, game_id, play_id, seconds_start, seconds_end) VALUES(7451, 1655, 24988, 27864, 1016, 1023);
INSERT INTO player_team_game_play(player_id, team_id, game_id, play_id, seconds_start, seconds_end) VALUES(5568, 1649, 24988, 27864, 1016, 1023);
INSERT INTO player_team_game_play(player_id, team_id, game_id, play_id, seconds_start, seconds_end) VALUES(4692, 1649, 24988, 27864, 1016, 1023);
INSERT INTO player_team_game_play(player_id, team_id, game_id, play_id, seconds_start, seconds_end) VALUES(7015, 1649, 24988, 27864, 1016, 1023);
INSERT INTO player_team_game_play(player_id, team_id, game_id, play_id, seconds_start, seconds_end) VALUES(6138, 1649, 24988, 27864, 1016, 1023);
INSERT INTO player_team_game_play(player_id, team_id, game_id, play_id, seconds_start, seconds_end) VALUES(5150, 1649, 24988, 27864, 1016, 1023);
INSERT INTO lba.sub_play (play_id, seconds_da_start, player_made_id, team_made_id, game_made_id, player_suffered_id, team_suffered_id, game_suffered_id, shot_id, turnover_id, foul_id, rebound_defensive_01, rebound_offensive_01, assist_01, blocks_01, time_out_01, x, y)VALUES(27864, 7, 7451, 1655, 24988, NULL, NULL, NULL, 4, NULL, NULL, '', '', '', '', '', 67, 70);
INSERT INTO lba.sub_play (play_id, seconds_da_start, player_made_id, team_made_id, game_made_id, player_suffered_id, team_suffered_id, game_suffered_id, shot_id, turnover_id, foul_id, rebound_defensive_01, rebound_offensive_01, assist_01, blocks_01, time_out_01, x, y)VALUES(27864, 7, 7015, 1649, 24988, NULL, NULL, NULL, NULL, NULL, NULL, '1', '', '', '', '', 67, 70);

INSERT INTO play(id, game_id, seconds_start, seconds_end, quarter, attack_home_01, score_home, score_guest)VALUES(27865, 24988, 1023, 1027, 2, '0', 37, 38);
INSERT INTO player_team_game_play(player_id, team_id, game_id, play_id, seconds_start, seconds_end) VALUES(6320, 1655, 24988, 27865, 1023, 1027);
INSERT INTO player_team_game_play(player_id, team_id, game_id, play_id, seconds_start, seconds_end) VALUES(7447, 1655, 24988, 27865, 1023, 1027);
INSERT INTO player_team_game_play(player_id, team_id, game_id, play_id, seconds_start, seconds_end) VALUES(7448, 1655, 24988, 27865, 1023, 1027);
INSERT INTO player_team_game_play(player_id, team_id, game_id, play_id, seconds_start, seconds_end) VALUES(378, 1655, 24988, 27865, 1023, 1027);
INSERT INTO player_team_game_play(player_id, team_id, game_id, play_id, seconds_start, seconds_end) VALUES(7451, 1655, 24988, 27865, 1023, 1027);
INSERT INTO player_team_game_play(player_id, team_id, game_id, play_id, seconds_start, seconds_end) VALUES(5568, 1649, 24988, 27865, 1023, 1027);
INSERT INTO player_team_game_play(player_id, team_id, game_id, play_id, seconds_start, seconds_end) VALUES(4692, 1649, 24988, 27865, 1023, 1027);
INSERT INTO player_team_game_play(player_id, team_id, game_id, play_id, seconds_start, seconds_end) VALUES(7015, 1649, 24988, 27865, 1023, 1027);
INSERT INTO player_team_game_play(player_id, team_id, game_id, play_id, seconds_start, seconds_end) VALUES(6138, 1649, 24988, 27865, 1023, 1027);
INSERT INTO player_team_game_play(player_id, team_id, game_id, play_id, seconds_start, seconds_end) VALUES(5150, 1649, 24988, 27865, 1023, 1027);
UPDATE player_team_game_play SET seconds_end = 1027 WHERE player_id = 378 AND game_id = 24988 AND play_id = 27865;
INSERT INTO player_team_game_play(player_id, team_id, game_id, play_id, seconds_start, seconds_end) VALUES(7450, 1655, 24988, 27865, 1027, 1027);
UPDATE player_team_game_play SET seconds_end = 1027 WHERE player_id = 6138 AND game_id = 24988 AND play_id = 27865;
INSERT INTO player_team_game_play(player_id, team_id, game_id, play_id, seconds_start, seconds_end) VALUES(2103, 1649, 24988, 27865, 1027, 1027);
INSERT INTO lba.sub_play (play_id, seconds_da_start, player_made_id, team_made_id, game_made_id, player_suffered_id, team_suffered_id, game_suffered_id, shot_id, turnover_id, foul_id, rebound_defensive_01, rebound_offensive_01, assist_01, blocks_01, time_out_01, x, y)VALUES(27865, 4, 378, 1655, 24988, 7015, 1649, 24988, NULL, NULL, 1, '', '', '', '', '', 88, 55);
INSERT INTO lba.sub_play (play_id, seconds_da_start, player_made_id, team_made_id, game_made_id, player_suffered_id, team_suffered_id, game_suffered_id, shot_id, turnover_id, foul_id, rebound_defensive_01, rebound_offensive_01, assist_01, blocks_01, time_out_01, x, y)VALUES(27865, 4, 7015, 1649, 24988, NULL, NULL, NULL, 5, NULL, NULL, '', '', '', '', '', NULL, NULL);

INSERT INTO play(id, game_id, seconds_start, seconds_end, quarter, attack_home_01, score_home, score_guest)VALUES(27866, 24988, 1027, 1027, 2, '0', 37, 38);
INSERT INTO player_team_game_play(player_id, team_id, game_id, play_id, seconds_start, seconds_end) VALUES(6320, 1655, 24988, 27866, 1027, 1027);
INSERT INTO player_team_game_play(player_id, team_id, game_id, play_id, seconds_start, seconds_end) VALUES(7447, 1655, 24988, 27866, 1027, 1027);
INSERT INTO player_team_game_play(player_id, team_id, game_id, play_id, seconds_start, seconds_end) VALUES(7448, 1655, 24988, 27866, 1027, 1027);
INSERT INTO player_team_game_play(player_id, team_id, game_id, play_id, seconds_start, seconds_end) VALUES(378, 1655, 24988, 27866, 1027, 1027);
INSERT INTO player_team_game_play(player_id, team_id, game_id, play_id, seconds_start, seconds_end) VALUES(7451, 1655, 24988, 27866, 1027, 1027);
INSERT INTO player_team_game_play(player_id, team_id, game_id, play_id, seconds_start, seconds_end) VALUES(5568, 1649, 24988, 27866, 1027, 1027);
INSERT INTO player_team_game_play(player_id, team_id, game_id, play_id, seconds_start, seconds_end) VALUES(4692, 1649, 24988, 27866, 1027, 1027);
INSERT INTO player_team_game_play(player_id, team_id, game_id, play_id, seconds_start, seconds_end) VALUES(7015, 1649, 24988, 27866, 1027, 1027);
INSERT INTO player_team_game_play(player_id, team_id, game_id, play_id, seconds_start, seconds_end) VALUES(6138, 1649, 24988, 27866, 1027, 1027);
INSERT INTO player_team_game_play(player_id, team_id, game_id, play_id, seconds_start, seconds_end) VALUES(5150, 1649, 24988, 27866, 1027, 1027);
UPDATE player_team_game_play SET seconds_end = 1027 WHERE player_id = 378 AND game_id = 24988 AND play_id = 27866;
INSERT INTO player_team_game_play(player_id, team_id, game_id, play_id, seconds_start, seconds_end) VALUES(7450, 1655, 24988, 27866, 1027, 1027);
UPDATE player_team_game_play SET seconds_end = 1027 WHERE player_id = 6138 AND game_id = 24988 AND play_id = 27866;
INSERT INTO player_team_game_play(player_id, team_id, game_id, play_id, seconds_start, seconds_end) VALUES(2103, 1649, 24988, 27866, 1027, 1027);
INSERT INTO lba.sub_play (play_id, seconds_da_start, player_made_id, team_made_id, game_made_id, player_suffered_id, team_suffered_id, game_suffered_id, shot_id, turnover_id, foul_id, rebound_defensive_01, rebound_offensive_01, assist_01, blocks_01, time_out_01, x, y)VALUES(27866, 0, 7015, 1649, 24988, NULL, NULL, NULL, 6, NULL, NULL, '', '', '', '', '', NULL, NULL);
INSERT INTO lba.sub_play (play_id, seconds_da_start, player_made_id, team_made_id, game_made_id, player_suffered_id, team_suffered_id, game_suffered_id, shot_id, turnover_id, foul_id, rebound_defensive_01, rebound_offensive_01, assist_01, blocks_01, time_out_01, x, y)VALUES(27866, 0, 6320, 1655, 24988, NULL, NULL, NULL, NULL, NULL, NULL, '1', '', '', '', '', NULL, NULL);

INSERT INTO play(id, game_id, seconds_start, seconds_end, quarter, attack_home_01, score_home, score_guest)VALUES(27867, 24988, 1027, 1035, 2, '1', 37, 38);
INSERT INTO player_team_game_play(player_id, team_id, game_id, play_id, seconds_start, seconds_end) VALUES(6320, 1655, 24988, 27867, 1027, 1035);
INSERT INTO player_team_game_play(player_id, team_id, game_id, play_id, seconds_start, seconds_end) VALUES(7447, 1655, 24988, 27867, 1027, 1035);
INSERT INTO player_team_game_play(player_id, team_id, game_id, play_id, seconds_start, seconds_end) VALUES(7448, 1655, 24988, 27867, 1027, 1035);
INSERT INTO player_team_game_play(player_id, team_id, game_id, play_id, seconds_start, seconds_end) VALUES(378, 1655, 24988, 27867, 1027, 1035);
INSERT INTO player_team_game_play(player_id, team_id, game_id, play_id, seconds_start, seconds_end) VALUES(7451, 1655, 24988, 27867, 1027, 1035);
INSERT INTO player_team_game_play(player_id, team_id, game_id, play_id, seconds_start, seconds_end) VALUES(5568, 1649, 24988, 27867, 1027, 1035);
INSERT INTO player_team_game_play(player_id, team_id, game_id, play_id, seconds_start, seconds_end) VALUES(4692, 1649, 24988, 27867, 1027, 1035);
INSERT INTO player_team_game_play(player_id, team_id, game_id, play_id, seconds_start, seconds_end) VALUES(7015, 1649, 24988, 27867, 1027, 1035);
INSERT INTO player_team_game_play(player_id, team_id, game_id, play_id, seconds_start, seconds_end) VALUES(6138, 1649, 24988, 27867, 1027, 1035);
INSERT INTO player_team_game_play(player_id, team_id, game_id, play_id, seconds_start, seconds_end) VALUES(5150, 1649, 24988, 27867, 1027, 1035);
UPDATE player_team_game_play SET seconds_end = 1027 WHERE player_id = 378 AND game_id = 24988 AND play_id = 27867;
INSERT INTO player_team_game_play(player_id, team_id, game_id, play_id, seconds_start, seconds_end) VALUES(7450, 1655, 24988, 27867, 1027, 1035);
UPDATE player_team_game_play SET seconds_end = 1027 WHERE player_id = 6138 AND game_id = 24988 AND play_id = 27867;
INSERT INTO player_team_game_play(player_id, team_id, game_id, play_id, seconds_start, seconds_end) VALUES(2103, 1649, 24988, 27867, 1027, 1035);
INSERT INTO lba.sub_play (play_id, seconds_da_start, player_made_id, team_made_id, game_made_id, player_suffered_id, team_suffered_id, game_suffered_id, shot_id, turnover_id, foul_id, rebound_defensive_01, rebound_offensive_01, assist_01, blocks_01, time_out_01, x, y)VALUES(27867, 8, 7448, 1655, 24988, NULL, NULL, NULL, 4, NULL, NULL, '', '', '', '', '', 67, 48);

INSERT INTO play(id, game_id, seconds_start, seconds_end, quarter, attack_home_01, score_home, score_guest)VALUES(27868, 24988, 1035, 1051, 2, '0', 37, 38);
INSERT INTO player_team_game_play(player_id, team_id, game_id, play_id, seconds_start, seconds_end) VALUES(6320, 1655, 24988, 27868, 1035, 1051);
INSERT INTO player_team_game_play(player_id, team_id, game_id, play_id, seconds_start, seconds_end) VALUES(7447, 1655, 24988, 27868, 1035, 1051);
INSERT INTO player_team_game_play(player_id, team_id, game_id, play_id, seconds_start, seconds_end) VALUES(7448, 1655, 24988, 27868, 1035, 1051);
INSERT INTO player_team_game_play(player_id, team_id, game_id, play_id, seconds_start, seconds_end) VALUES(7450, 1655, 24988, 27868, 1035, 1051);
INSERT INTO player_team_game_play(player_id, team_id, game_id, play_id, seconds_start, seconds_end) VALUES(7451, 1655, 24988, 27868, 1035, 1051);
INSERT INTO player_team_game_play(player_id, team_id, game_id, play_id, seconds_start, seconds_end) VALUES(5568, 1649, 24988, 27868, 1035, 1051);
INSERT INTO player_team_game_play(player_id, team_id, game_id, play_id, seconds_start, seconds_end) VALUES(4692, 1649, 24988, 27868, 1035, 1051);
INSERT INTO player_team_game_play(player_id, team_id, game_id, play_id, seconds_start, seconds_end) VALUES(2103, 1649, 24988, 27868, 1035, 1051);
INSERT INTO player_team_game_play(player_id, team_id, game_id, play_id, seconds_start, seconds_end) VALUES(7015, 1649, 24988, 27868, 1035, 1051);
INSERT INTO player_team_game_play(player_id, team_id, game_id, play_id, seconds_start, seconds_end) VALUES(5150, 1649, 24988, 27868, 1035, 1051);
INSERT INTO lba.sub_play (play_id, seconds_da_start, player_made_id, team_made_id, game_made_id, player_suffered_id, team_suffered_id, game_suffered_id, shot_id, turnover_id, foul_id, rebound_defensive_01, rebound_offensive_01, assist_01, blocks_01, time_out_01, x, y)VALUES(27868, 16, 7015, 1649, 24988, NULL, NULL, NULL, 2, NULL, NULL, '', '', '', '', '', 10, 60);
INSERT INTO lba.sub_play (play_id, seconds_da_start, player_made_id, team_made_id, game_made_id, player_suffered_id, team_suffered_id, game_suffered_id, shot_id, turnover_id, foul_id, rebound_defensive_01, rebound_offensive_01, assist_01, blocks_01, time_out_01, x, y)VALUES(27868, 16, 6320, 1655, 24988, NULL, NULL, NULL, NULL, NULL, NULL, '1', '', '', '', '', 10, 60);

INSERT INTO play(id, game_id, seconds_start, seconds_end, quarter, attack_home_01, score_home, score_guest)VALUES(27869, 24988, 1051, 1059, 2, '1', 37, 38);
INSERT INTO player_team_game_play(player_id, team_id, game_id, play_id, seconds_start, seconds_end) VALUES(6320, 1655, 24988, 27869, 1051, 1059);
INSERT INTO player_team_game_play(player_id, team_id, game_id, play_id, seconds_start, seconds_end) VALUES(7447, 1655, 24988, 27869, 1051, 1059);
INSERT INTO player_team_game_play(player_id, team_id, game_id, play_id, seconds_start, seconds_end) VALUES(7448, 1655, 24988, 27869, 1051, 1059);
INSERT INTO player_team_game_play(player_id, team_id, game_id, play_id, seconds_start, seconds_end) VALUES(7450, 1655, 24988, 27869, 1051, 1059);
INSERT INTO player_team_game_play(player_id, team_id, game_id, play_id, seconds_start, seconds_end) VALUES(7451, 1655, 24988, 27869, 1051, 1059);
INSERT INTO player_team_game_play(player_id, team_id, game_id, play_id, seconds_start, seconds_end) VALUES(5568, 1649, 24988, 27869, 1051, 1059);
INSERT INTO player_team_game_play(player_id, team_id, game_id, play_id, seconds_start, seconds_end) VALUES(4692, 1649, 24988, 27869, 1051, 1059);
INSERT INTO player_team_game_play(player_id, team_id, game_id, play_id, seconds_start, seconds_end) VALUES(2103, 1649, 24988, 27869, 1051, 1059);
INSERT INTO player_team_game_play(player_id, team_id, game_id, play_id, seconds_start, seconds_end) VALUES(7015, 1649, 24988, 27869, 1051, 1059);
INSERT INTO player_team_game_play(player_id, team_id, game_id, play_id, seconds_start, seconds_end) VALUES(5150, 1649, 24988, 27869, 1051, 1059);
INSERT INTO lba.sub_play (play_id, seconds_da_start, player_made_id, team_made_id, game_made_id, player_suffered_id, team_suffered_id, game_suffered_id, shot_id, turnover_id, foul_id, rebound_defensive_01, rebound_offensive_01, assist_01, blocks_01, time_out_01, x, y)VALUES(27869, 8, 7451, 1655, 24988, NULL, NULL, NULL, 2, NULL, NULL, '', '', '', '', '', 94, 42);
INSERT INTO lba.sub_play (play_id, seconds_da_start, player_made_id, team_made_id, game_made_id, player_suffered_id, team_suffered_id, game_suffered_id, shot_id, turnover_id, foul_id, rebound_defensive_01, rebound_offensive_01, assist_01, blocks_01, time_out_01, x, y)VALUES(27869, 8, 5150, 1649, 24988, NULL, NULL, NULL, NULL, NULL, NULL, '1', '', '', '', '', 94, 42);

INSERT INTO play(id, game_id, seconds_start, seconds_end, quarter, attack_home_01, score_home, score_guest)VALUES(27870, 24988, 1059, 1067, 2, '0', 37, 40);
INSERT INTO player_team_game_play(player_id, team_id, game_id, play_id, seconds_start, seconds_end) VALUES(6320, 1655, 24988, 27870, 1059, 1067);
INSERT INTO player_team_game_play(player_id, team_id, game_id, play_id, seconds_start, seconds_end) VALUES(7447, 1655, 24988, 27870, 1059, 1067);
INSERT INTO player_team_game_play(player_id, team_id, game_id, play_id, seconds_start, seconds_end) VALUES(7448, 1655, 24988, 27870, 1059, 1067);
INSERT INTO player_team_game_play(player_id, team_id, game_id, play_id, seconds_start, seconds_end) VALUES(7450, 1655, 24988, 27870, 1059, 1067);
INSERT INTO player_team_game_play(player_id, team_id, game_id, play_id, seconds_start, seconds_end) VALUES(7451, 1655, 24988, 27870, 1059, 1067);
INSERT INTO player_team_game_play(player_id, team_id, game_id, play_id, seconds_start, seconds_end) VALUES(5568, 1649, 24988, 27870, 1059, 1067);
INSERT INTO player_team_game_play(player_id, team_id, game_id, play_id, seconds_start, seconds_end) VALUES(4692, 1649, 24988, 27870, 1059, 1067);
INSERT INTO player_team_game_play(player_id, team_id, game_id, play_id, seconds_start, seconds_end) VALUES(2103, 1649, 24988, 27870, 1059, 1067);
INSERT INTO player_team_game_play(player_id, team_id, game_id, play_id, seconds_start, seconds_end) VALUES(7015, 1649, 24988, 27870, 1059, 1067);
INSERT INTO player_team_game_play(player_id, team_id, game_id, play_id, seconds_start, seconds_end) VALUES(5150, 1649, 24988, 27870, 1059, 1067);
INSERT INTO lba.sub_play (play_id, seconds_da_start, player_made_id, team_made_id, game_made_id, player_suffered_id, team_suffered_id, game_suffered_id, shot_id, turnover_id, foul_id, rebound_defensive_01, rebound_offensive_01, assist_01, blocks_01, time_out_01, x, y)VALUES(27870, 8, 5568, 1649, 24988, NULL, NULL, NULL, 2, NULL, NULL, '', '', '', '', '', 7, 47);
INSERT INTO lba.sub_play (play_id, seconds_da_start, player_made_id, team_made_id, game_made_id, player_suffered_id, team_suffered_id, game_suffered_id, shot_id, turnover_id, foul_id, rebound_defensive_01, rebound_offensive_01, assist_01, blocks_01, time_out_01, x, y)VALUES(27870, 8, 7015, 1649, 24988, NULL, NULL, NULL, NULL, NULL, NULL, '', '1', '', '', '', 7, 47);
INSERT INTO lba.sub_play (play_id, seconds_da_start, player_made_id, team_made_id, game_made_id, player_suffered_id, team_suffered_id, game_suffered_id, shot_id, turnover_id, foul_id, rebound_defensive_01, rebound_offensive_01, assist_01, blocks_01, time_out_01, x, y)VALUES(27870, 8, 7015, 1649, 24988, NULL, NULL, NULL, 1, NULL, NULL, '', '', '', '', '', 7, 47);

INSERT INTO play(id, game_id, seconds_start, seconds_end, quarter, attack_home_01, score_home, score_guest)VALUES(27871, 24988, 1067, 1085, 2, '1', 39, 40);
INSERT INTO player_team_game_play(player_id, team_id, game_id, play_id, seconds_start, seconds_end) VALUES(6320, 1655, 24988, 27871, 1067, 1085);
INSERT INTO player_team_game_play(player_id, team_id, game_id, play_id, seconds_start, seconds_end) VALUES(7447, 1655, 24988, 27871, 1067, 1085);
INSERT INTO player_team_game_play(player_id, team_id, game_id, play_id, seconds_start, seconds_end) VALUES(7448, 1655, 24988, 27871, 1067, 1085);
INSERT INTO player_team_game_play(player_id, team_id, game_id, play_id, seconds_start, seconds_end) VALUES(7450, 1655, 24988, 27871, 1067, 1085);
INSERT INTO player_team_game_play(player_id, team_id, game_id, play_id, seconds_start, seconds_end) VALUES(7451, 1655, 24988, 27871, 1067, 1085);
INSERT INTO player_team_game_play(player_id, team_id, game_id, play_id, seconds_start, seconds_end) VALUES(5568, 1649, 24988, 27871, 1067, 1085);
INSERT INTO player_team_game_play(player_id, team_id, game_id, play_id, seconds_start, seconds_end) VALUES(4692, 1649, 24988, 27871, 1067, 1085);
INSERT INTO player_team_game_play(player_id, team_id, game_id, play_id, seconds_start, seconds_end) VALUES(2103, 1649, 24988, 27871, 1067, 1085);
INSERT INTO player_team_game_play(player_id, team_id, game_id, play_id, seconds_start, seconds_end) VALUES(7015, 1649, 24988, 27871, 1067, 1085);
INSERT INTO player_team_game_play(player_id, team_id, game_id, play_id, seconds_start, seconds_end) VALUES(5150, 1649, 24988, 27871, 1067, 1085);
UPDATE player_team_game_play SET seconds_end = 1069 WHERE player_id = 6320 AND game_id = 24988 AND play_id = 27871;
INSERT INTO player_team_game_play(player_id, team_id, game_id, play_id, seconds_start, seconds_end) VALUES(7049, 1655, 24988, 27871, 1069, 1085);
UPDATE player_team_game_play SET seconds_end = 1069 WHERE player_id = 5568 AND game_id = 24988 AND play_id = 27871;
INSERT INTO player_team_game_play(player_id, team_id, game_id, play_id, seconds_start, seconds_end) VALUES(7404, 1649, 24988, 27871, 1069, 1085);
INSERT INTO lba.sub_play (play_id, seconds_da_start, player_made_id, team_made_id, game_made_id, player_suffered_id, team_suffered_id, game_suffered_id, shot_id, turnover_id, foul_id, rebound_defensive_01, rebound_offensive_01, assist_01, blocks_01, time_out_01, x, y)VALUES(27871, 18, 7447, 1655, 24988, NULL, NULL, NULL, 1, NULL, NULL, '', '', '', '', '', 93, 46);

INSERT INTO play(id, game_id, seconds_start, seconds_end, quarter, attack_home_01, score_home, score_guest)VALUES(27872, 24988, 1085, 1104, 2, '0', 39, 42);
INSERT INTO player_team_game_play(player_id, team_id, game_id, play_id, seconds_start, seconds_end) VALUES(7447, 1655, 24988, 27872, 1085, 1104);
INSERT INTO player_team_game_play(player_id, team_id, game_id, play_id, seconds_start, seconds_end) VALUES(7448, 1655, 24988, 27872, 1085, 1104);
INSERT INTO player_team_game_play(player_id, team_id, game_id, play_id, seconds_start, seconds_end) VALUES(7049, 1655, 24988, 27872, 1085, 1104);
INSERT INTO player_team_game_play(player_id, team_id, game_id, play_id, seconds_start, seconds_end) VALUES(7450, 1655, 24988, 27872, 1085, 1104);
INSERT INTO player_team_game_play(player_id, team_id, game_id, play_id, seconds_start, seconds_end) VALUES(7451, 1655, 24988, 27872, 1085, 1104);
INSERT INTO player_team_game_play(player_id, team_id, game_id, play_id, seconds_start, seconds_end) VALUES(4692, 1649, 24988, 27872, 1085, 1104);
INSERT INTO player_team_game_play(player_id, team_id, game_id, play_id, seconds_start, seconds_end) VALUES(2103, 1649, 24988, 27872, 1085, 1104);
INSERT INTO player_team_game_play(player_id, team_id, game_id, play_id, seconds_start, seconds_end) VALUES(7015, 1649, 24988, 27872, 1085, 1104);
INSERT INTO player_team_game_play(player_id, team_id, game_id, play_id, seconds_start, seconds_end) VALUES(7404, 1649, 24988, 27872, 1085, 1104);
INSERT INTO player_team_game_play(player_id, team_id, game_id, play_id, seconds_start, seconds_end) VALUES(5150, 1649, 24988, 27872, 1085, 1104);
INSERT INTO lba.sub_play (play_id, seconds_da_start, player_made_id, team_made_id, game_made_id, player_suffered_id, team_suffered_id, game_suffered_id, shot_id, turnover_id, foul_id, rebound_defensive_01, rebound_offensive_01, assist_01, blocks_01, time_out_01, x, y)VALUES(27872, 19, 7015, 1649, 24988, NULL, NULL, NULL, 1, NULL, NULL, '', '', '', '', '', 10, 53);
INSERT INTO lba.sub_play (play_id, seconds_da_start, player_made_id, team_made_id, game_made_id, player_suffered_id, team_suffered_id, game_suffered_id, shot_id, turnover_id, foul_id, rebound_defensive_01, rebound_offensive_01, assist_01, blocks_01, time_out_01, x, y)VALUES(27872, 19, 4692, 1649, 24988, NULL, NULL, NULL, NULL, NULL, NULL, '', '', '1', '', '', 10, 53);

INSERT INTO play(id, game_id, seconds_start, seconds_end, quarter, attack_home_01, score_home, score_guest)VALUES(27873, 24988, 1104, 1127, 2, '1', 39, 42);
INSERT INTO player_team_game_play(player_id, team_id, game_id, play_id, seconds_start, seconds_end) VALUES(7447, 1655, 24988, 27873, 1104, 1127);
INSERT INTO player_team_game_play(player_id, team_id, game_id, play_id, seconds_start, seconds_end) VALUES(7448, 1655, 24988, 27873, 1104, 1127);
INSERT INTO player_team_game_play(player_id, team_id, game_id, play_id, seconds_start, seconds_end) VALUES(7049, 1655, 24988, 27873, 1104, 1127);
INSERT INTO player_team_game_play(player_id, team_id, game_id, play_id, seconds_start, seconds_end) VALUES(7450, 1655, 24988, 27873, 1104, 1127);
INSERT INTO player_team_game_play(player_id, team_id, game_id, play_id, seconds_start, seconds_end) VALUES(7451, 1655, 24988, 27873, 1104, 1127);
INSERT INTO player_team_game_play(player_id, team_id, game_id, play_id, seconds_start, seconds_end) VALUES(4692, 1649, 24988, 27873, 1104, 1127);
INSERT INTO player_team_game_play(player_id, team_id, game_id, play_id, seconds_start, seconds_end) VALUES(2103, 1649, 24988, 27873, 1104, 1127);
INSERT INTO player_team_game_play(player_id, team_id, game_id, play_id, seconds_start, seconds_end) VALUES(7015, 1649, 24988, 27873, 1104, 1127);
INSERT INTO player_team_game_play(player_id, team_id, game_id, play_id, seconds_start, seconds_end) VALUES(7404, 1649, 24988, 27873, 1104, 1127);
INSERT INTO player_team_game_play(player_id, team_id, game_id, play_id, seconds_start, seconds_end) VALUES(5150, 1649, 24988, 27873, 1104, 1127);
INSERT INTO lba.sub_play (play_id, seconds_da_start, player_made_id, team_made_id, game_made_id, player_suffered_id, team_suffered_id, game_suffered_id, shot_id, turnover_id, foul_id, rebound_defensive_01, rebound_offensive_01, assist_01, blocks_01, time_out_01, x, y)VALUES(27873, 23, 7451, 1655, 24988, NULL, NULL, NULL, 2, NULL, NULL, '', '', '', '', '', 76, 66);
INSERT INTO lba.sub_play (play_id, seconds_da_start, player_made_id, team_made_id, game_made_id, player_suffered_id, team_suffered_id, game_suffered_id, shot_id, turnover_id, foul_id, rebound_defensive_01, rebound_offensive_01, assist_01, blocks_01, time_out_01, x, y)VALUES(27873, 23, 2103, 1649, 24988, NULL, NULL, NULL, NULL, NULL, NULL, '1', '', '', '', '', 76, 66);

INSERT INTO play(id, game_id, seconds_start, seconds_end, quarter, attack_home_01, score_home, score_guest)VALUES(27874, 24988, 1127, 1141, 2, '0', 39, 44);
INSERT INTO player_team_game_play(player_id, team_id, game_id, play_id, seconds_start, seconds_end) VALUES(7447, 1655, 24988, 27874, 1127, 1141);
INSERT INTO player_team_game_play(player_id, team_id, game_id, play_id, seconds_start, seconds_end) VALUES(7448, 1655, 24988, 27874, 1127, 1141);
INSERT INTO player_team_game_play(player_id, team_id, game_id, play_id, seconds_start, seconds_end) VALUES(7049, 1655, 24988, 27874, 1127, 1141);
INSERT INTO player_team_game_play(player_id, team_id, game_id, play_id, seconds_start, seconds_end) VALUES(7450, 1655, 24988, 27874, 1127, 1141);
INSERT INTO player_team_game_play(player_id, team_id, game_id, play_id, seconds_start, seconds_end) VALUES(7451, 1655, 24988, 27874, 1127, 1141);
INSERT INTO player_team_game_play(player_id, team_id, game_id, play_id, seconds_start, seconds_end) VALUES(4692, 1649, 24988, 27874, 1127, 1141);
INSERT INTO player_team_game_play(player_id, team_id, game_id, play_id, seconds_start, seconds_end) VALUES(2103, 1649, 24988, 27874, 1127, 1141);
INSERT INTO player_team_game_play(player_id, team_id, game_id, play_id, seconds_start, seconds_end) VALUES(7015, 1649, 24988, 27874, 1127, 1141);
INSERT INTO player_team_game_play(player_id, team_id, game_id, play_id, seconds_start, seconds_end) VALUES(7404, 1649, 24988, 27874, 1127, 1141);
INSERT INTO player_team_game_play(player_id, team_id, game_id, play_id, seconds_start, seconds_end) VALUES(5150, 1649, 24988, 27874, 1127, 1141);
INSERT INTO lba.sub_play (play_id, seconds_da_start, player_made_id, team_made_id, game_made_id, player_suffered_id, team_suffered_id, game_suffered_id, shot_id, turnover_id, foul_id, rebound_defensive_01, rebound_offensive_01, assist_01, blocks_01, time_out_01, x, y)VALUES(27874, 14, 2103, 1649, 24988, NULL, NULL, NULL, 1, NULL, NULL, '', '', '', '', '', 9, 51);
INSERT INTO lba.sub_play (play_id, seconds_da_start, player_made_id, team_made_id, game_made_id, player_suffered_id, team_suffered_id, game_suffered_id, shot_id, turnover_id, foul_id, rebound_defensive_01, rebound_offensive_01, assist_01, blocks_01, time_out_01, x, y)VALUES(27874, 14, 4692, 1649, 24988, NULL, NULL, NULL, NULL, NULL, NULL, '', '', '1', '', '', 9, 51);

INSERT INTO play(id, game_id, seconds_start, seconds_end, quarter, attack_home_01, score_home, score_guest)VALUES(27875, 24988, 1141, 1167, 2, '1', 39, 44);
INSERT INTO player_team_game_play(player_id, team_id, game_id, play_id, seconds_start, seconds_end) VALUES(7447, 1655, 24988, 27875, 1141, 1167);
INSERT INTO player_team_game_play(player_id, team_id, game_id, play_id, seconds_start, seconds_end) VALUES(7448, 1655, 24988, 27875, 1141, 1167);
INSERT INTO player_team_game_play(player_id, team_id, game_id, play_id, seconds_start, seconds_end) VALUES(7049, 1655, 24988, 27875, 1141, 1167);
INSERT INTO player_team_game_play(player_id, team_id, game_id, play_id, seconds_start, seconds_end) VALUES(7450, 1655, 24988, 27875, 1141, 1167);
INSERT INTO player_team_game_play(player_id, team_id, game_id, play_id, seconds_start, seconds_end) VALUES(7451, 1655, 24988, 27875, 1141, 1167);
INSERT INTO player_team_game_play(player_id, team_id, game_id, play_id, seconds_start, seconds_end) VALUES(4692, 1649, 24988, 27875, 1141, 1167);
INSERT INTO player_team_game_play(player_id, team_id, game_id, play_id, seconds_start, seconds_end) VALUES(2103, 1649, 24988, 27875, 1141, 1167);
INSERT INTO player_team_game_play(player_id, team_id, game_id, play_id, seconds_start, seconds_end) VALUES(7015, 1649, 24988, 27875, 1141, 1167);
INSERT INTO player_team_game_play(player_id, team_id, game_id, play_id, seconds_start, seconds_end) VALUES(7404, 1649, 24988, 27875, 1141, 1167);
INSERT INTO player_team_game_play(player_id, team_id, game_id, play_id, seconds_start, seconds_end) VALUES(5150, 1649, 24988, 27875, 1141, 1167);
UPDATE player_team_game_play SET seconds_end = 1166 WHERE player_id = 7451 AND game_id = 24988 AND play_id = 27875;
INSERT INTO player_team_game_play(player_id, team_id, game_id, play_id, seconds_start, seconds_end) VALUES(7449, 1655, 24988, 27875, 1166, 1167);
UPDATE player_team_game_play SET seconds_end = 1166 WHERE player_id = 7015 AND game_id = 24988 AND play_id = 27875;
UPDATE player_team_game_play SET seconds_end = 1166 WHERE player_id = 2103 AND game_id = 24988 AND play_id = 27875;
INSERT INTO player_team_game_play(player_id, team_id, game_id, play_id, seconds_start, seconds_end) VALUES(6138, 1649, 24988, 27875, 1166, 1167);
INSERT INTO player_team_game_play(player_id, team_id, game_id, play_id, seconds_start, seconds_end) VALUES(7407, 1649, 24988, 27875, 1166, 1167);
INSERT INTO lba.sub_play (play_id, seconds_da_start, player_made_id, team_made_id, game_made_id, player_suffered_id, team_suffered_id, game_suffered_id, shot_id, turnover_id, foul_id, rebound_defensive_01, rebound_offensive_01, assist_01, blocks_01, time_out_01, x, y)VALUES(27875, 17, 7451, 1655, 24988, NULL, NULL, NULL, 4, NULL, NULL, '', '', '', '', '', 69, 33);
INSERT INTO lba.sub_play (play_id, seconds_da_start, player_made_id, team_made_id, game_made_id, player_suffered_id, team_suffered_id, game_suffered_id, shot_id, turnover_id, foul_id, rebound_defensive_01, rebound_offensive_01, assist_01, blocks_01, time_out_01, x, y)VALUES(27875, 17, 7447, 1655, 24988, NULL, NULL, NULL, NULL, NULL, NULL, '', '1', '', '', '', 69, 33);
INSERT INTO lba.sub_play (play_id, seconds_da_start, player_made_id, team_made_id, game_made_id, player_suffered_id, team_suffered_id, game_suffered_id, shot_id, turnover_id, foul_id, rebound_defensive_01, rebound_offensive_01, assist_01, blocks_01, time_out_01, x, y)VALUES(27875, 26, 7450, 1655, 24988, 7407, 1649, 24988, NULL, 2, NULL, '', '', '', '', '', 66, 83);

INSERT INTO play(id, game_id, seconds_start, seconds_end, quarter, attack_home_01, score_home, score_guest)VALUES(27876, 24988, 1167, 1187, 2, '0', 39, 46);
INSERT INTO player_team_game_play(player_id, team_id, game_id, play_id, seconds_start, seconds_end) VALUES(7449, 1655, 24988, 27876, 1167, 1187);
INSERT INTO player_team_game_play(player_id, team_id, game_id, play_id, seconds_start, seconds_end) VALUES(7447, 1655, 24988, 27876, 1167, 1187);
INSERT INTO player_team_game_play(player_id, team_id, game_id, play_id, seconds_start, seconds_end) VALUES(7448, 1655, 24988, 27876, 1167, 1187);
INSERT INTO player_team_game_play(player_id, team_id, game_id, play_id, seconds_start, seconds_end) VALUES(7049, 1655, 24988, 27876, 1167, 1187);
INSERT INTO player_team_game_play(player_id, team_id, game_id, play_id, seconds_start, seconds_end) VALUES(7450, 1655, 24988, 27876, 1167, 1187);
INSERT INTO player_team_game_play(player_id, team_id, game_id, play_id, seconds_start, seconds_end) VALUES(4692, 1649, 24988, 27876, 1167, 1187);
INSERT INTO player_team_game_play(player_id, team_id, game_id, play_id, seconds_start, seconds_end) VALUES(6138, 1649, 24988, 27876, 1167, 1187);
INSERT INTO player_team_game_play(player_id, team_id, game_id, play_id, seconds_start, seconds_end) VALUES(7404, 1649, 24988, 27876, 1167, 1187);
INSERT INTO player_team_game_play(player_id, team_id, game_id, play_id, seconds_start, seconds_end) VALUES(5150, 1649, 24988, 27876, 1167, 1187);
INSERT INTO player_team_game_play(player_id, team_id, game_id, play_id, seconds_start, seconds_end) VALUES(7407, 1649, 24988, 27876, 1167, 1187);
INSERT INTO lba.sub_play (play_id, seconds_da_start, player_made_id, team_made_id, game_made_id, player_suffered_id, team_suffered_id, game_suffered_id, shot_id, turnover_id, foul_id, rebound_defensive_01, rebound_offensive_01, assist_01, blocks_01, time_out_01, x, y)VALUES(27876, 20, 6138, 1649, 24988, NULL, NULL, NULL, 1, NULL, NULL, '', '', '', '', '', 28, 42);

INSERT INTO play(id, game_id, seconds_start, seconds_end, quarter, attack_home_01, score_home, score_guest)VALUES(27877, 24988, 1187, 1217, 3, '0', 39, 46);
INSERT INTO player_team_game_play(player_id, team_id, game_id, play_id, seconds_start, seconds_end) VALUES(7449, 1655, 24988, 27877, 1187, 1217);
INSERT INTO player_team_game_play(player_id, team_id, game_id, play_id, seconds_start, seconds_end) VALUES(7447, 1655, 24988, 27877, 1187, 1217);
INSERT INTO player_team_game_play(player_id, team_id, game_id, play_id, seconds_start, seconds_end) VALUES(7448, 1655, 24988, 27877, 1187, 1217);
INSERT INTO player_team_game_play(player_id, team_id, game_id, play_id, seconds_start, seconds_end) VALUES(7049, 1655, 24988, 27877, 1187, 1217);
INSERT INTO player_team_game_play(player_id, team_id, game_id, play_id, seconds_start, seconds_end) VALUES(7450, 1655, 24988, 27877, 1187, 1217);
INSERT INTO player_team_game_play(player_id, team_id, game_id, play_id, seconds_start, seconds_end) VALUES(4692, 1649, 24988, 27877, 1187, 1217);
INSERT INTO player_team_game_play(player_id, team_id, game_id, play_id, seconds_start, seconds_end) VALUES(6138, 1649, 24988, 27877, 1187, 1217);
INSERT INTO player_team_game_play(player_id, team_id, game_id, play_id, seconds_start, seconds_end) VALUES(7404, 1649, 24988, 27877, 1187, 1217);
INSERT INTO player_team_game_play(player_id, team_id, game_id, play_id, seconds_start, seconds_end) VALUES(5150, 1649, 24988, 27877, 1187, 1217);
INSERT INTO player_team_game_play(player_id, team_id, game_id, play_id, seconds_start, seconds_end) VALUES(7407, 1649, 24988, 27877, 1187, 1217);
UPDATE player_team_game_play SET seconds_end = 1200 WHERE player_id = 7448 AND game_id = 24988 AND play_id = 27877;
INSERT INTO player_team_game_play(player_id, team_id, game_id, play_id, seconds_start, seconds_end) VALUES(6719, 1655, 24988, 27877, 1200, 1217);
UPDATE player_team_game_play SET seconds_end = 1200 WHERE player_id = 4692 AND game_id = 24988 AND play_id = 27877;
UPDATE player_team_game_play SET seconds_end = 1200 WHERE player_id = 7404 AND game_id = 24988 AND play_id = 27877;
INSERT INTO player_team_game_play(player_id, team_id, game_id, play_id, seconds_start, seconds_end) VALUES(5568, 1649, 24988, 27877, 1200, 1217);
INSERT INTO player_team_game_play(player_id, team_id, game_id, play_id, seconds_start, seconds_end) VALUES(7015, 1649, 24988, 27877, 1200, 1217);
INSERT INTO lba.sub_play (play_id, seconds_da_start, player_made_id, team_made_id, game_made_id, player_suffered_id, team_suffered_id, game_suffered_id, shot_id, turnover_id, foul_id, rebound_defensive_01, rebound_offensive_01, assist_01, blocks_01, time_out_01, x, y)VALUES(27877, 9, 7450, 1655, 24988, NULL, NULL, NULL, 4, NULL, NULL, '', '', '', '', '', 71, 27);
INSERT INTO lba.sub_play (play_id, seconds_da_start, player_made_id, team_made_id, game_made_id, player_suffered_id, team_suffered_id, game_suffered_id, shot_id, turnover_id, foul_id, rebound_defensive_01, rebound_offensive_01, assist_01, blocks_01, time_out_01, x, y)VALUES(27877, 30, 7407, 1649, 24988, NULL, NULL, NULL, 2, NULL, NULL, '', '', '', '', '', 93, 45);
INSERT INTO lba.sub_play (play_id, seconds_da_start, player_made_id, team_made_id, game_made_id, player_suffered_id, team_suffered_id, game_suffered_id, shot_id, turnover_id, foul_id, rebound_defensive_01, rebound_offensive_01, assist_01, blocks_01, time_out_01, x, y)VALUES(27877, 30, 7450, 1655, 24988, NULL, NULL, NULL, NULL, NULL, NULL, '1', '', '', '', '', 93, 45);

INSERT INTO play(id, game_id, seconds_start, seconds_end, quarter, attack_home_01, score_home, score_guest)VALUES(27878, 24988, 1217, 1234, 3, '1', 41, 46);
INSERT INTO player_team_game_play(player_id, team_id, game_id, play_id, seconds_start, seconds_end) VALUES(7449, 1655, 24988, 27878, 1217, 1234);
INSERT INTO player_team_game_play(player_id, team_id, game_id, play_id, seconds_start, seconds_end) VALUES(7447, 1655, 24988, 27878, 1217, 1234);
INSERT INTO player_team_game_play(player_id, team_id, game_id, play_id, seconds_start, seconds_end) VALUES(7049, 1655, 24988, 27878, 1217, 1234);
INSERT INTO player_team_game_play(player_id, team_id, game_id, play_id, seconds_start, seconds_end) VALUES(7450, 1655, 24988, 27878, 1217, 1234);
INSERT INTO player_team_game_play(player_id, team_id, game_id, play_id, seconds_start, seconds_end) VALUES(6719, 1655, 24988, 27878, 1217, 1234);
INSERT INTO player_team_game_play(player_id, team_id, game_id, play_id, seconds_start, seconds_end) VALUES(5568, 1649, 24988, 27878, 1217, 1234);
INSERT INTO player_team_game_play(player_id, team_id, game_id, play_id, seconds_start, seconds_end) VALUES(7015, 1649, 24988, 27878, 1217, 1234);
INSERT INTO player_team_game_play(player_id, team_id, game_id, play_id, seconds_start, seconds_end) VALUES(6138, 1649, 24988, 27878, 1217, 1234);
INSERT INTO player_team_game_play(player_id, team_id, game_id, play_id, seconds_start, seconds_end) VALUES(5150, 1649, 24988, 27878, 1217, 1234);
INSERT INTO player_team_game_play(player_id, team_id, game_id, play_id, seconds_start, seconds_end) VALUES(7407, 1649, 24988, 27878, 1217, 1234);
INSERT INTO lba.sub_play (play_id, seconds_da_start, player_made_id, team_made_id, game_made_id, player_suffered_id, team_suffered_id, game_suffered_id, shot_id, turnover_id, foul_id, rebound_defensive_01, rebound_offensive_01, assist_01, blocks_01, time_out_01, x, y)VALUES(27878, 3, 6138, 1649, 24988, 7447, 1655, 24988, NULL, NULL, 1, '', '', '', '', '', 61, 23);
INSERT INTO lba.sub_play (play_id, seconds_da_start, player_made_id, team_made_id, game_made_id, player_suffered_id, team_suffered_id, game_suffered_id, shot_id, turnover_id, foul_id, rebound_defensive_01, rebound_offensive_01, assist_01, blocks_01, time_out_01, x, y)VALUES(27878, 17, 7407, 1649, 24988, 7049, 1655, 24988, NULL, NULL, 4, '', '', '', '', '', 10, 45);
INSERT INTO lba.sub_play (play_id, seconds_da_start, player_made_id, team_made_id, game_made_id, player_suffered_id, team_suffered_id, game_suffered_id, shot_id, turnover_id, foul_id, rebound_defensive_01, rebound_offensive_01, assist_01, blocks_01, time_out_01, x, y)VALUES(27878, 17, 7049, 1655, 24988, NULL, NULL, NULL, 5, NULL, NULL, '', '', '', '', '', NULL, NULL);
INSERT INTO lba.sub_play (play_id, seconds_da_start, player_made_id, team_made_id, game_made_id, player_suffered_id, team_suffered_id, game_suffered_id, shot_id, turnover_id, foul_id, rebound_defensive_01, rebound_offensive_01, assist_01, blocks_01, time_out_01, x, y)VALUES(27878, 17, 7049, 1655, 24988, NULL, NULL, NULL, 5, NULL, NULL, '', '', '', '', '', NULL, NULL);

INSERT INTO play(id, game_id, seconds_start, seconds_end, quarter, attack_home_01, score_home, score_guest)VALUES(27879, 24988, 1234, 1255, 3, '0', 41, 46);
INSERT INTO player_team_game_play(player_id, team_id, game_id, play_id, seconds_start, seconds_end) VALUES(7449, 1655, 24988, 27879, 1234, 1255);
INSERT INTO player_team_game_play(player_id, team_id, game_id, play_id, seconds_start, seconds_end) VALUES(7447, 1655, 24988, 27879, 1234, 1255);
INSERT INTO player_team_game_play(player_id, team_id, game_id, play_id, seconds_start, seconds_end) VALUES(7049, 1655, 24988, 27879, 1234, 1255);
INSERT INTO player_team_game_play(player_id, team_id, game_id, play_id, seconds_start, seconds_end) VALUES(7450, 1655, 24988, 27879, 1234, 1255);
INSERT INTO player_team_game_play(player_id, team_id, game_id, play_id, seconds_start, seconds_end) VALUES(6719, 1655, 24988, 27879, 1234, 1255);
INSERT INTO player_team_game_play(player_id, team_id, game_id, play_id, seconds_start, seconds_end) VALUES(5568, 1649, 24988, 27879, 1234, 1255);
INSERT INTO player_team_game_play(player_id, team_id, game_id, play_id, seconds_start, seconds_end) VALUES(7015, 1649, 24988, 27879, 1234, 1255);
INSERT INTO player_team_game_play(player_id, team_id, game_id, play_id, seconds_start, seconds_end) VALUES(6138, 1649, 24988, 27879, 1234, 1255);
INSERT INTO player_team_game_play(player_id, team_id, game_id, play_id, seconds_start, seconds_end) VALUES(5150, 1649, 24988, 27879, 1234, 1255);
INSERT INTO player_team_game_play(player_id, team_id, game_id, play_id, seconds_start, seconds_end) VALUES(7407, 1649, 24988, 27879, 1234, 1255);
INSERT INTO lba.sub_play (play_id, seconds_da_start, player_made_id, team_made_id, game_made_id, player_suffered_id, team_suffered_id, game_suffered_id, shot_id, turnover_id, foul_id, rebound_defensive_01, rebound_offensive_01, assist_01, blocks_01, time_out_01, x, y)VALUES(27879, 21, 7015, 1649, 24988, NULL, NULL, NULL, NULL, 6, NULL, '', '', '', '', '', 71, 42);

INSERT INTO play(id, game_id, seconds_start, seconds_end, quarter, attack_home_01, score_home, score_guest)VALUES(27880, 24988, 1255, 1261, 3, '1', 43, 46);
INSERT INTO player_team_game_play(player_id, team_id, game_id, play_id, seconds_start, seconds_end) VALUES(7449, 1655, 24988, 27880, 1255, 1261);
INSERT INTO player_team_game_play(player_id, team_id, game_id, play_id, seconds_start, seconds_end) VALUES(7447, 1655, 24988, 27880, 1255, 1261);
INSERT INTO player_team_game_play(player_id, team_id, game_id, play_id, seconds_start, seconds_end) VALUES(7049, 1655, 24988, 27880, 1255, 1261);
INSERT INTO player_team_game_play(player_id, team_id, game_id, play_id, seconds_start, seconds_end) VALUES(7450, 1655, 24988, 27880, 1255, 1261);
INSERT INTO player_team_game_play(player_id, team_id, game_id, play_id, seconds_start, seconds_end) VALUES(6719, 1655, 24988, 27880, 1255, 1261);
INSERT INTO player_team_game_play(player_id, team_id, game_id, play_id, seconds_start, seconds_end) VALUES(5568, 1649, 24988, 27880, 1255, 1261);
INSERT INTO player_team_game_play(player_id, team_id, game_id, play_id, seconds_start, seconds_end) VALUES(7015, 1649, 24988, 27880, 1255, 1261);
INSERT INTO player_team_game_play(player_id, team_id, game_id, play_id, seconds_start, seconds_end) VALUES(6138, 1649, 24988, 27880, 1255, 1261);
INSERT INTO player_team_game_play(player_id, team_id, game_id, play_id, seconds_start, seconds_end) VALUES(5150, 1649, 24988, 27880, 1255, 1261);
INSERT INTO player_team_game_play(player_id, team_id, game_id, play_id, seconds_start, seconds_end) VALUES(7407, 1649, 24988, 27880, 1255, 1261);
INSERT INTO lba.sub_play (play_id, seconds_da_start, player_made_id, team_made_id, game_made_id, player_suffered_id, team_suffered_id, game_suffered_id, shot_id, turnover_id, foul_id, rebound_defensive_01, rebound_offensive_01, assist_01, blocks_01, time_out_01, x, y)VALUES(27880, 6, 7449, 1655, 24988, NULL, NULL, NULL, 1, NULL, NULL, '', '', '', '', '', 7, 50);
INSERT INTO lba.sub_play (play_id, seconds_da_start, player_made_id, team_made_id, game_made_id, player_suffered_id, team_suffered_id, game_suffered_id, shot_id, turnover_id, foul_id, rebound_defensive_01, rebound_offensive_01, assist_01, blocks_01, time_out_01, x, y)VALUES(27880, 6, 7450, 1655, 24988, NULL, NULL, NULL, NULL, NULL, NULL, '', '', '1', '', '', 7, 50);

INSERT INTO play(id, game_id, seconds_start, seconds_end, quarter, attack_home_01, score_home, score_guest)VALUES(27881, 24988, 1261, 1286, 3, '0', 43, 46);
INSERT INTO player_team_game_play(player_id, team_id, game_id, play_id, seconds_start, seconds_end) VALUES(7449, 1655, 24988, 27881, 1261, 1286);
INSERT INTO player_team_game_play(player_id, team_id, game_id, play_id, seconds_start, seconds_end) VALUES(7447, 1655, 24988, 27881, 1261, 1286);
INSERT INTO player_team_game_play(player_id, team_id, game_id, play_id, seconds_start, seconds_end) VALUES(7049, 1655, 24988, 27881, 1261, 1286);
INSERT INTO player_team_game_play(player_id, team_id, game_id, play_id, seconds_start, seconds_end) VALUES(7450, 1655, 24988, 27881, 1261, 1286);
INSERT INTO player_team_game_play(player_id, team_id, game_id, play_id, seconds_start, seconds_end) VALUES(6719, 1655, 24988, 27881, 1261, 1286);
INSERT INTO player_team_game_play(player_id, team_id, game_id, play_id, seconds_start, seconds_end) VALUES(5568, 1649, 24988, 27881, 1261, 1286);
INSERT INTO player_team_game_play(player_id, team_id, game_id, play_id, seconds_start, seconds_end) VALUES(7015, 1649, 24988, 27881, 1261, 1286);
INSERT INTO player_team_game_play(player_id, team_id, game_id, play_id, seconds_start, seconds_end) VALUES(6138, 1649, 24988, 27881, 1261, 1286);
INSERT INTO player_team_game_play(player_id, team_id, game_id, play_id, seconds_start, seconds_end) VALUES(5150, 1649, 24988, 27881, 1261, 1286);
INSERT INTO player_team_game_play(player_id, team_id, game_id, play_id, seconds_start, seconds_end) VALUES(7407, 1649, 24988, 27881, 1261, 1286);
INSERT INTO lba.sub_play (play_id, seconds_da_start, player_made_id, team_made_id, game_made_id, player_suffered_id, team_suffered_id, game_suffered_id, shot_id, turnover_id, foul_id, rebound_defensive_01, rebound_offensive_01, assist_01, blocks_01, time_out_01, x, y)VALUES(27881, 20, 7015, 1649, 24988, NULL, NULL, NULL, 4, NULL, NULL, '', '', '', '', '', 68, 74);
INSERT INTO lba.sub_play (play_id, seconds_da_start, player_made_id, team_made_id, game_made_id, player_suffered_id, team_suffered_id, game_suffered_id, shot_id, turnover_id, foul_id, rebound_defensive_01, rebound_offensive_01, assist_01, blocks_01, time_out_01, x, y)VALUES(27881, 20, 7407, 1649, 24988, NULL, NULL, NULL, NULL, NULL, NULL, '', '1', '', '', '', 68, 74);
INSERT INTO lba.sub_play (play_id, seconds_da_start, player_made_id, team_made_id, game_made_id, player_suffered_id, team_suffered_id, game_suffered_id, shot_id, turnover_id, foul_id, rebound_defensive_01, rebound_offensive_01, assist_01, blocks_01, time_out_01, x, y)VALUES(27881, 25, 5150, 1649, 24988, NULL, NULL, NULL, 4, NULL, NULL, '', '', '', '', '', 67, 56);
INSERT INTO lba.sub_play (play_id, seconds_da_start, player_made_id, team_made_id, game_made_id, player_suffered_id, team_suffered_id, game_suffered_id, shot_id, turnover_id, foul_id, rebound_defensive_01, rebound_offensive_01, assist_01, blocks_01, time_out_01, x, y)VALUES(27881, 25, 7049, 1655, 24988, NULL, NULL, NULL, NULL, NULL, NULL, '1', '', '', '', '', 67, 56);

INSERT INTO play(id, game_id, seconds_start, seconds_end, quarter, attack_home_01, score_home, score_guest)VALUES(27882, 24988, 1286, 1308, 3, '1', 43, 46);
INSERT INTO player_team_game_play(player_id, team_id, game_id, play_id, seconds_start, seconds_end) VALUES(7449, 1655, 24988, 27882, 1286, 1308);
INSERT INTO player_team_game_play(player_id, team_id, game_id, play_id, seconds_start, seconds_end) VALUES(7447, 1655, 24988, 27882, 1286, 1308);
INSERT INTO player_team_game_play(player_id, team_id, game_id, play_id, seconds_start, seconds_end) VALUES(7049, 1655, 24988, 27882, 1286, 1308);
INSERT INTO player_team_game_play(player_id, team_id, game_id, play_id, seconds_start, seconds_end) VALUES(7450, 1655, 24988, 27882, 1286, 1308);
INSERT INTO player_team_game_play(player_id, team_id, game_id, play_id, seconds_start, seconds_end) VALUES(6719, 1655, 24988, 27882, 1286, 1308);
INSERT INTO player_team_game_play(player_id, team_id, game_id, play_id, seconds_start, seconds_end) VALUES(5568, 1649, 24988, 27882, 1286, 1308);
INSERT INTO player_team_game_play(player_id, team_id, game_id, play_id, seconds_start, seconds_end) VALUES(7015, 1649, 24988, 27882, 1286, 1308);
INSERT INTO player_team_game_play(player_id, team_id, game_id, play_id, seconds_start, seconds_end) VALUES(6138, 1649, 24988, 27882, 1286, 1308);
INSERT INTO player_team_game_play(player_id, team_id, game_id, play_id, seconds_start, seconds_end) VALUES(5150, 1649, 24988, 27882, 1286, 1308);
INSERT INTO player_team_game_play(player_id, team_id, game_id, play_id, seconds_start, seconds_end) VALUES(7407, 1649, 24988, 27882, 1286, 1308);
INSERT INTO lba.sub_play (play_id, seconds_da_start, player_made_id, team_made_id, game_made_id, player_suffered_id, team_suffered_id, game_suffered_id, shot_id, turnover_id, foul_id, rebound_defensive_01, rebound_offensive_01, assist_01, blocks_01, time_out_01, x, y)VALUES(27882, 15, 6719, 1655, 24988, NULL, NULL, NULL, 2, NULL, NULL, '', '', '', '', '', 20, 71);
INSERT INTO lba.sub_play (play_id, seconds_da_start, player_made_id, team_made_id, game_made_id, player_suffered_id, team_suffered_id, game_suffered_id, shot_id, turnover_id, foul_id, rebound_defensive_01, rebound_offensive_01, assist_01, blocks_01, time_out_01, x, y)VALUES(27882, 15, 6719, 1655, 24988, NULL, NULL, NULL, NULL, NULL, NULL, '', '1', '', '', '', 20, 71);
INSERT INTO lba.sub_play (play_id, seconds_da_start, player_made_id, team_made_id, game_made_id, player_suffered_id, team_suffered_id, game_suffered_id, shot_id, turnover_id, foul_id, rebound_defensive_01, rebound_offensive_01, assist_01, blocks_01, time_out_01, x, y)VALUES(27882, 22, 7447, 1655, 24988, NULL, NULL, NULL, 4, NULL, NULL, '', '', '', '', '', 29, 80);
INSERT INTO lba.sub_play (play_id, seconds_da_start, player_made_id, team_made_id, game_made_id, player_suffered_id, team_suffered_id, game_suffered_id, shot_id, turnover_id, foul_id, rebound_defensive_01, rebound_offensive_01, assist_01, blocks_01, time_out_01, x, y)VALUES(27882, 22, 5150, 1649, 24988, NULL, NULL, NULL, NULL, NULL, NULL, '1', '', '', '', '', 29, 80);

INSERT INTO play(id, game_id, seconds_start, seconds_end, quarter, attack_home_01, score_home, score_guest)VALUES(27883, 24988, 1308, 1339, 3, '0', 43, 46);
INSERT INTO player_team_game_play(player_id, team_id, game_id, play_id, seconds_start, seconds_end) VALUES(7449, 1655, 24988, 27883, 1308, 1339);
INSERT INTO player_team_game_play(player_id, team_id, game_id, play_id, seconds_start, seconds_end) VALUES(7447, 1655, 24988, 27883, 1308, 1339);
INSERT INTO player_team_game_play(player_id, team_id, game_id, play_id, seconds_start, seconds_end) VALUES(7049, 1655, 24988, 27883, 1308, 1339);
INSERT INTO player_team_game_play(player_id, team_id, game_id, play_id, seconds_start, seconds_end) VALUES(7450, 1655, 24988, 27883, 1308, 1339);
INSERT INTO player_team_game_play(player_id, team_id, game_id, play_id, seconds_start, seconds_end) VALUES(6719, 1655, 24988, 27883, 1308, 1339);
INSERT INTO player_team_game_play(player_id, team_id, game_id, play_id, seconds_start, seconds_end) VALUES(5568, 1649, 24988, 27883, 1308, 1339);
INSERT INTO player_team_game_play(player_id, team_id, game_id, play_id, seconds_start, seconds_end) VALUES(7015, 1649, 24988, 27883, 1308, 1339);
INSERT INTO player_team_game_play(player_id, team_id, game_id, play_id, seconds_start, seconds_end) VALUES(6138, 1649, 24988, 27883, 1308, 1339);
INSERT INTO player_team_game_play(player_id, team_id, game_id, play_id, seconds_start, seconds_end) VALUES(5150, 1649, 24988, 27883, 1308, 1339);
INSERT INTO player_team_game_play(player_id, team_id, game_id, play_id, seconds_start, seconds_end) VALUES(7407, 1649, 24988, 27883, 1308, 1339);
INSERT INTO lba.sub_play (play_id, seconds_da_start, player_made_id, team_made_id, game_made_id, player_suffered_id, team_suffered_id, game_suffered_id, shot_id, turnover_id, foul_id, rebound_defensive_01, rebound_offensive_01, assist_01, blocks_01, time_out_01, x, y)VALUES(27883, 22, 6719, 1655, 24988, 6138, 1649, 24988, NULL, NULL, 1, '', '', '', '', '', 91, 66);
INSERT INTO lba.sub_play (play_id, seconds_da_start, player_made_id, team_made_id, game_made_id, player_suffered_id, team_suffered_id, game_suffered_id, shot_id, turnover_id, foul_id, rebound_defensive_01, rebound_offensive_01, assist_01, blocks_01, time_out_01, x, y)VALUES(27883, 31, 7015, 1649, 24988, NULL, NULL, NULL, 4, NULL, NULL, '', '', '', '', '', 92, 4);
INSERT INTO lba.sub_play (play_id, seconds_da_start, player_made_id, team_made_id, game_made_id, player_suffered_id, team_suffered_id, game_suffered_id, shot_id, turnover_id, foul_id, rebound_defensive_01, rebound_offensive_01, assist_01, blocks_01, time_out_01, x, y)VALUES(27883, 31, 7450, 1655, 24988, NULL, NULL, NULL, NULL, NULL, NULL, '1', '', '', '', '', 92, 4);

INSERT INTO play(id, game_id, seconds_start, seconds_end, quarter, attack_home_01, score_home, score_guest)VALUES(27884, 24988, 1339, 1355, 3, '1', 46, 46);
INSERT INTO player_team_game_play(player_id, team_id, game_id, play_id, seconds_start, seconds_end) VALUES(7449, 1655, 24988, 27884, 1339, 1355);
INSERT INTO player_team_game_play(player_id, team_id, game_id, play_id, seconds_start, seconds_end) VALUES(7447, 1655, 24988, 27884, 1339, 1355);
INSERT INTO player_team_game_play(player_id, team_id, game_id, play_id, seconds_start, seconds_end) VALUES(7049, 1655, 24988, 27884, 1339, 1355);
INSERT INTO player_team_game_play(player_id, team_id, game_id, play_id, seconds_start, seconds_end) VALUES(7450, 1655, 24988, 27884, 1339, 1355);
INSERT INTO player_team_game_play(player_id, team_id, game_id, play_id, seconds_start, seconds_end) VALUES(6719, 1655, 24988, 27884, 1339, 1355);
INSERT INTO player_team_game_play(player_id, team_id, game_id, play_id, seconds_start, seconds_end) VALUES(5568, 1649, 24988, 27884, 1339, 1355);
INSERT INTO player_team_game_play(player_id, team_id, game_id, play_id, seconds_start, seconds_end) VALUES(7015, 1649, 24988, 27884, 1339, 1355);
INSERT INTO player_team_game_play(player_id, team_id, game_id, play_id, seconds_start, seconds_end) VALUES(6138, 1649, 24988, 27884, 1339, 1355);
INSERT INTO player_team_game_play(player_id, team_id, game_id, play_id, seconds_start, seconds_end) VALUES(5150, 1649, 24988, 27884, 1339, 1355);
INSERT INTO player_team_game_play(player_id, team_id, game_id, play_id, seconds_start, seconds_end) VALUES(7407, 1649, 24988, 27884, 1339, 1355);
INSERT INTO lba.sub_play (play_id, seconds_da_start, player_made_id, team_made_id, game_made_id, player_suffered_id, team_suffered_id, game_suffered_id, shot_id, turnover_id, foul_id, rebound_defensive_01, rebound_offensive_01, assist_01, blocks_01, time_out_01, x, y)VALUES(27884, 16, 7450, 1655, 24988, NULL, NULL, NULL, 3, NULL, NULL, '', '', '', '', '', 19, 92);
INSERT INTO lba.sub_play (play_id, seconds_da_start, player_made_id, team_made_id, game_made_id, player_suffered_id, team_suffered_id, game_suffered_id, shot_id, turnover_id, foul_id, rebound_defensive_01, rebound_offensive_01, assist_01, blocks_01, time_out_01, x, y)VALUES(27884, 16, 7447, 1655, 24988, NULL, NULL, NULL, NULL, NULL, NULL, '', '', '1', '', '', 19, 92);

INSERT INTO play(id, game_id, seconds_start, seconds_end, quarter, attack_home_01, score_home, score_guest)VALUES(27885, 24988, 1355, 1373, 3, '0', 46, 48);
INSERT INTO player_team_game_play(player_id, team_id, game_id, play_id, seconds_start, seconds_end) VALUES(7449, 1655, 24988, 27885, 1355, 1373);
INSERT INTO player_team_game_play(player_id, team_id, game_id, play_id, seconds_start, seconds_end) VALUES(7447, 1655, 24988, 27885, 1355, 1373);
INSERT INTO player_team_game_play(player_id, team_id, game_id, play_id, seconds_start, seconds_end) VALUES(7049, 1655, 24988, 27885, 1355, 1373);
INSERT INTO player_team_game_play(player_id, team_id, game_id, play_id, seconds_start, seconds_end) VALUES(7450, 1655, 24988, 27885, 1355, 1373);
INSERT INTO player_team_game_play(player_id, team_id, game_id, play_id, seconds_start, seconds_end) VALUES(6719, 1655, 24988, 27885, 1355, 1373);
INSERT INTO player_team_game_play(player_id, team_id, game_id, play_id, seconds_start, seconds_end) VALUES(5568, 1649, 24988, 27885, 1355, 1373);
INSERT INTO player_team_game_play(player_id, team_id, game_id, play_id, seconds_start, seconds_end) VALUES(7015, 1649, 24988, 27885, 1355, 1373);
INSERT INTO player_team_game_play(player_id, team_id, game_id, play_id, seconds_start, seconds_end) VALUES(6138, 1649, 24988, 27885, 1355, 1373);
INSERT INTO player_team_game_play(player_id, team_id, game_id, play_id, seconds_start, seconds_end) VALUES(5150, 1649, 24988, 27885, 1355, 1373);
INSERT INTO player_team_game_play(player_id, team_id, game_id, play_id, seconds_start, seconds_end) VALUES(7407, 1649, 24988, 27885, 1355, 1373);
INSERT INTO lba.sub_play (play_id, seconds_da_start, player_made_id, team_made_id, game_made_id, player_suffered_id, team_suffered_id, game_suffered_id, shot_id, turnover_id, foul_id, rebound_defensive_01, rebound_offensive_01, assist_01, blocks_01, time_out_01, x, y)VALUES(27885, 18, 5568, 1649, 24988, NULL, NULL, NULL, 2, NULL, NULL, '', '', '', '', '', 93, 44);
INSERT INTO lba.sub_play (play_id, seconds_da_start, player_made_id, team_made_id, game_made_id, player_suffered_id, team_suffered_id, game_suffered_id, shot_id, turnover_id, foul_id, rebound_defensive_01, rebound_offensive_01, assist_01, blocks_01, time_out_01, x, y)VALUES(27885, 18, 7407, 1649, 24988, NULL, NULL, NULL, NULL, NULL, NULL, '', '1', '', '', '', 93, 44);
INSERT INTO lba.sub_play (play_id, seconds_da_start, player_made_id, team_made_id, game_made_id, player_suffered_id, team_suffered_id, game_suffered_id, shot_id, turnover_id, foul_id, rebound_defensive_01, rebound_offensive_01, assist_01, blocks_01, time_out_01, x, y)VALUES(27885, 18, 7407, 1649, 24988, NULL, NULL, NULL, 1, NULL, NULL, '', '', '', '', '', 93, 44);

INSERT INTO play(id, game_id, seconds_start, seconds_end, quarter, attack_home_01, score_home, score_guest)VALUES(27886, 24988, 1373, 1386, 3, '1', 49, 48);
INSERT INTO player_team_game_play(player_id, team_id, game_id, play_id, seconds_start, seconds_end) VALUES(7449, 1655, 24988, 27886, 1373, 1386);
INSERT INTO player_team_game_play(player_id, team_id, game_id, play_id, seconds_start, seconds_end) VALUES(7447, 1655, 24988, 27886, 1373, 1386);
INSERT INTO player_team_game_play(player_id, team_id, game_id, play_id, seconds_start, seconds_end) VALUES(7049, 1655, 24988, 27886, 1373, 1386);
INSERT INTO player_team_game_play(player_id, team_id, game_id, play_id, seconds_start, seconds_end) VALUES(7450, 1655, 24988, 27886, 1373, 1386);
INSERT INTO player_team_game_play(player_id, team_id, game_id, play_id, seconds_start, seconds_end) VALUES(6719, 1655, 24988, 27886, 1373, 1386);
INSERT INTO player_team_game_play(player_id, team_id, game_id, play_id, seconds_start, seconds_end) VALUES(5568, 1649, 24988, 27886, 1373, 1386);
INSERT INTO player_team_game_play(player_id, team_id, game_id, play_id, seconds_start, seconds_end) VALUES(7015, 1649, 24988, 27886, 1373, 1386);
INSERT INTO player_team_game_play(player_id, team_id, game_id, play_id, seconds_start, seconds_end) VALUES(6138, 1649, 24988, 27886, 1373, 1386);
INSERT INTO player_team_game_play(player_id, team_id, game_id, play_id, seconds_start, seconds_end) VALUES(5150, 1649, 24988, 27886, 1373, 1386);
INSERT INTO player_team_game_play(player_id, team_id, game_id, play_id, seconds_start, seconds_end) VALUES(7407, 1649, 24988, 27886, 1373, 1386);
INSERT INTO lba.sub_play (play_id, seconds_da_start, player_made_id, team_made_id, game_made_id, player_suffered_id, team_suffered_id, game_suffered_id, shot_id, turnover_id, foul_id, rebound_defensive_01, rebound_offensive_01, assist_01, blocks_01, time_out_01, x, y)VALUES(27886, 13, 7450, 1655, 24988, NULL, NULL, NULL, 3, NULL, NULL, '', '', '', '', '', 22, 88);
INSERT INTO lba.sub_play (play_id, seconds_da_start, player_made_id, team_made_id, game_made_id, player_suffered_id, team_suffered_id, game_suffered_id, shot_id, turnover_id, foul_id, rebound_defensive_01, rebound_offensive_01, assist_01, blocks_01, time_out_01, x, y)VALUES(27886, 13, 7449, 1655, 24988, NULL, NULL, NULL, NULL, NULL, NULL, '', '', '1', '', '', 22, 88);

INSERT INTO play(id, game_id, seconds_start, seconds_end, quarter, attack_home_01, score_home, score_guest)VALUES(27887, 24988, 1386, 1423, 3, '0', 49, 48);
INSERT INTO player_team_game_play(player_id, team_id, game_id, play_id, seconds_start, seconds_end) VALUES(7449, 1655, 24988, 27887, 1386, 1423);
INSERT INTO player_team_game_play(player_id, team_id, game_id, play_id, seconds_start, seconds_end) VALUES(7447, 1655, 24988, 27887, 1386, 1423);
INSERT INTO player_team_game_play(player_id, team_id, game_id, play_id, seconds_start, seconds_end) VALUES(7049, 1655, 24988, 27887, 1386, 1423);
INSERT INTO player_team_game_play(player_id, team_id, game_id, play_id, seconds_start, seconds_end) VALUES(7450, 1655, 24988, 27887, 1386, 1423);
INSERT INTO player_team_game_play(player_id, team_id, game_id, play_id, seconds_start, seconds_end) VALUES(6719, 1655, 24988, 27887, 1386, 1423);
INSERT INTO player_team_game_play(player_id, team_id, game_id, play_id, seconds_start, seconds_end) VALUES(5568, 1649, 24988, 27887, 1386, 1423);
INSERT INTO player_team_game_play(player_id, team_id, game_id, play_id, seconds_start, seconds_end) VALUES(7015, 1649, 24988, 27887, 1386, 1423);
INSERT INTO player_team_game_play(player_id, team_id, game_id, play_id, seconds_start, seconds_end) VALUES(6138, 1649, 24988, 27887, 1386, 1423);
INSERT INTO player_team_game_play(player_id, team_id, game_id, play_id, seconds_start, seconds_end) VALUES(5150, 1649, 24988, 27887, 1386, 1423);
INSERT INTO player_team_game_play(player_id, team_id, game_id, play_id, seconds_start, seconds_end) VALUES(7407, 1649, 24988, 27887, 1386, 1423);
INSERT INTO lba.sub_play (play_id, seconds_da_start, player_made_id, team_made_id, game_made_id, player_suffered_id, team_suffered_id, game_suffered_id, shot_id, turnover_id, foul_id, rebound_defensive_01, rebound_offensive_01, assist_01, blocks_01, time_out_01, x, y)VALUES(27887, 37, 5150, 1649, 24988, NULL, NULL, NULL, 4, NULL, NULL, '', '', '', '', '', 88, 96);

INSERT INTO play(id, game_id, seconds_start, seconds_end, quarter, attack_home_01, score_home, score_guest)VALUES(27888, 24988, 1423, 1442, 3, '1', 49, 48);
INSERT INTO player_team_game_play(player_id, team_id, game_id, play_id, seconds_start, seconds_end) VALUES(7449, 1655, 24988, 27888, 1423, 1442);
INSERT INTO player_team_game_play(player_id, team_id, game_id, play_id, seconds_start, seconds_end) VALUES(7447, 1655, 24988, 27888, 1423, 1442);
INSERT INTO player_team_game_play(player_id, team_id, game_id, play_id, seconds_start, seconds_end) VALUES(7049, 1655, 24988, 27888, 1423, 1442);
INSERT INTO player_team_game_play(player_id, team_id, game_id, play_id, seconds_start, seconds_end) VALUES(7450, 1655, 24988, 27888, 1423, 1442);
INSERT INTO player_team_game_play(player_id, team_id, game_id, play_id, seconds_start, seconds_end) VALUES(6719, 1655, 24988, 27888, 1423, 1442);
INSERT INTO player_team_game_play(player_id, team_id, game_id, play_id, seconds_start, seconds_end) VALUES(5568, 1649, 24988, 27888, 1423, 1442);
INSERT INTO player_team_game_play(player_id, team_id, game_id, play_id, seconds_start, seconds_end) VALUES(7015, 1649, 24988, 27888, 1423, 1442);
INSERT INTO player_team_game_play(player_id, team_id, game_id, play_id, seconds_start, seconds_end) VALUES(6138, 1649, 24988, 27888, 1423, 1442);
INSERT INTO player_team_game_play(player_id, team_id, game_id, play_id, seconds_start, seconds_end) VALUES(5150, 1649, 24988, 27888, 1423, 1442);
INSERT INTO player_team_game_play(player_id, team_id, game_id, play_id, seconds_start, seconds_end) VALUES(7407, 1649, 24988, 27888, 1423, 1442);
UPDATE player_team_game_play SET seconds_end = 1425 WHERE player_id = 5568 AND game_id = 24988 AND play_id = 27888;
UPDATE player_team_game_play SET seconds_end = 1425 WHERE player_id = 7015 AND game_id = 24988 AND play_id = 27888;
INSERT INTO player_team_game_play(player_id, team_id, game_id, play_id, seconds_start, seconds_end) VALUES(3176, 1649, 24988, 27888, 1425, 1442);
INSERT INTO player_team_game_play(player_id, team_id, game_id, play_id, seconds_start, seconds_end) VALUES(7404, 1649, 24988, 27888, 1425, 1442);
INSERT INTO lba.sub_play (play_id, seconds_da_start, player_made_id, team_made_id, game_made_id, player_suffered_id, team_suffered_id, game_suffered_id, shot_id, turnover_id, foul_id, rebound_defensive_01, rebound_offensive_01, assist_01, blocks_01, time_out_01, x, y)VALUES(27888, 19, 7450, 1655, 24988, NULL, NULL, NULL, 2, NULL, NULL, '', '', '', '', '', 8, 67);
INSERT INTO lba.sub_play (play_id, seconds_da_start, player_made_id, team_made_id, game_made_id, player_suffered_id, team_suffered_id, game_suffered_id, shot_id, turnover_id, foul_id, rebound_defensive_01, rebound_offensive_01, assist_01, blocks_01, time_out_01, x, y)VALUES(27888, 19, 7407, 1649, 24988, NULL, NULL, NULL, NULL, NULL, NULL, '1', '', '', '', '', 8, 67);

INSERT INTO play(id, game_id, seconds_start, seconds_end, quarter, attack_home_01, score_home, score_guest)VALUES(27889, 24988, 1442, 1468, 3, '0', 49, 48);
INSERT INTO player_team_game_play(player_id, team_id, game_id, play_id, seconds_start, seconds_end) VALUES(7449, 1655, 24988, 27889, 1442, 1468);
INSERT INTO player_team_game_play(player_id, team_id, game_id, play_id, seconds_start, seconds_end) VALUES(7447, 1655, 24988, 27889, 1442, 1468);
INSERT INTO player_team_game_play(player_id, team_id, game_id, play_id, seconds_start, seconds_end) VALUES(7049, 1655, 24988, 27889, 1442, 1468);
INSERT INTO player_team_game_play(player_id, team_id, game_id, play_id, seconds_start, seconds_end) VALUES(7450, 1655, 24988, 27889, 1442, 1468);
INSERT INTO player_team_game_play(player_id, team_id, game_id, play_id, seconds_start, seconds_end) VALUES(6719, 1655, 24988, 27889, 1442, 1468);
INSERT INTO player_team_game_play(player_id, team_id, game_id, play_id, seconds_start, seconds_end) VALUES(3176, 1649, 24988, 27889, 1442, 1468);
INSERT INTO player_team_game_play(player_id, team_id, game_id, play_id, seconds_start, seconds_end) VALUES(6138, 1649, 24988, 27889, 1442, 1468);
INSERT INTO player_team_game_play(player_id, team_id, game_id, play_id, seconds_start, seconds_end) VALUES(7404, 1649, 24988, 27889, 1442, 1468);
INSERT INTO player_team_game_play(player_id, team_id, game_id, play_id, seconds_start, seconds_end) VALUES(5150, 1649, 24988, 27889, 1442, 1468);
INSERT INTO player_team_game_play(player_id, team_id, game_id, play_id, seconds_start, seconds_end) VALUES(7407, 1649, 24988, 27889, 1442, 1468);
UPDATE player_team_game_play SET seconds_end = 1453 WHERE player_id = 6719 AND game_id = 24988 AND play_id = 27889;
INSERT INTO player_team_game_play(player_id, team_id, game_id, play_id, seconds_start, seconds_end) VALUES(6320, 1655, 24988, 27889, 1453, 1468);
INSERT INTO lba.sub_play (play_id, seconds_da_start, player_made_id, team_made_id, game_made_id, player_suffered_id, team_suffered_id, game_suffered_id, shot_id, turnover_id, foul_id, rebound_defensive_01, rebound_offensive_01, assist_01, blocks_01, time_out_01, x, y)VALUES(27889, 11, 7450, 1655, 24988, 3176, 1649, 24988, NULL, NULL, 1, '', '', '', '', '', 92, 68);
INSERT INTO lba.sub_play (play_id, seconds_da_start, player_made_id, team_made_id, game_made_id, player_suffered_id, team_suffered_id, game_suffered_id, shot_id, turnover_id, foul_id, rebound_defensive_01, rebound_offensive_01, assist_01, blocks_01, time_out_01, x, y)VALUES(27889, 26, 3176, 1649, 24988, 6320, 1655, 24988, NULL, 1, NULL, '', '', '', '', '', 76, 34);

INSERT INTO play(id, game_id, seconds_start, seconds_end, quarter, attack_home_01, score_home, score_guest)VALUES(27890, 24988, 1468, 1493, 3, '1', 49, 48);
INSERT INTO player_team_game_play(player_id, team_id, game_id, play_id, seconds_start, seconds_end) VALUES(6320, 1655, 24988, 27890, 1468, 1493);
INSERT INTO player_team_game_play(player_id, team_id, game_id, play_id, seconds_start, seconds_end) VALUES(7449, 1655, 24988, 27890, 1468, 1493);
INSERT INTO player_team_game_play(player_id, team_id, game_id, play_id, seconds_start, seconds_end) VALUES(7447, 1655, 24988, 27890, 1468, 1493);
INSERT INTO player_team_game_play(player_id, team_id, game_id, play_id, seconds_start, seconds_end) VALUES(7049, 1655, 24988, 27890, 1468, 1493);
INSERT INTO player_team_game_play(player_id, team_id, game_id, play_id, seconds_start, seconds_end) VALUES(7450, 1655, 24988, 27890, 1468, 1493);
INSERT INTO player_team_game_play(player_id, team_id, game_id, play_id, seconds_start, seconds_end) VALUES(3176, 1649, 24988, 27890, 1468, 1493);
INSERT INTO player_team_game_play(player_id, team_id, game_id, play_id, seconds_start, seconds_end) VALUES(6138, 1649, 24988, 27890, 1468, 1493);
INSERT INTO player_team_game_play(player_id, team_id, game_id, play_id, seconds_start, seconds_end) VALUES(7404, 1649, 24988, 27890, 1468, 1493);
INSERT INTO player_team_game_play(player_id, team_id, game_id, play_id, seconds_start, seconds_end) VALUES(5150, 1649, 24988, 27890, 1468, 1493);
INSERT INTO player_team_game_play(player_id, team_id, game_id, play_id, seconds_start, seconds_end) VALUES(7407, 1649, 24988, 27890, 1468, 1493);
INSERT INTO lba.sub_play (play_id, seconds_da_start, player_made_id, team_made_id, game_made_id, player_suffered_id, team_suffered_id, game_suffered_id, shot_id, turnover_id, foul_id, rebound_defensive_01, rebound_offensive_01, assist_01, blocks_01, time_out_01, x, y)VALUES(27890, 18, 7447, 1655, 24988, NULL, NULL, NULL, 4, NULL, NULL, '', '', '', '', '', 32, 57);
INSERT INTO lba.sub_play (play_id, seconds_da_start, player_made_id, team_made_id, game_made_id, player_suffered_id, team_suffered_id, game_suffered_id, shot_id, turnover_id, foul_id, rebound_defensive_01, rebound_offensive_01, assist_01, blocks_01, time_out_01, x, y)VALUES(27890, 18, 7449, 1655, 24988, NULL, NULL, NULL, NULL, NULL, NULL, '', '1', '', '', '', 32, 57);
INSERT INTO lba.sub_play (play_id, seconds_da_start, player_made_id, team_made_id, game_made_id, player_suffered_id, team_suffered_id, game_suffered_id, shot_id, turnover_id, foul_id, rebound_defensive_01, rebound_offensive_01, assist_01, blocks_01, time_out_01, x, y)VALUES(27890, 25, 7447, 1655, 24988, NULL, NULL, NULL, 2, NULL, NULL, '', '', '', '', '', 12, 53);
INSERT INTO lba.sub_play (play_id, seconds_da_start, player_made_id, team_made_id, game_made_id, player_suffered_id, team_suffered_id, game_suffered_id, shot_id, turnover_id, foul_id, rebound_defensive_01, rebound_offensive_01, assist_01, blocks_01, time_out_01, x, y)VALUES(27890, 25, 7407, 1649, 24988, 7447, 1655, 24988, NULL, NULL, NULL, '', '', '', '1', '', 12, 53);
INSERT INTO lba.sub_play (play_id, seconds_da_start, player_made_id, team_made_id, game_made_id, player_suffered_id, team_suffered_id, game_suffered_id, shot_id, turnover_id, foul_id, rebound_defensive_01, rebound_offensive_01, assist_01, blocks_01, time_out_01, x, y)VALUES(27890, 25, 6138, 1649, 24988, NULL, NULL, NULL, NULL, NULL, NULL, '1', '', '', '', '', 12, 53);

INSERT INTO play(id, game_id, seconds_start, seconds_end, quarter, attack_home_01, score_home, score_guest)VALUES(27891, 24988, 1493, 1503, 3, '0', 49, 50);
INSERT INTO player_team_game_play(player_id, team_id, game_id, play_id, seconds_start, seconds_end) VALUES(6320, 1655, 24988, 27891, 1493, 1503);
INSERT INTO player_team_game_play(player_id, team_id, game_id, play_id, seconds_start, seconds_end) VALUES(7449, 1655, 24988, 27891, 1493, 1503);
INSERT INTO player_team_game_play(player_id, team_id, game_id, play_id, seconds_start, seconds_end) VALUES(7447, 1655, 24988, 27891, 1493, 1503);
INSERT INTO player_team_game_play(player_id, team_id, game_id, play_id, seconds_start, seconds_end) VALUES(7049, 1655, 24988, 27891, 1493, 1503);
INSERT INTO player_team_game_play(player_id, team_id, game_id, play_id, seconds_start, seconds_end) VALUES(7450, 1655, 24988, 27891, 1493, 1503);
INSERT INTO player_team_game_play(player_id, team_id, game_id, play_id, seconds_start, seconds_end) VALUES(3176, 1649, 24988, 27891, 1493, 1503);
INSERT INTO player_team_game_play(player_id, team_id, game_id, play_id, seconds_start, seconds_end) VALUES(6138, 1649, 24988, 27891, 1493, 1503);
INSERT INTO player_team_game_play(player_id, team_id, game_id, play_id, seconds_start, seconds_end) VALUES(7404, 1649, 24988, 27891, 1493, 1503);
INSERT INTO player_team_game_play(player_id, team_id, game_id, play_id, seconds_start, seconds_end) VALUES(5150, 1649, 24988, 27891, 1493, 1503);
INSERT INTO player_team_game_play(player_id, team_id, game_id, play_id, seconds_start, seconds_end) VALUES(7407, 1649, 24988, 27891, 1493, 1503);
INSERT INTO lba.sub_play (play_id, seconds_da_start, player_made_id, team_made_id, game_made_id, player_suffered_id, team_suffered_id, game_suffered_id, shot_id, turnover_id, foul_id, rebound_defensive_01, rebound_offensive_01, assist_01, blocks_01, time_out_01, x, y)VALUES(27891, 10, 7407, 1649, 24988, NULL, NULL, NULL, 1, NULL, NULL, '', '', '', '', '', 87, 49);
INSERT INTO lba.sub_play (play_id, seconds_da_start, player_made_id, team_made_id, game_made_id, player_suffered_id, team_suffered_id, game_suffered_id, shot_id, turnover_id, foul_id, rebound_defensive_01, rebound_offensive_01, assist_01, blocks_01, time_out_01, x, y)VALUES(27891, 10, 7404, 1649, 24988, NULL, NULL, NULL, NULL, NULL, NULL, '', '', '1', '', '', 87, 49);

INSERT INTO play(id, game_id, seconds_start, seconds_end, quarter, attack_home_01, score_home, score_guest)VALUES(27892, 24988, 1503, 1518, 3, '1', 49, 50);
INSERT INTO player_team_game_play(player_id, team_id, game_id, play_id, seconds_start, seconds_end) VALUES(6320, 1655, 24988, 27892, 1503, 1518);
INSERT INTO player_team_game_play(player_id, team_id, game_id, play_id, seconds_start, seconds_end) VALUES(7449, 1655, 24988, 27892, 1503, 1518);
INSERT INTO player_team_game_play(player_id, team_id, game_id, play_id, seconds_start, seconds_end) VALUES(7447, 1655, 24988, 27892, 1503, 1518);
INSERT INTO player_team_game_play(player_id, team_id, game_id, play_id, seconds_start, seconds_end) VALUES(7049, 1655, 24988, 27892, 1503, 1518);
INSERT INTO player_team_game_play(player_id, team_id, game_id, play_id, seconds_start, seconds_end) VALUES(7450, 1655, 24988, 27892, 1503, 1518);
INSERT INTO player_team_game_play(player_id, team_id, game_id, play_id, seconds_start, seconds_end) VALUES(3176, 1649, 24988, 27892, 1503, 1518);
INSERT INTO player_team_game_play(player_id, team_id, game_id, play_id, seconds_start, seconds_end) VALUES(6138, 1649, 24988, 27892, 1503, 1518);
INSERT INTO player_team_game_play(player_id, team_id, game_id, play_id, seconds_start, seconds_end) VALUES(7404, 1649, 24988, 27892, 1503, 1518);
INSERT INTO player_team_game_play(player_id, team_id, game_id, play_id, seconds_start, seconds_end) VALUES(5150, 1649, 24988, 27892, 1503, 1518);
INSERT INTO player_team_game_play(player_id, team_id, game_id, play_id, seconds_start, seconds_end) VALUES(7407, 1649, 24988, 27892, 1503, 1518);
INSERT INTO lba.sub_play (play_id, seconds_da_start, player_made_id, team_made_id, game_made_id, player_suffered_id, team_suffered_id, game_suffered_id, shot_id, turnover_id, foul_id, rebound_defensive_01, rebound_offensive_01, assist_01, blocks_01, time_out_01, x, y)VALUES(27892, 15, 7449, 1655, 24988, 6138, 1649, 24988, NULL, 1, NULL, '', '', '', '', '', 10, 53);

INSERT INTO play(id, game_id, seconds_start, seconds_end, quarter, attack_home_01, score_home, score_guest)VALUES(27893, 24988, 1518, 1529, 3, '0', 49, 50);
INSERT INTO player_team_game_play(player_id, team_id, game_id, play_id, seconds_start, seconds_end) VALUES(6320, 1655, 24988, 27893, 1518, 1529);
INSERT INTO player_team_game_play(player_id, team_id, game_id, play_id, seconds_start, seconds_end) VALUES(7449, 1655, 24988, 27893, 1518, 1529);
INSERT INTO player_team_game_play(player_id, team_id, game_id, play_id, seconds_start, seconds_end) VALUES(7447, 1655, 24988, 27893, 1518, 1529);
INSERT INTO player_team_game_play(player_id, team_id, game_id, play_id, seconds_start, seconds_end) VALUES(7049, 1655, 24988, 27893, 1518, 1529);
INSERT INTO player_team_game_play(player_id, team_id, game_id, play_id, seconds_start, seconds_end) VALUES(7450, 1655, 24988, 27893, 1518, 1529);
INSERT INTO player_team_game_play(player_id, team_id, game_id, play_id, seconds_start, seconds_end) VALUES(3176, 1649, 24988, 27893, 1518, 1529);
INSERT INTO player_team_game_play(player_id, team_id, game_id, play_id, seconds_start, seconds_end) VALUES(6138, 1649, 24988, 27893, 1518, 1529);
INSERT INTO player_team_game_play(player_id, team_id, game_id, play_id, seconds_start, seconds_end) VALUES(7404, 1649, 24988, 27893, 1518, 1529);
INSERT INTO player_team_game_play(player_id, team_id, game_id, play_id, seconds_start, seconds_end) VALUES(5150, 1649, 24988, 27893, 1518, 1529);
INSERT INTO player_team_game_play(player_id, team_id, game_id, play_id, seconds_start, seconds_end) VALUES(7407, 1649, 24988, 27893, 1518, 1529);
UPDATE player_team_game_play SET seconds_end = 1521 WHERE player_id = 7450 AND game_id = 24988 AND play_id = 27893;
INSERT INTO player_team_game_play(player_id, team_id, game_id, play_id, seconds_start, seconds_end) VALUES(7451, 1655, 24988, 27893, 1521, 1529);
UPDATE player_team_game_play SET seconds_end = 1521 WHERE player_id = 6138 AND game_id = 24988 AND play_id = 27893;
INSERT INTO player_team_game_play(player_id, team_id, game_id, play_id, seconds_start, seconds_end) VALUES(2103, 1649, 24988, 27893, 1521, 1529);
INSERT INTO lba.sub_play (play_id, seconds_da_start, player_made_id, team_made_id, game_made_id, player_suffered_id, team_suffered_id, game_suffered_id, shot_id, turnover_id, foul_id, rebound_defensive_01, rebound_offensive_01, assist_01, blocks_01, time_out_01, x, y)VALUES(27893, 3, 7447, 1655, 24988, 6138, 1649, 24988, NULL, NULL, 1, '', '', '', '', '', 56, 62);
INSERT INTO lba.sub_play (play_id, seconds_da_start, player_made_id, team_made_id, game_made_id, player_suffered_id, team_suffered_id, game_suffered_id, shot_id, turnover_id, foul_id, rebound_defensive_01, rebound_offensive_01, assist_01, blocks_01, time_out_01, x, y)VALUES(27893, 11, 3176, 1649, 24988, 7049, 1655, 24988, NULL, NULL, 7, '', '', '', '', '', 69, 60);
INSERT INTO lba.sub_play (play_id, seconds_da_start, player_made_id, team_made_id, game_made_id, player_suffered_id, team_suffered_id, game_suffered_id, shot_id, turnover_id, foul_id, rebound_defensive_01, rebound_offensive_01, assist_01, blocks_01, time_out_01, x, y)VALUES(27893, 11, 3176, 1649, 24988, NULL, NULL, NULL, NULL, 13, NULL, '', '', '', '', '', 69, 60);

INSERT INTO play(id, game_id, seconds_start, seconds_end, quarter, attack_home_01, score_home, score_guest)VALUES(27894, 24988, 1529, 1583, 3, '0', 51, 52);
INSERT INTO player_team_game_play(player_id, team_id, game_id, play_id, seconds_start, seconds_end) VALUES(6320, 1655, 24988, 27894, 1529, 1583);
INSERT INTO player_team_game_play(player_id, team_id, game_id, play_id, seconds_start, seconds_end) VALUES(7449, 1655, 24988, 27894, 1529, 1583);
INSERT INTO player_team_game_play(player_id, team_id, game_id, play_id, seconds_start, seconds_end) VALUES(7447, 1655, 24988, 27894, 1529, 1583);
INSERT INTO player_team_game_play(player_id, team_id, game_id, play_id, seconds_start, seconds_end) VALUES(7049, 1655, 24988, 27894, 1529, 1583);
INSERT INTO player_team_game_play(player_id, team_id, game_id, play_id, seconds_start, seconds_end) VALUES(7451, 1655, 24988, 27894, 1529, 1583);
INSERT INTO player_team_game_play(player_id, team_id, game_id, play_id, seconds_start, seconds_end) VALUES(2103, 1649, 24988, 27894, 1529, 1583);
INSERT INTO player_team_game_play(player_id, team_id, game_id, play_id, seconds_start, seconds_end) VALUES(3176, 1649, 24988, 27894, 1529, 1583);
INSERT INTO player_team_game_play(player_id, team_id, game_id, play_id, seconds_start, seconds_end) VALUES(7404, 1649, 24988, 27894, 1529, 1583);
INSERT INTO player_team_game_play(player_id, team_id, game_id, play_id, seconds_start, seconds_end) VALUES(5150, 1649, 24988, 27894, 1529, 1583);
INSERT INTO player_team_game_play(player_id, team_id, game_id, play_id, seconds_start, seconds_end) VALUES(7407, 1649, 24988, 27894, 1529, 1583);
UPDATE player_team_game_play SET seconds_end = 1548 WHERE player_id = 7049 AND game_id = 24988 AND play_id = 27894;
INSERT INTO player_team_game_play(player_id, team_id, game_id, play_id, seconds_start, seconds_end) VALUES(7448, 1655, 24988, 27894, 1548, 1583);
UPDATE player_team_game_play SET seconds_end = 1548 WHERE player_id = 5150 AND game_id = 24988 AND play_id = 27894;
INSERT INTO player_team_game_play(player_id, team_id, game_id, play_id, seconds_start, seconds_end) VALUES(7406, 1649, 24988, 27894, 1548, 1583);
UPDATE player_team_game_play SET seconds_end = 1574 WHERE player_id = 3176 AND game_id = 24988 AND play_id = 27894;
UPDATE player_team_game_play SET seconds_end = 1574 WHERE player_id = 7407 AND game_id = 24988 AND play_id = 27894;
INSERT INTO player_team_game_play(player_id, team_id, game_id, play_id, seconds_start, seconds_end) VALUES(4692, 1649, 24988, 27894, 1574, 1583);
INSERT INTO player_team_game_play(player_id, team_id, game_id, play_id, seconds_start, seconds_end) VALUES(7015, 1649, 24988, 27894, 1574, 1583);
INSERT INTO lba.sub_play (play_id, seconds_da_start, player_made_id, team_made_id, game_made_id, player_suffered_id, team_suffered_id, game_suffered_id, shot_id, turnover_id, foul_id, rebound_defensive_01, rebound_offensive_01, assist_01, blocks_01, time_out_01, x, y)VALUES(27894, 19, 3176, 1649, 24988, 7447, 1655, 24988, NULL, NULL, 1, '', '', '', '', '', 22, 59);
INSERT INTO lba.sub_play (play_id, seconds_da_start, player_made_id, team_made_id, game_made_id, player_suffered_id, team_suffered_id, game_suffered_id, shot_id, turnover_id, foul_id, rebound_defensive_01, rebound_offensive_01, assist_01, blocks_01, time_out_01, x, y)VALUES(27894, 32, 7449, 1655, 24988, NULL, NULL, NULL, 2, NULL, NULL, '', '', '', '', '', 10, 58);
INSERT INTO lba.sub_play (play_id, seconds_da_start, player_made_id, team_made_id, game_made_id, player_suffered_id, team_suffered_id, game_suffered_id, shot_id, turnover_id, foul_id, rebound_defensive_01, rebound_offensive_01, assist_01, blocks_01, time_out_01, x, y)VALUES(27894, 32, 7449, 1655, 24988, NULL, NULL, NULL, NULL, NULL, NULL, '', '1', '', '', '', 10, 58);
INSERT INTO lba.sub_play (play_id, seconds_da_start, player_made_id, team_made_id, game_made_id, player_suffered_id, team_suffered_id, game_suffered_id, shot_id, turnover_id, foul_id, rebound_defensive_01, rebound_offensive_01, assist_01, blocks_01, time_out_01, x, y)VALUES(27894, 35, 7449, 1655, 24988, NULL, NULL, NULL, 1, NULL, NULL, '', '', '', '', '', 7, 48);
INSERT INTO lba.sub_play (play_id, seconds_da_start, player_made_id, team_made_id, game_made_id, player_suffered_id, team_suffered_id, game_suffered_id, shot_id, turnover_id, foul_id, rebound_defensive_01, rebound_offensive_01, assist_01, blocks_01, time_out_01, x, y)VALUES(27894, 45, 6320, 1655, 24988, 7404, 1649, 24988, NULL, NULL, 1, '', '', '', '', '', 86, 66);
INSERT INTO lba.sub_play (play_id, seconds_da_start, player_made_id, team_made_id, game_made_id, player_suffered_id, team_suffered_id, game_suffered_id, shot_id, turnover_id, foul_id, rebound_defensive_01, rebound_offensive_01, assist_01, blocks_01, time_out_01, x, y)VALUES(27894, 54, 2103, 1649, 24988, NULL, NULL, NULL, 1, NULL, NULL, '', '', '', '', '', 93, 54);

INSERT INTO play(id, game_id, seconds_start, seconds_end, quarter, attack_home_01, score_home, score_guest)VALUES(27895, 24988, 1583, 1603, 3, '1', 51, 52);
INSERT INTO player_team_game_play(player_id, team_id, game_id, play_id, seconds_start, seconds_end) VALUES(6320, 1655, 24988, 27895, 1583, 1603);
INSERT INTO player_team_game_play(player_id, team_id, game_id, play_id, seconds_start, seconds_end) VALUES(7447, 1655, 24988, 27895, 1583, 1603);
INSERT INTO player_team_game_play(player_id, team_id, game_id, play_id, seconds_start, seconds_end) VALUES(7448, 1655, 24988, 27895, 1583, 1603);
INSERT INTO player_team_game_play(player_id, team_id, game_id, play_id, seconds_start, seconds_end) VALUES(7449, 1655, 24988, 27895, 1583, 1603);
INSERT INTO player_team_game_play(player_id, team_id, game_id, play_id, seconds_start, seconds_end) VALUES(7451, 1655, 24988, 27895, 1583, 1603);
INSERT INTO player_team_game_play(player_id, team_id, game_id, play_id, seconds_start, seconds_end) VALUES(4692, 1649, 24988, 27895, 1583, 1603);
INSERT INTO player_team_game_play(player_id, team_id, game_id, play_id, seconds_start, seconds_end) VALUES(2103, 1649, 24988, 27895, 1583, 1603);
INSERT INTO player_team_game_play(player_id, team_id, game_id, play_id, seconds_start, seconds_end) VALUES(7015, 1649, 24988, 27895, 1583, 1603);
INSERT INTO player_team_game_play(player_id, team_id, game_id, play_id, seconds_start, seconds_end) VALUES(7404, 1649, 24988, 27895, 1583, 1603);
INSERT INTO player_team_game_play(player_id, team_id, game_id, play_id, seconds_start, seconds_end) VALUES(7406, 1649, 24988, 27895, 1583, 1603);
INSERT INTO lba.sub_play (play_id, seconds_da_start, player_made_id, team_made_id, game_made_id, player_suffered_id, team_suffered_id, game_suffered_id, shot_id, turnover_id, foul_id, rebound_defensive_01, rebound_offensive_01, assist_01, blocks_01, time_out_01, x, y)VALUES(27895, 15, 7448, 1655, 24988, NULL, NULL, NULL, 4, NULL, NULL, '', '', '', '', '', 31, 64);
INSERT INTO lba.sub_play (play_id, seconds_da_start, player_made_id, team_made_id, game_made_id, player_suffered_id, team_suffered_id, game_suffered_id, shot_id, turnover_id, foul_id, rebound_defensive_01, rebound_offensive_01, assist_01, blocks_01, time_out_01, x, y)VALUES(27895, 15, 6320, 1655, 24988, NULL, NULL, NULL, NULL, NULL, NULL, '', '1', '', '', '', 31, 64);
INSERT INTO lba.sub_play (play_id, seconds_da_start, player_made_id, team_made_id, game_made_id, player_suffered_id, team_suffered_id, game_suffered_id, shot_id, turnover_id, foul_id, rebound_defensive_01, rebound_offensive_01, assist_01, blocks_01, time_out_01, x, y)VALUES(27895, 20, 7451, 1655, 24988, NULL, NULL, NULL, 4, NULL, NULL, '', '', '', '', '', 32, 47);
INSERT INTO lba.sub_play (play_id, seconds_da_start, player_made_id, team_made_id, game_made_id, player_suffered_id, team_suffered_id, game_suffered_id, shot_id, turnover_id, foul_id, rebound_defensive_01, rebound_offensive_01, assist_01, blocks_01, time_out_01, x, y)VALUES(27895, 20, 7404, 1649, 24988, NULL, NULL, NULL, NULL, NULL, NULL, '1', '', '', '', '', 32, 47);

INSERT INTO play(id, game_id, seconds_start, seconds_end, quarter, attack_home_01, score_home, score_guest)VALUES(27896, 24988, 1603, 1607, 3, '0', 51, 53);
INSERT INTO player_team_game_play(player_id, team_id, game_id, play_id, seconds_start, seconds_end) VALUES(6320, 1655, 24988, 27896, 1603, 1607);
INSERT INTO player_team_game_play(player_id, team_id, game_id, play_id, seconds_start, seconds_end) VALUES(7447, 1655, 24988, 27896, 1603, 1607);
INSERT INTO player_team_game_play(player_id, team_id, game_id, play_id, seconds_start, seconds_end) VALUES(7448, 1655, 24988, 27896, 1603, 1607);
INSERT INTO player_team_game_play(player_id, team_id, game_id, play_id, seconds_start, seconds_end) VALUES(7449, 1655, 24988, 27896, 1603, 1607);
INSERT INTO player_team_game_play(player_id, team_id, game_id, play_id, seconds_start, seconds_end) VALUES(7451, 1655, 24988, 27896, 1603, 1607);
INSERT INTO player_team_game_play(player_id, team_id, game_id, play_id, seconds_start, seconds_end) VALUES(4692, 1649, 24988, 27896, 1603, 1607);
INSERT INTO player_team_game_play(player_id, team_id, game_id, play_id, seconds_start, seconds_end) VALUES(2103, 1649, 24988, 27896, 1603, 1607);
INSERT INTO player_team_game_play(player_id, team_id, game_id, play_id, seconds_start, seconds_end) VALUES(7015, 1649, 24988, 27896, 1603, 1607);
INSERT INTO player_team_game_play(player_id, team_id, game_id, play_id, seconds_start, seconds_end) VALUES(7404, 1649, 24988, 27896, 1603, 1607);
INSERT INTO player_team_game_play(player_id, team_id, game_id, play_id, seconds_start, seconds_end) VALUES(7406, 1649, 24988, 27896, 1603, 1607);
UPDATE player_team_game_play SET seconds_end = 1607 WHERE player_id = 7449 AND game_id = 24988 AND play_id = 27896;
UPDATE player_team_game_play SET seconds_end = 1607 WHERE player_id = 7447 AND game_id = 24988 AND play_id = 27896;
INSERT INTO player_team_game_play(player_id, team_id, game_id, play_id, seconds_start, seconds_end) VALUES(378, 1655, 24988, 27896, 1607, 1607);
INSERT INTO player_team_game_play(player_id, team_id, game_id, play_id, seconds_start, seconds_end) VALUES(2148, 1655, 24988, 27896, 1607, 1607);
INSERT INTO lba.sub_play (play_id, seconds_da_start, player_made_id, team_made_id, game_made_id, player_suffered_id, team_suffered_id, game_suffered_id, shot_id, turnover_id, foul_id, rebound_defensive_01, rebound_offensive_01, assist_01, blocks_01, time_out_01, x, y)VALUES(27896, 4, 7449, 1655, 24988, 7404, 1649, 24988, NULL, NULL, 1, '', '', '', '', '', 14, 53);
INSERT INTO lba.sub_play (play_id, seconds_da_start, player_made_id, team_made_id, game_made_id, player_suffered_id, team_suffered_id, game_suffered_id, shot_id, turnover_id, foul_id, rebound_defensive_01, rebound_offensive_01, assist_01, blocks_01, time_out_01, x, y)VALUES(27896, 4, 7404, 1649, 24988, NULL, NULL, NULL, 6, NULL, NULL, '', '', '', '', '', NULL, NULL);
INSERT INTO lba.sub_play (play_id, seconds_da_start, player_made_id, team_made_id, game_made_id, player_suffered_id, team_suffered_id, game_suffered_id, shot_id, turnover_id, foul_id, rebound_defensive_01, rebound_offensive_01, assist_01, blocks_01, time_out_01, x, y)VALUES(27896, 4, 7404, 1649, 24988, NULL, NULL, NULL, 5, NULL, NULL, '', '', '', '', '', NULL, NULL);

INSERT INTO play(id, game_id, seconds_start, seconds_end, quarter, attack_home_01, score_home, score_guest)VALUES(27897, 24988, 1607, 1636, 3, '1', 51, 53);
INSERT INTO player_team_game_play(player_id, team_id, game_id, play_id, seconds_start, seconds_end) VALUES(6320, 1655, 24988, 27897, 1607, 1636);
INSERT INTO player_team_game_play(player_id, team_id, game_id, play_id, seconds_start, seconds_end) VALUES(7447, 1655, 24988, 27897, 1607, 1636);
INSERT INTO player_team_game_play(player_id, team_id, game_id, play_id, seconds_start, seconds_end) VALUES(7448, 1655, 24988, 27897, 1607, 1636);
INSERT INTO player_team_game_play(player_id, team_id, game_id, play_id, seconds_start, seconds_end) VALUES(7449, 1655, 24988, 27897, 1607, 1636);
INSERT INTO player_team_game_play(player_id, team_id, game_id, play_id, seconds_start, seconds_end) VALUES(7451, 1655, 24988, 27897, 1607, 1636);
INSERT INTO player_team_game_play(player_id, team_id, game_id, play_id, seconds_start, seconds_end) VALUES(4692, 1649, 24988, 27897, 1607, 1636);
INSERT INTO player_team_game_play(player_id, team_id, game_id, play_id, seconds_start, seconds_end) VALUES(2103, 1649, 24988, 27897, 1607, 1636);
INSERT INTO player_team_game_play(player_id, team_id, game_id, play_id, seconds_start, seconds_end) VALUES(7015, 1649, 24988, 27897, 1607, 1636);
INSERT INTO player_team_game_play(player_id, team_id, game_id, play_id, seconds_start, seconds_end) VALUES(7404, 1649, 24988, 27897, 1607, 1636);
INSERT INTO player_team_game_play(player_id, team_id, game_id, play_id, seconds_start, seconds_end) VALUES(7406, 1649, 24988, 27897, 1607, 1636);
UPDATE player_team_game_play SET seconds_end = 1607 WHERE player_id = 7449 AND game_id = 24988 AND play_id = 27897;
UPDATE player_team_game_play SET seconds_end = 1607 WHERE player_id = 7447 AND game_id = 24988 AND play_id = 27897;
INSERT INTO player_team_game_play(player_id, team_id, game_id, play_id, seconds_start, seconds_end) VALUES(378, 1655, 24988, 27897, 1607, 1636);
INSERT INTO player_team_game_play(player_id, team_id, game_id, play_id, seconds_start, seconds_end) VALUES(2148, 1655, 24988, 27897, 1607, 1636);
INSERT INTO lba.sub_play (play_id, seconds_da_start, player_made_id, team_made_id, game_made_id, player_suffered_id, team_suffered_id, game_suffered_id, shot_id, turnover_id, foul_id, rebound_defensive_01, rebound_offensive_01, assist_01, blocks_01, time_out_01, x, y)VALUES(27897, 23, 2148, 1655, 24988, NULL, NULL, NULL, 4, NULL, NULL, '', '', '', '', '', 31, 64);
INSERT INTO lba.sub_play (play_id, seconds_da_start, player_made_id, team_made_id, game_made_id, player_suffered_id, team_suffered_id, game_suffered_id, shot_id, turnover_id, foul_id, rebound_defensive_01, rebound_offensive_01, assist_01, blocks_01, time_out_01, x, y)VALUES(27897, 29, 2148, 1655, 24988, 7404, 1649, 24988, NULL, 1, NULL, '', '', '', '', '', 25, 52);

INSERT INTO play(id, game_id, seconds_start, seconds_end, quarter, attack_home_01, score_home, score_guest)VALUES(27898, 24988, 1636, 1651, 3, '0', 51, 53);
INSERT INTO player_team_game_play(player_id, team_id, game_id, play_id, seconds_start, seconds_end) VALUES(6320, 1655, 24988, 27898, 1636, 1651);
INSERT INTO player_team_game_play(player_id, team_id, game_id, play_id, seconds_start, seconds_end) VALUES(2148, 1655, 24988, 27898, 1636, 1651);
INSERT INTO player_team_game_play(player_id, team_id, game_id, play_id, seconds_start, seconds_end) VALUES(7448, 1655, 24988, 27898, 1636, 1651);
INSERT INTO player_team_game_play(player_id, team_id, game_id, play_id, seconds_start, seconds_end) VALUES(378, 1655, 24988, 27898, 1636, 1651);
INSERT INTO player_team_game_play(player_id, team_id, game_id, play_id, seconds_start, seconds_end) VALUES(7451, 1655, 24988, 27898, 1636, 1651);
INSERT INTO player_team_game_play(player_id, team_id, game_id, play_id, seconds_start, seconds_end) VALUES(4692, 1649, 24988, 27898, 1636, 1651);
INSERT INTO player_team_game_play(player_id, team_id, game_id, play_id, seconds_start, seconds_end) VALUES(2103, 1649, 24988, 27898, 1636, 1651);
INSERT INTO player_team_game_play(player_id, team_id, game_id, play_id, seconds_start, seconds_end) VALUES(7015, 1649, 24988, 27898, 1636, 1651);
INSERT INTO player_team_game_play(player_id, team_id, game_id, play_id, seconds_start, seconds_end) VALUES(7404, 1649, 24988, 27898, 1636, 1651);
INSERT INTO player_team_game_play(player_id, team_id, game_id, play_id, seconds_start, seconds_end) VALUES(7406, 1649, 24988, 27898, 1636, 1651);
INSERT INTO lba.sub_play (play_id, seconds_da_start, player_made_id, team_made_id, game_made_id, player_suffered_id, team_suffered_id, game_suffered_id, shot_id, turnover_id, foul_id, rebound_defensive_01, rebound_offensive_01, assist_01, blocks_01, time_out_01, x, y)VALUES(27898, 15, 7404, 1649, 24988, 2148, 1655, 24988, NULL, 1, NULL, '', '', '', '', '', 91, 53);

INSERT INTO play(id, game_id, seconds_start, seconds_end, quarter, attack_home_01, score_home, score_guest)VALUES(27899, 24988, 1651, 1664, 3, '1', 51, 53);
INSERT INTO player_team_game_play(player_id, team_id, game_id, play_id, seconds_start, seconds_end) VALUES(6320, 1655, 24988, 27899, 1651, 1664);
INSERT INTO player_team_game_play(player_id, team_id, game_id, play_id, seconds_start, seconds_end) VALUES(2148, 1655, 24988, 27899, 1651, 1664);
INSERT INTO player_team_game_play(player_id, team_id, game_id, play_id, seconds_start, seconds_end) VALUES(7448, 1655, 24988, 27899, 1651, 1664);
INSERT INTO player_team_game_play(player_id, team_id, game_id, play_id, seconds_start, seconds_end) VALUES(378, 1655, 24988, 27899, 1651, 1664);
INSERT INTO player_team_game_play(player_id, team_id, game_id, play_id, seconds_start, seconds_end) VALUES(7451, 1655, 24988, 27899, 1651, 1664);
INSERT INTO player_team_game_play(player_id, team_id, game_id, play_id, seconds_start, seconds_end) VALUES(4692, 1649, 24988, 27899, 1651, 1664);
INSERT INTO player_team_game_play(player_id, team_id, game_id, play_id, seconds_start, seconds_end) VALUES(2103, 1649, 24988, 27899, 1651, 1664);
INSERT INTO player_team_game_play(player_id, team_id, game_id, play_id, seconds_start, seconds_end) VALUES(7015, 1649, 24988, 27899, 1651, 1664);
INSERT INTO player_team_game_play(player_id, team_id, game_id, play_id, seconds_start, seconds_end) VALUES(7404, 1649, 24988, 27899, 1651, 1664);
INSERT INTO player_team_game_play(player_id, team_id, game_id, play_id, seconds_start, seconds_end) VALUES(7406, 1649, 24988, 27899, 1651, 1664);
INSERT INTO lba.sub_play (play_id, seconds_da_start, player_made_id, team_made_id, game_made_id, player_suffered_id, team_suffered_id, game_suffered_id, shot_id, turnover_id, foul_id, rebound_defensive_01, rebound_offensive_01, assist_01, blocks_01, time_out_01, x, y)VALUES(27899, 13, 6320, 1655, 24988, NULL, NULL, NULL, 4, NULL, NULL, '', '', '', '', '', 30, 69);

INSERT INTO play(id, game_id, seconds_start, seconds_end, quarter, attack_home_01, score_home, score_guest)VALUES(27900, 24988, 1664, 1682, 3, '0', 51, 53);
INSERT INTO player_team_game_play(player_id, team_id, game_id, play_id, seconds_start, seconds_end) VALUES(6320, 1655, 24988, 27900, 1664, 1682);
INSERT INTO player_team_game_play(player_id, team_id, game_id, play_id, seconds_start, seconds_end) VALUES(2148, 1655, 24988, 27900, 1664, 1682);
INSERT INTO player_team_game_play(player_id, team_id, game_id, play_id, seconds_start, seconds_end) VALUES(7448, 1655, 24988, 27900, 1664, 1682);
INSERT INTO player_team_game_play(player_id, team_id, game_id, play_id, seconds_start, seconds_end) VALUES(378, 1655, 24988, 27900, 1664, 1682);
INSERT INTO player_team_game_play(player_id, team_id, game_id, play_id, seconds_start, seconds_end) VALUES(7451, 1655, 24988, 27900, 1664, 1682);
INSERT INTO player_team_game_play(player_id, team_id, game_id, play_id, seconds_start, seconds_end) VALUES(4692, 1649, 24988, 27900, 1664, 1682);
INSERT INTO player_team_game_play(player_id, team_id, game_id, play_id, seconds_start, seconds_end) VALUES(2103, 1649, 24988, 27900, 1664, 1682);
INSERT INTO player_team_game_play(player_id, team_id, game_id, play_id, seconds_start, seconds_end) VALUES(7015, 1649, 24988, 27900, 1664, 1682);
INSERT INTO player_team_game_play(player_id, team_id, game_id, play_id, seconds_start, seconds_end) VALUES(7404, 1649, 24988, 27900, 1664, 1682);
INSERT INTO player_team_game_play(player_id, team_id, game_id, play_id, seconds_start, seconds_end) VALUES(7406, 1649, 24988, 27900, 1664, 1682);
INSERT INTO lba.sub_play (play_id, seconds_da_start, player_made_id, team_made_id, game_made_id, player_suffered_id, team_suffered_id, game_suffered_id, shot_id, turnover_id, foul_id, rebound_defensive_01, rebound_offensive_01, assist_01, blocks_01, time_out_01, x, y)VALUES(27900, 18, 7406, 1649, 24988, NULL, NULL, NULL, 4, NULL, NULL, '', '', '', '', '', 66, 63);
INSERT INTO lba.sub_play (play_id, seconds_da_start, player_made_id, team_made_id, game_made_id, player_suffered_id, team_suffered_id, game_suffered_id, shot_id, turnover_id, foul_id, rebound_defensive_01, rebound_offensive_01, assist_01, blocks_01, time_out_01, x, y)VALUES(27900, 18, 378, 1655, 24988, NULL, NULL, NULL, NULL, NULL, NULL, '1', '', '', '', '', 66, 63);

INSERT INTO play(id, game_id, seconds_start, seconds_end, quarter, attack_home_01, score_home, score_guest)VALUES(27901, 24988, 1682, 1685, 3, '1', 53, 53);
INSERT INTO player_team_game_play(player_id, team_id, game_id, play_id, seconds_start, seconds_end) VALUES(6320, 1655, 24988, 27901, 1682, 1685);
INSERT INTO player_team_game_play(player_id, team_id, game_id, play_id, seconds_start, seconds_end) VALUES(2148, 1655, 24988, 27901, 1682, 1685);
INSERT INTO player_team_game_play(player_id, team_id, game_id, play_id, seconds_start, seconds_end) VALUES(7448, 1655, 24988, 27901, 1682, 1685);
INSERT INTO player_team_game_play(player_id, team_id, game_id, play_id, seconds_start, seconds_end) VALUES(378, 1655, 24988, 27901, 1682, 1685);
INSERT INTO player_team_game_play(player_id, team_id, game_id, play_id, seconds_start, seconds_end) VALUES(7451, 1655, 24988, 27901, 1682, 1685);
INSERT INTO player_team_game_play(player_id, team_id, game_id, play_id, seconds_start, seconds_end) VALUES(4692, 1649, 24988, 27901, 1682, 1685);
INSERT INTO player_team_game_play(player_id, team_id, game_id, play_id, seconds_start, seconds_end) VALUES(2103, 1649, 24988, 27901, 1682, 1685);
INSERT INTO player_team_game_play(player_id, team_id, game_id, play_id, seconds_start, seconds_end) VALUES(7015, 1649, 24988, 27901, 1682, 1685);
INSERT INTO player_team_game_play(player_id, team_id, game_id, play_id, seconds_start, seconds_end) VALUES(7404, 1649, 24988, 27901, 1682, 1685);
INSERT INTO player_team_game_play(player_id, team_id, game_id, play_id, seconds_start, seconds_end) VALUES(7406, 1649, 24988, 27901, 1682, 1685);
UPDATE player_team_game_play SET seconds_end = 1685 WHERE player_id = 6320 AND game_id = 24988 AND play_id = 27901;
INSERT INTO player_team_game_play(player_id, team_id, game_id, play_id, seconds_start, seconds_end) VALUES(7049, 1655, 24988, 27901, 1685, 1685);
UPDATE player_team_game_play SET seconds_end = 1685 WHERE player_id = 7404 AND game_id = 24988 AND play_id = 27901;
INSERT INTO player_team_game_play(player_id, team_id, game_id, play_id, seconds_start, seconds_end) VALUES(5150, 1649, 24988, 27901, 1685, 1685);
INSERT INTO lba.sub_play (play_id, seconds_da_start, player_made_id, team_made_id, game_made_id, player_suffered_id, team_suffered_id, game_suffered_id, shot_id, turnover_id, foul_id, rebound_defensive_01, rebound_offensive_01, assist_01, blocks_01, time_out_01, x, y)VALUES(27901, 3, 4692, 1649, 24988, 378, 1655, 24988, NULL, NULL, 1, '', '', '', '', '', 81, 54);
INSERT INTO lba.sub_play (play_id, seconds_da_start, player_made_id, team_made_id, game_made_id, player_suffered_id, team_suffered_id, game_suffered_id, shot_id, turnover_id, foul_id, rebound_defensive_01, rebound_offensive_01, assist_01, blocks_01, time_out_01, x, y)VALUES(27901, 3, 378, 1655, 24988, NULL, NULL, NULL, 5, NULL, NULL, '', '', '', '', '', NULL, NULL);
INSERT INTO lba.sub_play (play_id, seconds_da_start, player_made_id, team_made_id, game_made_id, player_suffered_id, team_suffered_id, game_suffered_id, shot_id, turnover_id, foul_id, rebound_defensive_01, rebound_offensive_01, assist_01, blocks_01, time_out_01, x, y)VALUES(27901, 3, 378, 1655, 24988, NULL, NULL, NULL, 5, NULL, NULL, '', '', '', '', '', NULL, NULL);

INSERT INTO play(id, game_id, seconds_start, seconds_end, quarter, attack_home_01, score_home, score_guest)VALUES(27902, 24988, 1685, 1702, 3, '0', 53, 53);
INSERT INTO player_team_game_play(player_id, team_id, game_id, play_id, seconds_start, seconds_end) VALUES(6320, 1655, 24988, 27902, 1685, 1702);
INSERT INTO player_team_game_play(player_id, team_id, game_id, play_id, seconds_start, seconds_end) VALUES(2148, 1655, 24988, 27902, 1685, 1702);
INSERT INTO player_team_game_play(player_id, team_id, game_id, play_id, seconds_start, seconds_end) VALUES(7448, 1655, 24988, 27902, 1685, 1702);
INSERT INTO player_team_game_play(player_id, team_id, game_id, play_id, seconds_start, seconds_end) VALUES(378, 1655, 24988, 27902, 1685, 1702);
INSERT INTO player_team_game_play(player_id, team_id, game_id, play_id, seconds_start, seconds_end) VALUES(7451, 1655, 24988, 27902, 1685, 1702);
INSERT INTO player_team_game_play(player_id, team_id, game_id, play_id, seconds_start, seconds_end) VALUES(4692, 1649, 24988, 27902, 1685, 1702);
INSERT INTO player_team_game_play(player_id, team_id, game_id, play_id, seconds_start, seconds_end) VALUES(2103, 1649, 24988, 27902, 1685, 1702);
INSERT INTO player_team_game_play(player_id, team_id, game_id, play_id, seconds_start, seconds_end) VALUES(7015, 1649, 24988, 27902, 1685, 1702);
INSERT INTO player_team_game_play(player_id, team_id, game_id, play_id, seconds_start, seconds_end) VALUES(7404, 1649, 24988, 27902, 1685, 1702);
INSERT INTO player_team_game_play(player_id, team_id, game_id, play_id, seconds_start, seconds_end) VALUES(7406, 1649, 24988, 27902, 1685, 1702);
UPDATE player_team_game_play SET seconds_end = 1685 WHERE player_id = 6320 AND game_id = 24988 AND play_id = 27902;
INSERT INTO player_team_game_play(player_id, team_id, game_id, play_id, seconds_start, seconds_end) VALUES(7049, 1655, 24988, 27902, 1685, 1702);
UPDATE player_team_game_play SET seconds_end = 1685 WHERE player_id = 7404 AND game_id = 24988 AND play_id = 27902;
INSERT INTO player_team_game_play(player_id, team_id, game_id, play_id, seconds_start, seconds_end) VALUES(5150, 1649, 24988, 27902, 1685, 1702);
INSERT INTO lba.sub_play (play_id, seconds_da_start, player_made_id, team_made_id, game_made_id, player_suffered_id, team_suffered_id, game_suffered_id, shot_id, turnover_id, foul_id, rebound_defensive_01, rebound_offensive_01, assist_01, blocks_01, time_out_01, x, y)VALUES(27902, 17, 7015, 1649, 24988, NULL, NULL, NULL, 2, NULL, NULL, '', '', '', '', '', 91, 61);
INSERT INTO lba.sub_play (play_id, seconds_da_start, player_made_id, team_made_id, game_made_id, player_suffered_id, team_suffered_id, game_suffered_id, shot_id, turnover_id, foul_id, rebound_defensive_01, rebound_offensive_01, assist_01, blocks_01, time_out_01, x, y)VALUES(27902, 17, 7451, 1655, 24988, NULL, NULL, NULL, NULL, NULL, NULL, '1', '', '', '', '', 91, 61);

INSERT INTO play(id, game_id, seconds_start, seconds_end, quarter, attack_home_01, score_home, score_guest)VALUES(27903, 24988, 1702, 1719, 3, '1', 53, 53);
INSERT INTO player_team_game_play(player_id, team_id, game_id, play_id, seconds_start, seconds_end) VALUES(2148, 1655, 24988, 27903, 1702, 1719);
INSERT INTO player_team_game_play(player_id, team_id, game_id, play_id, seconds_start, seconds_end) VALUES(7448, 1655, 24988, 27903, 1702, 1719);
INSERT INTO player_team_game_play(player_id, team_id, game_id, play_id, seconds_start, seconds_end) VALUES(7049, 1655, 24988, 27903, 1702, 1719);
INSERT INTO player_team_game_play(player_id, team_id, game_id, play_id, seconds_start, seconds_end) VALUES(378, 1655, 24988, 27903, 1702, 1719);
INSERT INTO player_team_game_play(player_id, team_id, game_id, play_id, seconds_start, seconds_end) VALUES(7451, 1655, 24988, 27903, 1702, 1719);
INSERT INTO player_team_game_play(player_id, team_id, game_id, play_id, seconds_start, seconds_end) VALUES(4692, 1649, 24988, 27903, 1702, 1719);
INSERT INTO player_team_game_play(player_id, team_id, game_id, play_id, seconds_start, seconds_end) VALUES(2103, 1649, 24988, 27903, 1702, 1719);
INSERT INTO player_team_game_play(player_id, team_id, game_id, play_id, seconds_start, seconds_end) VALUES(7015, 1649, 24988, 27903, 1702, 1719);
INSERT INTO player_team_game_play(player_id, team_id, game_id, play_id, seconds_start, seconds_end) VALUES(5150, 1649, 24988, 27903, 1702, 1719);
INSERT INTO player_team_game_play(player_id, team_id, game_id, play_id, seconds_start, seconds_end) VALUES(7406, 1649, 24988, 27903, 1702, 1719);
INSERT INTO lba.sub_play (play_id, seconds_da_start, player_made_id, team_made_id, game_made_id, player_suffered_id, team_suffered_id, game_suffered_id, shot_id, turnover_id, foul_id, rebound_defensive_01, rebound_offensive_01, assist_01, blocks_01, time_out_01, x, y)VALUES(27903, 17, 378, 1655, 24988, 4692, 1649, 24988, NULL, 2, NULL, '', '', '', '', '', 14, 50);

INSERT INTO play(id, game_id, seconds_start, seconds_end, quarter, attack_home_01, score_home, score_guest)VALUES(27904, 24988, 1719, 1740, 3, '0', 53, 53);
INSERT INTO player_team_game_play(player_id, team_id, game_id, play_id, seconds_start, seconds_end) VALUES(2148, 1655, 24988, 27904, 1719, 1740);
INSERT INTO player_team_game_play(player_id, team_id, game_id, play_id, seconds_start, seconds_end) VALUES(7448, 1655, 24988, 27904, 1719, 1740);
INSERT INTO player_team_game_play(player_id, team_id, game_id, play_id, seconds_start, seconds_end) VALUES(7049, 1655, 24988, 27904, 1719, 1740);
INSERT INTO player_team_game_play(player_id, team_id, game_id, play_id, seconds_start, seconds_end) VALUES(378, 1655, 24988, 27904, 1719, 1740);
INSERT INTO player_team_game_play(player_id, team_id, game_id, play_id, seconds_start, seconds_end) VALUES(7451, 1655, 24988, 27904, 1719, 1740);
INSERT INTO player_team_game_play(player_id, team_id, game_id, play_id, seconds_start, seconds_end) VALUES(4692, 1649, 24988, 27904, 1719, 1740);
INSERT INTO player_team_game_play(player_id, team_id, game_id, play_id, seconds_start, seconds_end) VALUES(2103, 1649, 24988, 27904, 1719, 1740);
INSERT INTO player_team_game_play(player_id, team_id, game_id, play_id, seconds_start, seconds_end) VALUES(7015, 1649, 24988, 27904, 1719, 1740);
INSERT INTO player_team_game_play(player_id, team_id, game_id, play_id, seconds_start, seconds_end) VALUES(5150, 1649, 24988, 27904, 1719, 1740);
INSERT INTO player_team_game_play(player_id, team_id, game_id, play_id, seconds_start, seconds_end) VALUES(7406, 1649, 24988, 27904, 1719, 1740);
INSERT INTO lba.sub_play (play_id, seconds_da_start, player_made_id, team_made_id, game_made_id, player_suffered_id, team_suffered_id, game_suffered_id, shot_id, turnover_id, foul_id, rebound_defensive_01, rebound_offensive_01, assist_01, blocks_01, time_out_01, x, y)VALUES(27904, 21, 2103, 1649, 24988, NULL, NULL, NULL, 2, NULL, NULL, '', '', '', '', '', 82, 51);
INSERT INTO lba.sub_play (play_id, seconds_da_start, player_made_id, team_made_id, game_made_id, player_suffered_id, team_suffered_id, game_suffered_id, shot_id, turnover_id, foul_id, rebound_defensive_01, rebound_offensive_01, assist_01, blocks_01, time_out_01, x, y)VALUES(27904, 21, 7451, 1655, 24988, NULL, NULL, NULL, NULL, NULL, NULL, '1', '', '', '', '', 82, 51);

INSERT INTO play(id, game_id, seconds_start, seconds_end, quarter, attack_home_01, score_home, score_guest)VALUES(27905, 24988, 1740, 1754, 3, '1', 55, 53);
INSERT INTO player_team_game_play(player_id, team_id, game_id, play_id, seconds_start, seconds_end) VALUES(2148, 1655, 24988, 27905, 1740, 1754);
INSERT INTO player_team_game_play(player_id, team_id, game_id, play_id, seconds_start, seconds_end) VALUES(7448, 1655, 24988, 27905, 1740, 1754);
INSERT INTO player_team_game_play(player_id, team_id, game_id, play_id, seconds_start, seconds_end) VALUES(7049, 1655, 24988, 27905, 1740, 1754);
INSERT INTO player_team_game_play(player_id, team_id, game_id, play_id, seconds_start, seconds_end) VALUES(378, 1655, 24988, 27905, 1740, 1754);
INSERT INTO player_team_game_play(player_id, team_id, game_id, play_id, seconds_start, seconds_end) VALUES(7451, 1655, 24988, 27905, 1740, 1754);
INSERT INTO player_team_game_play(player_id, team_id, game_id, play_id, seconds_start, seconds_end) VALUES(4692, 1649, 24988, 27905, 1740, 1754);
INSERT INTO player_team_game_play(player_id, team_id, game_id, play_id, seconds_start, seconds_end) VALUES(2103, 1649, 24988, 27905, 1740, 1754);
INSERT INTO player_team_game_play(player_id, team_id, game_id, play_id, seconds_start, seconds_end) VALUES(7015, 1649, 24988, 27905, 1740, 1754);
INSERT INTO player_team_game_play(player_id, team_id, game_id, play_id, seconds_start, seconds_end) VALUES(5150, 1649, 24988, 27905, 1740, 1754);
INSERT INTO player_team_game_play(player_id, team_id, game_id, play_id, seconds_start, seconds_end) VALUES(7406, 1649, 24988, 27905, 1740, 1754);
UPDATE player_team_game_play SET seconds_end = 1747 WHERE player_id = 378 AND game_id = 24988 AND play_id = 27905;
INSERT INTO player_team_game_play(player_id, team_id, game_id, play_id, seconds_start, seconds_end) VALUES(7450, 1655, 24988, 27905, 1747, 1754);
UPDATE player_team_game_play SET seconds_end = 1747 WHERE player_id = 4692 AND game_id = 24988 AND play_id = 27905;
UPDATE player_team_game_play SET seconds_end = 1747 WHERE player_id = 2103 AND game_id = 24988 AND play_id = 27905;
INSERT INTO player_team_game_play(player_id, team_id, game_id, play_id, seconds_start, seconds_end) VALUES(6138, 1649, 24988, 27905, 1747, 1754);
INSERT INTO player_team_game_play(player_id, team_id, game_id, play_id, seconds_start, seconds_end) VALUES(7407, 1649, 24988, 27905, 1747, 1754);
INSERT INTO lba.sub_play (play_id, seconds_da_start, player_made_id, team_made_id, game_made_id, player_suffered_id, team_suffered_id, game_suffered_id, shot_id, turnover_id, foul_id, rebound_defensive_01, rebound_offensive_01, assist_01, blocks_01, time_out_01, x, y)VALUES(27905, 14, 7451, 1655, 24988, NULL, NULL, NULL, 1, NULL, NULL, '', '', '', '', '', 8, 43);

INSERT INTO play(id, game_id, seconds_start, seconds_end, quarter, attack_home_01, score_home, score_guest)VALUES(27906, 24988, 1754, 1772, 3, '0', 55, 55);
INSERT INTO player_team_game_play(player_id, team_id, game_id, play_id, seconds_start, seconds_end) VALUES(2148, 1655, 24988, 27906, 1754, 1772);
INSERT INTO player_team_game_play(player_id, team_id, game_id, play_id, seconds_start, seconds_end) VALUES(7448, 1655, 24988, 27906, 1754, 1772);
INSERT INTO player_team_game_play(player_id, team_id, game_id, play_id, seconds_start, seconds_end) VALUES(7049, 1655, 24988, 27906, 1754, 1772);
INSERT INTO player_team_game_play(player_id, team_id, game_id, play_id, seconds_start, seconds_end) VALUES(7450, 1655, 24988, 27906, 1754, 1772);
INSERT INTO player_team_game_play(player_id, team_id, game_id, play_id, seconds_start, seconds_end) VALUES(7451, 1655, 24988, 27906, 1754, 1772);
INSERT INTO player_team_game_play(player_id, team_id, game_id, play_id, seconds_start, seconds_end) VALUES(7015, 1649, 24988, 27906, 1754, 1772);
INSERT INTO player_team_game_play(player_id, team_id, game_id, play_id, seconds_start, seconds_end) VALUES(5150, 1649, 24988, 27906, 1754, 1772);
INSERT INTO player_team_game_play(player_id, team_id, game_id, play_id, seconds_start, seconds_end) VALUES(6138, 1649, 24988, 27906, 1754, 1772);
INSERT INTO player_team_game_play(player_id, team_id, game_id, play_id, seconds_start, seconds_end) VALUES(7406, 1649, 24988, 27906, 1754, 1772);
INSERT INTO player_team_game_play(player_id, team_id, game_id, play_id, seconds_start, seconds_end) VALUES(7407, 1649, 24988, 27906, 1754, 1772);
UPDATE player_team_game_play SET seconds_end = 1758 WHERE player_id = 7448 AND game_id = 24988 AND play_id = 27906;
UPDATE player_team_game_play SET seconds_end = 1758 WHERE player_id = 7451 AND game_id = 24988 AND play_id = 27906;
INSERT INTO player_team_game_play(player_id, team_id, game_id, play_id, seconds_start, seconds_end) VALUES(378, 1655, 24988, 27906, 1758, 1772);
INSERT INTO player_team_game_play(player_id, team_id, game_id, play_id, seconds_start, seconds_end) VALUES(7447, 1655, 24988, 27906, 1758, 1772);
INSERT INTO lba.sub_play (play_id, seconds_da_start, player_made_id, team_made_id, game_made_id, player_suffered_id, team_suffered_id, game_suffered_id, shot_id, turnover_id, foul_id, rebound_defensive_01, rebound_offensive_01, assist_01, blocks_01, time_out_01, x, y)VALUES(27906, 18, 7015, 1649, 24988, NULL, NULL, NULL, 1, NULL, NULL, '', '', '', '', '', 89, 48);

INSERT INTO play(id, game_id, seconds_start, seconds_end, quarter, attack_home_01, score_home, score_guest)VALUES(27907, 24988, 1772, 1796, 3, '1', 55, 55);
INSERT INTO player_team_game_play(player_id, team_id, game_id, play_id, seconds_start, seconds_end) VALUES(2148, 1655, 24988, 27907, 1772, 1796);
INSERT INTO player_team_game_play(player_id, team_id, game_id, play_id, seconds_start, seconds_end) VALUES(7447, 1655, 24988, 27907, 1772, 1796);
INSERT INTO player_team_game_play(player_id, team_id, game_id, play_id, seconds_start, seconds_end) VALUES(7049, 1655, 24988, 27907, 1772, 1796);
INSERT INTO player_team_game_play(player_id, team_id, game_id, play_id, seconds_start, seconds_end) VALUES(7450, 1655, 24988, 27907, 1772, 1796);
INSERT INTO player_team_game_play(player_id, team_id, game_id, play_id, seconds_start, seconds_end) VALUES(378, 1655, 24988, 27907, 1772, 1796);
INSERT INTO player_team_game_play(player_id, team_id, game_id, play_id, seconds_start, seconds_end) VALUES(7015, 1649, 24988, 27907, 1772, 1796);
INSERT INTO player_team_game_play(player_id, team_id, game_id, play_id, seconds_start, seconds_end) VALUES(5150, 1649, 24988, 27907, 1772, 1796);
INSERT INTO player_team_game_play(player_id, team_id, game_id, play_id, seconds_start, seconds_end) VALUES(6138, 1649, 24988, 27907, 1772, 1796);
INSERT INTO player_team_game_play(player_id, team_id, game_id, play_id, seconds_start, seconds_end) VALUES(7406, 1649, 24988, 27907, 1772, 1796);
INSERT INTO player_team_game_play(player_id, team_id, game_id, play_id, seconds_start, seconds_end) VALUES(7407, 1649, 24988, 27907, 1772, 1796);
INSERT INTO lba.sub_play (play_id, seconds_da_start, player_made_id, team_made_id, game_made_id, player_suffered_id, team_suffered_id, game_suffered_id, shot_id, turnover_id, foul_id, rebound_defensive_01, rebound_offensive_01, assist_01, blocks_01, time_out_01, x, y)VALUES(27907, 24, 378, 1655, 24988, NULL, NULL, NULL, 4, NULL, NULL, '', '', '', '', '', 5, 4);
INSERT INTO lba.sub_play (play_id, seconds_da_start, player_made_id, team_made_id, game_made_id, player_suffered_id, team_suffered_id, game_suffered_id, shot_id, turnover_id, foul_id, rebound_defensive_01, rebound_offensive_01, assist_01, blocks_01, time_out_01, x, y)VALUES(27907, 24, 7015, 1649, 24988, NULL, NULL, NULL, NULL, NULL, NULL, '1', '', '', '', '', 5, 4);

INSERT INTO play(id, game_id, seconds_start, seconds_end, quarter, attack_home_01, score_home, score_guest)VALUES(27908, 24988, 1796, 1823, 4, '1', 57, 55);
INSERT INTO player_team_game_play(player_id, team_id, game_id, play_id, seconds_start, seconds_end) VALUES(2148, 1655, 24988, 27908, 1796, 1823);
INSERT INTO player_team_game_play(player_id, team_id, game_id, play_id, seconds_start, seconds_end) VALUES(7447, 1655, 24988, 27908, 1796, 1823);
INSERT INTO player_team_game_play(player_id, team_id, game_id, play_id, seconds_start, seconds_end) VALUES(7049, 1655, 24988, 27908, 1796, 1823);
INSERT INTO player_team_game_play(player_id, team_id, game_id, play_id, seconds_start, seconds_end) VALUES(7450, 1655, 24988, 27908, 1796, 1823);
INSERT INTO player_team_game_play(player_id, team_id, game_id, play_id, seconds_start, seconds_end) VALUES(378, 1655, 24988, 27908, 1796, 1823);
INSERT INTO player_team_game_play(player_id, team_id, game_id, play_id, seconds_start, seconds_end) VALUES(7015, 1649, 24988, 27908, 1796, 1823);
INSERT INTO player_team_game_play(player_id, team_id, game_id, play_id, seconds_start, seconds_end) VALUES(5150, 1649, 24988, 27908, 1796, 1823);
INSERT INTO player_team_game_play(player_id, team_id, game_id, play_id, seconds_start, seconds_end) VALUES(6138, 1649, 24988, 27908, 1796, 1823);
INSERT INTO player_team_game_play(player_id, team_id, game_id, play_id, seconds_start, seconds_end) VALUES(7406, 1649, 24988, 27908, 1796, 1823);
INSERT INTO player_team_game_play(player_id, team_id, game_id, play_id, seconds_start, seconds_end) VALUES(7407, 1649, 24988, 27908, 1796, 1823);
UPDATE player_team_game_play SET seconds_end = 1800 WHERE player_id = 7447 AND game_id = 24988 AND play_id = 27908;
INSERT INTO player_team_game_play(player_id, team_id, game_id, play_id, seconds_start, seconds_end) VALUES(7448, 1655, 24988, 27908, 1800, 1823);
INSERT INTO lba.sub_play (play_id, seconds_da_start, player_made_id, team_made_id, game_made_id, player_suffered_id, team_suffered_id, game_suffered_id, shot_id, turnover_id, foul_id, rebound_defensive_01, rebound_offensive_01, assist_01, blocks_01, time_out_01, x, y)VALUES(27908, 27, 7450, 1655, 24988, NULL, NULL, NULL, 1, NULL, NULL, '', '', '', '', '', 7, 47);

INSERT INTO play(id, game_id, seconds_start, seconds_end, quarter, attack_home_01, score_home, score_guest)VALUES(27909, 24988, 1823, 1842, 4, '0', 57, 58);
INSERT INTO player_team_game_play(player_id, team_id, game_id, play_id, seconds_start, seconds_end) VALUES(2148, 1655, 24988, 27909, 1823, 1842);
INSERT INTO player_team_game_play(player_id, team_id, game_id, play_id, seconds_start, seconds_end) VALUES(7448, 1655, 24988, 27909, 1823, 1842);
INSERT INTO player_team_game_play(player_id, team_id, game_id, play_id, seconds_start, seconds_end) VALUES(7049, 1655, 24988, 27909, 1823, 1842);
INSERT INTO player_team_game_play(player_id, team_id, game_id, play_id, seconds_start, seconds_end) VALUES(7450, 1655, 24988, 27909, 1823, 1842);
INSERT INTO player_team_game_play(player_id, team_id, game_id, play_id, seconds_start, seconds_end) VALUES(378, 1655, 24988, 27909, 1823, 1842);
INSERT INTO player_team_game_play(player_id, team_id, game_id, play_id, seconds_start, seconds_end) VALUES(7015, 1649, 24988, 27909, 1823, 1842);
INSERT INTO player_team_game_play(player_id, team_id, game_id, play_id, seconds_start, seconds_end) VALUES(5150, 1649, 24988, 27909, 1823, 1842);
INSERT INTO player_team_game_play(player_id, team_id, game_id, play_id, seconds_start, seconds_end) VALUES(6138, 1649, 24988, 27909, 1823, 1842);
INSERT INTO player_team_game_play(player_id, team_id, game_id, play_id, seconds_start, seconds_end) VALUES(7406, 1649, 24988, 27909, 1823, 1842);
INSERT INTO player_team_game_play(player_id, team_id, game_id, play_id, seconds_start, seconds_end) VALUES(7407, 1649, 24988, 27909, 1823, 1842);
INSERT INTO lba.sub_play (play_id, seconds_da_start, player_made_id, team_made_id, game_made_id, player_suffered_id, team_suffered_id, game_suffered_id, shot_id, turnover_id, foul_id, rebound_defensive_01, rebound_offensive_01, assist_01, blocks_01, time_out_01, x, y)VALUES(27909, 19, 7406, 1649, 24988, NULL, NULL, NULL, 3, NULL, NULL, '', '', '', '', '', 70, 74);
INSERT INTO lba.sub_play (play_id, seconds_da_start, player_made_id, team_made_id, game_made_id, player_suffered_id, team_suffered_id, game_suffered_id, shot_id, turnover_id, foul_id, rebound_defensive_01, rebound_offensive_01, assist_01, blocks_01, time_out_01, x, y)VALUES(27909, 19, 7015, 1649, 24988, NULL, NULL, NULL, NULL, NULL, NULL, '', '', '1', '', '', 70, 74);

INSERT INTO play(id, game_id, seconds_start, seconds_end, quarter, attack_home_01, score_home, score_guest)VALUES(27910, 24988, 1842, 1855, 4, '1', 57, 58);
INSERT INTO player_team_game_play(player_id, team_id, game_id, play_id, seconds_start, seconds_end) VALUES(2148, 1655, 24988, 27910, 1842, 1855);
INSERT INTO player_team_game_play(player_id, team_id, game_id, play_id, seconds_start, seconds_end) VALUES(7448, 1655, 24988, 27910, 1842, 1855);
INSERT INTO player_team_game_play(player_id, team_id, game_id, play_id, seconds_start, seconds_end) VALUES(7049, 1655, 24988, 27910, 1842, 1855);
INSERT INTO player_team_game_play(player_id, team_id, game_id, play_id, seconds_start, seconds_end) VALUES(7450, 1655, 24988, 27910, 1842, 1855);
INSERT INTO player_team_game_play(player_id, team_id, game_id, play_id, seconds_start, seconds_end) VALUES(378, 1655, 24988, 27910, 1842, 1855);
INSERT INTO player_team_game_play(player_id, team_id, game_id, play_id, seconds_start, seconds_end) VALUES(7015, 1649, 24988, 27910, 1842, 1855);
INSERT INTO player_team_game_play(player_id, team_id, game_id, play_id, seconds_start, seconds_end) VALUES(5150, 1649, 24988, 27910, 1842, 1855);
INSERT INTO player_team_game_play(player_id, team_id, game_id, play_id, seconds_start, seconds_end) VALUES(6138, 1649, 24988, 27910, 1842, 1855);
INSERT INTO player_team_game_play(player_id, team_id, game_id, play_id, seconds_start, seconds_end) VALUES(7406, 1649, 24988, 27910, 1842, 1855);
INSERT INTO player_team_game_play(player_id, team_id, game_id, play_id, seconds_start, seconds_end) VALUES(7407, 1649, 24988, 27910, 1842, 1855);
UPDATE player_team_game_play SET seconds_end = 1855 WHERE player_id = 7015 AND game_id = 24988 AND play_id = 27910;
INSERT INTO player_team_game_play(player_id, team_id, game_id, play_id, seconds_start, seconds_end) VALUES(3176, 1649, 24988, 27910, 1855, 1855);
INSERT INTO lba.sub_play (play_id, seconds_da_start, player_made_id, team_made_id, game_made_id, player_suffered_id, team_suffered_id, game_suffered_id, shot_id, turnover_id, foul_id, rebound_defensive_01, rebound_offensive_01, assist_01, blocks_01, time_out_01, x, y)VALUES(27910, 13, 7049, 1655, 24988, NULL, NULL, NULL, NULL, 2, NULL, '', '', '', '', '', 17, 45);

INSERT INTO play(id, game_id, seconds_start, seconds_end, quarter, attack_home_01, score_home, score_guest)VALUES(27911, 24988, 1855, 1877, 4, '0', 57, 58);
INSERT INTO player_team_game_play(player_id, team_id, game_id, play_id, seconds_start, seconds_end) VALUES(2148, 1655, 24988, 27911, 1855, 1877);
INSERT INTO player_team_game_play(player_id, team_id, game_id, play_id, seconds_start, seconds_end) VALUES(7448, 1655, 24988, 27911, 1855, 1877);
INSERT INTO player_team_game_play(player_id, team_id, game_id, play_id, seconds_start, seconds_end) VALUES(7049, 1655, 24988, 27911, 1855, 1877);
INSERT INTO player_team_game_play(player_id, team_id, game_id, play_id, seconds_start, seconds_end) VALUES(7450, 1655, 24988, 27911, 1855, 1877);
INSERT INTO player_team_game_play(player_id, team_id, game_id, play_id, seconds_start, seconds_end) VALUES(378, 1655, 24988, 27911, 1855, 1877);
INSERT INTO player_team_game_play(player_id, team_id, game_id, play_id, seconds_start, seconds_end) VALUES(7015, 1649, 24988, 27911, 1855, 1877);
INSERT INTO player_team_game_play(player_id, team_id, game_id, play_id, seconds_start, seconds_end) VALUES(5150, 1649, 24988, 27911, 1855, 1877);
INSERT INTO player_team_game_play(player_id, team_id, game_id, play_id, seconds_start, seconds_end) VALUES(6138, 1649, 24988, 27911, 1855, 1877);
INSERT INTO player_team_game_play(player_id, team_id, game_id, play_id, seconds_start, seconds_end) VALUES(7406, 1649, 24988, 27911, 1855, 1877);
INSERT INTO player_team_game_play(player_id, team_id, game_id, play_id, seconds_start, seconds_end) VALUES(7407, 1649, 24988, 27911, 1855, 1877);
UPDATE player_team_game_play SET seconds_end = 1855 WHERE player_id = 7015 AND game_id = 24988 AND play_id = 27911;
INSERT INTO player_team_game_play(player_id, team_id, game_id, play_id, seconds_start, seconds_end) VALUES(3176, 1649, 24988, 27911, 1855, 1877);
INSERT INTO lba.sub_play (play_id, seconds_da_start, player_made_id, team_made_id, game_made_id, player_suffered_id, team_suffered_id, game_suffered_id, shot_id, turnover_id, foul_id, rebound_defensive_01, rebound_offensive_01, assist_01, blocks_01, time_out_01, x, y)VALUES(27911, 22, 7406, 1649, 24988, NULL, NULL, NULL, 4, NULL, NULL, '', '', '', '', '', 66, 22);
INSERT INTO lba.sub_play (play_id, seconds_da_start, player_made_id, team_made_id, game_made_id, player_suffered_id, team_suffered_id, game_suffered_id, shot_id, turnover_id, foul_id, rebound_defensive_01, rebound_offensive_01, assist_01, blocks_01, time_out_01, x, y)VALUES(27911, 22, 7450, 1655, 24988, NULL, NULL, NULL, NULL, NULL, NULL, '1', '', '', '', '', 66, 22);

INSERT INTO play(id, game_id, seconds_start, seconds_end, quarter, attack_home_01, score_home, score_guest)VALUES(27912, 24988, 1877, 1888, 4, '1', 59, 58);
INSERT INTO player_team_game_play(player_id, team_id, game_id, play_id, seconds_start, seconds_end) VALUES(2148, 1655, 24988, 27912, 1877, 1888);
INSERT INTO player_team_game_play(player_id, team_id, game_id, play_id, seconds_start, seconds_end) VALUES(7448, 1655, 24988, 27912, 1877, 1888);
INSERT INTO player_team_game_play(player_id, team_id, game_id, play_id, seconds_start, seconds_end) VALUES(7049, 1655, 24988, 27912, 1877, 1888);
INSERT INTO player_team_game_play(player_id, team_id, game_id, play_id, seconds_start, seconds_end) VALUES(7450, 1655, 24988, 27912, 1877, 1888);
INSERT INTO player_team_game_play(player_id, team_id, game_id, play_id, seconds_start, seconds_end) VALUES(378, 1655, 24988, 27912, 1877, 1888);
INSERT INTO player_team_game_play(player_id, team_id, game_id, play_id, seconds_start, seconds_end) VALUES(5150, 1649, 24988, 27912, 1877, 1888);
INSERT INTO player_team_game_play(player_id, team_id, game_id, play_id, seconds_start, seconds_end) VALUES(3176, 1649, 24988, 27912, 1877, 1888);
INSERT INTO player_team_game_play(player_id, team_id, game_id, play_id, seconds_start, seconds_end) VALUES(6138, 1649, 24988, 27912, 1877, 1888);
INSERT INTO player_team_game_play(player_id, team_id, game_id, play_id, seconds_start, seconds_end) VALUES(7406, 1649, 24988, 27912, 1877, 1888);
INSERT INTO player_team_game_play(player_id, team_id, game_id, play_id, seconds_start, seconds_end) VALUES(7407, 1649, 24988, 27912, 1877, 1888);
INSERT INTO lba.sub_play (play_id, seconds_da_start, player_made_id, team_made_id, game_made_id, player_suffered_id, team_suffered_id, game_suffered_id, shot_id, turnover_id, foul_id, rebound_defensive_01, rebound_offensive_01, assist_01, blocks_01, time_out_01, x, y)VALUES(27912, 11, 7407, 1649, 24988, 378, 1655, 24988, NULL, NULL, 4, '', '', '', '', '', 10, 52);
INSERT INTO lba.sub_play (play_id, seconds_da_start, player_made_id, team_made_id, game_made_id, player_suffered_id, team_suffered_id, game_suffered_id, shot_id, turnover_id, foul_id, rebound_defensive_01, rebound_offensive_01, assist_01, blocks_01, time_out_01, x, y)VALUES(27912, 11, 378, 1655, 24988, NULL, NULL, NULL, 5, NULL, NULL, '', '', '', '', '', NULL, NULL);
INSERT INTO lba.sub_play (play_id, seconds_da_start, player_made_id, team_made_id, game_made_id, player_suffered_id, team_suffered_id, game_suffered_id, shot_id, turnover_id, foul_id, rebound_defensive_01, rebound_offensive_01, assist_01, blocks_01, time_out_01, x, y)VALUES(27912, 11, 378, 1655, 24988, NULL, NULL, NULL, 5, NULL, NULL, '', '', '', '', '', NULL, NULL);
INSERT INTO lba.sub_play (play_id, seconds_da_start, player_made_id, team_made_id, game_made_id, player_suffered_id, team_suffered_id, game_suffered_id, shot_id, turnover_id, foul_id, rebound_defensive_01, rebound_offensive_01, assist_01, blocks_01, time_out_01, x, y)VALUES(27912, 11, 7049, 1655, 24988, NULL, NULL, NULL, NULL, NULL, NULL, '', '', '1', '', '', NULL, NULL);

INSERT INTO play(id, game_id, seconds_start, seconds_end, quarter, attack_home_01, score_home, score_guest)VALUES(27913, 24988, 1888, 1914, 4, '1', 59, 60);
INSERT INTO player_team_game_play(player_id, team_id, game_id, play_id, seconds_start, seconds_end) VALUES(2148, 1655, 24988, 27913, 1888, 1914);
INSERT INTO player_team_game_play(player_id, team_id, game_id, play_id, seconds_start, seconds_end) VALUES(7448, 1655, 24988, 27913, 1888, 1914);
INSERT INTO player_team_game_play(player_id, team_id, game_id, play_id, seconds_start, seconds_end) VALUES(7049, 1655, 24988, 27913, 1888, 1914);
INSERT INTO player_team_game_play(player_id, team_id, game_id, play_id, seconds_start, seconds_end) VALUES(7450, 1655, 24988, 27913, 1888, 1914);
INSERT INTO player_team_game_play(player_id, team_id, game_id, play_id, seconds_start, seconds_end) VALUES(378, 1655, 24988, 27913, 1888, 1914);
INSERT INTO player_team_game_play(player_id, team_id, game_id, play_id, seconds_start, seconds_end) VALUES(5150, 1649, 24988, 27913, 1888, 1914);
INSERT INTO player_team_game_play(player_id, team_id, game_id, play_id, seconds_start, seconds_end) VALUES(3176, 1649, 24988, 27913, 1888, 1914);
INSERT INTO player_team_game_play(player_id, team_id, game_id, play_id, seconds_start, seconds_end) VALUES(6138, 1649, 24988, 27913, 1888, 1914);
INSERT INTO player_team_game_play(player_id, team_id, game_id, play_id, seconds_start, seconds_end) VALUES(7406, 1649, 24988, 27913, 1888, 1914);
INSERT INTO player_team_game_play(player_id, team_id, game_id, play_id, seconds_start, seconds_end) VALUES(7407, 1649, 24988, 27913, 1888, 1914);
INSERT INTO lba.sub_play (play_id, seconds_da_start, player_made_id, team_made_id, game_made_id, player_suffered_id, team_suffered_id, game_suffered_id, shot_id, turnover_id, foul_id, rebound_defensive_01, rebound_offensive_01, assist_01, blocks_01, time_out_01, x, y)VALUES(27913, 15, 7406, 1649, 24988, NULL, NULL, NULL, 1, NULL, NULL, '', '', '', '', '', 93, 47);
INSERT INTO lba.sub_play (play_id, seconds_da_start, player_made_id, team_made_id, game_made_id, player_suffered_id, team_suffered_id, game_suffered_id, shot_id, turnover_id, foul_id, rebound_defensive_01, rebound_offensive_01, assist_01, blocks_01, time_out_01, x, y)VALUES(27913, 26, 7450, 1655, 24988, 3176, 1649, 24988, NULL, NULL, 7, '', '', '', '', '', 12, 66);
INSERT INTO lba.sub_play (play_id, seconds_da_start, player_made_id, team_made_id, game_made_id, player_suffered_id, team_suffered_id, game_suffered_id, shot_id, turnover_id, foul_id, rebound_defensive_01, rebound_offensive_01, assist_01, blocks_01, time_out_01, x, y)VALUES(27913, 26, 7450, 1655, 24988, NULL, NULL, NULL, NULL, 13, NULL, '', '', '', '', '', 12, 66);

INSERT INTO play(id, game_id, seconds_start, seconds_end, quarter, attack_home_01, score_home, score_guest)VALUES(27914, 24988, 1914, 1945, 4, '0', 59, 60);
INSERT INTO player_team_game_play(player_id, team_id, game_id, play_id, seconds_start, seconds_end) VALUES(2148, 1655, 24988, 27914, 1914, 1945);
INSERT INTO player_team_game_play(player_id, team_id, game_id, play_id, seconds_start, seconds_end) VALUES(7448, 1655, 24988, 27914, 1914, 1945);
INSERT INTO player_team_game_play(player_id, team_id, game_id, play_id, seconds_start, seconds_end) VALUES(7049, 1655, 24988, 27914, 1914, 1945);
INSERT INTO player_team_game_play(player_id, team_id, game_id, play_id, seconds_start, seconds_end) VALUES(7450, 1655, 24988, 27914, 1914, 1945);
INSERT INTO player_team_game_play(player_id, team_id, game_id, play_id, seconds_start, seconds_end) VALUES(378, 1655, 24988, 27914, 1914, 1945);
INSERT INTO player_team_game_play(player_id, team_id, game_id, play_id, seconds_start, seconds_end) VALUES(5150, 1649, 24988, 27914, 1914, 1945);
INSERT INTO player_team_game_play(player_id, team_id, game_id, play_id, seconds_start, seconds_end) VALUES(3176, 1649, 24988, 27914, 1914, 1945);
INSERT INTO player_team_game_play(player_id, team_id, game_id, play_id, seconds_start, seconds_end) VALUES(6138, 1649, 24988, 27914, 1914, 1945);
INSERT INTO player_team_game_play(player_id, team_id, game_id, play_id, seconds_start, seconds_end) VALUES(7406, 1649, 24988, 27914, 1914, 1945);
INSERT INTO player_team_game_play(player_id, team_id, game_id, play_id, seconds_start, seconds_end) VALUES(7407, 1649, 24988, 27914, 1914, 1945);
UPDATE player_team_game_play SET seconds_end = 1937 WHERE player_id = 7450 AND game_id = 24988 AND play_id = 27914;
UPDATE player_team_game_play SET seconds_end = 1937 WHERE player_id = 2148 AND game_id = 24988 AND play_id = 27914;
INSERT INTO player_team_game_play(player_id, team_id, game_id, play_id, seconds_start, seconds_end) VALUES(6320, 1655, 24988, 27914, 1937, 1945);
INSERT INTO player_team_game_play(player_id, team_id, game_id, play_id, seconds_start, seconds_end) VALUES(7451, 1655, 24988, 27914, 1937, 1945);
INSERT INTO lba.sub_play (play_id, seconds_da_start, player_made_id, team_made_id, game_made_id, player_suffered_id, team_suffered_id, game_suffered_id, shot_id, turnover_id, foul_id, rebound_defensive_01, rebound_offensive_01, assist_01, blocks_01, time_out_01, x, y)VALUES(27914, 10, 7406, 1649, 24988, NULL, NULL, NULL, 4, NULL, NULL, '', '', '', '', '', 68, 66);
INSERT INTO lba.sub_play (play_id, seconds_da_start, player_made_id, team_made_id, game_made_id, player_suffered_id, team_suffered_id, game_suffered_id, shot_id, turnover_id, foul_id, rebound_defensive_01, rebound_offensive_01, assist_01, blocks_01, time_out_01, x, y)VALUES(27914, 10, 5150, 1649, 24988, NULL, NULL, NULL, NULL, NULL, NULL, '', '1', '', '', '', 68, 66);
INSERT INTO lba.sub_play (play_id, seconds_da_start, player_made_id, team_made_id, game_made_id, player_suffered_id, team_suffered_id, game_suffered_id, shot_id, turnover_id, foul_id, rebound_defensive_01, rebound_offensive_01, assist_01, blocks_01, time_out_01, x, y)VALUES(27914, 23, 7049, 1655, 24988, 5150, 1649, 24988, NULL, NULL, 1, '', '', '', '', '', 67, 49);
INSERT INTO lba.sub_play (play_id, seconds_da_start, player_made_id, team_made_id, game_made_id, player_suffered_id, team_suffered_id, game_suffered_id, shot_id, turnover_id, foul_id, rebound_defensive_01, rebound_offensive_01, assist_01, blocks_01, time_out_01, x, y)VALUES(27914, 31, 5150, 1649, 24988, NULL, NULL, NULL, 4, NULL, NULL, '', '', '', '', '', 71, 21);
INSERT INTO lba.sub_play (play_id, seconds_da_start, player_made_id, team_made_id, game_made_id, player_suffered_id, team_suffered_id, game_suffered_id, shot_id, turnover_id, foul_id, rebound_defensive_01, rebound_offensive_01, assist_01, blocks_01, time_out_01, x, y)VALUES(27914, 31, 7451, 1655, 24988, NULL, NULL, NULL, NULL, NULL, NULL, '1', '', '', '', '', 71, 21);

INSERT INTO play(id, game_id, seconds_start, seconds_end, quarter, attack_home_01, score_home, score_guest)VALUES(27915, 24988, 1945, 1958, 4, '1', 59, 60);
INSERT INTO player_team_game_play(player_id, team_id, game_id, play_id, seconds_start, seconds_end) VALUES(6320, 1655, 24988, 27915, 1945, 1958);
INSERT INTO player_team_game_play(player_id, team_id, game_id, play_id, seconds_start, seconds_end) VALUES(7448, 1655, 24988, 27915, 1945, 1958);
INSERT INTO player_team_game_play(player_id, team_id, game_id, play_id, seconds_start, seconds_end) VALUES(7049, 1655, 24988, 27915, 1945, 1958);
INSERT INTO player_team_game_play(player_id, team_id, game_id, play_id, seconds_start, seconds_end) VALUES(378, 1655, 24988, 27915, 1945, 1958);
INSERT INTO player_team_game_play(player_id, team_id, game_id, play_id, seconds_start, seconds_end) VALUES(7451, 1655, 24988, 27915, 1945, 1958);
INSERT INTO player_team_game_play(player_id, team_id, game_id, play_id, seconds_start, seconds_end) VALUES(5150, 1649, 24988, 27915, 1945, 1958);
INSERT INTO player_team_game_play(player_id, team_id, game_id, play_id, seconds_start, seconds_end) VALUES(3176, 1649, 24988, 27915, 1945, 1958);
INSERT INTO player_team_game_play(player_id, team_id, game_id, play_id, seconds_start, seconds_end) VALUES(6138, 1649, 24988, 27915, 1945, 1958);
INSERT INTO player_team_game_play(player_id, team_id, game_id, play_id, seconds_start, seconds_end) VALUES(7406, 1649, 24988, 27915, 1945, 1958);
INSERT INTO player_team_game_play(player_id, team_id, game_id, play_id, seconds_start, seconds_end) VALUES(7407, 1649, 24988, 27915, 1945, 1958);
UPDATE player_team_game_play SET seconds_end = 1958 WHERE player_id = 7448 AND game_id = 24988 AND play_id = 27915;
INSERT INTO player_team_game_play(player_id, team_id, game_id, play_id, seconds_start, seconds_end) VALUES(7447, 1655, 24988, 27915, 1958, 1958);
UPDATE player_team_game_play SET seconds_end = 1958 WHERE player_id = 7407 AND game_id = 24988 AND play_id = 27915;
INSERT INTO player_team_game_play(player_id, team_id, game_id, play_id, seconds_start, seconds_end) VALUES(7015, 1649, 24988, 27915, 1958, 1958);
INSERT INTO lba.sub_play (play_id, seconds_da_start, player_made_id, team_made_id, game_made_id, player_suffered_id, team_suffered_id, game_suffered_id, shot_id, turnover_id, foul_id, rebound_defensive_01, rebound_offensive_01, assist_01, blocks_01, time_out_01, x, y)VALUES(27915, 13, 7451, 1655, 24988, NULL, NULL, NULL, 2, NULL, NULL, '', '', '', '', '', 7, 46);
INSERT INTO lba.sub_play (play_id, seconds_da_start, player_made_id, team_made_id, game_made_id, player_suffered_id, team_suffered_id, game_suffered_id, shot_id, turnover_id, foul_id, rebound_defensive_01, rebound_offensive_01, assist_01, blocks_01, time_out_01, x, y)VALUES(27915, 13, 3176, 1649, 24988, NULL, NULL, NULL, NULL, NULL, NULL, '1', '', '', '', '', 7, 46);

INSERT INTO play(id, game_id, seconds_start, seconds_end, quarter, attack_home_01, score_home, score_guest)VALUES(27916, 24988, 1958, 1975, 4, '0', 59, 60);
INSERT INTO player_team_game_play(player_id, team_id, game_id, play_id, seconds_start, seconds_end) VALUES(6320, 1655, 24988, 27916, 1958, 1975);
INSERT INTO player_team_game_play(player_id, team_id, game_id, play_id, seconds_start, seconds_end) VALUES(7448, 1655, 24988, 27916, 1958, 1975);
INSERT INTO player_team_game_play(player_id, team_id, game_id, play_id, seconds_start, seconds_end) VALUES(7049, 1655, 24988, 27916, 1958, 1975);
INSERT INTO player_team_game_play(player_id, team_id, game_id, play_id, seconds_start, seconds_end) VALUES(378, 1655, 24988, 27916, 1958, 1975);
INSERT INTO player_team_game_play(player_id, team_id, game_id, play_id, seconds_start, seconds_end) VALUES(7451, 1655, 24988, 27916, 1958, 1975);
INSERT INTO player_team_game_play(player_id, team_id, game_id, play_id, seconds_start, seconds_end) VALUES(5150, 1649, 24988, 27916, 1958, 1975);
INSERT INTO player_team_game_play(player_id, team_id, game_id, play_id, seconds_start, seconds_end) VALUES(3176, 1649, 24988, 27916, 1958, 1975);
INSERT INTO player_team_game_play(player_id, team_id, game_id, play_id, seconds_start, seconds_end) VALUES(6138, 1649, 24988, 27916, 1958, 1975);
INSERT INTO player_team_game_play(player_id, team_id, game_id, play_id, seconds_start, seconds_end) VALUES(7406, 1649, 24988, 27916, 1958, 1975);
INSERT INTO player_team_game_play(player_id, team_id, game_id, play_id, seconds_start, seconds_end) VALUES(7407, 1649, 24988, 27916, 1958, 1975);
UPDATE player_team_game_play SET seconds_end = 1958 WHERE player_id = 7448 AND game_id = 24988 AND play_id = 27916;
INSERT INTO player_team_game_play(player_id, team_id, game_id, play_id, seconds_start, seconds_end) VALUES(7447, 1655, 24988, 27916, 1958, 1975);
UPDATE player_team_game_play SET seconds_end = 1958 WHERE player_id = 7407 AND game_id = 24988 AND play_id = 27916;
INSERT INTO player_team_game_play(player_id, team_id, game_id, play_id, seconds_start, seconds_end) VALUES(7015, 1649, 24988, 27916, 1958, 1975);
INSERT INTO lba.sub_play (play_id, seconds_da_start, player_made_id, team_made_id, game_made_id, player_suffered_id, team_suffered_id, game_suffered_id, shot_id, turnover_id, foul_id, rebound_defensive_01, rebound_offensive_01, assist_01, blocks_01, time_out_01, x, y)VALUES(27916, 17, 6138, 1649, 24988, NULL, NULL, NULL, 2, NULL, NULL, '', '', '', '', '', 94, 45);
INSERT INTO lba.sub_play (play_id, seconds_da_start, player_made_id, team_made_id, game_made_id, player_suffered_id, team_suffered_id, game_suffered_id, shot_id, turnover_id, foul_id, rebound_defensive_01, rebound_offensive_01, assist_01, blocks_01, time_out_01, x, y)VALUES(27916, 17, 6320, 1655, 24988, NULL, NULL, NULL, NULL, NULL, NULL, '1', '', '', '', '', 94, 45);

INSERT INTO play(id, game_id, seconds_start, seconds_end, quarter, attack_home_01, score_home, score_guest)VALUES(27917, 24988, 1975, 1985, 4, '1', 61, 60);
INSERT INTO player_team_game_play(player_id, team_id, game_id, play_id, seconds_start, seconds_end) VALUES(6320, 1655, 24988, 27917, 1975, 1985);
INSERT INTO player_team_game_play(player_id, team_id, game_id, play_id, seconds_start, seconds_end) VALUES(7447, 1655, 24988, 27917, 1975, 1985);
INSERT INTO player_team_game_play(player_id, team_id, game_id, play_id, seconds_start, seconds_end) VALUES(7049, 1655, 24988, 27917, 1975, 1985);
INSERT INTO player_team_game_play(player_id, team_id, game_id, play_id, seconds_start, seconds_end) VALUES(378, 1655, 24988, 27917, 1975, 1985);
INSERT INTO player_team_game_play(player_id, team_id, game_id, play_id, seconds_start, seconds_end) VALUES(7451, 1655, 24988, 27917, 1975, 1985);
INSERT INTO player_team_game_play(player_id, team_id, game_id, play_id, seconds_start, seconds_end) VALUES(7015, 1649, 24988, 27917, 1975, 1985);
INSERT INTO player_team_game_play(player_id, team_id, game_id, play_id, seconds_start, seconds_end) VALUES(3176, 1649, 24988, 27917, 1975, 1985);
INSERT INTO player_team_game_play(player_id, team_id, game_id, play_id, seconds_start, seconds_end) VALUES(5150, 1649, 24988, 27917, 1975, 1985);
INSERT INTO player_team_game_play(player_id, team_id, game_id, play_id, seconds_start, seconds_end) VALUES(6138, 1649, 24988, 27917, 1975, 1985);
INSERT INTO player_team_game_play(player_id, team_id, game_id, play_id, seconds_start, seconds_end) VALUES(7406, 1649, 24988, 27917, 1975, 1985);
INSERT INTO lba.sub_play (play_id, seconds_da_start, player_made_id, team_made_id, game_made_id, player_suffered_id, team_suffered_id, game_suffered_id, shot_id, turnover_id, foul_id, rebound_defensive_01, rebound_offensive_01, assist_01, blocks_01, time_out_01, x, y)VALUES(27917, 10, 7447, 1655, 24988, NULL, NULL, NULL, 2, NULL, NULL, '', '', '', '', '', 6, 45);
INSERT INTO lba.sub_play (play_id, seconds_da_start, player_made_id, team_made_id, game_made_id, player_suffered_id, team_suffered_id, game_suffered_id, shot_id, turnover_id, foul_id, rebound_defensive_01, rebound_offensive_01, assist_01, blocks_01, time_out_01, x, y)VALUES(27917, 10, 7447, 1655, 24988, NULL, NULL, NULL, NULL, NULL, NULL, '', '1', '', '', '', 6, 45);
INSERT INTO lba.sub_play (play_id, seconds_da_start, player_made_id, team_made_id, game_made_id, player_suffered_id, team_suffered_id, game_suffered_id, shot_id, turnover_id, foul_id, rebound_defensive_01, rebound_offensive_01, assist_01, blocks_01, time_out_01, x, y)VALUES(27917, 10, 7447, 1655, 24988, NULL, NULL, NULL, 1, NULL, NULL, '', '', '', '', '', 6, 45);

INSERT INTO play(id, game_id, seconds_start, seconds_end, quarter, attack_home_01, score_home, score_guest)VALUES(27918, 24988, 1985, 2005, 4, '0', 61, 62);
INSERT INTO player_team_game_play(player_id, team_id, game_id, play_id, seconds_start, seconds_end) VALUES(6320, 1655, 24988, 27918, 1985, 2005);
INSERT INTO player_team_game_play(player_id, team_id, game_id, play_id, seconds_start, seconds_end) VALUES(7447, 1655, 24988, 27918, 1985, 2005);
INSERT INTO player_team_game_play(player_id, team_id, game_id, play_id, seconds_start, seconds_end) VALUES(7049, 1655, 24988, 27918, 1985, 2005);
INSERT INTO player_team_game_play(player_id, team_id, game_id, play_id, seconds_start, seconds_end) VALUES(378, 1655, 24988, 27918, 1985, 2005);
INSERT INTO player_team_game_play(player_id, team_id, game_id, play_id, seconds_start, seconds_end) VALUES(7451, 1655, 24988, 27918, 1985, 2005);
INSERT INTO player_team_game_play(player_id, team_id, game_id, play_id, seconds_start, seconds_end) VALUES(7015, 1649, 24988, 27918, 1985, 2005);
INSERT INTO player_team_game_play(player_id, team_id, game_id, play_id, seconds_start, seconds_end) VALUES(3176, 1649, 24988, 27918, 1985, 2005);
INSERT INTO player_team_game_play(player_id, team_id, game_id, play_id, seconds_start, seconds_end) VALUES(5150, 1649, 24988, 27918, 1985, 2005);
INSERT INTO player_team_game_play(player_id, team_id, game_id, play_id, seconds_start, seconds_end) VALUES(6138, 1649, 24988, 27918, 1985, 2005);
INSERT INTO player_team_game_play(player_id, team_id, game_id, play_id, seconds_start, seconds_end) VALUES(7406, 1649, 24988, 27918, 1985, 2005);
INSERT INTO lba.sub_play (play_id, seconds_da_start, player_made_id, team_made_id, game_made_id, player_suffered_id, team_suffered_id, game_suffered_id, shot_id, turnover_id, foul_id, rebound_defensive_01, rebound_offensive_01, assist_01, blocks_01, time_out_01, x, y)VALUES(27918, 20, 5150, 1649, 24988, NULL, NULL, NULL, 1, NULL, NULL, '', '', '', '', '', 81, 59);

INSERT INTO play(id, game_id, seconds_start, seconds_end, quarter, attack_home_01, score_home, score_guest)VALUES(27919, 24988, 2005, 2015, 4, '1', 61, 62);
INSERT INTO player_team_game_play(player_id, team_id, game_id, play_id, seconds_start, seconds_end) VALUES(6320, 1655, 24988, 27919, 2005, 2015);
INSERT INTO player_team_game_play(player_id, team_id, game_id, play_id, seconds_start, seconds_end) VALUES(7447, 1655, 24988, 27919, 2005, 2015);
INSERT INTO player_team_game_play(player_id, team_id, game_id, play_id, seconds_start, seconds_end) VALUES(7049, 1655, 24988, 27919, 2005, 2015);
INSERT INTO player_team_game_play(player_id, team_id, game_id, play_id, seconds_start, seconds_end) VALUES(378, 1655, 24988, 27919, 2005, 2015);
INSERT INTO player_team_game_play(player_id, team_id, game_id, play_id, seconds_start, seconds_end) VALUES(7451, 1655, 24988, 27919, 2005, 2015);
INSERT INTO player_team_game_play(player_id, team_id, game_id, play_id, seconds_start, seconds_end) VALUES(7015, 1649, 24988, 27919, 2005, 2015);
INSERT INTO player_team_game_play(player_id, team_id, game_id, play_id, seconds_start, seconds_end) VALUES(3176, 1649, 24988, 27919, 2005, 2015);
INSERT INTO player_team_game_play(player_id, team_id, game_id, play_id, seconds_start, seconds_end) VALUES(5150, 1649, 24988, 27919, 2005, 2015);
INSERT INTO player_team_game_play(player_id, team_id, game_id, play_id, seconds_start, seconds_end) VALUES(6138, 1649, 24988, 27919, 2005, 2015);
INSERT INTO player_team_game_play(player_id, team_id, game_id, play_id, seconds_start, seconds_end) VALUES(7406, 1649, 24988, 27919, 2005, 2015);
INSERT INTO lba.sub_play (play_id, seconds_da_start, player_made_id, team_made_id, game_made_id, player_suffered_id, team_suffered_id, game_suffered_id, shot_id, turnover_id, foul_id, rebound_defensive_01, rebound_offensive_01, assist_01, blocks_01, time_out_01, x, y)VALUES(27919, 10, 7049, 1655, 24988, 7406, 1649, 24988, NULL, 1, NULL, '', '', '', '', '', 27, 32);

INSERT INTO play(id, game_id, seconds_start, seconds_end, quarter, attack_home_01, score_home, score_guest)VALUES(27920, 24988, 2015, 2023, 4, '0', 61, 62);
INSERT INTO player_team_game_play(player_id, team_id, game_id, play_id, seconds_start, seconds_end) VALUES(6320, 1655, 24988, 27920, 2015, 2023);
INSERT INTO player_team_game_play(player_id, team_id, game_id, play_id, seconds_start, seconds_end) VALUES(7447, 1655, 24988, 27920, 2015, 2023);
INSERT INTO player_team_game_play(player_id, team_id, game_id, play_id, seconds_start, seconds_end) VALUES(7049, 1655, 24988, 27920, 2015, 2023);
INSERT INTO player_team_game_play(player_id, team_id, game_id, play_id, seconds_start, seconds_end) VALUES(378, 1655, 24988, 27920, 2015, 2023);
INSERT INTO player_team_game_play(player_id, team_id, game_id, play_id, seconds_start, seconds_end) VALUES(7451, 1655, 24988, 27920, 2015, 2023);
INSERT INTO player_team_game_play(player_id, team_id, game_id, play_id, seconds_start, seconds_end) VALUES(7015, 1649, 24988, 27920, 2015, 2023);
INSERT INTO player_team_game_play(player_id, team_id, game_id, play_id, seconds_start, seconds_end) VALUES(3176, 1649, 24988, 27920, 2015, 2023);
INSERT INTO player_team_game_play(player_id, team_id, game_id, play_id, seconds_start, seconds_end) VALUES(5150, 1649, 24988, 27920, 2015, 2023);
INSERT INTO player_team_game_play(player_id, team_id, game_id, play_id, seconds_start, seconds_end) VALUES(6138, 1649, 24988, 27920, 2015, 2023);
INSERT INTO player_team_game_play(player_id, team_id, game_id, play_id, seconds_start, seconds_end) VALUES(7406, 1649, 24988, 27920, 2015, 2023);
INSERT INTO lba.sub_play (play_id, seconds_da_start, player_made_id, team_made_id, game_made_id, player_suffered_id, team_suffered_id, game_suffered_id, shot_id, turnover_id, foul_id, rebound_defensive_01, rebound_offensive_01, assist_01, blocks_01, time_out_01, x, y)VALUES(27920, 8, 7406, 1649, 24988, NULL, NULL, NULL, 2, NULL, NULL, '', '', '', '', '', 93, 44);
INSERT INTO lba.sub_play (play_id, seconds_da_start, player_made_id, team_made_id, game_made_id, player_suffered_id, team_suffered_id, game_suffered_id, shot_id, turnover_id, foul_id, rebound_defensive_01, rebound_offensive_01, assist_01, blocks_01, time_out_01, x, y)VALUES(27920, 8, 378, 1655, 24988, 7406, 1649, 24988, NULL, NULL, NULL, '', '', '', '1', '', 93, 44);

INSERT INTO play(id, game_id, seconds_start, seconds_end, quarter, attack_home_01, score_home, score_guest)VALUES(27921, 24988, 2023, 2036, 4, '1', 61, 62);
INSERT INTO player_team_game_play(player_id, team_id, game_id, play_id, seconds_start, seconds_end) VALUES(6320, 1655, 24988, 27921, 2023, 2036);
INSERT INTO player_team_game_play(player_id, team_id, game_id, play_id, seconds_start, seconds_end) VALUES(7447, 1655, 24988, 27921, 2023, 2036);
INSERT INTO player_team_game_play(player_id, team_id, game_id, play_id, seconds_start, seconds_end) VALUES(7049, 1655, 24988, 27921, 2023, 2036);
INSERT INTO player_team_game_play(player_id, team_id, game_id, play_id, seconds_start, seconds_end) VALUES(378, 1655, 24988, 27921, 2023, 2036);
INSERT INTO player_team_game_play(player_id, team_id, game_id, play_id, seconds_start, seconds_end) VALUES(7451, 1655, 24988, 27921, 2023, 2036);
INSERT INTO player_team_game_play(player_id, team_id, game_id, play_id, seconds_start, seconds_end) VALUES(7015, 1649, 24988, 27921, 2023, 2036);
INSERT INTO player_team_game_play(player_id, team_id, game_id, play_id, seconds_start, seconds_end) VALUES(3176, 1649, 24988, 27921, 2023, 2036);
INSERT INTO player_team_game_play(player_id, team_id, game_id, play_id, seconds_start, seconds_end) VALUES(5150, 1649, 24988, 27921, 2023, 2036);
INSERT INTO player_team_game_play(player_id, team_id, game_id, play_id, seconds_start, seconds_end) VALUES(6138, 1649, 24988, 27921, 2023, 2036);
INSERT INTO player_team_game_play(player_id, team_id, game_id, play_id, seconds_start, seconds_end) VALUES(7406, 1649, 24988, 27921, 2023, 2036);
UPDATE player_team_game_play SET seconds_end = 2024 WHERE player_id = 6138 AND game_id = 24988 AND play_id = 27921;
UPDATE player_team_game_play SET seconds_end = 2024 WHERE player_id = 7406 AND game_id = 24988 AND play_id = 27921;
INSERT INTO player_team_game_play(player_id, team_id, game_id, play_id, seconds_start, seconds_end) VALUES(7404, 1649, 24988, 27921, 2024, 2036);
INSERT INTO player_team_game_play(player_id, team_id, game_id, play_id, seconds_start, seconds_end) VALUES(2103, 1649, 24988, 27921, 2024, 2036);
INSERT INTO lba.sub_play (play_id, seconds_da_start, player_made_id, team_made_id, game_made_id, player_suffered_id, team_suffered_id, game_suffered_id, shot_id, turnover_id, foul_id, rebound_defensive_01, rebound_offensive_01, assist_01, blocks_01, time_out_01, x, y)VALUES(27921, 13, 7049, 1655, 24988, 3176, 1649, 24988, NULL, 2, NULL, '', '', '', '', '', 21, 50);

INSERT INTO play(id, game_id, seconds_start, seconds_end, quarter, attack_home_01, score_home, score_guest)VALUES(27922, 24988, 2036, 2051, 4, '0', 61, 62);
INSERT INTO player_team_game_play(player_id, team_id, game_id, play_id, seconds_start, seconds_end) VALUES(6320, 1655, 24988, 27922, 2036, 2051);
INSERT INTO player_team_game_play(player_id, team_id, game_id, play_id, seconds_start, seconds_end) VALUES(7447, 1655, 24988, 27922, 2036, 2051);
INSERT INTO player_team_game_play(player_id, team_id, game_id, play_id, seconds_start, seconds_end) VALUES(7049, 1655, 24988, 27922, 2036, 2051);
INSERT INTO player_team_game_play(player_id, team_id, game_id, play_id, seconds_start, seconds_end) VALUES(378, 1655, 24988, 27922, 2036, 2051);
INSERT INTO player_team_game_play(player_id, team_id, game_id, play_id, seconds_start, seconds_end) VALUES(7451, 1655, 24988, 27922, 2036, 2051);
INSERT INTO player_team_game_play(player_id, team_id, game_id, play_id, seconds_start, seconds_end) VALUES(2103, 1649, 24988, 27922, 2036, 2051);
INSERT INTO player_team_game_play(player_id, team_id, game_id, play_id, seconds_start, seconds_end) VALUES(7015, 1649, 24988, 27922, 2036, 2051);
INSERT INTO player_team_game_play(player_id, team_id, game_id, play_id, seconds_start, seconds_end) VALUES(3176, 1649, 24988, 27922, 2036, 2051);
INSERT INTO player_team_game_play(player_id, team_id, game_id, play_id, seconds_start, seconds_end) VALUES(7404, 1649, 24988, 27922, 2036, 2051);
INSERT INTO player_team_game_play(player_id, team_id, game_id, play_id, seconds_start, seconds_end) VALUES(5150, 1649, 24988, 27922, 2036, 2051);
INSERT INTO lba.sub_play (play_id, seconds_da_start, player_made_id, team_made_id, game_made_id, player_suffered_id, team_suffered_id, game_suffered_id, shot_id, turnover_id, foul_id, rebound_defensive_01, rebound_offensive_01, assist_01, blocks_01, time_out_01, x, y)VALUES(27922, 15, 7015, 1649, 24988, NULL, NULL, NULL, 4, NULL, NULL, '', '', '', '', '', 69, 35);
INSERT INTO lba.sub_play (play_id, seconds_da_start, player_made_id, team_made_id, game_made_id, player_suffered_id, team_suffered_id, game_suffered_id, shot_id, turnover_id, foul_id, rebound_defensive_01, rebound_offensive_01, assist_01, blocks_01, time_out_01, x, y)VALUES(27922, 15, 7049, 1655, 24988, NULL, NULL, NULL, NULL, NULL, NULL, '1', '', '', '', '', 69, 35);

INSERT INTO play(id, game_id, seconds_start, seconds_end, quarter, attack_home_01, score_home, score_guest)VALUES(27923, 24988, 2051, 2081, 4, '1', 61, 62);
INSERT INTO player_team_game_play(player_id, team_id, game_id, play_id, seconds_start, seconds_end) VALUES(6320, 1655, 24988, 27923, 2051, 2081);
INSERT INTO player_team_game_play(player_id, team_id, game_id, play_id, seconds_start, seconds_end) VALUES(7447, 1655, 24988, 27923, 2051, 2081);
INSERT INTO player_team_game_play(player_id, team_id, game_id, play_id, seconds_start, seconds_end) VALUES(7049, 1655, 24988, 27923, 2051, 2081);
INSERT INTO player_team_game_play(player_id, team_id, game_id, play_id, seconds_start, seconds_end) VALUES(378, 1655, 24988, 27923, 2051, 2081);
INSERT INTO player_team_game_play(player_id, team_id, game_id, play_id, seconds_start, seconds_end) VALUES(7451, 1655, 24988, 27923, 2051, 2081);
INSERT INTO player_team_game_play(player_id, team_id, game_id, play_id, seconds_start, seconds_end) VALUES(2103, 1649, 24988, 27923, 2051, 2081);
INSERT INTO player_team_game_play(player_id, team_id, game_id, play_id, seconds_start, seconds_end) VALUES(7015, 1649, 24988, 27923, 2051, 2081);
INSERT INTO player_team_game_play(player_id, team_id, game_id, play_id, seconds_start, seconds_end) VALUES(3176, 1649, 24988, 27923, 2051, 2081);
INSERT INTO player_team_game_play(player_id, team_id, game_id, play_id, seconds_start, seconds_end) VALUES(7404, 1649, 24988, 27923, 2051, 2081);
INSERT INTO player_team_game_play(player_id, team_id, game_id, play_id, seconds_start, seconds_end) VALUES(5150, 1649, 24988, 27923, 2051, 2081);
UPDATE player_team_game_play SET seconds_end = 2066 WHERE player_id = 7049 AND game_id = 24988 AND play_id = 27923;
INSERT INTO player_team_game_play(player_id, team_id, game_id, play_id, seconds_start, seconds_end) VALUES(7448, 1655, 24988, 27923, 2066, 2081);
UPDATE player_team_game_play SET seconds_end = 2066 WHERE player_id = 5150 AND game_id = 24988 AND play_id = 27923;
INSERT INTO player_team_game_play(player_id, team_id, game_id, play_id, seconds_start, seconds_end) VALUES(7406, 1649, 24988, 27923, 2066, 2081);
INSERT INTO lba.sub_play (play_id, seconds_da_start, player_made_id, team_made_id, game_made_id, player_suffered_id, team_suffered_id, game_suffered_id, shot_id, turnover_id, foul_id, rebound_defensive_01, rebound_offensive_01, assist_01, blocks_01, time_out_01, x, y)VALUES(27923, 12, 7049, 1655, 24988, NULL, NULL, NULL, 2, NULL, NULL, '', '', '', '', '', 10, 90);
INSERT INTO lba.sub_play (play_id, seconds_da_start, player_made_id, team_made_id, game_made_id, player_suffered_id, team_suffered_id, game_suffered_id, shot_id, turnover_id, foul_id, rebound_defensive_01, rebound_offensive_01, assist_01, blocks_01, time_out_01, x, y)VALUES(27923, 12, 7447, 1655, 24988, NULL, NULL, NULL, NULL, NULL, NULL, '', '1', '', '', '', 10, 90);
INSERT INTO lba.sub_play (play_id, seconds_da_start, player_made_id, team_made_id, game_made_id, player_suffered_id, team_suffered_id, game_suffered_id, shot_id, turnover_id, foul_id, rebound_defensive_01, rebound_offensive_01, assist_01, blocks_01, time_out_01, x, y)VALUES(27923, 15, 7404, 1649, 24988, 7447, 1655, 24988, NULL, NULL, 1, '', '', '', '', '', 9, 57);
INSERT INTO lba.sub_play (play_id, seconds_da_start, player_made_id, team_made_id, game_made_id, player_suffered_id, team_suffered_id, game_suffered_id, shot_id, turnover_id, foul_id, rebound_defensive_01, rebound_offensive_01, assist_01, blocks_01, time_out_01, x, y)VALUES(27923, 28, 7447, 1655, 24988, NULL, NULL, NULL, 2, NULL, NULL, '', '', '', '', '', 8, 57);
INSERT INTO lba.sub_play (play_id, seconds_da_start, player_made_id, team_made_id, game_made_id, player_suffered_id, team_suffered_id, game_suffered_id, shot_id, turnover_id, foul_id, rebound_defensive_01, rebound_offensive_01, assist_01, blocks_01, time_out_01, x, y)VALUES(27923, 28, 378, 1655, 24988, NULL, NULL, NULL, NULL, NULL, NULL, '', '1', '', '', '', 8, 57);

INSERT INTO play(id, game_id, seconds_start, seconds_end, quarter, attack_home_01, score_home, score_guest)VALUES(27924, 24988, 2081, 2095, 4, '0', 61, 65);
INSERT INTO player_team_game_play(player_id, team_id, game_id, play_id, seconds_start, seconds_end) VALUES(6320, 1655, 24988, 27924, 2081, 2095);
INSERT INTO player_team_game_play(player_id, team_id, game_id, play_id, seconds_start, seconds_end) VALUES(7447, 1655, 24988, 27924, 2081, 2095);
INSERT INTO player_team_game_play(player_id, team_id, game_id, play_id, seconds_start, seconds_end) VALUES(7448, 1655, 24988, 27924, 2081, 2095);
INSERT INTO player_team_game_play(player_id, team_id, game_id, play_id, seconds_start, seconds_end) VALUES(378, 1655, 24988, 27924, 2081, 2095);
INSERT INTO player_team_game_play(player_id, team_id, game_id, play_id, seconds_start, seconds_end) VALUES(7451, 1655, 24988, 27924, 2081, 2095);
INSERT INTO player_team_game_play(player_id, team_id, game_id, play_id, seconds_start, seconds_end) VALUES(2103, 1649, 24988, 27924, 2081, 2095);
INSERT INTO player_team_game_play(player_id, team_id, game_id, play_id, seconds_start, seconds_end) VALUES(7015, 1649, 24988, 27924, 2081, 2095);
INSERT INTO player_team_game_play(player_id, team_id, game_id, play_id, seconds_start, seconds_end) VALUES(3176, 1649, 24988, 27924, 2081, 2095);
INSERT INTO player_team_game_play(player_id, team_id, game_id, play_id, seconds_start, seconds_end) VALUES(7404, 1649, 24988, 27924, 2081, 2095);
INSERT INTO player_team_game_play(player_id, team_id, game_id, play_id, seconds_start, seconds_end) VALUES(7406, 1649, 24988, 27924, 2081, 2095);
INSERT INTO lba.sub_play (play_id, seconds_da_start, player_made_id, team_made_id, game_made_id, player_suffered_id, team_suffered_id, game_suffered_id, shot_id, turnover_id, foul_id, rebound_defensive_01, rebound_offensive_01, assist_01, blocks_01, time_out_01, x, y)VALUES(27924, 14, 3176, 1649, 24988, NULL, NULL, NULL, 3, NULL, NULL, '', '', '', '', '', 67, 62);
INSERT INTO lba.sub_play (play_id, seconds_da_start, player_made_id, team_made_id, game_made_id, player_suffered_id, team_suffered_id, game_suffered_id, shot_id, turnover_id, foul_id, rebound_defensive_01, rebound_offensive_01, assist_01, blocks_01, time_out_01, x, y)VALUES(27924, 14, 2103, 1649, 24988, NULL, NULL, NULL, NULL, NULL, NULL, '', '', '1', '', '', 67, 62);

INSERT INTO play(id, game_id, seconds_start, seconds_end, quarter, attack_home_01, score_home, score_guest)VALUES(27925, 24988, 2095, 2123, 4, '1', 61, 65);
INSERT INTO player_team_game_play(player_id, team_id, game_id, play_id, seconds_start, seconds_end) VALUES(6320, 1655, 24988, 27925, 2095, 2123);
INSERT INTO player_team_game_play(player_id, team_id, game_id, play_id, seconds_start, seconds_end) VALUES(7447, 1655, 24988, 27925, 2095, 2123);
INSERT INTO player_team_game_play(player_id, team_id, game_id, play_id, seconds_start, seconds_end) VALUES(7448, 1655, 24988, 27925, 2095, 2123);
INSERT INTO player_team_game_play(player_id, team_id, game_id, play_id, seconds_start, seconds_end) VALUES(378, 1655, 24988, 27925, 2095, 2123);
INSERT INTO player_team_game_play(player_id, team_id, game_id, play_id, seconds_start, seconds_end) VALUES(7451, 1655, 24988, 27925, 2095, 2123);
INSERT INTO player_team_game_play(player_id, team_id, game_id, play_id, seconds_start, seconds_end) VALUES(2103, 1649, 24988, 27925, 2095, 2123);
INSERT INTO player_team_game_play(player_id, team_id, game_id, play_id, seconds_start, seconds_end) VALUES(7015, 1649, 24988, 27925, 2095, 2123);
INSERT INTO player_team_game_play(player_id, team_id, game_id, play_id, seconds_start, seconds_end) VALUES(3176, 1649, 24988, 27925, 2095, 2123);
INSERT INTO player_team_game_play(player_id, team_id, game_id, play_id, seconds_start, seconds_end) VALUES(7404, 1649, 24988, 27925, 2095, 2123);
INSERT INTO player_team_game_play(player_id, team_id, game_id, play_id, seconds_start, seconds_end) VALUES(7406, 1649, 24988, 27925, 2095, 2123);
UPDATE player_team_game_play SET seconds_end = 2098 WHERE player_id = 378 AND game_id = 24988 AND play_id = 27925;
INSERT INTO player_team_game_play(player_id, team_id, game_id, play_id, seconds_start, seconds_end) VALUES(7450, 1655, 24988, 27925, 2098, 2123);
INSERT INTO lba.sub_play (play_id, seconds_da_start, player_made_id, team_made_id, game_made_id, player_suffered_id, team_suffered_id, game_suffered_id, shot_id, turnover_id, foul_id, rebound_defensive_01, rebound_offensive_01, assist_01, blocks_01, time_out_01, x, y)VALUES(27925, 12, 2103, 1649, 24988, 7448, 1655, 24988, NULL, NULL, 1, '', '', '', '', '', 24, 54);
INSERT INTO lba.sub_play (play_id, seconds_da_start, player_made_id, team_made_id, game_made_id, player_suffered_id, team_suffered_id, game_suffered_id, shot_id, turnover_id, foul_id, rebound_defensive_01, rebound_offensive_01, assist_01, blocks_01, time_out_01, x, y)VALUES(27925, 24, 7448, 1655, 24988, NULL, NULL, NULL, 2, NULL, NULL, '', '', '', '', '', 10, 61);
INSERT INTO lba.sub_play (play_id, seconds_da_start, player_made_id, team_made_id, game_made_id, player_suffered_id, team_suffered_id, game_suffered_id, shot_id, turnover_id, foul_id, rebound_defensive_01, rebound_offensive_01, assist_01, blocks_01, time_out_01, x, y)VALUES(27925, 24, 3176, 1649, 24988, 7448, 1655, 24988, NULL, NULL, NULL, '', '', '', '1', '', 10, 61);
INSERT INTO lba.sub_play (play_id, seconds_da_start, player_made_id, team_made_id, game_made_id, player_suffered_id, team_suffered_id, game_suffered_id, shot_id, turnover_id, foul_id, rebound_defensive_01, rebound_offensive_01, assist_01, blocks_01, time_out_01, x, y)VALUES(27925, 28, 7451, 1655, 24988, NULL, NULL, NULL, 2, NULL, NULL, '', '', '', '', '', 17, 75);
INSERT INTO lba.sub_play (play_id, seconds_da_start, player_made_id, team_made_id, game_made_id, player_suffered_id, team_suffered_id, game_suffered_id, shot_id, turnover_id, foul_id, rebound_defensive_01, rebound_offensive_01, assist_01, blocks_01, time_out_01, x, y)VALUES(27925, 28, 2103, 1649, 24988, NULL, NULL, NULL, NULL, NULL, NULL, '1', '', '', '', '', 17, 75);

INSERT INTO play(id, game_id, seconds_start, seconds_end, quarter, attack_home_01, score_home, score_guest)VALUES(27926, 24988, 2123, 2149, 4, '0', 61, 67);
INSERT INTO player_team_game_play(player_id, team_id, game_id, play_id, seconds_start, seconds_end) VALUES(6320, 1655, 24988, 27926, 2123, 2149);
INSERT INTO player_team_game_play(player_id, team_id, game_id, play_id, seconds_start, seconds_end) VALUES(7447, 1655, 24988, 27926, 2123, 2149);
INSERT INTO player_team_game_play(player_id, team_id, game_id, play_id, seconds_start, seconds_end) VALUES(7448, 1655, 24988, 27926, 2123, 2149);
INSERT INTO player_team_game_play(player_id, team_id, game_id, play_id, seconds_start, seconds_end) VALUES(7450, 1655, 24988, 27926, 2123, 2149);
INSERT INTO player_team_game_play(player_id, team_id, game_id, play_id, seconds_start, seconds_end) VALUES(7451, 1655, 24988, 27926, 2123, 2149);
INSERT INTO player_team_game_play(player_id, team_id, game_id, play_id, seconds_start, seconds_end) VALUES(2103, 1649, 24988, 27926, 2123, 2149);
INSERT INTO player_team_game_play(player_id, team_id, game_id, play_id, seconds_start, seconds_end) VALUES(7015, 1649, 24988, 27926, 2123, 2149);
INSERT INTO player_team_game_play(player_id, team_id, game_id, play_id, seconds_start, seconds_end) VALUES(3176, 1649, 24988, 27926, 2123, 2149);
INSERT INTO player_team_game_play(player_id, team_id, game_id, play_id, seconds_start, seconds_end) VALUES(7404, 1649, 24988, 27926, 2123, 2149);
INSERT INTO player_team_game_play(player_id, team_id, game_id, play_id, seconds_start, seconds_end) VALUES(7406, 1649, 24988, 27926, 2123, 2149);
INSERT INTO lba.sub_play (play_id, seconds_da_start, player_made_id, team_made_id, game_made_id, player_suffered_id, team_suffered_id, game_suffered_id, shot_id, turnover_id, foul_id, rebound_defensive_01, rebound_offensive_01, assist_01, blocks_01, time_out_01, x, y)VALUES(27926, 26, 3176, 1649, 24988, NULL, NULL, NULL, 1, NULL, NULL, '', '', '', '', '', 88, 49);

INSERT INTO play(id, game_id, seconds_start, seconds_end, quarter, attack_home_01, score_home, score_guest)VALUES(27927, 24988, 2149, 2164, 4, '1', 64, 67);
INSERT INTO player_team_game_play(player_id, team_id, game_id, play_id, seconds_start, seconds_end) VALUES(6320, 1655, 24988, 27927, 2149, 2164);
INSERT INTO player_team_game_play(player_id, team_id, game_id, play_id, seconds_start, seconds_end) VALUES(7447, 1655, 24988, 27927, 2149, 2164);
INSERT INTO player_team_game_play(player_id, team_id, game_id, play_id, seconds_start, seconds_end) VALUES(7448, 1655, 24988, 27927, 2149, 2164);
INSERT INTO player_team_game_play(player_id, team_id, game_id, play_id, seconds_start, seconds_end) VALUES(7450, 1655, 24988, 27927, 2149, 2164);
INSERT INTO player_team_game_play(player_id, team_id, game_id, play_id, seconds_start, seconds_end) VALUES(7451, 1655, 24988, 27927, 2149, 2164);
INSERT INTO player_team_game_play(player_id, team_id, game_id, play_id, seconds_start, seconds_end) VALUES(2103, 1649, 24988, 27927, 2149, 2164);
INSERT INTO player_team_game_play(player_id, team_id, game_id, play_id, seconds_start, seconds_end) VALUES(7015, 1649, 24988, 27927, 2149, 2164);
INSERT INTO player_team_game_play(player_id, team_id, game_id, play_id, seconds_start, seconds_end) VALUES(3176, 1649, 24988, 27927, 2149, 2164);
INSERT INTO player_team_game_play(player_id, team_id, game_id, play_id, seconds_start, seconds_end) VALUES(7404, 1649, 24988, 27927, 2149, 2164);
INSERT INTO player_team_game_play(player_id, team_id, game_id, play_id, seconds_start, seconds_end) VALUES(7406, 1649, 24988, 27927, 2149, 2164);
INSERT INTO lba.sub_play (play_id, seconds_da_start, player_made_id, team_made_id, game_made_id, player_suffered_id, team_suffered_id, game_suffered_id, shot_id, turnover_id, foul_id, rebound_defensive_01, rebound_offensive_01, assist_01, blocks_01, time_out_01, x, y)VALUES(27927, 15, 7451, 1655, 24988, NULL, NULL, NULL, 3, NULL, NULL, '', '', '', '', '', 30, 75);
INSERT INTO lba.sub_play (play_id, seconds_da_start, player_made_id, team_made_id, game_made_id, player_suffered_id, team_suffered_id, game_suffered_id, shot_id, turnover_id, foul_id, rebound_defensive_01, rebound_offensive_01, assist_01, blocks_01, time_out_01, x, y)VALUES(27927, 15, 7447, 1655, 24988, NULL, NULL, NULL, NULL, NULL, NULL, '', '', '1', '', '', 30, 75);

INSERT INTO play(id, game_id, seconds_start, seconds_end, quarter, attack_home_01, score_home, score_guest)VALUES(27928, 24988, 2164, 2186, 4, '0', 64, 67);
INSERT INTO player_team_game_play(player_id, team_id, game_id, play_id, seconds_start, seconds_end) VALUES(6320, 1655, 24988, 27928, 2164, 2186);
INSERT INTO player_team_game_play(player_id, team_id, game_id, play_id, seconds_start, seconds_end) VALUES(7447, 1655, 24988, 27928, 2164, 2186);
INSERT INTO player_team_game_play(player_id, team_id, game_id, play_id, seconds_start, seconds_end) VALUES(7448, 1655, 24988, 27928, 2164, 2186);
INSERT INTO player_team_game_play(player_id, team_id, game_id, play_id, seconds_start, seconds_end) VALUES(7450, 1655, 24988, 27928, 2164, 2186);
INSERT INTO player_team_game_play(player_id, team_id, game_id, play_id, seconds_start, seconds_end) VALUES(7451, 1655, 24988, 27928, 2164, 2186);
INSERT INTO player_team_game_play(player_id, team_id, game_id, play_id, seconds_start, seconds_end) VALUES(2103, 1649, 24988, 27928, 2164, 2186);
INSERT INTO player_team_game_play(player_id, team_id, game_id, play_id, seconds_start, seconds_end) VALUES(7015, 1649, 24988, 27928, 2164, 2186);
INSERT INTO player_team_game_play(player_id, team_id, game_id, play_id, seconds_start, seconds_end) VALUES(3176, 1649, 24988, 27928, 2164, 2186);
INSERT INTO player_team_game_play(player_id, team_id, game_id, play_id, seconds_start, seconds_end) VALUES(7404, 1649, 24988, 27928, 2164, 2186);
INSERT INTO player_team_game_play(player_id, team_id, game_id, play_id, seconds_start, seconds_end) VALUES(7406, 1649, 24988, 27928, 2164, 2186);
INSERT INTO lba.sub_play (play_id, seconds_da_start, player_made_id, team_made_id, game_made_id, player_suffered_id, team_suffered_id, game_suffered_id, shot_id, turnover_id, foul_id, rebound_defensive_01, rebound_offensive_01, assist_01, blocks_01, time_out_01, x, y)VALUES(27928, 22, 7404, 1649, 24988, NULL, NULL, NULL, 2, NULL, NULL, '', '', '', '', '', 91, 55);
INSERT INTO lba.sub_play (play_id, seconds_da_start, player_made_id, team_made_id, game_made_id, player_suffered_id, team_suffered_id, game_suffered_id, shot_id, turnover_id, foul_id, rebound_defensive_01, rebound_offensive_01, assist_01, blocks_01, time_out_01, x, y)VALUES(27928, 22, 7450, 1655, 24988, 7404, 1649, 24988, NULL, NULL, NULL, '', '', '', '1', '', 91, 55);
INSERT INTO lba.sub_play (play_id, seconds_da_start, player_made_id, team_made_id, game_made_id, player_suffered_id, team_suffered_id, game_suffered_id, shot_id, turnover_id, foul_id, rebound_defensive_01, rebound_offensive_01, assist_01, blocks_01, time_out_01, x, y)VALUES(27928, 22, 6320, 1655, 24988, NULL, NULL, NULL, NULL, NULL, NULL, '1', '', '', '', '', 91, 55);

INSERT INTO play(id, game_id, seconds_start, seconds_end, quarter, attack_home_01, score_home, score_guest)VALUES(27929, 24988, 2186, 2192, 4, '1', 66, 67);
INSERT INTO player_team_game_play(player_id, team_id, game_id, play_id, seconds_start, seconds_end) VALUES(6320, 1655, 24988, 27929, 2186, 2192);
INSERT INTO player_team_game_play(player_id, team_id, game_id, play_id, seconds_start, seconds_end) VALUES(7447, 1655, 24988, 27929, 2186, 2192);
INSERT INTO player_team_game_play(player_id, team_id, game_id, play_id, seconds_start, seconds_end) VALUES(7448, 1655, 24988, 27929, 2186, 2192);
INSERT INTO player_team_game_play(player_id, team_id, game_id, play_id, seconds_start, seconds_end) VALUES(7450, 1655, 24988, 27929, 2186, 2192);
INSERT INTO player_team_game_play(player_id, team_id, game_id, play_id, seconds_start, seconds_end) VALUES(7451, 1655, 24988, 27929, 2186, 2192);
INSERT INTO player_team_game_play(player_id, team_id, game_id, play_id, seconds_start, seconds_end) VALUES(2103, 1649, 24988, 27929, 2186, 2192);
INSERT INTO player_team_game_play(player_id, team_id, game_id, play_id, seconds_start, seconds_end) VALUES(7015, 1649, 24988, 27929, 2186, 2192);
INSERT INTO player_team_game_play(player_id, team_id, game_id, play_id, seconds_start, seconds_end) VALUES(3176, 1649, 24988, 27929, 2186, 2192);
INSERT INTO player_team_game_play(player_id, team_id, game_id, play_id, seconds_start, seconds_end) VALUES(7404, 1649, 24988, 27929, 2186, 2192);
INSERT INTO player_team_game_play(player_id, team_id, game_id, play_id, seconds_start, seconds_end) VALUES(7406, 1649, 24988, 27929, 2186, 2192);
INSERT INTO lba.sub_play (play_id, seconds_da_start, player_made_id, team_made_id, game_made_id, player_suffered_id, team_suffered_id, game_suffered_id, shot_id, turnover_id, foul_id, rebound_defensive_01, rebound_offensive_01, assist_01, blocks_01, time_out_01, x, y)VALUES(27929, 6, 6320, 1655, 24988, NULL, NULL, NULL, 1, NULL, NULL, '', '', '', '', '', 7, 55);

INSERT INTO play(id, game_id, seconds_start, seconds_end, quarter, attack_home_01, score_home, score_guest)VALUES(27930, 24988, 2192, 2216, 4, '0', 66, 67);
INSERT INTO player_team_game_play(player_id, team_id, game_id, play_id, seconds_start, seconds_end) VALUES(6320, 1655, 24988, 27930, 2192, 2216);
INSERT INTO player_team_game_play(player_id, team_id, game_id, play_id, seconds_start, seconds_end) VALUES(7447, 1655, 24988, 27930, 2192, 2216);
INSERT INTO player_team_game_play(player_id, team_id, game_id, play_id, seconds_start, seconds_end) VALUES(7448, 1655, 24988, 27930, 2192, 2216);
INSERT INTO player_team_game_play(player_id, team_id, game_id, play_id, seconds_start, seconds_end) VALUES(7450, 1655, 24988, 27930, 2192, 2216);
INSERT INTO player_team_game_play(player_id, team_id, game_id, play_id, seconds_start, seconds_end) VALUES(7451, 1655, 24988, 27930, 2192, 2216);
INSERT INTO player_team_game_play(player_id, team_id, game_id, play_id, seconds_start, seconds_end) VALUES(2103, 1649, 24988, 27930, 2192, 2216);
INSERT INTO player_team_game_play(player_id, team_id, game_id, play_id, seconds_start, seconds_end) VALUES(7015, 1649, 24988, 27930, 2192, 2216);
INSERT INTO player_team_game_play(player_id, team_id, game_id, play_id, seconds_start, seconds_end) VALUES(3176, 1649, 24988, 27930, 2192, 2216);
INSERT INTO player_team_game_play(player_id, team_id, game_id, play_id, seconds_start, seconds_end) VALUES(7404, 1649, 24988, 27930, 2192, 2216);
INSERT INTO player_team_game_play(player_id, team_id, game_id, play_id, seconds_start, seconds_end) VALUES(7406, 1649, 24988, 27930, 2192, 2216);
INSERT INTO lba.sub_play (play_id, seconds_da_start, player_made_id, team_made_id, game_made_id, player_suffered_id, team_suffered_id, game_suffered_id, shot_id, turnover_id, foul_id, rebound_defensive_01, rebound_offensive_01, assist_01, blocks_01, time_out_01, x, y)VALUES(27930, 24, 7406, 1649, 24988, NULL, NULL, NULL, 2, NULL, NULL, '', '', '', '', '', 92, 42);
INSERT INTO lba.sub_play (play_id, seconds_da_start, player_made_id, team_made_id, game_made_id, player_suffered_id, team_suffered_id, game_suffered_id, shot_id, turnover_id, foul_id, rebound_defensive_01, rebound_offensive_01, assist_01, blocks_01, time_out_01, x, y)VALUES(27930, 24, 7450, 1655, 24988, NULL, NULL, NULL, NULL, NULL, NULL, '1', '', '', '', '', 92, 42);

INSERT INTO play(id, game_id, seconds_start, seconds_end, quarter, attack_home_01, score_home, score_guest)VALUES(27931, 24988, 2216, 2237, 4, '1', 66, 67);
INSERT INTO player_team_game_play(player_id, team_id, game_id, play_id, seconds_start, seconds_end) VALUES(6320, 1655, 24988, 27931, 2216, 2237);
INSERT INTO player_team_game_play(player_id, team_id, game_id, play_id, seconds_start, seconds_end) VALUES(7447, 1655, 24988, 27931, 2216, 2237);
INSERT INTO player_team_game_play(player_id, team_id, game_id, play_id, seconds_start, seconds_end) VALUES(7448, 1655, 24988, 27931, 2216, 2237);
INSERT INTO player_team_game_play(player_id, team_id, game_id, play_id, seconds_start, seconds_end) VALUES(7450, 1655, 24988, 27931, 2216, 2237);
INSERT INTO player_team_game_play(player_id, team_id, game_id, play_id, seconds_start, seconds_end) VALUES(7451, 1655, 24988, 27931, 2216, 2237);
INSERT INTO player_team_game_play(player_id, team_id, game_id, play_id, seconds_start, seconds_end) VALUES(2103, 1649, 24988, 27931, 2216, 2237);
INSERT INTO player_team_game_play(player_id, team_id, game_id, play_id, seconds_start, seconds_end) VALUES(7015, 1649, 24988, 27931, 2216, 2237);
INSERT INTO player_team_game_play(player_id, team_id, game_id, play_id, seconds_start, seconds_end) VALUES(3176, 1649, 24988, 27931, 2216, 2237);
INSERT INTO player_team_game_play(player_id, team_id, game_id, play_id, seconds_start, seconds_end) VALUES(7404, 1649, 24988, 27931, 2216, 2237);
INSERT INTO player_team_game_play(player_id, team_id, game_id, play_id, seconds_start, seconds_end) VALUES(7406, 1649, 24988, 27931, 2216, 2237);
UPDATE player_team_game_play SET seconds_end = 2223 WHERE player_id = 7451 AND game_id = 24988 AND play_id = 27931;
INSERT INTO player_team_game_play(player_id, team_id, game_id, play_id, seconds_start, seconds_end) VALUES(7049, 1655, 24988, 27931, 2223, 2237);
UPDATE player_team_game_play SET seconds_end = 2223 WHERE player_id = 7404 AND game_id = 24988 AND play_id = 27931;
UPDATE player_team_game_play SET seconds_end = 2223 WHERE player_id = 2103 AND game_id = 24988 AND play_id = 27931;
INSERT INTO player_team_game_play(player_id, team_id, game_id, play_id, seconds_start, seconds_end) VALUES(6138, 1649, 24988, 27931, 2223, 2237);
INSERT INTO player_team_game_play(player_id, team_id, game_id, play_id, seconds_start, seconds_end) VALUES(5150, 1649, 24988, 27931, 2223, 2237);
INSERT INTO lba.sub_play (play_id, seconds_da_start, player_made_id, team_made_id, game_made_id, player_suffered_id, team_suffered_id, game_suffered_id, shot_id, turnover_id, foul_id, rebound_defensive_01, rebound_offensive_01, assist_01, blocks_01, time_out_01, x, y)VALUES(27931, 7, 7015, 1649, 24988, 7450, 1655, 24988, NULL, NULL, 1, '', '', '', '', '', 29, 64);
INSERT INTO lba.sub_play (play_id, seconds_da_start, player_made_id, team_made_id, game_made_id, player_suffered_id, team_suffered_id, game_suffered_id, shot_id, turnover_id, foul_id, rebound_defensive_01, rebound_offensive_01, assist_01, blocks_01, time_out_01, x, y)VALUES(27931, 21, 7450, 1655, 24988, NULL, NULL, NULL, 4, NULL, NULL, '', '', '', '', '', 32, 54);
INSERT INTO lba.sub_play (play_id, seconds_da_start, player_made_id, team_made_id, game_made_id, player_suffered_id, team_suffered_id, game_suffered_id, shot_id, turnover_id, foul_id, rebound_defensive_01, rebound_offensive_01, assist_01, blocks_01, time_out_01, x, y)VALUES(27931, 21, 5150, 1649, 24988, NULL, NULL, NULL, NULL, NULL, NULL, '1', '', '', '', '', 32, 54);

INSERT INTO play(id, game_id, seconds_start, seconds_end, quarter, attack_home_01, score_home, score_guest)VALUES(27932, 24988, 2237, 2270, 4, '0', 66, 67);
INSERT INTO player_team_game_play(player_id, team_id, game_id, play_id, seconds_start, seconds_end) VALUES(6320, 1655, 24988, 27932, 2237, 2270);
INSERT INTO player_team_game_play(player_id, team_id, game_id, play_id, seconds_start, seconds_end) VALUES(7447, 1655, 24988, 27932, 2237, 2270);
INSERT INTO player_team_game_play(player_id, team_id, game_id, play_id, seconds_start, seconds_end) VALUES(7448, 1655, 24988, 27932, 2237, 2270);
INSERT INTO player_team_game_play(player_id, team_id, game_id, play_id, seconds_start, seconds_end) VALUES(7049, 1655, 24988, 27932, 2237, 2270);
INSERT INTO player_team_game_play(player_id, team_id, game_id, play_id, seconds_start, seconds_end) VALUES(7450, 1655, 24988, 27932, 2237, 2270);
INSERT INTO player_team_game_play(player_id, team_id, game_id, play_id, seconds_start, seconds_end) VALUES(7015, 1649, 24988, 27932, 2237, 2270);
INSERT INTO player_team_game_play(player_id, team_id, game_id, play_id, seconds_start, seconds_end) VALUES(3176, 1649, 24988, 27932, 2237, 2270);
INSERT INTO player_team_game_play(player_id, team_id, game_id, play_id, seconds_start, seconds_end) VALUES(5150, 1649, 24988, 27932, 2237, 2270);
INSERT INTO player_team_game_play(player_id, team_id, game_id, play_id, seconds_start, seconds_end) VALUES(6138, 1649, 24988, 27932, 2237, 2270);
INSERT INTO player_team_game_play(player_id, team_id, game_id, play_id, seconds_start, seconds_end) VALUES(7406, 1649, 24988, 27932, 2237, 2270);
INSERT INTO lba.sub_play (play_id, seconds_da_start, player_made_id, team_made_id, game_made_id, player_suffered_id, team_suffered_id, game_suffered_id, shot_id, turnover_id, foul_id, rebound_defensive_01, rebound_offensive_01, assist_01, blocks_01, time_out_01, x, y)VALUES(27932, 20, 7450, 1655, 24988, 7015, 1649, 24988, NULL, NULL, 1, '', '', '', '', '', 86, 51);
INSERT INTO lba.sub_play (play_id, seconds_da_start, player_made_id, team_made_id, game_made_id, player_suffered_id, team_suffered_id, game_suffered_id, shot_id, turnover_id, foul_id, rebound_defensive_01, rebound_offensive_01, assist_01, blocks_01, time_out_01, x, y)VALUES(27932, 33, 7406, 1649, 24988, NULL, NULL, NULL, 4, NULL, NULL, '', '', '', '', '', 67, 56);

INSERT INTO play(id, game_id, seconds_start, seconds_end, quarter, attack_home_01, score_home, score_guest)VALUES(27933, 24988, 2270, 2295, 4, '1', 66, 67);
INSERT INTO player_team_game_play(player_id, team_id, game_id, play_id, seconds_start, seconds_end) VALUES(6320, 1655, 24988, 27933, 2270, 2295);
INSERT INTO player_team_game_play(player_id, team_id, game_id, play_id, seconds_start, seconds_end) VALUES(7447, 1655, 24988, 27933, 2270, 2295);
INSERT INTO player_team_game_play(player_id, team_id, game_id, play_id, seconds_start, seconds_end) VALUES(7448, 1655, 24988, 27933, 2270, 2295);
INSERT INTO player_team_game_play(player_id, team_id, game_id, play_id, seconds_start, seconds_end) VALUES(7049, 1655, 24988, 27933, 2270, 2295);
INSERT INTO player_team_game_play(player_id, team_id, game_id, play_id, seconds_start, seconds_end) VALUES(7450, 1655, 24988, 27933, 2270, 2295);
INSERT INTO player_team_game_play(player_id, team_id, game_id, play_id, seconds_start, seconds_end) VALUES(7015, 1649, 24988, 27933, 2270, 2295);
INSERT INTO player_team_game_play(player_id, team_id, game_id, play_id, seconds_start, seconds_end) VALUES(3176, 1649, 24988, 27933, 2270, 2295);
INSERT INTO player_team_game_play(player_id, team_id, game_id, play_id, seconds_start, seconds_end) VALUES(5150, 1649, 24988, 27933, 2270, 2295);
INSERT INTO player_team_game_play(player_id, team_id, game_id, play_id, seconds_start, seconds_end) VALUES(6138, 1649, 24988, 27933, 2270, 2295);
INSERT INTO player_team_game_play(player_id, team_id, game_id, play_id, seconds_start, seconds_end) VALUES(7406, 1649, 24988, 27933, 2270, 2295);
UPDATE player_team_game_play SET seconds_end = 2272 WHERE player_id = 6138 AND game_id = 24988 AND play_id = 27933;
INSERT INTO player_team_game_play(player_id, team_id, game_id, play_id, seconds_start, seconds_end) VALUES(2103, 1649, 24988, 27933, 2272, 2295);
INSERT INTO lba.sub_play (play_id, seconds_da_start, player_made_id, team_made_id, game_made_id, player_suffered_id, team_suffered_id, game_suffered_id, shot_id, turnover_id, foul_id, rebound_defensive_01, rebound_offensive_01, assist_01, blocks_01, time_out_01, x, y)VALUES(27933, 25, 7049, 1655, 24988, 7406, 1649, 24988, NULL, 1, NULL, '', '', '', '', '', 25, 48);

INSERT INTO play(id, game_id, seconds_start, seconds_end, quarter, attack_home_01, score_home, score_guest)VALUES(27934, 24988, 2295, 2308, 4, '0', 66, 67);
INSERT INTO player_team_game_play(player_id, team_id, game_id, play_id, seconds_start, seconds_end) VALUES(6320, 1655, 24988, 27934, 2295, 2308);
INSERT INTO player_team_game_play(player_id, team_id, game_id, play_id, seconds_start, seconds_end) VALUES(7447, 1655, 24988, 27934, 2295, 2308);
INSERT INTO player_team_game_play(player_id, team_id, game_id, play_id, seconds_start, seconds_end) VALUES(7448, 1655, 24988, 27934, 2295, 2308);
INSERT INTO player_team_game_play(player_id, team_id, game_id, play_id, seconds_start, seconds_end) VALUES(7049, 1655, 24988, 27934, 2295, 2308);
INSERT INTO player_team_game_play(player_id, team_id, game_id, play_id, seconds_start, seconds_end) VALUES(7450, 1655, 24988, 27934, 2295, 2308);
INSERT INTO player_team_game_play(player_id, team_id, game_id, play_id, seconds_start, seconds_end) VALUES(2103, 1649, 24988, 27934, 2295, 2308);
INSERT INTO player_team_game_play(player_id, team_id, game_id, play_id, seconds_start, seconds_end) VALUES(7015, 1649, 24988, 27934, 2295, 2308);
INSERT INTO player_team_game_play(player_id, team_id, game_id, play_id, seconds_start, seconds_end) VALUES(3176, 1649, 24988, 27934, 2295, 2308);
INSERT INTO player_team_game_play(player_id, team_id, game_id, play_id, seconds_start, seconds_end) VALUES(5150, 1649, 24988, 27934, 2295, 2308);
INSERT INTO player_team_game_play(player_id, team_id, game_id, play_id, seconds_start, seconds_end) VALUES(7406, 1649, 24988, 27934, 2295, 2308);
INSERT INTO lba.sub_play (play_id, seconds_da_start, player_made_id, team_made_id, game_made_id, player_suffered_id, team_suffered_id, game_suffered_id, shot_id, turnover_id, foul_id, rebound_defensive_01, rebound_offensive_01, assist_01, blocks_01, time_out_01, x, y)VALUES(27934, 13, 3176, 1649, 24988, NULL, NULL, NULL, 2, NULL, NULL, '', '', '', '', '', 80, 49);
INSERT INTO lba.sub_play (play_id, seconds_da_start, player_made_id, team_made_id, game_made_id, player_suffered_id, team_suffered_id, game_suffered_id, shot_id, turnover_id, foul_id, rebound_defensive_01, rebound_offensive_01, assist_01, blocks_01, time_out_01, x, y)VALUES(27934, 13, 7450, 1655, 24988, NULL, NULL, NULL, NULL, NULL, NULL, '1', '', '', '', '', 80, 49);

INSERT INTO play(id, game_id, seconds_start, seconds_end, quarter, attack_home_01, score_home, score_guest)VALUES(27935, 24988, 2308, 2334, 4, '1', 66, 67);
INSERT INTO player_team_game_play(player_id, team_id, game_id, play_id, seconds_start, seconds_end) VALUES(6320, 1655, 24988, 27935, 2308, 2334);
INSERT INTO player_team_game_play(player_id, team_id, game_id, play_id, seconds_start, seconds_end) VALUES(7447, 1655, 24988, 27935, 2308, 2334);
INSERT INTO player_team_game_play(player_id, team_id, game_id, play_id, seconds_start, seconds_end) VALUES(7448, 1655, 24988, 27935, 2308, 2334);
INSERT INTO player_team_game_play(player_id, team_id, game_id, play_id, seconds_start, seconds_end) VALUES(7049, 1655, 24988, 27935, 2308, 2334);
INSERT INTO player_team_game_play(player_id, team_id, game_id, play_id, seconds_start, seconds_end) VALUES(7450, 1655, 24988, 27935, 2308, 2334);
INSERT INTO player_team_game_play(player_id, team_id, game_id, play_id, seconds_start, seconds_end) VALUES(2103, 1649, 24988, 27935, 2308, 2334);
INSERT INTO player_team_game_play(player_id, team_id, game_id, play_id, seconds_start, seconds_end) VALUES(7015, 1649, 24988, 27935, 2308, 2334);
INSERT INTO player_team_game_play(player_id, team_id, game_id, play_id, seconds_start, seconds_end) VALUES(3176, 1649, 24988, 27935, 2308, 2334);
INSERT INTO player_team_game_play(player_id, team_id, game_id, play_id, seconds_start, seconds_end) VALUES(5150, 1649, 24988, 27935, 2308, 2334);
INSERT INTO player_team_game_play(player_id, team_id, game_id, play_id, seconds_start, seconds_end) VALUES(7406, 1649, 24988, 27935, 2308, 2334);
UPDATE player_team_game_play SET seconds_end = 2323 WHERE player_id = 7406 AND game_id = 24988 AND play_id = 27935;
INSERT INTO player_team_game_play(player_id, team_id, game_id, play_id, seconds_start, seconds_end) VALUES(7404, 1649, 24988, 27935, 2323, 2334);
INSERT INTO lba.sub_play (play_id, seconds_da_start, player_made_id, team_made_id, game_made_id, player_suffered_id, team_suffered_id, game_suffered_id, shot_id, turnover_id, foul_id, rebound_defensive_01, rebound_offensive_01, assist_01, blocks_01, time_out_01, x, y)VALUES(27935, 14, 7447, 1655, 24988, NULL, NULL, NULL, 4, NULL, NULL, '', '', '', '', '', 29, 29);
INSERT INTO lba.sub_play (play_id, seconds_da_start, player_made_id, team_made_id, game_made_id, player_suffered_id, team_suffered_id, game_suffered_id, shot_id, turnover_id, foul_id, rebound_defensive_01, rebound_offensive_01, assist_01, blocks_01, time_out_01, x, y)VALUES(27935, 14, 7406, 1649, 24988, 7447, 1655, 24988, NULL, NULL, NULL, '', '', '', '1', '', 29, 29);
INSERT INTO lba.sub_play (play_id, seconds_da_start, player_made_id, team_made_id, game_made_id, player_suffered_id, team_suffered_id, game_suffered_id, shot_id, turnover_id, foul_id, rebound_defensive_01, rebound_offensive_01, assist_01, blocks_01, time_out_01, x, y)VALUES(27935, 26, 7450, 1655, 24988, NULL, NULL, NULL, 4, NULL, NULL, '', '', '', '', '', 26, 81);
INSERT INTO lba.sub_play (play_id, seconds_da_start, player_made_id, team_made_id, game_made_id, player_suffered_id, team_suffered_id, game_suffered_id, shot_id, turnover_id, foul_id, rebound_defensive_01, rebound_offensive_01, assist_01, blocks_01, time_out_01, x, y)VALUES(27935, 26, 2103, 1649, 24988, NULL, NULL, NULL, NULL, NULL, NULL, '1', '', '', '', '', 26, 81);

INSERT INTO play(id, game_id, seconds_start, seconds_end, quarter, attack_home_01, score_home, score_guest)VALUES(27936, 24988, 2334, 2355, 4, '0', 66, 68);
INSERT INTO player_team_game_play(player_id, team_id, game_id, play_id, seconds_start, seconds_end) VALUES(6320, 1655, 24988, 27936, 2334, 2355);
INSERT INTO player_team_game_play(player_id, team_id, game_id, play_id, seconds_start, seconds_end) VALUES(7447, 1655, 24988, 27936, 2334, 2355);
INSERT INTO player_team_game_play(player_id, team_id, game_id, play_id, seconds_start, seconds_end) VALUES(7448, 1655, 24988, 27936, 2334, 2355);
INSERT INTO player_team_game_play(player_id, team_id, game_id, play_id, seconds_start, seconds_end) VALUES(7049, 1655, 24988, 27936, 2334, 2355);
INSERT INTO player_team_game_play(player_id, team_id, game_id, play_id, seconds_start, seconds_end) VALUES(7450, 1655, 24988, 27936, 2334, 2355);
INSERT INTO player_team_game_play(player_id, team_id, game_id, play_id, seconds_start, seconds_end) VALUES(2103, 1649, 24988, 27936, 2334, 2355);
INSERT INTO player_team_game_play(player_id, team_id, game_id, play_id, seconds_start, seconds_end) VALUES(7015, 1649, 24988, 27936, 2334, 2355);
INSERT INTO player_team_game_play(player_id, team_id, game_id, play_id, seconds_start, seconds_end) VALUES(3176, 1649, 24988, 27936, 2334, 2355);
INSERT INTO player_team_game_play(player_id, team_id, game_id, play_id, seconds_start, seconds_end) VALUES(7404, 1649, 24988, 27936, 2334, 2355);
INSERT INTO player_team_game_play(player_id, team_id, game_id, play_id, seconds_start, seconds_end) VALUES(5150, 1649, 24988, 27936, 2334, 2355);
INSERT INTO lba.sub_play (play_id, seconds_da_start, player_made_id, team_made_id, game_made_id, player_suffered_id, team_suffered_id, game_suffered_id, shot_id, turnover_id, foul_id, rebound_defensive_01, rebound_offensive_01, assist_01, blocks_01, time_out_01, x, y)VALUES(27936, 21, 7450, 1655, 24988, 5150, 1649, 24988, NULL, NULL, 4, '', '', '', '', '', 89, 66);
INSERT INTO lba.sub_play (play_id, seconds_da_start, player_made_id, team_made_id, game_made_id, player_suffered_id, team_suffered_id, game_suffered_id, shot_id, turnover_id, foul_id, rebound_defensive_01, rebound_offensive_01, assist_01, blocks_01, time_out_01, x, y)VALUES(27936, 21, 5150, 1649, 24988, NULL, NULL, NULL, 5, NULL, NULL, '', '', '', '', '', NULL, NULL);

INSERT INTO play(id, game_id, seconds_start, seconds_end, quarter, attack_home_01, score_home, score_guest)VALUES(27937, 24988, 2355, 2373, 4, '0', 66, 69);
INSERT INTO player_team_game_play(player_id, team_id, game_id, play_id, seconds_start, seconds_end) VALUES(6320, 1655, 24988, 27937, 2355, 2373);
INSERT INTO player_team_game_play(player_id, team_id, game_id, play_id, seconds_start, seconds_end) VALUES(7447, 1655, 24988, 27937, 2355, 2373);
INSERT INTO player_team_game_play(player_id, team_id, game_id, play_id, seconds_start, seconds_end) VALUES(7448, 1655, 24988, 27937, 2355, 2373);
INSERT INTO player_team_game_play(player_id, team_id, game_id, play_id, seconds_start, seconds_end) VALUES(7049, 1655, 24988, 27937, 2355, 2373);
INSERT INTO player_team_game_play(player_id, team_id, game_id, play_id, seconds_start, seconds_end) VALUES(7450, 1655, 24988, 27937, 2355, 2373);
INSERT INTO player_team_game_play(player_id, team_id, game_id, play_id, seconds_start, seconds_end) VALUES(2103, 1649, 24988, 27937, 2355, 2373);
INSERT INTO player_team_game_play(player_id, team_id, game_id, play_id, seconds_start, seconds_end) VALUES(7015, 1649, 24988, 27937, 2355, 2373);
INSERT INTO player_team_game_play(player_id, team_id, game_id, play_id, seconds_start, seconds_end) VALUES(3176, 1649, 24988, 27937, 2355, 2373);
INSERT INTO player_team_game_play(player_id, team_id, game_id, play_id, seconds_start, seconds_end) VALUES(7404, 1649, 24988, 27937, 2355, 2373);
INSERT INTO player_team_game_play(player_id, team_id, game_id, play_id, seconds_start, seconds_end) VALUES(5150, 1649, 24988, 27937, 2355, 2373);
INSERT INTO lba.sub_play (play_id, seconds_da_start, player_made_id, team_made_id, game_made_id, player_suffered_id, team_suffered_id, game_suffered_id, shot_id, turnover_id, foul_id, rebound_defensive_01, rebound_offensive_01, assist_01, blocks_01, time_out_01, x, y)VALUES(27937, 0, 5150, 1649, 24988, NULL, NULL, NULL, 6, NULL, NULL, '', '', '', '', '', NULL, NULL);
INSERT INTO lba.sub_play (play_id, seconds_da_start, player_made_id, team_made_id, game_made_id, player_suffered_id, team_suffered_id, game_suffered_id, shot_id, turnover_id, foul_id, rebound_defensive_01, rebound_offensive_01, assist_01, blocks_01, time_out_01, x, y)VALUES(27937, 0, 5150, 1649, 24988, NULL, NULL, NULL, NULL, NULL, NULL, '', '1', '', '', '', NULL, NULL);
INSERT INTO lba.sub_play (play_id, seconds_da_start, player_made_id, team_made_id, game_made_id, player_suffered_id, team_suffered_id, game_suffered_id, shot_id, turnover_id, foul_id, rebound_defensive_01, rebound_offensive_01, assist_01, blocks_01, time_out_01, x, y)VALUES(27937, 12, 5150, 1649, 24988, NULL, NULL, NULL, 4, NULL, NULL, '', '', '', '', '', 69, 39);
INSERT INTO lba.sub_play (play_id, seconds_da_start, player_made_id, team_made_id, game_made_id, player_suffered_id, team_suffered_id, game_suffered_id, shot_id, turnover_id, foul_id, rebound_defensive_01, rebound_offensive_01, assist_01, blocks_01, time_out_01, x, y)VALUES(27937, 12, 7015, 1649, 24988, NULL, NULL, NULL, NULL, NULL, NULL, '', '1', '', '', '', 69, 39);
INSERT INTO lba.sub_play (play_id, seconds_da_start, player_made_id, team_made_id, game_made_id, player_suffered_id, team_suffered_id, game_suffered_id, shot_id, turnover_id, foul_id, rebound_defensive_01, rebound_offensive_01, assist_01, blocks_01, time_out_01, x, y)VALUES(27937, 18, 7049, 1655, 24988, 2103, 1649, 24988, NULL, NULL, 1, '', '', '', '', '', 64, 92);
INSERT INTO lba.sub_play (play_id, seconds_da_start, player_made_id, team_made_id, game_made_id, player_suffered_id, team_suffered_id, game_suffered_id, shot_id, turnover_id, foul_id, rebound_defensive_01, rebound_offensive_01, assist_01, blocks_01, time_out_01, x, y)VALUES(27937, 18, 2103, 1649, 24988, NULL, NULL, NULL, 5, NULL, NULL, '', '', '', '', '', NULL, NULL);

INSERT INTO play(id, game_id, seconds_start, seconds_end, quarter, attack_home_01, score_home, score_guest)VALUES(27938, 24988, 2373, 2373, 4, '0', 66, 69);
INSERT INTO player_team_game_play(player_id, team_id, game_id, play_id, seconds_start, seconds_end) VALUES(6320, 1655, 24988, 27938, 2373, 2373);
INSERT INTO player_team_game_play(player_id, team_id, game_id, play_id, seconds_start, seconds_end) VALUES(7447, 1655, 24988, 27938, 2373, 2373);
INSERT INTO player_team_game_play(player_id, team_id, game_id, play_id, seconds_start, seconds_end) VALUES(7448, 1655, 24988, 27938, 2373, 2373);
INSERT INTO player_team_game_play(player_id, team_id, game_id, play_id, seconds_start, seconds_end) VALUES(7049, 1655, 24988, 27938, 2373, 2373);
INSERT INTO player_team_game_play(player_id, team_id, game_id, play_id, seconds_start, seconds_end) VALUES(7450, 1655, 24988, 27938, 2373, 2373);
INSERT INTO player_team_game_play(player_id, team_id, game_id, play_id, seconds_start, seconds_end) VALUES(2103, 1649, 24988, 27938, 2373, 2373);
INSERT INTO player_team_game_play(player_id, team_id, game_id, play_id, seconds_start, seconds_end) VALUES(7015, 1649, 24988, 27938, 2373, 2373);
INSERT INTO player_team_game_play(player_id, team_id, game_id, play_id, seconds_start, seconds_end) VALUES(3176, 1649, 24988, 27938, 2373, 2373);
INSERT INTO player_team_game_play(player_id, team_id, game_id, play_id, seconds_start, seconds_end) VALUES(7404, 1649, 24988, 27938, 2373, 2373);
INSERT INTO player_team_game_play(player_id, team_id, game_id, play_id, seconds_start, seconds_end) VALUES(5150, 1649, 24988, 27938, 2373, 2373);
INSERT INTO lba.sub_play (play_id, seconds_da_start, player_made_id, team_made_id, game_made_id, player_suffered_id, team_suffered_id, game_suffered_id, shot_id, turnover_id, foul_id, rebound_defensive_01, rebound_offensive_01, assist_01, blocks_01, time_out_01, x, y)VALUES(27938, 0, 2103, 1649, 24988, NULL, NULL, NULL, 6, NULL, NULL, '', '', '', '', '', NULL, NULL);
INSERT INTO lba.sub_play (play_id, seconds_da_start, player_made_id, team_made_id, game_made_id, player_suffered_id, team_suffered_id, game_suffered_id, shot_id, turnover_id, foul_id, rebound_defensive_01, rebound_offensive_01, assist_01, blocks_01, time_out_01, x, y)VALUES(27938, 0, 6320, 1655, 24988, NULL, NULL, NULL, NULL, NULL, NULL, '1', '', '', '', '', NULL, NULL);

INSERT INTO play(id, game_id, seconds_start, seconds_end, quarter, attack_home_01, score_home, score_guest)VALUES(27939, 24988, 2373, 2377, 4, '1', 68, 69);
INSERT INTO player_team_game_play(player_id, team_id, game_id, play_id, seconds_start, seconds_end) VALUES(6320, 1655, 24988, 27939, 2373, 2377);
INSERT INTO player_team_game_play(player_id, team_id, game_id, play_id, seconds_start, seconds_end) VALUES(7447, 1655, 24988, 27939, 2373, 2377);
INSERT INTO player_team_game_play(player_id, team_id, game_id, play_id, seconds_start, seconds_end) VALUES(7448, 1655, 24988, 27939, 2373, 2377);
INSERT INTO player_team_game_play(player_id, team_id, game_id, play_id, seconds_start, seconds_end) VALUES(7049, 1655, 24988, 27939, 2373, 2377);
INSERT INTO player_team_game_play(player_id, team_id, game_id, play_id, seconds_start, seconds_end) VALUES(7450, 1655, 24988, 27939, 2373, 2377);
INSERT INTO player_team_game_play(player_id, team_id, game_id, play_id, seconds_start, seconds_end) VALUES(2103, 1649, 24988, 27939, 2373, 2377);
INSERT INTO player_team_game_play(player_id, team_id, game_id, play_id, seconds_start, seconds_end) VALUES(7015, 1649, 24988, 27939, 2373, 2377);
INSERT INTO player_team_game_play(player_id, team_id, game_id, play_id, seconds_start, seconds_end) VALUES(3176, 1649, 24988, 27939, 2373, 2377);
INSERT INTO player_team_game_play(player_id, team_id, game_id, play_id, seconds_start, seconds_end) VALUES(7404, 1649, 24988, 27939, 2373, 2377);
INSERT INTO player_team_game_play(player_id, team_id, game_id, play_id, seconds_start, seconds_end) VALUES(5150, 1649, 24988, 27939, 2373, 2377);
INSERT INTO lba.sub_play (play_id, seconds_da_start, player_made_id, team_made_id, game_made_id, player_suffered_id, team_suffered_id, game_suffered_id, shot_id, turnover_id, foul_id, rebound_defensive_01, rebound_offensive_01, assist_01, blocks_01, time_out_01, x, y)VALUES(27939, 3, 3176, 1649, 24988, 6320, 1655, 24988, NULL, NULL, 1, '', '', '', '', '', 90, 76);
INSERT INTO lba.sub_play (play_id, seconds_da_start, player_made_id, team_made_id, game_made_id, player_suffered_id, team_suffered_id, game_suffered_id, shot_id, turnover_id, foul_id, rebound_defensive_01, rebound_offensive_01, assist_01, blocks_01, time_out_01, x, y)VALUES(27939, 4, 6320, 1655, 24988, NULL, NULL, NULL, 5, NULL, NULL, '', '', '', '', '', NULL, NULL);
INSERT INTO lba.sub_play (play_id, seconds_da_start, player_made_id, team_made_id, game_made_id, player_suffered_id, team_suffered_id, game_suffered_id, shot_id, turnover_id, foul_id, rebound_defensive_01, rebound_offensive_01, assist_01, blocks_01, time_out_01, x, y)VALUES(27939, 4, 6320, 1655, 24988, NULL, NULL, NULL, 5, NULL, NULL, '', '', '', '', '', NULL, NULL);

INSERT INTO play(id, game_id, seconds_start, seconds_end, quarter, attack_home_01, score_home, score_guest)VALUES(27940, 24988, 2377, 2386, 4, '0', 68, 71);
INSERT INTO player_team_game_play(player_id, team_id, game_id, play_id, seconds_start, seconds_end) VALUES(6320, 1655, 24988, 27940, 2377, 2386);
INSERT INTO player_team_game_play(player_id, team_id, game_id, play_id, seconds_start, seconds_end) VALUES(7447, 1655, 24988, 27940, 2377, 2386);
INSERT INTO player_team_game_play(player_id, team_id, game_id, play_id, seconds_start, seconds_end) VALUES(7448, 1655, 24988, 27940, 2377, 2386);
INSERT INTO player_team_game_play(player_id, team_id, game_id, play_id, seconds_start, seconds_end) VALUES(7049, 1655, 24988, 27940, 2377, 2386);
INSERT INTO player_team_game_play(player_id, team_id, game_id, play_id, seconds_start, seconds_end) VALUES(7450, 1655, 24988, 27940, 2377, 2386);
INSERT INTO player_team_game_play(player_id, team_id, game_id, play_id, seconds_start, seconds_end) VALUES(2103, 1649, 24988, 27940, 2377, 2386);
INSERT INTO player_team_game_play(player_id, team_id, game_id, play_id, seconds_start, seconds_end) VALUES(7015, 1649, 24988, 27940, 2377, 2386);
INSERT INTO player_team_game_play(player_id, team_id, game_id, play_id, seconds_start, seconds_end) VALUES(3176, 1649, 24988, 27940, 2377, 2386);
INSERT INTO player_team_game_play(player_id, team_id, game_id, play_id, seconds_start, seconds_end) VALUES(7404, 1649, 24988, 27940, 2377, 2386);
INSERT INTO player_team_game_play(player_id, team_id, game_id, play_id, seconds_start, seconds_end) VALUES(5150, 1649, 24988, 27940, 2377, 2386);
UPDATE player_team_game_play SET seconds_end = 2386 WHERE player_id = 7450 AND game_id = 24988 AND play_id = 27940;
INSERT INTO player_team_game_play(player_id, team_id, game_id, play_id, seconds_start, seconds_end) VALUES(2148, 1655, 24988, 27940, 2386, 2386);
UPDATE player_team_game_play SET seconds_end = 2386 WHERE player_id = 3176 AND game_id = 24988 AND play_id = 27940;
UPDATE player_team_game_play SET seconds_end = 2386 WHERE player_id = 5150 AND game_id = 24988 AND play_id = 27940;
INSERT INTO player_team_game_play(player_id, team_id, game_id, play_id, seconds_start, seconds_end) VALUES(5568, 1649, 24988, 27940, 2386, 2386);
INSERT INTO player_team_game_play(player_id, team_id, game_id, play_id, seconds_start, seconds_end) VALUES(7406, 1649, 24988, 27940, 2386, 2386);
INSERT INTO lba.sub_play (play_id, seconds_da_start, player_made_id, team_made_id, game_made_id, player_suffered_id, team_suffered_id, game_suffered_id, shot_id, turnover_id, foul_id, rebound_defensive_01, rebound_offensive_01, assist_01, blocks_01, time_out_01, x, y)VALUES(27940, 9, 7450, 1655, 24988, 3176, 1649, 24988, NULL, NULL, 1, '', '', '', '', '', 71, 13);
INSERT INTO lba.sub_play (play_id, seconds_da_start, player_made_id, team_made_id, game_made_id, player_suffered_id, team_suffered_id, game_suffered_id, shot_id, turnover_id, foul_id, rebound_defensive_01, rebound_offensive_01, assist_01, blocks_01, time_out_01, x, y)VALUES(27940, 9, 3176, 1649, 24988, NULL, NULL, NULL, 5, NULL, NULL, '', '', '', '', '', NULL, NULL);
INSERT INTO lba.sub_play (play_id, seconds_da_start, player_made_id, team_made_id, game_made_id, player_suffered_id, team_suffered_id, game_suffered_id, shot_id, turnover_id, foul_id, rebound_defensive_01, rebound_offensive_01, assist_01, blocks_01, time_out_01, x, y)VALUES(27940, 9, 3176, 1649, 24988, NULL, NULL, NULL, 5, NULL, NULL, '', '', '', '', '', NULL, NULL);

INSERT INTO play(id, game_id, seconds_start, seconds_end, quarter, attack_home_01, score_home, score_guest)VALUES(27941, 24988, 2386, 2389, 4, '1', 70, 71);
INSERT INTO player_team_game_play(player_id, team_id, game_id, play_id, seconds_start, seconds_end) VALUES(6320, 1655, 24988, 27941, 2386, 2389);
INSERT INTO player_team_game_play(player_id, team_id, game_id, play_id, seconds_start, seconds_end) VALUES(7447, 1655, 24988, 27941, 2386, 2389);
INSERT INTO player_team_game_play(player_id, team_id, game_id, play_id, seconds_start, seconds_end) VALUES(7448, 1655, 24988, 27941, 2386, 2389);
INSERT INTO player_team_game_play(player_id, team_id, game_id, play_id, seconds_start, seconds_end) VALUES(7049, 1655, 24988, 27941, 2386, 2389);
INSERT INTO player_team_game_play(player_id, team_id, game_id, play_id, seconds_start, seconds_end) VALUES(7450, 1655, 24988, 27941, 2386, 2389);
INSERT INTO player_team_game_play(player_id, team_id, game_id, play_id, seconds_start, seconds_end) VALUES(2103, 1649, 24988, 27941, 2386, 2389);
INSERT INTO player_team_game_play(player_id, team_id, game_id, play_id, seconds_start, seconds_end) VALUES(7015, 1649, 24988, 27941, 2386, 2389);
INSERT INTO player_team_game_play(player_id, team_id, game_id, play_id, seconds_start, seconds_end) VALUES(3176, 1649, 24988, 27941, 2386, 2389);
INSERT INTO player_team_game_play(player_id, team_id, game_id, play_id, seconds_start, seconds_end) VALUES(7404, 1649, 24988, 27941, 2386, 2389);
INSERT INTO player_team_game_play(player_id, team_id, game_id, play_id, seconds_start, seconds_end) VALUES(5150, 1649, 24988, 27941, 2386, 2389);
UPDATE player_team_game_play SET seconds_end = 2386 WHERE player_id = 7450 AND game_id = 24988 AND play_id = 27941;
INSERT INTO player_team_game_play(player_id, team_id, game_id, play_id, seconds_start, seconds_end) VALUES(2148, 1655, 24988, 27941, 2386, 2389);
UPDATE player_team_game_play SET seconds_end = 2386 WHERE player_id = 3176 AND game_id = 24988 AND play_id = 27941;
UPDATE player_team_game_play SET seconds_end = 2386 WHERE player_id = 5150 AND game_id = 24988 AND play_id = 27941;
INSERT INTO player_team_game_play(player_id, team_id, game_id, play_id, seconds_start, seconds_end) VALUES(5568, 1649, 24988, 27941, 2386, 2389);
INSERT INTO player_team_game_play(player_id, team_id, game_id, play_id, seconds_start, seconds_end) VALUES(7406, 1649, 24988, 27941, 2386, 2389);
INSERT INTO lba.sub_play (play_id, seconds_da_start, player_made_id, team_made_id, game_made_id, player_suffered_id, team_suffered_id, game_suffered_id, shot_id, turnover_id, foul_id, rebound_defensive_01, rebound_offensive_01, assist_01, blocks_01, time_out_01, x, y)VALUES(27941, 3, 7049, 1655, 24988, NULL, NULL, NULL, 1, NULL, NULL, '', '', '', '', '', 6, 46);
INSERT INTO lba.sub_play (play_id, seconds_da_start, player_made_id, team_made_id, game_made_id, player_suffered_id, team_suffered_id, game_suffered_id, shot_id, turnover_id, foul_id, rebound_defensive_01, rebound_offensive_01, assist_01, blocks_01, time_out_01, x, y)VALUES(27941, 3, 7448, 1655, 24988, NULL, NULL, NULL, NULL, NULL, NULL, '', '', '1', '', '', 6, 46);

INSERT INTO play(id, game_id, seconds_start, seconds_end, quarter, attack_home_01, score_home, score_guest)VALUES(27942, 24988, 2389, 2390, 4, '0', 70, 72);
INSERT INTO player_team_game_play(player_id, team_id, game_id, play_id, seconds_start, seconds_end) VALUES(6320, 1655, 24988, 27942, 2389, 2390);
INSERT INTO player_team_game_play(player_id, team_id, game_id, play_id, seconds_start, seconds_end) VALUES(2148, 1655, 24988, 27942, 2389, 2390);
INSERT INTO player_team_game_play(player_id, team_id, game_id, play_id, seconds_start, seconds_end) VALUES(7447, 1655, 24988, 27942, 2389, 2390);
INSERT INTO player_team_game_play(player_id, team_id, game_id, play_id, seconds_start, seconds_end) VALUES(7448, 1655, 24988, 27942, 2389, 2390);
INSERT INTO player_team_game_play(player_id, team_id, game_id, play_id, seconds_start, seconds_end) VALUES(7049, 1655, 24988, 27942, 2389, 2390);
INSERT INTO player_team_game_play(player_id, team_id, game_id, play_id, seconds_start, seconds_end) VALUES(5568, 1649, 24988, 27942, 2389, 2390);
INSERT INTO player_team_game_play(player_id, team_id, game_id, play_id, seconds_start, seconds_end) VALUES(2103, 1649, 24988, 27942, 2389, 2390);
INSERT INTO player_team_game_play(player_id, team_id, game_id, play_id, seconds_start, seconds_end) VALUES(7015, 1649, 24988, 27942, 2389, 2390);
INSERT INTO player_team_game_play(player_id, team_id, game_id, play_id, seconds_start, seconds_end) VALUES(7404, 1649, 24988, 27942, 2389, 2390);
INSERT INTO player_team_game_play(player_id, team_id, game_id, play_id, seconds_start, seconds_end) VALUES(7406, 1649, 24988, 27942, 2389, 2390);
UPDATE player_team_game_play SET seconds_end = 2390 WHERE player_id = 5568 AND game_id = 24988 AND play_id = 27942;
INSERT INTO player_team_game_play(player_id, team_id, game_id, play_id, seconds_start, seconds_end) VALUES(3176, 1649, 24988, 27942, 2390, 2390);
INSERT INTO lba.sub_play (play_id, seconds_da_start, player_made_id, team_made_id, game_made_id, player_suffered_id, team_suffered_id, game_suffered_id, shot_id, turnover_id, foul_id, rebound_defensive_01, rebound_offensive_01, assist_01, blocks_01, time_out_01, x, y)VALUES(27942, 1, 7447, 1655, 24988, 7015, 1649, 24988, NULL, NULL, 1, '', '', '', '', '', 8, 36);
INSERT INTO lba.sub_play (play_id, seconds_da_start, player_made_id, team_made_id, game_made_id, player_suffered_id, team_suffered_id, game_suffered_id, shot_id, turnover_id, foul_id, rebound_defensive_01, rebound_offensive_01, assist_01, blocks_01, time_out_01, x, y)VALUES(27942, 1, 7015, 1649, 24988, NULL, NULL, NULL, 5, NULL, NULL, '', '', '', '', '', NULL, NULL);

INSERT INTO play(id, game_id, seconds_start, seconds_end, quarter, attack_home_01, score_home, score_guest)VALUES(27943, 24988, 2390, 2390, 4, '0', 70, 72);
INSERT INTO player_team_game_play(player_id, team_id, game_id, play_id, seconds_start, seconds_end) VALUES(6320, 1655, 24988, 27943, 2390, 2390);
INSERT INTO player_team_game_play(player_id, team_id, game_id, play_id, seconds_start, seconds_end) VALUES(2148, 1655, 24988, 27943, 2390, 2390);
INSERT INTO player_team_game_play(player_id, team_id, game_id, play_id, seconds_start, seconds_end) VALUES(7447, 1655, 24988, 27943, 2390, 2390);
INSERT INTO player_team_game_play(player_id, team_id, game_id, play_id, seconds_start, seconds_end) VALUES(7448, 1655, 24988, 27943, 2390, 2390);
INSERT INTO player_team_game_play(player_id, team_id, game_id, play_id, seconds_start, seconds_end) VALUES(7049, 1655, 24988, 27943, 2390, 2390);
INSERT INTO player_team_game_play(player_id, team_id, game_id, play_id, seconds_start, seconds_end) VALUES(5568, 1649, 24988, 27943, 2390, 2390);
INSERT INTO player_team_game_play(player_id, team_id, game_id, play_id, seconds_start, seconds_end) VALUES(2103, 1649, 24988, 27943, 2390, 2390);
INSERT INTO player_team_game_play(player_id, team_id, game_id, play_id, seconds_start, seconds_end) VALUES(7015, 1649, 24988, 27943, 2390, 2390);
INSERT INTO player_team_game_play(player_id, team_id, game_id, play_id, seconds_start, seconds_end) VALUES(7404, 1649, 24988, 27943, 2390, 2390);
INSERT INTO player_team_game_play(player_id, team_id, game_id, play_id, seconds_start, seconds_end) VALUES(7406, 1649, 24988, 27943, 2390, 2390);
UPDATE player_team_game_play SET seconds_end = 2390 WHERE player_id = 5568 AND game_id = 24988 AND play_id = 27943;
INSERT INTO player_team_game_play(player_id, team_id, game_id, play_id, seconds_start, seconds_end) VALUES(3176, 1649, 24988, 27943, 2390, 2390);
INSERT INTO lba.sub_play (play_id, seconds_da_start, player_made_id, team_made_id, game_made_id, player_suffered_id, team_suffered_id, game_suffered_id, shot_id, turnover_id, foul_id, rebound_defensive_01, rebound_offensive_01, assist_01, blocks_01, time_out_01, x, y)VALUES(27943, 0, 7015, 1649, 24988, NULL, NULL, NULL, 6, NULL, NULL, '', '', '', '', '', NULL, NULL);
INSERT INTO lba.sub_play (play_id, seconds_da_start, player_made_id, team_made_id, game_made_id, player_suffered_id, team_suffered_id, game_suffered_id, shot_id, turnover_id, foul_id, rebound_defensive_01, rebound_offensive_01, assist_01, blocks_01, time_out_01, x, y)VALUES(27943, 0, 7447, 1655, 24988, NULL, NULL, NULL, NULL, NULL, NULL, '1', '', '', '', '', NULL, NULL);

INSERT INTO play(id, game_id, seconds_start, seconds_end, quarter, attack_home_01, score_home, score_guest)VALUES(27944, 24988, 2390, 2396, 4, '1', 70, 72);
INSERT INTO player_team_game_play(player_id, team_id, game_id, play_id, seconds_start, seconds_end) VALUES(6320, 1655, 24988, 27944, 2390, 2396);
INSERT INTO player_team_game_play(player_id, team_id, game_id, play_id, seconds_start, seconds_end) VALUES(2148, 1655, 24988, 27944, 2390, 2396);
INSERT INTO player_team_game_play(player_id, team_id, game_id, play_id, seconds_start, seconds_end) VALUES(7447, 1655, 24988, 27944, 2390, 2396);
INSERT INTO player_team_game_play(player_id, team_id, game_id, play_id, seconds_start, seconds_end) VALUES(7448, 1655, 24988, 27944, 2390, 2396);
INSERT INTO player_team_game_play(player_id, team_id, game_id, play_id, seconds_start, seconds_end) VALUES(7049, 1655, 24988, 27944, 2390, 2396);
INSERT INTO player_team_game_play(player_id, team_id, game_id, play_id, seconds_start, seconds_end) VALUES(5568, 1649, 24988, 27944, 2390, 2396);
INSERT INTO player_team_game_play(player_id, team_id, game_id, play_id, seconds_start, seconds_end) VALUES(2103, 1649, 24988, 27944, 2390, 2396);
INSERT INTO player_team_game_play(player_id, team_id, game_id, play_id, seconds_start, seconds_end) VALUES(7015, 1649, 24988, 27944, 2390, 2396);
INSERT INTO player_team_game_play(player_id, team_id, game_id, play_id, seconds_start, seconds_end) VALUES(7404, 1649, 24988, 27944, 2390, 2396);
INSERT INTO player_team_game_play(player_id, team_id, game_id, play_id, seconds_start, seconds_end) VALUES(7406, 1649, 24988, 27944, 2390, 2396);
UPDATE player_team_game_play SET seconds_end = 2390 WHERE player_id = 5568 AND game_id = 24988 AND play_id = 27944;
INSERT INTO player_team_game_play(player_id, team_id, game_id, play_id, seconds_start, seconds_end) VALUES(3176, 1649, 24988, 27944, 2390, 2396);
UPDATE player_team_game_play SET seconds_end = 2396 WHERE player_id = 6320 AND game_id = 24988 AND play_id = 27944;
INSERT INTO player_team_game_play(player_id, team_id, game_id, play_id, seconds_start, seconds_end) VALUES(7449, 1655, 24988, 27944, 2396, 2396);
UPDATE player_team_game_play SET seconds_end = 2396 WHERE player_id = 7015 AND game_id = 24988 AND play_id = 27944;
INSERT INTO lba.sub_play (play_id, seconds_da_start, player_made_id, team_made_id, game_made_id, player_suffered_id, team_suffered_id, game_suffered_id, shot_id, turnover_id, foul_id, rebound_defensive_01, rebound_offensive_01, assist_01, blocks_01, time_out_01, x, y)VALUES(27944, 6, 7447, 1655, 24988, NULL, NULL, NULL, 2, NULL, NULL, '', '', '', '', '', 7, 54);
INSERT INTO lba.sub_play (play_id, seconds_da_start, player_made_id, team_made_id, game_made_id, player_suffered_id, team_suffered_id, game_suffered_id, shot_id, turnover_id, foul_id, rebound_defensive_01, rebound_offensive_01, assist_01, blocks_01, time_out_01, x, y)VALUES(27944, 6, 6320, 1655, 24988, NULL, NULL, NULL, NULL, NULL, NULL, '', '1', '', '', '', 7, 54);
INSERT INTO lba.sub_play (play_id, seconds_da_start, player_made_id, team_made_id, game_made_id, player_suffered_id, team_suffered_id, game_suffered_id, shot_id, turnover_id, foul_id, rebound_defensive_01, rebound_offensive_01, assist_01, blocks_01, time_out_01, x, y)VALUES(27944, 6, 6320, 1655, 24988, NULL, NULL, NULL, 2, NULL, NULL, '', '', '', '', '', 7, 54);
INSERT INTO lba.sub_play (play_id, seconds_da_start, player_made_id, team_made_id, game_made_id, player_suffered_id, team_suffered_id, game_suffered_id, shot_id, turnover_id, foul_id, rebound_defensive_01, rebound_offensive_01, assist_01, blocks_01, time_out_01, x, y)VALUES(27944, 6, 3176, 1649, 24988, NULL, NULL, NULL, NULL, NULL, NULL, '1', '', '', '', '', 7, 54);

INSERT INTO play(id, game_id, seconds_start, seconds_end, quarter, attack_home_01, score_home, score_guest)VALUES(27945, 24988, 2396, 2396, 4, '0', 70, 73);
INSERT INTO player_team_game_play(player_id, team_id, game_id, play_id, seconds_start, seconds_end) VALUES(6320, 1655, 24988, 27945, 2396, 2396);
INSERT INTO player_team_game_play(player_id, team_id, game_id, play_id, seconds_start, seconds_end) VALUES(2148, 1655, 24988, 27945, 2396, 2396);
INSERT INTO player_team_game_play(player_id, team_id, game_id, play_id, seconds_start, seconds_end) VALUES(7447, 1655, 24988, 27945, 2396, 2396);
INSERT INTO player_team_game_play(player_id, team_id, game_id, play_id, seconds_start, seconds_end) VALUES(7448, 1655, 24988, 27945, 2396, 2396);
INSERT INTO player_team_game_play(player_id, team_id, game_id, play_id, seconds_start, seconds_end) VALUES(7049, 1655, 24988, 27945, 2396, 2396);
INSERT INTO player_team_game_play(player_id, team_id, game_id, play_id, seconds_start, seconds_end) VALUES(2103, 1649, 24988, 27945, 2396, 2396);
INSERT INTO player_team_game_play(player_id, team_id, game_id, play_id, seconds_start, seconds_end) VALUES(7015, 1649, 24988, 27945, 2396, 2396);
INSERT INTO player_team_game_play(player_id, team_id, game_id, play_id, seconds_start, seconds_end) VALUES(3176, 1649, 24988, 27945, 2396, 2396);
INSERT INTO player_team_game_play(player_id, team_id, game_id, play_id, seconds_start, seconds_end) VALUES(7404, 1649, 24988, 27945, 2396, 2396);
INSERT INTO player_team_game_play(player_id, team_id, game_id, play_id, seconds_start, seconds_end) VALUES(7406, 1649, 24988, 27945, 2396, 2396);
UPDATE player_team_game_play SET seconds_end = 2396 WHERE player_id = 6320 AND game_id = 24988 AND play_id = 27945;
INSERT INTO player_team_game_play(player_id, team_id, game_id, play_id, seconds_start, seconds_end) VALUES(7449, 1655, 24988, 27945, 2396, 2396);
UPDATE player_team_game_play SET seconds_end = 2396 WHERE player_id = 7015 AND game_id = 24988 AND play_id = 27945;
INSERT INTO player_team_game_play(player_id, team_id, game_id, play_id, seconds_start, seconds_end) VALUES(5568, 1649, 24988, 27945, 2396, 2396);
INSERT INTO lba.sub_play (play_id, seconds_da_start, player_made_id, team_made_id, game_made_id, player_suffered_id, team_suffered_id, game_suffered_id, shot_id, turnover_id, foul_id, rebound_defensive_01, rebound_offensive_01, assist_01, blocks_01, time_out_01, x, y)VALUES(27945, 0, 6320, 1655, 24988, 3176, 1649, 24988, NULL, NULL, 1, '', '', '', '', '', 12, 52);
INSERT INTO lba.sub_play (play_id, seconds_da_start, player_made_id, team_made_id, game_made_id, player_suffered_id, team_suffered_id, game_suffered_id, shot_id, turnover_id, foul_id, rebound_defensive_01, rebound_offensive_01, assist_01, blocks_01, time_out_01, x, y)VALUES(27945, 0, 3176, 1649, 24988, NULL, NULL, NULL, 6, NULL, NULL, '', '', '', '', '', NULL, NULL);
INSERT INTO lba.sub_play (play_id, seconds_da_start, player_made_id, team_made_id, game_made_id, player_suffered_id, team_suffered_id, game_suffered_id, shot_id, turnover_id, foul_id, rebound_defensive_01, rebound_offensive_01, assist_01, blocks_01, time_out_01, x, y)VALUES(27945, 0, 3176, 1649, 24988, NULL, NULL, NULL, 5, NULL, NULL, '', '', '', '', '', NULL, NULL);

INSERT INTO play(id, game_id, seconds_start, seconds_end, quarter, attack_home_01, score_home, score_guest)VALUES(27946, 24988, 2396, 2400, 4, '1', 70, 73);
INSERT INTO player_team_game_play(player_id, team_id, game_id, play_id, seconds_start, seconds_end) VALUES(6320, 1655, 24988, 27946, 2396, 2400);
INSERT INTO player_team_game_play(player_id, team_id, game_id, play_id, seconds_start, seconds_end) VALUES(2148, 1655, 24988, 27946, 2396, 2400);
INSERT INTO player_team_game_play(player_id, team_id, game_id, play_id, seconds_start, seconds_end) VALUES(7447, 1655, 24988, 27946, 2396, 2400);
INSERT INTO player_team_game_play(player_id, team_id, game_id, play_id, seconds_start, seconds_end) VALUES(7448, 1655, 24988, 27946, 2396, 2400);
INSERT INTO player_team_game_play(player_id, team_id, game_id, play_id, seconds_start, seconds_end) VALUES(7049, 1655, 24988, 27946, 2396, 2400);
INSERT INTO player_team_game_play(player_id, team_id, game_id, play_id, seconds_start, seconds_end) VALUES(2103, 1649, 24988, 27946, 2396, 2400);
INSERT INTO player_team_game_play(player_id, team_id, game_id, play_id, seconds_start, seconds_end) VALUES(7015, 1649, 24988, 27946, 2396, 2400);
INSERT INTO player_team_game_play(player_id, team_id, game_id, play_id, seconds_start, seconds_end) VALUES(3176, 1649, 24988, 27946, 2396, 2400);
INSERT INTO player_team_game_play(player_id, team_id, game_id, play_id, seconds_start, seconds_end) VALUES(7404, 1649, 24988, 27946, 2396, 2400);
INSERT INTO player_team_game_play(player_id, team_id, game_id, play_id, seconds_start, seconds_end) VALUES(7406, 1649, 24988, 27946, 2396, 2400);
UPDATE player_team_game_play SET seconds_end = 2396 WHERE player_id = 6320 AND game_id = 24988 AND play_id = 27946;
INSERT INTO player_team_game_play(player_id, team_id, game_id, play_id, seconds_start, seconds_end) VALUES(7449, 1655, 24988, 27946, 2396, 2400);
UPDATE player_team_game_play SET seconds_end = 2396 WHERE player_id = 7015 AND game_id = 24988 AND play_id = 27946;
INSERT INTO player_team_game_play(player_id, team_id, game_id, play_id, seconds_start, seconds_end) VALUES(5568, 1649, 24988, 27946, 2396, 2400);
INSERT INTO lba.sub_play (play_id, seconds_da_start, player_made_id, team_made_id, game_made_id, player_suffered_id, team_suffered_id, game_suffered_id, shot_id, turnover_id, foul_id, rebound_defensive_01, rebound_offensive_01, assist_01, blocks_01, time_out_01, x, y)VALUES(27946, 0, 7049, 1655, 24988, NULL, NULL, NULL, 4, NULL, NULL, '', '', '', '', '', 32, 42);

INSERT INTO game (id, league_year_id, type_game_id, team_home_id, team_guest_id, team_home_points, team_guest_points, date_hours_utc, referee_1_id, referee_2_id, referee_3_id) VALUES (24992, 1, 1, 1655, 1649, 70, 67, 1747677600000, 1, 2, 3);
INSERT INTO lba.player_team_game(player_id, team_id, game_id) VALUES(378, 1655, 24992);
INSERT INTO lba.player_team_game(player_id, team_id, game_id) VALUES(1775, 1649, 24992);
INSERT INTO lba.player_team_game(player_id, team_id, game_id) VALUES(2103, 1649, 24992);
INSERT INTO lba.player_team_game(player_id, team_id, game_id) VALUES(2148, 1655, 24992);
INSERT INTO lba.player_team_game(player_id, team_id, game_id) VALUES(3176, 1649, 24992);
INSERT INTO lba.player_team_game(player_id, team_id, game_id) VALUES(4692, 1649, 24992);
INSERT INTO lba.player_team_game(player_id, team_id, game_id) VALUES(5150, 1649, 24992);
INSERT INTO lba.player_team_game(player_id, team_id, game_id) VALUES(5568, 1649, 24992);
INSERT INTO lba.player_team_game(player_id, team_id, game_id) VALUES(6138, 1649, 24992);
INSERT INTO lba.player_team_game(player_id, team_id, game_id) VALUES(6320, 1655, 24992);
INSERT INTO lba.player_team_game(player_id, team_id, game_id) VALUES(6719, 1655, 24992);
INSERT INTO lba.player_team_game(player_id, team_id, game_id) VALUES(7015, 1649, 24992);
INSERT INTO lba.player_team_game(player_id, team_id, game_id) VALUES(7049, 1655, 24992);
INSERT INTO lba.player_team_game(player_id, team_id, game_id) VALUES(7404, 1649, 24992);
INSERT INTO lba.player_team_game(player_id, team_id, game_id) VALUES(7405, 1649, 24992);
INSERT INTO lba.player_team_game(player_id, team_id, game_id) VALUES(7406, 1649, 24992);
INSERT INTO lba.player_team_game(player_id, team_id, game_id) VALUES(7447, 1655, 24992);
INSERT INTO lba.player_team_game(player_id, team_id, game_id) VALUES(7448, 1655, 24992);
INSERT INTO lba.player_team_game(player_id, team_id, game_id) VALUES(7449, 1655, 24992);
INSERT INTO lba.player_team_game(player_id, team_id, game_id) VALUES(7450, 1655, 24992);
INSERT INTO play(id, game_id, seconds_start, seconds_end, quarter, attack_home_01, score_home, score_guest)VALUES(27947, 24992, 0, 18, 1, '1', 0, 0);
INSERT INTO player_team_game_play(player_id, team_id, game_id, play_id, seconds_start, seconds_end) VALUES(7049, 1655, 24992, 27947, 0, 18);
INSERT INTO player_team_game_play(player_id, team_id, game_id, play_id, seconds_start, seconds_end) VALUES(7450, 1655, 24992, 27947, 0, 18);
INSERT INTO player_team_game_play(player_id, team_id, game_id, play_id, seconds_start, seconds_end) VALUES(7447, 1655, 24992, 27947, 0, 18);
INSERT INTO player_team_game_play(player_id, team_id, game_id, play_id, seconds_start, seconds_end) VALUES(7449, 1655, 24992, 27947, 0, 18);
INSERT INTO player_team_game_play(player_id, team_id, game_id, play_id, seconds_start, seconds_end) VALUES(378, 1655, 24992, 27947, 0, 18);
INSERT INTO player_team_game_play(player_id, team_id, game_id, play_id, seconds_start, seconds_end) VALUES(7015, 1649, 24992, 27947, 0, 18);
INSERT INTO player_team_game_play(player_id, team_id, game_id, play_id, seconds_start, seconds_end) VALUES(7406, 1649, 24992, 27947, 0, 18);
INSERT INTO player_team_game_play(player_id, team_id, game_id, play_id, seconds_start, seconds_end) VALUES(1775, 1649, 24992, 27947, 0, 18);
INSERT INTO player_team_game_play(player_id, team_id, game_id, play_id, seconds_start, seconds_end) VALUES(6138, 1649, 24992, 27947, 0, 18);
INSERT INTO player_team_game_play(player_id, team_id, game_id, play_id, seconds_start, seconds_end) VALUES(5150, 1649, 24992, 27947, 0, 18);
UPDATE player_team_game_play SET seconds_end = 18 WHERE player_id = 378 AND game_id = 24992 AND play_id = 27947;
INSERT INTO player_team_game_play(player_id, team_id, game_id, play_id, seconds_start, seconds_end) VALUES(6719, 1655, 24992, 27947, 18, 18);
INSERT INTO lba.sub_play (play_id, seconds_da_start, player_made_id, team_made_id, game_made_id, player_suffered_id, team_suffered_id, game_suffered_id, shot_id, turnover_id, foul_id, rebound_defensive_01, rebound_offensive_01, assist_01, blocks_01, time_out_01, x, y)VALUES(27947, 18, 7049, 1655, 24992, NULL, NULL, NULL, NULL, 1, NULL, '', '', '', '', '', 97, 57);

INSERT INTO play(id, game_id, seconds_start, seconds_end, quarter, attack_home_01, score_home, score_guest)VALUES(27948, 24992, 18, 39, 1, '0', 0, 2);
INSERT INTO player_team_game_play(player_id, team_id, game_id, play_id, seconds_start, seconds_end) VALUES(7049, 1655, 24992, 27948, 18, 39);
INSERT INTO player_team_game_play(player_id, team_id, game_id, play_id, seconds_start, seconds_end) VALUES(7450, 1655, 24992, 27948, 18, 39);
INSERT INTO player_team_game_play(player_id, team_id, game_id, play_id, seconds_start, seconds_end) VALUES(7447, 1655, 24992, 27948, 18, 39);
INSERT INTO player_team_game_play(player_id, team_id, game_id, play_id, seconds_start, seconds_end) VALUES(7449, 1655, 24992, 27948, 18, 39);
INSERT INTO player_team_game_play(player_id, team_id, game_id, play_id, seconds_start, seconds_end) VALUES(378, 1655, 24992, 27948, 18, 39);
INSERT INTO player_team_game_play(player_id, team_id, game_id, play_id, seconds_start, seconds_end) VALUES(7015, 1649, 24992, 27948, 18, 39);
INSERT INTO player_team_game_play(player_id, team_id, game_id, play_id, seconds_start, seconds_end) VALUES(7406, 1649, 24992, 27948, 18, 39);
INSERT INTO player_team_game_play(player_id, team_id, game_id, play_id, seconds_start, seconds_end) VALUES(1775, 1649, 24992, 27948, 18, 39);
INSERT INTO player_team_game_play(player_id, team_id, game_id, play_id, seconds_start, seconds_end) VALUES(6138, 1649, 24992, 27948, 18, 39);
INSERT INTO player_team_game_play(player_id, team_id, game_id, play_id, seconds_start, seconds_end) VALUES(5150, 1649, 24992, 27948, 18, 39);
UPDATE player_team_game_play SET seconds_end = 18 WHERE player_id = 378 AND game_id = 24992 AND play_id = 27948;
INSERT INTO player_team_game_play(player_id, team_id, game_id, play_id, seconds_start, seconds_end) VALUES(6719, 1655, 24992, 27948, 18, 39);
INSERT INTO lba.sub_play (play_id, seconds_da_start, player_made_id, team_made_id, game_made_id, player_suffered_id, team_suffered_id, game_suffered_id, shot_id, turnover_id, foul_id, rebound_defensive_01, rebound_offensive_01, assist_01, blocks_01, time_out_01, x, y)VALUES(27948, 21, 7015, 1649, 24992, NULL, NULL, NULL, 1, NULL, NULL, '', '', '', '', '', 17, 47);

INSERT INTO play(id, game_id, seconds_start, seconds_end, quarter, attack_home_01, score_home, score_guest)VALUES(27949, 24992, 39, 58, 1, '1', 0, 2);
INSERT INTO player_team_game_play(player_id, team_id, game_id, play_id, seconds_start, seconds_end) VALUES(7049, 1655, 24992, 27949, 39, 58);
INSERT INTO player_team_game_play(player_id, team_id, game_id, play_id, seconds_start, seconds_end) VALUES(7447, 1655, 24992, 27949, 39, 58);
INSERT INTO player_team_game_play(player_id, team_id, game_id, play_id, seconds_start, seconds_end) VALUES(7449, 1655, 24992, 27949, 39, 58);
INSERT INTO player_team_game_play(player_id, team_id, game_id, play_id, seconds_start, seconds_end) VALUES(7450, 1655, 24992, 27949, 39, 58);
INSERT INTO player_team_game_play(player_id, team_id, game_id, play_id, seconds_start, seconds_end) VALUES(6719, 1655, 24992, 27949, 39, 58);
INSERT INTO player_team_game_play(player_id, team_id, game_id, play_id, seconds_start, seconds_end) VALUES(7015, 1649, 24992, 27949, 39, 58);
INSERT INTO player_team_game_play(player_id, team_id, game_id, play_id, seconds_start, seconds_end) VALUES(7406, 1649, 24992, 27949, 39, 58);
INSERT INTO player_team_game_play(player_id, team_id, game_id, play_id, seconds_start, seconds_end) VALUES(1775, 1649, 24992, 27949, 39, 58);
INSERT INTO player_team_game_play(player_id, team_id, game_id, play_id, seconds_start, seconds_end) VALUES(6138, 1649, 24992, 27949, 39, 58);
INSERT INTO player_team_game_play(player_id, team_id, game_id, play_id, seconds_start, seconds_end) VALUES(5150, 1649, 24992, 27949, 39, 58);
INSERT INTO lba.sub_play (play_id, seconds_da_start, player_made_id, team_made_id, game_made_id, player_suffered_id, team_suffered_id, game_suffered_id, shot_id, turnover_id, foul_id, rebound_defensive_01, rebound_offensive_01, assist_01, blocks_01, time_out_01, x, y)VALUES(27949, 19, 7447, 1655, 24992, NULL, NULL, NULL, 2, NULL, NULL, '', '', '', '', '', 90, 42);
INSERT INTO lba.sub_play (play_id, seconds_da_start, player_made_id, team_made_id, game_made_id, player_suffered_id, team_suffered_id, game_suffered_id, shot_id, turnover_id, foul_id, rebound_defensive_01, rebound_offensive_01, assist_01, blocks_01, time_out_01, x, y)VALUES(27949, 19, 6138, 1649, 24992, NULL, NULL, NULL, NULL, NULL, NULL, '1', '', '', '', '', 90, 42);

INSERT INTO play(id, game_id, seconds_start, seconds_end, quarter, attack_home_01, score_home, score_guest)VALUES(27950, 24992, 58, 68, 1, '0', 0, 2);
INSERT INTO player_team_game_play(player_id, team_id, game_id, play_id, seconds_start, seconds_end) VALUES(7049, 1655, 24992, 27950, 58, 68);
INSERT INTO player_team_game_play(player_id, team_id, game_id, play_id, seconds_start, seconds_end) VALUES(7447, 1655, 24992, 27950, 58, 68);
INSERT INTO player_team_game_play(player_id, team_id, game_id, play_id, seconds_start, seconds_end) VALUES(7449, 1655, 24992, 27950, 58, 68);
INSERT INTO player_team_game_play(player_id, team_id, game_id, play_id, seconds_start, seconds_end) VALUES(7450, 1655, 24992, 27950, 58, 68);
INSERT INTO player_team_game_play(player_id, team_id, game_id, play_id, seconds_start, seconds_end) VALUES(6719, 1655, 24992, 27950, 58, 68);
INSERT INTO player_team_game_play(player_id, team_id, game_id, play_id, seconds_start, seconds_end) VALUES(7015, 1649, 24992, 27950, 58, 68);
INSERT INTO player_team_game_play(player_id, team_id, game_id, play_id, seconds_start, seconds_end) VALUES(7406, 1649, 24992, 27950, 58, 68);
INSERT INTO player_team_game_play(player_id, team_id, game_id, play_id, seconds_start, seconds_end) VALUES(1775, 1649, 24992, 27950, 58, 68);
INSERT INTO player_team_game_play(player_id, team_id, game_id, play_id, seconds_start, seconds_end) VALUES(6138, 1649, 24992, 27950, 58, 68);
INSERT INTO player_team_game_play(player_id, team_id, game_id, play_id, seconds_start, seconds_end) VALUES(5150, 1649, 24992, 27950, 58, 68);
INSERT INTO lba.sub_play (play_id, seconds_da_start, player_made_id, team_made_id, game_made_id, player_suffered_id, team_suffered_id, game_suffered_id, shot_id, turnover_id, foul_id, rebound_defensive_01, rebound_offensive_01, assist_01, blocks_01, time_out_01, x, y)VALUES(27950, 10, 5150, 1649, 24992, NULL, NULL, NULL, 4, NULL, NULL, '', '', '', '', '', 20, 91);
INSERT INTO lba.sub_play (play_id, seconds_da_start, player_made_id, team_made_id, game_made_id, player_suffered_id, team_suffered_id, game_suffered_id, shot_id, turnover_id, foul_id, rebound_defensive_01, rebound_offensive_01, assist_01, blocks_01, time_out_01, x, y)VALUES(27950, 10, 6719, 1655, 24992, NULL, NULL, NULL, NULL, NULL, NULL, '1', '', '', '', '', 20, 91);

INSERT INTO play(id, game_id, seconds_start, seconds_end, quarter, attack_home_01, score_home, score_guest)VALUES(27951, 24992, 68, 79, 1, '1', 0, 2);
INSERT INTO player_team_game_play(player_id, team_id, game_id, play_id, seconds_start, seconds_end) VALUES(7049, 1655, 24992, 27951, 68, 79);
INSERT INTO player_team_game_play(player_id, team_id, game_id, play_id, seconds_start, seconds_end) VALUES(7447, 1655, 24992, 27951, 68, 79);
INSERT INTO player_team_game_play(player_id, team_id, game_id, play_id, seconds_start, seconds_end) VALUES(7449, 1655, 24992, 27951, 68, 79);
INSERT INTO player_team_game_play(player_id, team_id, game_id, play_id, seconds_start, seconds_end) VALUES(7450, 1655, 24992, 27951, 68, 79);
INSERT INTO player_team_game_play(player_id, team_id, game_id, play_id, seconds_start, seconds_end) VALUES(6719, 1655, 24992, 27951, 68, 79);
INSERT INTO player_team_game_play(player_id, team_id, game_id, play_id, seconds_start, seconds_end) VALUES(7015, 1649, 24992, 27951, 68, 79);
INSERT INTO player_team_game_play(player_id, team_id, game_id, play_id, seconds_start, seconds_end) VALUES(7406, 1649, 24992, 27951, 68, 79);
INSERT INTO player_team_game_play(player_id, team_id, game_id, play_id, seconds_start, seconds_end) VALUES(1775, 1649, 24992, 27951, 68, 79);
INSERT INTO player_team_game_play(player_id, team_id, game_id, play_id, seconds_start, seconds_end) VALUES(6138, 1649, 24992, 27951, 68, 79);
INSERT INTO player_team_game_play(player_id, team_id, game_id, play_id, seconds_start, seconds_end) VALUES(5150, 1649, 24992, 27951, 68, 79);
INSERT INTO lba.sub_play (play_id, seconds_da_start, player_made_id, team_made_id, game_made_id, player_suffered_id, team_suffered_id, game_suffered_id, shot_id, turnover_id, foul_id, rebound_defensive_01, rebound_offensive_01, assist_01, blocks_01, time_out_01, x, y)VALUES(27951, 11, 7049, 1655, 24992, NULL, NULL, NULL, NULL, 2, NULL, '', '', '', '', '', 82, 55);

INSERT INTO play(id, game_id, seconds_start, seconds_end, quarter, attack_home_01, score_home, score_guest)VALUES(27952, 24992, 79, 92, 1, '0', 0, 2);
INSERT INTO player_team_game_play(player_id, team_id, game_id, play_id, seconds_start, seconds_end) VALUES(7049, 1655, 24992, 27952, 79, 92);
INSERT INTO player_team_game_play(player_id, team_id, game_id, play_id, seconds_start, seconds_end) VALUES(7447, 1655, 24992, 27952, 79, 92);
INSERT INTO player_team_game_play(player_id, team_id, game_id, play_id, seconds_start, seconds_end) VALUES(7449, 1655, 24992, 27952, 79, 92);
INSERT INTO player_team_game_play(player_id, team_id, game_id, play_id, seconds_start, seconds_end) VALUES(7450, 1655, 24992, 27952, 79, 92);
INSERT INTO player_team_game_play(player_id, team_id, game_id, play_id, seconds_start, seconds_end) VALUES(6719, 1655, 24992, 27952, 79, 92);
INSERT INTO player_team_game_play(player_id, team_id, game_id, play_id, seconds_start, seconds_end) VALUES(7015, 1649, 24992, 27952, 79, 92);
INSERT INTO player_team_game_play(player_id, team_id, game_id, play_id, seconds_start, seconds_end) VALUES(7406, 1649, 24992, 27952, 79, 92);
INSERT INTO player_team_game_play(player_id, team_id, game_id, play_id, seconds_start, seconds_end) VALUES(1775, 1649, 24992, 27952, 79, 92);
INSERT INTO player_team_game_play(player_id, team_id, game_id, play_id, seconds_start, seconds_end) VALUES(6138, 1649, 24992, 27952, 79, 92);
INSERT INTO player_team_game_play(player_id, team_id, game_id, play_id, seconds_start, seconds_end) VALUES(5150, 1649, 24992, 27952, 79, 92);
INSERT INTO lba.sub_play (play_id, seconds_da_start, player_made_id, team_made_id, game_made_id, player_suffered_id, team_suffered_id, game_suffered_id, shot_id, turnover_id, foul_id, rebound_defensive_01, rebound_offensive_01, assist_01, blocks_01, time_out_01, x, y)VALUES(27952, 13, 7015, 1649, 24992, NULL, NULL, NULL, 2, NULL, NULL, '', '', '', '', '', 7, 27);
INSERT INTO lba.sub_play (play_id, seconds_da_start, player_made_id, team_made_id, game_made_id, player_suffered_id, team_suffered_id, game_suffered_id, shot_id, turnover_id, foul_id, rebound_defensive_01, rebound_offensive_01, assist_01, blocks_01, time_out_01, x, y)VALUES(27952, 13, 7049, 1655, 24992, NULL, NULL, NULL, NULL, NULL, NULL, '1', '', '', '', '', 7, 27);

INSERT INTO play(id, game_id, seconds_start, seconds_end, quarter, attack_home_01, score_home, score_guest)VALUES(27953, 24992, 92, 101, 1, '1', 3, 2);
INSERT INTO player_team_game_play(player_id, team_id, game_id, play_id, seconds_start, seconds_end) VALUES(7049, 1655, 24992, 27953, 92, 101);
INSERT INTO player_team_game_play(player_id, team_id, game_id, play_id, seconds_start, seconds_end) VALUES(7447, 1655, 24992, 27953, 92, 101);
INSERT INTO player_team_game_play(player_id, team_id, game_id, play_id, seconds_start, seconds_end) VALUES(7449, 1655, 24992, 27953, 92, 101);
INSERT INTO player_team_game_play(player_id, team_id, game_id, play_id, seconds_start, seconds_end) VALUES(7450, 1655, 24992, 27953, 92, 101);
INSERT INTO player_team_game_play(player_id, team_id, game_id, play_id, seconds_start, seconds_end) VALUES(6719, 1655, 24992, 27953, 92, 101);
INSERT INTO player_team_game_play(player_id, team_id, game_id, play_id, seconds_start, seconds_end) VALUES(7015, 1649, 24992, 27953, 92, 101);
INSERT INTO player_team_game_play(player_id, team_id, game_id, play_id, seconds_start, seconds_end) VALUES(7406, 1649, 24992, 27953, 92, 101);
INSERT INTO player_team_game_play(player_id, team_id, game_id, play_id, seconds_start, seconds_end) VALUES(1775, 1649, 24992, 27953, 92, 101);
INSERT INTO player_team_game_play(player_id, team_id, game_id, play_id, seconds_start, seconds_end) VALUES(6138, 1649, 24992, 27953, 92, 101);
INSERT INTO player_team_game_play(player_id, team_id, game_id, play_id, seconds_start, seconds_end) VALUES(5150, 1649, 24992, 27953, 92, 101);
INSERT INTO lba.sub_play (play_id, seconds_da_start, player_made_id, team_made_id, game_made_id, player_suffered_id, team_suffered_id, game_suffered_id, shot_id, turnover_id, foul_id, rebound_defensive_01, rebound_offensive_01, assist_01, blocks_01, time_out_01, x, y)VALUES(27953, 9, 7049, 1655, 24992, NULL, NULL, NULL, 3, NULL, NULL, '', '', '', '', '', 73, 80);
INSERT INTO lba.sub_play (play_id, seconds_da_start, player_made_id, team_made_id, game_made_id, player_suffered_id, team_suffered_id, game_suffered_id, shot_id, turnover_id, foul_id, rebound_defensive_01, rebound_offensive_01, assist_01, blocks_01, time_out_01, x, y)VALUES(27953, 9, 7450, 1655, 24992, NULL, NULL, NULL, NULL, NULL, NULL, '', '', '1', '', '', 73, 80);

INSERT INTO play(id, game_id, seconds_start, seconds_end, quarter, attack_home_01, score_home, score_guest)VALUES(27954, 24992, 101, 130, 1, '0', 3, 2);
INSERT INTO player_team_game_play(player_id, team_id, game_id, play_id, seconds_start, seconds_end) VALUES(7049, 1655, 24992, 27954, 101, 130);
INSERT INTO player_team_game_play(player_id, team_id, game_id, play_id, seconds_start, seconds_end) VALUES(7447, 1655, 24992, 27954, 101, 130);
INSERT INTO player_team_game_play(player_id, team_id, game_id, play_id, seconds_start, seconds_end) VALUES(7449, 1655, 24992, 27954, 101, 130);
INSERT INTO player_team_game_play(player_id, team_id, game_id, play_id, seconds_start, seconds_end) VALUES(7450, 1655, 24992, 27954, 101, 130);
INSERT INTO player_team_game_play(player_id, team_id, game_id, play_id, seconds_start, seconds_end) VALUES(6719, 1655, 24992, 27954, 101, 130);
INSERT INTO player_team_game_play(player_id, team_id, game_id, play_id, seconds_start, seconds_end) VALUES(7015, 1649, 24992, 27954, 101, 130);
INSERT INTO player_team_game_play(player_id, team_id, game_id, play_id, seconds_start, seconds_end) VALUES(7406, 1649, 24992, 27954, 101, 130);
INSERT INTO player_team_game_play(player_id, team_id, game_id, play_id, seconds_start, seconds_end) VALUES(1775, 1649, 24992, 27954, 101, 130);
INSERT INTO player_team_game_play(player_id, team_id, game_id, play_id, seconds_start, seconds_end) VALUES(6138, 1649, 24992, 27954, 101, 130);
INSERT INTO player_team_game_play(player_id, team_id, game_id, play_id, seconds_start, seconds_end) VALUES(5150, 1649, 24992, 27954, 101, 130);
INSERT INTO lba.sub_play (play_id, seconds_da_start, player_made_id, team_made_id, game_made_id, player_suffered_id, team_suffered_id, game_suffered_id, shot_id, turnover_id, foul_id, rebound_defensive_01, rebound_offensive_01, assist_01, blocks_01, time_out_01, x, y)VALUES(27954, 29, 7015, 1649, 24992, NULL, NULL, NULL, 2, NULL, NULL, '', '', '', '', '', 7, 53);
INSERT INTO lba.sub_play (play_id, seconds_da_start, player_made_id, team_made_id, game_made_id, player_suffered_id, team_suffered_id, game_suffered_id, shot_id, turnover_id, foul_id, rebound_defensive_01, rebound_offensive_01, assist_01, blocks_01, time_out_01, x, y)VALUES(27954, 29, 7449, 1655, 24992, NULL, NULL, NULL, NULL, NULL, NULL, '1', '', '', '', '', 7, 53);

INSERT INTO play(id, game_id, seconds_start, seconds_end, quarter, attack_home_01, score_home, score_guest)VALUES(27955, 24992, 130, 147, 1, '1', 3, 2);
INSERT INTO player_team_game_play(player_id, team_id, game_id, play_id, seconds_start, seconds_end) VALUES(7049, 1655, 24992, 27955, 130, 147);
INSERT INTO player_team_game_play(player_id, team_id, game_id, play_id, seconds_start, seconds_end) VALUES(7447, 1655, 24992, 27955, 130, 147);
INSERT INTO player_team_game_play(player_id, team_id, game_id, play_id, seconds_start, seconds_end) VALUES(7449, 1655, 24992, 27955, 130, 147);
INSERT INTO player_team_game_play(player_id, team_id, game_id, play_id, seconds_start, seconds_end) VALUES(7450, 1655, 24992, 27955, 130, 147);
INSERT INTO player_team_game_play(player_id, team_id, game_id, play_id, seconds_start, seconds_end) VALUES(6719, 1655, 24992, 27955, 130, 147);
INSERT INTO player_team_game_play(player_id, team_id, game_id, play_id, seconds_start, seconds_end) VALUES(7015, 1649, 24992, 27955, 130, 147);
INSERT INTO player_team_game_play(player_id, team_id, game_id, play_id, seconds_start, seconds_end) VALUES(7406, 1649, 24992, 27955, 130, 147);
INSERT INTO player_team_game_play(player_id, team_id, game_id, play_id, seconds_start, seconds_end) VALUES(1775, 1649, 24992, 27955, 130, 147);
INSERT INTO player_team_game_play(player_id, team_id, game_id, play_id, seconds_start, seconds_end) VALUES(6138, 1649, 24992, 27955, 130, 147);
INSERT INTO player_team_game_play(player_id, team_id, game_id, play_id, seconds_start, seconds_end) VALUES(5150, 1649, 24992, 27955, 130, 147);
INSERT INTO lba.sub_play (play_id, seconds_da_start, player_made_id, team_made_id, game_made_id, player_suffered_id, team_suffered_id, game_suffered_id, shot_id, turnover_id, foul_id, rebound_defensive_01, rebound_offensive_01, assist_01, blocks_01, time_out_01, x, y)VALUES(27955, 17, 7450, 1655, 24992, 1775, 1649, 24992, NULL, 2, NULL, '', '', '', '', '', 96, 59);

INSERT INTO play(id, game_id, seconds_start, seconds_end, quarter, attack_home_01, score_home, score_guest)VALUES(27956, 24992, 147, 153, 1, '0', 3, 2);
INSERT INTO player_team_game_play(player_id, team_id, game_id, play_id, seconds_start, seconds_end) VALUES(7049, 1655, 24992, 27956, 147, 153);
INSERT INTO player_team_game_play(player_id, team_id, game_id, play_id, seconds_start, seconds_end) VALUES(7447, 1655, 24992, 27956, 147, 153);
INSERT INTO player_team_game_play(player_id, team_id, game_id, play_id, seconds_start, seconds_end) VALUES(7449, 1655, 24992, 27956, 147, 153);
INSERT INTO player_team_game_play(player_id, team_id, game_id, play_id, seconds_start, seconds_end) VALUES(7450, 1655, 24992, 27956, 147, 153);
INSERT INTO player_team_game_play(player_id, team_id, game_id, play_id, seconds_start, seconds_end) VALUES(6719, 1655, 24992, 27956, 147, 153);
INSERT INTO player_team_game_play(player_id, team_id, game_id, play_id, seconds_start, seconds_end) VALUES(7015, 1649, 24992, 27956, 147, 153);
INSERT INTO player_team_game_play(player_id, team_id, game_id, play_id, seconds_start, seconds_end) VALUES(7406, 1649, 24992, 27956, 147, 153);
INSERT INTO player_team_game_play(player_id, team_id, game_id, play_id, seconds_start, seconds_end) VALUES(1775, 1649, 24992, 27956, 147, 153);
INSERT INTO player_team_game_play(player_id, team_id, game_id, play_id, seconds_start, seconds_end) VALUES(6138, 1649, 24992, 27956, 147, 153);
INSERT INTO player_team_game_play(player_id, team_id, game_id, play_id, seconds_start, seconds_end) VALUES(5150, 1649, 24992, 27956, 147, 153);
INSERT INTO lba.sub_play (play_id, seconds_da_start, player_made_id, team_made_id, game_made_id, player_suffered_id, team_suffered_id, game_suffered_id, shot_id, turnover_id, foul_id, rebound_defensive_01, rebound_offensive_01, assist_01, blocks_01, time_out_01, x, y)VALUES(27956, 6, 7015, 1649, 24992, NULL, NULL, NULL, 2, NULL, NULL, '', '', '', '', '', 10, 53);
INSERT INTO lba.sub_play (play_id, seconds_da_start, player_made_id, team_made_id, game_made_id, player_suffered_id, team_suffered_id, game_suffered_id, shot_id, turnover_id, foul_id, rebound_defensive_01, rebound_offensive_01, assist_01, blocks_01, time_out_01, x, y)VALUES(27956, 6, 7049, 1655, 24992, 7015, 1649, 24992, NULL, NULL, NULL, '', '', '', '1', '', 10, 53);
INSERT INTO lba.sub_play (play_id, seconds_da_start, player_made_id, team_made_id, game_made_id, player_suffered_id, team_suffered_id, game_suffered_id, shot_id, turnover_id, foul_id, rebound_defensive_01, rebound_offensive_01, assist_01, blocks_01, time_out_01, x, y)VALUES(27956, 6, 7450, 1655, 24992, NULL, NULL, NULL, NULL, NULL, NULL, '1', '', '', '', '', 10, 53);

INSERT INTO play(id, game_id, seconds_start, seconds_end, quarter, attack_home_01, score_home, score_guest)VALUES(27957, 24992, 153, 161, 1, '1', 3, 2);
INSERT INTO player_team_game_play(player_id, team_id, game_id, play_id, seconds_start, seconds_end) VALUES(7049, 1655, 24992, 27957, 153, 161);
INSERT INTO player_team_game_play(player_id, team_id, game_id, play_id, seconds_start, seconds_end) VALUES(7447, 1655, 24992, 27957, 153, 161);
INSERT INTO player_team_game_play(player_id, team_id, game_id, play_id, seconds_start, seconds_end) VALUES(7449, 1655, 24992, 27957, 153, 161);
INSERT INTO player_team_game_play(player_id, team_id, game_id, play_id, seconds_start, seconds_end) VALUES(7450, 1655, 24992, 27957, 153, 161);
INSERT INTO player_team_game_play(player_id, team_id, game_id, play_id, seconds_start, seconds_end) VALUES(6719, 1655, 24992, 27957, 153, 161);
INSERT INTO player_team_game_play(player_id, team_id, game_id, play_id, seconds_start, seconds_end) VALUES(7015, 1649, 24992, 27957, 153, 161);
INSERT INTO player_team_game_play(player_id, team_id, game_id, play_id, seconds_start, seconds_end) VALUES(7406, 1649, 24992, 27957, 153, 161);
INSERT INTO player_team_game_play(player_id, team_id, game_id, play_id, seconds_start, seconds_end) VALUES(1775, 1649, 24992, 27957, 153, 161);
INSERT INTO player_team_game_play(player_id, team_id, game_id, play_id, seconds_start, seconds_end) VALUES(6138, 1649, 24992, 27957, 153, 161);
INSERT INTO player_team_game_play(player_id, team_id, game_id, play_id, seconds_start, seconds_end) VALUES(5150, 1649, 24992, 27957, 153, 161);
UPDATE player_team_game_play SET seconds_end = 158 WHERE player_id = 7015 AND game_id = 24992 AND play_id = 27957;
INSERT INTO player_team_game_play(player_id, team_id, game_id, play_id, seconds_start, seconds_end) VALUES(3176, 1649, 24992, 27957, 158, 161);
INSERT INTO lba.sub_play (play_id, seconds_da_start, player_made_id, team_made_id, game_made_id, player_suffered_id, team_suffered_id, game_suffered_id, shot_id, turnover_id, foul_id, rebound_defensive_01, rebound_offensive_01, assist_01, blocks_01, time_out_01, x, y)VALUES(27957, 5, 7406, 1649, 24992, 7450, 1655, 24992, NULL, NULL, 1, '', '', '', '', '', 71, 89);
INSERT INTO lba.sub_play (play_id, seconds_da_start, player_made_id, team_made_id, game_made_id, player_suffered_id, team_suffered_id, game_suffered_id, shot_id, turnover_id, foul_id, rebound_defensive_01, rebound_offensive_01, assist_01, blocks_01, time_out_01, x, y)VALUES(27957, 8, 7447, 1655, 24992, 6138, 1649, 24992, NULL, NULL, 7, '', '', '', '', '', 71, 81);
INSERT INTO lba.sub_play (play_id, seconds_da_start, player_made_id, team_made_id, game_made_id, player_suffered_id, team_suffered_id, game_suffered_id, shot_id, turnover_id, foul_id, rebound_defensive_01, rebound_offensive_01, assist_01, blocks_01, time_out_01, x, y)VALUES(27957, 8, 7447, 1655, 24992, NULL, NULL, NULL, NULL, 13, NULL, '', '', '', '', '', 71, 81);

INSERT INTO play(id, game_id, seconds_start, seconds_end, quarter, attack_home_01, score_home, score_guest)VALUES(27958, 24992, 161, 175, 1, '0', 3, 2);
INSERT INTO player_team_game_play(player_id, team_id, game_id, play_id, seconds_start, seconds_end) VALUES(7049, 1655, 24992, 27958, 161, 175);
INSERT INTO player_team_game_play(player_id, team_id, game_id, play_id, seconds_start, seconds_end) VALUES(7447, 1655, 24992, 27958, 161, 175);
INSERT INTO player_team_game_play(player_id, team_id, game_id, play_id, seconds_start, seconds_end) VALUES(7449, 1655, 24992, 27958, 161, 175);
INSERT INTO player_team_game_play(player_id, team_id, game_id, play_id, seconds_start, seconds_end) VALUES(7450, 1655, 24992, 27958, 161, 175);
INSERT INTO player_team_game_play(player_id, team_id, game_id, play_id, seconds_start, seconds_end) VALUES(6719, 1655, 24992, 27958, 161, 175);
INSERT INTO player_team_game_play(player_id, team_id, game_id, play_id, seconds_start, seconds_end) VALUES(3176, 1649, 24992, 27958, 161, 175);
INSERT INTO player_team_game_play(player_id, team_id, game_id, play_id, seconds_start, seconds_end) VALUES(7406, 1649, 24992, 27958, 161, 175);
INSERT INTO player_team_game_play(player_id, team_id, game_id, play_id, seconds_start, seconds_end) VALUES(1775, 1649, 24992, 27958, 161, 175);
INSERT INTO player_team_game_play(player_id, team_id, game_id, play_id, seconds_start, seconds_end) VALUES(6138, 1649, 24992, 27958, 161, 175);
INSERT INTO player_team_game_play(player_id, team_id, game_id, play_id, seconds_start, seconds_end) VALUES(5150, 1649, 24992, 27958, 161, 175);
INSERT INTO lba.sub_play (play_id, seconds_da_start, player_made_id, team_made_id, game_made_id, player_suffered_id, team_suffered_id, game_suffered_id, shot_id, turnover_id, foul_id, rebound_defensive_01, rebound_offensive_01, assist_01, blocks_01, time_out_01, x, y)VALUES(27958, 14, 7406, 1649, 24992, NULL, NULL, NULL, 4, NULL, NULL, '', '', '', '', '', 32, 59);
INSERT INTO lba.sub_play (play_id, seconds_da_start, player_made_id, team_made_id, game_made_id, player_suffered_id, team_suffered_id, game_suffered_id, shot_id, turnover_id, foul_id, rebound_defensive_01, rebound_offensive_01, assist_01, blocks_01, time_out_01, x, y)VALUES(27958, 14, 6719, 1655, 24992, NULL, NULL, NULL, NULL, NULL, NULL, '1', '', '', '', '', 32, 59);

INSERT INTO play(id, game_id, seconds_start, seconds_end, quarter, attack_home_01, score_home, score_guest)VALUES(27959, 24992, 175, 185, 1, '1', 3, 2);
INSERT INTO player_team_game_play(player_id, team_id, game_id, play_id, seconds_start, seconds_end) VALUES(7049, 1655, 24992, 27959, 175, 185);
INSERT INTO player_team_game_play(player_id, team_id, game_id, play_id, seconds_start, seconds_end) VALUES(7447, 1655, 24992, 27959, 175, 185);
INSERT INTO player_team_game_play(player_id, team_id, game_id, play_id, seconds_start, seconds_end) VALUES(7449, 1655, 24992, 27959, 175, 185);
INSERT INTO player_team_game_play(player_id, team_id, game_id, play_id, seconds_start, seconds_end) VALUES(7450, 1655, 24992, 27959, 175, 185);
INSERT INTO player_team_game_play(player_id, team_id, game_id, play_id, seconds_start, seconds_end) VALUES(6719, 1655, 24992, 27959, 175, 185);
INSERT INTO player_team_game_play(player_id, team_id, game_id, play_id, seconds_start, seconds_end) VALUES(3176, 1649, 24992, 27959, 175, 185);
INSERT INTO player_team_game_play(player_id, team_id, game_id, play_id, seconds_start, seconds_end) VALUES(7406, 1649, 24992, 27959, 175, 185);
INSERT INTO player_team_game_play(player_id, team_id, game_id, play_id, seconds_start, seconds_end) VALUES(1775, 1649, 24992, 27959, 175, 185);
INSERT INTO player_team_game_play(player_id, team_id, game_id, play_id, seconds_start, seconds_end) VALUES(6138, 1649, 24992, 27959, 175, 185);
INSERT INTO player_team_game_play(player_id, team_id, game_id, play_id, seconds_start, seconds_end) VALUES(5150, 1649, 24992, 27959, 175, 185);
INSERT INTO lba.sub_play (play_id, seconds_da_start, player_made_id, team_made_id, game_made_id, player_suffered_id, team_suffered_id, game_suffered_id, shot_id, turnover_id, foul_id, rebound_defensive_01, rebound_offensive_01, assist_01, blocks_01, time_out_01, x, y)VALUES(27959, 7, 1775, 1649, 24992, 7447, 1655, 24992, NULL, NULL, 1, '', '', '', '', '', 82, 68);
INSERT INTO lba.sub_play (play_id, seconds_da_start, player_made_id, team_made_id, game_made_id, player_suffered_id, team_suffered_id, game_suffered_id, shot_id, turnover_id, foul_id, rebound_defensive_01, rebound_offensive_01, assist_01, blocks_01, time_out_01, x, y)VALUES(27959, 10, 7049, 1655, 24992, 1775, 1649, 24992, NULL, 1, NULL, '', '', '', '', '', 95, 79);

INSERT INTO play(id, game_id, seconds_start, seconds_end, quarter, attack_home_01, score_home, score_guest)VALUES(27960, 24992, 185, 191, 1, '0', 3, 4);
INSERT INTO player_team_game_play(player_id, team_id, game_id, play_id, seconds_start, seconds_end) VALUES(7049, 1655, 24992, 27960, 185, 191);
INSERT INTO player_team_game_play(player_id, team_id, game_id, play_id, seconds_start, seconds_end) VALUES(7447, 1655, 24992, 27960, 185, 191);
INSERT INTO player_team_game_play(player_id, team_id, game_id, play_id, seconds_start, seconds_end) VALUES(7449, 1655, 24992, 27960, 185, 191);
INSERT INTO player_team_game_play(player_id, team_id, game_id, play_id, seconds_start, seconds_end) VALUES(7450, 1655, 24992, 27960, 185, 191);
INSERT INTO player_team_game_play(player_id, team_id, game_id, play_id, seconds_start, seconds_end) VALUES(6719, 1655, 24992, 27960, 185, 191);
INSERT INTO player_team_game_play(player_id, team_id, game_id, play_id, seconds_start, seconds_end) VALUES(3176, 1649, 24992, 27960, 185, 191);
INSERT INTO player_team_game_play(player_id, team_id, game_id, play_id, seconds_start, seconds_end) VALUES(7406, 1649, 24992, 27960, 185, 191);
INSERT INTO player_team_game_play(player_id, team_id, game_id, play_id, seconds_start, seconds_end) VALUES(1775, 1649, 24992, 27960, 185, 191);
INSERT INTO player_team_game_play(player_id, team_id, game_id, play_id, seconds_start, seconds_end) VALUES(6138, 1649, 24992, 27960, 185, 191);
INSERT INTO player_team_game_play(player_id, team_id, game_id, play_id, seconds_start, seconds_end) VALUES(5150, 1649, 24992, 27960, 185, 191);
INSERT INTO lba.sub_play (play_id, seconds_da_start, player_made_id, team_made_id, game_made_id, player_suffered_id, team_suffered_id, game_suffered_id, shot_id, turnover_id, foul_id, rebound_defensive_01, rebound_offensive_01, assist_01, blocks_01, time_out_01, x, y)VALUES(27960, 6, 1775, 1649, 24992, NULL, NULL, NULL, 1, NULL, NULL, '', '', '', '', '', 5, 51);

INSERT INTO play(id, game_id, seconds_start, seconds_end, quarter, attack_home_01, score_home, score_guest)VALUES(27961, 24992, 191, 208, 1, '1', 3, 4);
INSERT INTO player_team_game_play(player_id, team_id, game_id, play_id, seconds_start, seconds_end) VALUES(7049, 1655, 24992, 27961, 191, 208);
INSERT INTO player_team_game_play(player_id, team_id, game_id, play_id, seconds_start, seconds_end) VALUES(7447, 1655, 24992, 27961, 191, 208);
INSERT INTO player_team_game_play(player_id, team_id, game_id, play_id, seconds_start, seconds_end) VALUES(7449, 1655, 24992, 27961, 191, 208);
INSERT INTO player_team_game_play(player_id, team_id, game_id, play_id, seconds_start, seconds_end) VALUES(7450, 1655, 24992, 27961, 191, 208);
INSERT INTO player_team_game_play(player_id, team_id, game_id, play_id, seconds_start, seconds_end) VALUES(6719, 1655, 24992, 27961, 191, 208);
INSERT INTO player_team_game_play(player_id, team_id, game_id, play_id, seconds_start, seconds_end) VALUES(3176, 1649, 24992, 27961, 191, 208);
INSERT INTO player_team_game_play(player_id, team_id, game_id, play_id, seconds_start, seconds_end) VALUES(7406, 1649, 24992, 27961, 191, 208);
INSERT INTO player_team_game_play(player_id, team_id, game_id, play_id, seconds_start, seconds_end) VALUES(1775, 1649, 24992, 27961, 191, 208);
INSERT INTO player_team_game_play(player_id, team_id, game_id, play_id, seconds_start, seconds_end) VALUES(6138, 1649, 24992, 27961, 191, 208);
INSERT INTO player_team_game_play(player_id, team_id, game_id, play_id, seconds_start, seconds_end) VALUES(5150, 1649, 24992, 27961, 191, 208);
INSERT INTO lba.sub_play (play_id, seconds_da_start, player_made_id, team_made_id, game_made_id, player_suffered_id, team_suffered_id, game_suffered_id, shot_id, turnover_id, foul_id, rebound_defensive_01, rebound_offensive_01, assist_01, blocks_01, time_out_01, x, y)VALUES(27961, 12, 7450, 1655, 24992, NULL, NULL, NULL, 2, NULL, NULL, '', '', '', '', '', 90, 47);
INSERT INTO lba.sub_play (play_id, seconds_da_start, player_made_id, team_made_id, game_made_id, player_suffered_id, team_suffered_id, game_suffered_id, shot_id, turnover_id, foul_id, rebound_defensive_01, rebound_offensive_01, assist_01, blocks_01, time_out_01, x, y)VALUES(27961, 12, 7450, 1655, 24992, NULL, NULL, NULL, NULL, NULL, NULL, '', '1', '', '', '', 90, 47);
INSERT INTO lba.sub_play (play_id, seconds_da_start, player_made_id, team_made_id, game_made_id, player_suffered_id, team_suffered_id, game_suffered_id, shot_id, turnover_id, foul_id, rebound_defensive_01, rebound_offensive_01, assist_01, blocks_01, time_out_01, x, y)VALUES(27961, 17, 7450, 1655, 24992, NULL, NULL, NULL, 2, NULL, NULL, '', '', '', '', '', 87, 49);
INSERT INTO lba.sub_play (play_id, seconds_da_start, player_made_id, team_made_id, game_made_id, player_suffered_id, team_suffered_id, game_suffered_id, shot_id, turnover_id, foul_id, rebound_defensive_01, rebound_offensive_01, assist_01, blocks_01, time_out_01, x, y)VALUES(27961, 17, 3176, 1649, 24992, NULL, NULL, NULL, NULL, NULL, NULL, '1', '', '', '', '', 87, 49);

INSERT INTO play(id, game_id, seconds_start, seconds_end, quarter, attack_home_01, score_home, score_guest)VALUES(27962, 24992, 208, 223, 1, '0', 3, 4);
INSERT INTO player_team_game_play(player_id, team_id, game_id, play_id, seconds_start, seconds_end) VALUES(7049, 1655, 24992, 27962, 208, 223);
INSERT INTO player_team_game_play(player_id, team_id, game_id, play_id, seconds_start, seconds_end) VALUES(7447, 1655, 24992, 27962, 208, 223);
INSERT INTO player_team_game_play(player_id, team_id, game_id, play_id, seconds_start, seconds_end) VALUES(7449, 1655, 24992, 27962, 208, 223);
INSERT INTO player_team_game_play(player_id, team_id, game_id, play_id, seconds_start, seconds_end) VALUES(7450, 1655, 24992, 27962, 208, 223);
INSERT INTO player_team_game_play(player_id, team_id, game_id, play_id, seconds_start, seconds_end) VALUES(6719, 1655, 24992, 27962, 208, 223);
INSERT INTO player_team_game_play(player_id, team_id, game_id, play_id, seconds_start, seconds_end) VALUES(3176, 1649, 24992, 27962, 208, 223);
INSERT INTO player_team_game_play(player_id, team_id, game_id, play_id, seconds_start, seconds_end) VALUES(7406, 1649, 24992, 27962, 208, 223);
INSERT INTO player_team_game_play(player_id, team_id, game_id, play_id, seconds_start, seconds_end) VALUES(1775, 1649, 24992, 27962, 208, 223);
INSERT INTO player_team_game_play(player_id, team_id, game_id, play_id, seconds_start, seconds_end) VALUES(6138, 1649, 24992, 27962, 208, 223);
INSERT INTO player_team_game_play(player_id, team_id, game_id, play_id, seconds_start, seconds_end) VALUES(5150, 1649, 24992, 27962, 208, 223);
INSERT INTO lba.sub_play (play_id, seconds_da_start, player_made_id, team_made_id, game_made_id, player_suffered_id, team_suffered_id, game_suffered_id, shot_id, turnover_id, foul_id, rebound_defensive_01, rebound_offensive_01, assist_01, blocks_01, time_out_01, x, y)VALUES(27962, 15, 6138, 1649, 24992, NULL, NULL, NULL, 4, NULL, NULL, '', '', '', '', '', 26, 19);
INSERT INTO lba.sub_play (play_id, seconds_da_start, player_made_id, team_made_id, game_made_id, player_suffered_id, team_suffered_id, game_suffered_id, shot_id, turnover_id, foul_id, rebound_defensive_01, rebound_offensive_01, assist_01, blocks_01, time_out_01, x, y)VALUES(27962, 15, 7449, 1655, 24992, NULL, NULL, NULL, NULL, NULL, NULL, '1', '', '', '', '', 26, 19);

INSERT INTO play(id, game_id, seconds_start, seconds_end, quarter, attack_home_01, score_home, score_guest)VALUES(27963, 24992, 223, 233, 1, '1', 6, 4);
INSERT INTO player_team_game_play(player_id, team_id, game_id, play_id, seconds_start, seconds_end) VALUES(7049, 1655, 24992, 27963, 223, 233);
INSERT INTO player_team_game_play(player_id, team_id, game_id, play_id, seconds_start, seconds_end) VALUES(7447, 1655, 24992, 27963, 223, 233);
INSERT INTO player_team_game_play(player_id, team_id, game_id, play_id, seconds_start, seconds_end) VALUES(7449, 1655, 24992, 27963, 223, 233);
INSERT INTO player_team_game_play(player_id, team_id, game_id, play_id, seconds_start, seconds_end) VALUES(7450, 1655, 24992, 27963, 223, 233);
INSERT INTO player_team_game_play(player_id, team_id, game_id, play_id, seconds_start, seconds_end) VALUES(6719, 1655, 24992, 27963, 223, 233);
INSERT INTO player_team_game_play(player_id, team_id, game_id, play_id, seconds_start, seconds_end) VALUES(3176, 1649, 24992, 27963, 223, 233);
INSERT INTO player_team_game_play(player_id, team_id, game_id, play_id, seconds_start, seconds_end) VALUES(7406, 1649, 24992, 27963, 223, 233);
INSERT INTO player_team_game_play(player_id, team_id, game_id, play_id, seconds_start, seconds_end) VALUES(1775, 1649, 24992, 27963, 223, 233);
INSERT INTO player_team_game_play(player_id, team_id, game_id, play_id, seconds_start, seconds_end) VALUES(6138, 1649, 24992, 27963, 223, 233);
INSERT INTO player_team_game_play(player_id, team_id, game_id, play_id, seconds_start, seconds_end) VALUES(5150, 1649, 24992, 27963, 223, 233);
UPDATE player_team_game_play SET seconds_end = 233 WHERE player_id = 7449 AND game_id = 24992 AND play_id = 27963;
UPDATE player_team_game_play SET seconds_end = 233 WHERE player_id = 7450 AND game_id = 24992 AND play_id = 27963;
UPDATE player_team_game_play SET seconds_end = 233 WHERE player_id = 6719 AND game_id = 24992 AND play_id = 27963;
INSERT INTO player_team_game_play(player_id, team_id, game_id, play_id, seconds_start, seconds_end) VALUES(6320, 1655, 24992, 27963, 233, 233);
INSERT INTO player_team_game_play(player_id, team_id, game_id, play_id, seconds_start, seconds_end) VALUES(7448, 1655, 24992, 27963, 233, 233);
INSERT INTO player_team_game_play(player_id, team_id, game_id, play_id, seconds_start, seconds_end) VALUES(378, 1655, 24992, 27963, 233, 233);
UPDATE player_team_game_play SET seconds_end = 233 WHERE player_id = 1775 AND game_id = 24992 AND play_id = 27963;
INSERT INTO player_team_game_play(player_id, team_id, game_id, play_id, seconds_start, seconds_end) VALUES(4692, 1649, 24992, 27963, 233, 233);
INSERT INTO lba.sub_play (play_id, seconds_da_start, player_made_id, team_made_id, game_made_id, player_suffered_id, team_suffered_id, game_suffered_id, shot_id, turnover_id, foul_id, rebound_defensive_01, rebound_offensive_01, assist_01, blocks_01, time_out_01, x, y)VALUES(27963, 10, 7049, 1655, 24992, NULL, NULL, NULL, 1, NULL, NULL, '', '', '', '', '', 93, 47);
INSERT INTO lba.sub_play (play_id, seconds_da_start, player_made_id, team_made_id, game_made_id, player_suffered_id, team_suffered_id, game_suffered_id, shot_id, turnover_id, foul_id, rebound_defensive_01, rebound_offensive_01, assist_01, blocks_01, time_out_01, x, y)VALUES(27963, 10, 1775, 1649, 24992, 7049, 1655, 24992, NULL, NULL, 4, '', '', '', '', '', 88, 47);
INSERT INTO lba.sub_play (play_id, seconds_da_start, player_made_id, team_made_id, game_made_id, player_suffered_id, team_suffered_id, game_suffered_id, shot_id, turnover_id, foul_id, rebound_defensive_01, rebound_offensive_01, assist_01, blocks_01, time_out_01, x, y)VALUES(27963, 10, 7049, 1655, 24992, NULL, NULL, NULL, 5, NULL, NULL, '', '', '', '', '', NULL, NULL);

INSERT INTO play(id, game_id, seconds_start, seconds_end, quarter, attack_home_01, score_home, score_guest)VALUES(27964, 24992, 233, 260, 1, '0', 6, 4);
INSERT INTO player_team_game_play(player_id, team_id, game_id, play_id, seconds_start, seconds_end) VALUES(7049, 1655, 24992, 27964, 233, 260);
INSERT INTO player_team_game_play(player_id, team_id, game_id, play_id, seconds_start, seconds_end) VALUES(7447, 1655, 24992, 27964, 233, 260);
INSERT INTO player_team_game_play(player_id, team_id, game_id, play_id, seconds_start, seconds_end) VALUES(7449, 1655, 24992, 27964, 233, 260);
INSERT INTO player_team_game_play(player_id, team_id, game_id, play_id, seconds_start, seconds_end) VALUES(7450, 1655, 24992, 27964, 233, 260);
INSERT INTO player_team_game_play(player_id, team_id, game_id, play_id, seconds_start, seconds_end) VALUES(6719, 1655, 24992, 27964, 233, 260);
INSERT INTO player_team_game_play(player_id, team_id, game_id, play_id, seconds_start, seconds_end) VALUES(3176, 1649, 24992, 27964, 233, 260);
INSERT INTO player_team_game_play(player_id, team_id, game_id, play_id, seconds_start, seconds_end) VALUES(7406, 1649, 24992, 27964, 233, 260);
INSERT INTO player_team_game_play(player_id, team_id, game_id, play_id, seconds_start, seconds_end) VALUES(1775, 1649, 24992, 27964, 233, 260);
INSERT INTO player_team_game_play(player_id, team_id, game_id, play_id, seconds_start, seconds_end) VALUES(6138, 1649, 24992, 27964, 233, 260);
INSERT INTO player_team_game_play(player_id, team_id, game_id, play_id, seconds_start, seconds_end) VALUES(5150, 1649, 24992, 27964, 233, 260);
UPDATE player_team_game_play SET seconds_end = 233 WHERE player_id = 7449 AND game_id = 24992 AND play_id = 27964;
UPDATE player_team_game_play SET seconds_end = 233 WHERE player_id = 7450 AND game_id = 24992 AND play_id = 27964;
UPDATE player_team_game_play SET seconds_end = 233 WHERE player_id = 6719 AND game_id = 24992 AND play_id = 27964;
INSERT INTO player_team_game_play(player_id, team_id, game_id, play_id, seconds_start, seconds_end) VALUES(6320, 1655, 24992, 27964, 233, 260);
INSERT INTO player_team_game_play(player_id, team_id, game_id, play_id, seconds_start, seconds_end) VALUES(7448, 1655, 24992, 27964, 233, 260);
INSERT INTO player_team_game_play(player_id, team_id, game_id, play_id, seconds_start, seconds_end) VALUES(378, 1655, 24992, 27964, 233, 260);
UPDATE player_team_game_play SET seconds_end = 233 WHERE player_id = 1775 AND game_id = 24992 AND play_id = 27964;
INSERT INTO player_team_game_play(player_id, team_id, game_id, play_id, seconds_start, seconds_end) VALUES(4692, 1649, 24992, 27964, 233, 260);
INSERT INTO lba.sub_play (play_id, seconds_da_start, player_made_id, team_made_id, game_made_id, player_suffered_id, team_suffered_id, game_suffered_id, shot_id, turnover_id, foul_id, rebound_defensive_01, rebound_offensive_01, assist_01, blocks_01, time_out_01, x, y)VALUES(27964, 16, 6320, 1655, 24992, 3176, 1649, 24992, NULL, NULL, 1, '', '', '', '', '', 24, 52);
INSERT INTO lba.sub_play (play_id, seconds_da_start, player_made_id, team_made_id, game_made_id, player_suffered_id, team_suffered_id, game_suffered_id, shot_id, turnover_id, foul_id, rebound_defensive_01, rebound_offensive_01, assist_01, blocks_01, time_out_01, x, y)VALUES(27964, 27, 3176, 1649, 24992, NULL, NULL, NULL, 2, NULL, NULL, '', '', '', '', '', 17, 54);
INSERT INTO lba.sub_play (play_id, seconds_da_start, player_made_id, team_made_id, game_made_id, player_suffered_id, team_suffered_id, game_suffered_id, shot_id, turnover_id, foul_id, rebound_defensive_01, rebound_offensive_01, assist_01, blocks_01, time_out_01, x, y)VALUES(27964, 27, 7049, 1655, 24992, NULL, NULL, NULL, NULL, NULL, NULL, '1', '', '', '', '', 17, 54);

INSERT INTO play(id, game_id, seconds_start, seconds_end, quarter, attack_home_01, score_home, score_guest)VALUES(27965, 24992, 260, 283, 1, '1', 8, 4);
INSERT INTO player_team_game_play(player_id, team_id, game_id, play_id, seconds_start, seconds_end) VALUES(7049, 1655, 24992, 27965, 260, 283);
INSERT INTO player_team_game_play(player_id, team_id, game_id, play_id, seconds_start, seconds_end) VALUES(6320, 1655, 24992, 27965, 260, 283);
INSERT INTO player_team_game_play(player_id, team_id, game_id, play_id, seconds_start, seconds_end) VALUES(7447, 1655, 24992, 27965, 260, 283);
INSERT INTO player_team_game_play(player_id, team_id, game_id, play_id, seconds_start, seconds_end) VALUES(7448, 1655, 24992, 27965, 260, 283);
INSERT INTO player_team_game_play(player_id, team_id, game_id, play_id, seconds_start, seconds_end) VALUES(378, 1655, 24992, 27965, 260, 283);
INSERT INTO player_team_game_play(player_id, team_id, game_id, play_id, seconds_start, seconds_end) VALUES(3176, 1649, 24992, 27965, 260, 283);
INSERT INTO player_team_game_play(player_id, team_id, game_id, play_id, seconds_start, seconds_end) VALUES(7406, 1649, 24992, 27965, 260, 283);
INSERT INTO player_team_game_play(player_id, team_id, game_id, play_id, seconds_start, seconds_end) VALUES(4692, 1649, 24992, 27965, 260, 283);
INSERT INTO player_team_game_play(player_id, team_id, game_id, play_id, seconds_start, seconds_end) VALUES(6138, 1649, 24992, 27965, 260, 283);
INSERT INTO player_team_game_play(player_id, team_id, game_id, play_id, seconds_start, seconds_end) VALUES(5150, 1649, 24992, 27965, 260, 283);
INSERT INTO lba.sub_play (play_id, seconds_da_start, player_made_id, team_made_id, game_made_id, player_suffered_id, team_suffered_id, game_suffered_id, shot_id, turnover_id, foul_id, rebound_defensive_01, rebound_offensive_01, assist_01, blocks_01, time_out_01, x, y)VALUES(27965, 23, 6320, 1655, 24992, NULL, NULL, NULL, 1, NULL, NULL, '', '', '', '', '', 87, 51);
INSERT INTO lba.sub_play (play_id, seconds_da_start, player_made_id, team_made_id, game_made_id, player_suffered_id, team_suffered_id, game_suffered_id, shot_id, turnover_id, foul_id, rebound_defensive_01, rebound_offensive_01, assist_01, blocks_01, time_out_01, x, y)VALUES(27965, 23, 7049, 1655, 24992, NULL, NULL, NULL, NULL, NULL, NULL, '', '', '1', '', '', 87, 51);

INSERT INTO play(id, game_id, seconds_start, seconds_end, quarter, attack_home_01, score_home, score_guest)VALUES(27966, 24992, 283, 298, 1, '0', 8, 7);
INSERT INTO player_team_game_play(player_id, team_id, game_id, play_id, seconds_start, seconds_end) VALUES(7049, 1655, 24992, 27966, 283, 298);
INSERT INTO player_team_game_play(player_id, team_id, game_id, play_id, seconds_start, seconds_end) VALUES(6320, 1655, 24992, 27966, 283, 298);
INSERT INTO player_team_game_play(player_id, team_id, game_id, play_id, seconds_start, seconds_end) VALUES(7447, 1655, 24992, 27966, 283, 298);
INSERT INTO player_team_game_play(player_id, team_id, game_id, play_id, seconds_start, seconds_end) VALUES(7448, 1655, 24992, 27966, 283, 298);
INSERT INTO player_team_game_play(player_id, team_id, game_id, play_id, seconds_start, seconds_end) VALUES(378, 1655, 24992, 27966, 283, 298);
INSERT INTO player_team_game_play(player_id, team_id, game_id, play_id, seconds_start, seconds_end) VALUES(3176, 1649, 24992, 27966, 283, 298);
INSERT INTO player_team_game_play(player_id, team_id, game_id, play_id, seconds_start, seconds_end) VALUES(7406, 1649, 24992, 27966, 283, 298);
INSERT INTO player_team_game_play(player_id, team_id, game_id, play_id, seconds_start, seconds_end) VALUES(4692, 1649, 24992, 27966, 283, 298);
INSERT INTO player_team_game_play(player_id, team_id, game_id, play_id, seconds_start, seconds_end) VALUES(6138, 1649, 24992, 27966, 283, 298);
INSERT INTO player_team_game_play(player_id, team_id, game_id, play_id, seconds_start, seconds_end) VALUES(5150, 1649, 24992, 27966, 283, 298);
INSERT INTO lba.sub_play (play_id, seconds_da_start, player_made_id, team_made_id, game_made_id, player_suffered_id, team_suffered_id, game_suffered_id, shot_id, turnover_id, foul_id, rebound_defensive_01, rebound_offensive_01, assist_01, blocks_01, time_out_01, x, y)VALUES(27966, 15, 3176, 1649, 24992, NULL, NULL, NULL, 3, NULL, NULL, '', '', '', '', '', 29, 28);
INSERT INTO lba.sub_play (play_id, seconds_da_start, player_made_id, team_made_id, game_made_id, player_suffered_id, team_suffered_id, game_suffered_id, shot_id, turnover_id, foul_id, rebound_defensive_01, rebound_offensive_01, assist_01, blocks_01, time_out_01, x, y)VALUES(27966, 15, 7406, 1649, 24992, NULL, NULL, NULL, NULL, NULL, NULL, '', '', '1', '', '', 29, 28);

INSERT INTO play(id, game_id, seconds_start, seconds_end, quarter, attack_home_01, score_home, score_guest)VALUES(27967, 24992, 298, 314, 1, '1', 8, 7);
INSERT INTO player_team_game_play(player_id, team_id, game_id, play_id, seconds_start, seconds_end) VALUES(7049, 1655, 24992, 27967, 298, 314);
INSERT INTO player_team_game_play(player_id, team_id, game_id, play_id, seconds_start, seconds_end) VALUES(6320, 1655, 24992, 27967, 298, 314);
INSERT INTO player_team_game_play(player_id, team_id, game_id, play_id, seconds_start, seconds_end) VALUES(7447, 1655, 24992, 27967, 298, 314);
INSERT INTO player_team_game_play(player_id, team_id, game_id, play_id, seconds_start, seconds_end) VALUES(7448, 1655, 24992, 27967, 298, 314);
INSERT INTO player_team_game_play(player_id, team_id, game_id, play_id, seconds_start, seconds_end) VALUES(378, 1655, 24992, 27967, 298, 314);
INSERT INTO player_team_game_play(player_id, team_id, game_id, play_id, seconds_start, seconds_end) VALUES(3176, 1649, 24992, 27967, 298, 314);
INSERT INTO player_team_game_play(player_id, team_id, game_id, play_id, seconds_start, seconds_end) VALUES(7406, 1649, 24992, 27967, 298, 314);
INSERT INTO player_team_game_play(player_id, team_id, game_id, play_id, seconds_start, seconds_end) VALUES(4692, 1649, 24992, 27967, 298, 314);
INSERT INTO player_team_game_play(player_id, team_id, game_id, play_id, seconds_start, seconds_end) VALUES(6138, 1649, 24992, 27967, 298, 314);
INSERT INTO player_team_game_play(player_id, team_id, game_id, play_id, seconds_start, seconds_end) VALUES(5150, 1649, 24992, 27967, 298, 314);
UPDATE player_team_game_play SET seconds_end = 314 WHERE player_id = 7447 AND game_id = 24992 AND play_id = 27967;
INSERT INTO player_team_game_play(player_id, team_id, game_id, play_id, seconds_start, seconds_end) VALUES(2148, 1655, 24992, 27967, 314, 314);
UPDATE player_team_game_play SET seconds_end = 314 WHERE player_id = 6138 AND game_id = 24992 AND play_id = 27967;
UPDATE player_team_game_play SET seconds_end = 314 WHERE player_id = 4692 AND game_id = 24992 AND play_id = 27967;
INSERT INTO player_team_game_play(player_id, team_id, game_id, play_id, seconds_start, seconds_end) VALUES(7015, 1649, 24992, 27967, 314, 314);
INSERT INTO player_team_game_play(player_id, team_id, game_id, play_id, seconds_start, seconds_end) VALUES(2103, 1649, 24992, 27967, 314, 314);
INSERT INTO lba.sub_play (play_id, seconds_da_start, player_made_id, team_made_id, game_made_id, player_suffered_id, team_suffered_id, game_suffered_id, shot_id, turnover_id, foul_id, rebound_defensive_01, rebound_offensive_01, assist_01, blocks_01, time_out_01, x, y)VALUES(27967, 16, 7447, 1655, 24992, NULL, NULL, NULL, NULL, 1, NULL, '', '', '', '', '', 68, 76);

INSERT INTO play(id, game_id, seconds_start, seconds_end, quarter, attack_home_01, score_home, score_guest)VALUES(27968, 24992, 314, 325, 1, '0', 8, 10);
INSERT INTO player_team_game_play(player_id, team_id, game_id, play_id, seconds_start, seconds_end) VALUES(7049, 1655, 24992, 27968, 314, 325);
INSERT INTO player_team_game_play(player_id, team_id, game_id, play_id, seconds_start, seconds_end) VALUES(6320, 1655, 24992, 27968, 314, 325);
INSERT INTO player_team_game_play(player_id, team_id, game_id, play_id, seconds_start, seconds_end) VALUES(7447, 1655, 24992, 27968, 314, 325);
INSERT INTO player_team_game_play(player_id, team_id, game_id, play_id, seconds_start, seconds_end) VALUES(7448, 1655, 24992, 27968, 314, 325);
INSERT INTO player_team_game_play(player_id, team_id, game_id, play_id, seconds_start, seconds_end) VALUES(378, 1655, 24992, 27968, 314, 325);
INSERT INTO player_team_game_play(player_id, team_id, game_id, play_id, seconds_start, seconds_end) VALUES(3176, 1649, 24992, 27968, 314, 325);
INSERT INTO player_team_game_play(player_id, team_id, game_id, play_id, seconds_start, seconds_end) VALUES(7406, 1649, 24992, 27968, 314, 325);
INSERT INTO player_team_game_play(player_id, team_id, game_id, play_id, seconds_start, seconds_end) VALUES(4692, 1649, 24992, 27968, 314, 325);
INSERT INTO player_team_game_play(player_id, team_id, game_id, play_id, seconds_start, seconds_end) VALUES(6138, 1649, 24992, 27968, 314, 325);
INSERT INTO player_team_game_play(player_id, team_id, game_id, play_id, seconds_start, seconds_end) VALUES(5150, 1649, 24992, 27968, 314, 325);
UPDATE player_team_game_play SET seconds_end = 314 WHERE player_id = 7447 AND game_id = 24992 AND play_id = 27968;
INSERT INTO player_team_game_play(player_id, team_id, game_id, play_id, seconds_start, seconds_end) VALUES(2148, 1655, 24992, 27968, 314, 325);
UPDATE player_team_game_play SET seconds_end = 314 WHERE player_id = 6138 AND game_id = 24992 AND play_id = 27968;
UPDATE player_team_game_play SET seconds_end = 314 WHERE player_id = 4692 AND game_id = 24992 AND play_id = 27968;
INSERT INTO player_team_game_play(player_id, team_id, game_id, play_id, seconds_start, seconds_end) VALUES(7015, 1649, 24992, 27968, 314, 325);
INSERT INTO player_team_game_play(player_id, team_id, game_id, play_id, seconds_start, seconds_end) VALUES(2103, 1649, 24992, 27968, 314, 325);
INSERT INTO lba.sub_play (play_id, seconds_da_start, player_made_id, team_made_id, game_made_id, player_suffered_id, team_suffered_id, game_suffered_id, shot_id, turnover_id, foul_id, rebound_defensive_01, rebound_offensive_01, assist_01, blocks_01, time_out_01, x, y)VALUES(27968, 11, 7015, 1649, 24992, NULL, NULL, NULL, 3, NULL, NULL, '', '', '', '', '', 29, 81);
INSERT INTO lba.sub_play (play_id, seconds_da_start, player_made_id, team_made_id, game_made_id, player_suffered_id, team_suffered_id, game_suffered_id, shot_id, turnover_id, foul_id, rebound_defensive_01, rebound_offensive_01, assist_01, blocks_01, time_out_01, x, y)VALUES(27968, 11, 2103, 1649, 24992, NULL, NULL, NULL, NULL, NULL, NULL, '', '', '1', '', '', 29, 81);

INSERT INTO play(id, game_id, seconds_start, seconds_end, quarter, attack_home_01, score_home, score_guest)VALUES(27969, 24992, 325, 346, 1, '1', 11, 10);
INSERT INTO player_team_game_play(player_id, team_id, game_id, play_id, seconds_start, seconds_end) VALUES(2148, 1655, 24992, 27969, 325, 346);
INSERT INTO player_team_game_play(player_id, team_id, game_id, play_id, seconds_start, seconds_end) VALUES(7049, 1655, 24992, 27969, 325, 346);
INSERT INTO player_team_game_play(player_id, team_id, game_id, play_id, seconds_start, seconds_end) VALUES(6320, 1655, 24992, 27969, 325, 346);
INSERT INTO player_team_game_play(player_id, team_id, game_id, play_id, seconds_start, seconds_end) VALUES(7448, 1655, 24992, 27969, 325, 346);
INSERT INTO player_team_game_play(player_id, team_id, game_id, play_id, seconds_start, seconds_end) VALUES(378, 1655, 24992, 27969, 325, 346);
INSERT INTO player_team_game_play(player_id, team_id, game_id, play_id, seconds_start, seconds_end) VALUES(7015, 1649, 24992, 27969, 325, 346);
INSERT INTO player_team_game_play(player_id, team_id, game_id, play_id, seconds_start, seconds_end) VALUES(3176, 1649, 24992, 27969, 325, 346);
INSERT INTO player_team_game_play(player_id, team_id, game_id, play_id, seconds_start, seconds_end) VALUES(7406, 1649, 24992, 27969, 325, 346);
INSERT INTO player_team_game_play(player_id, team_id, game_id, play_id, seconds_start, seconds_end) VALUES(2103, 1649, 24992, 27969, 325, 346);
INSERT INTO player_team_game_play(player_id, team_id, game_id, play_id, seconds_start, seconds_end) VALUES(5150, 1649, 24992, 27969, 325, 346);
UPDATE player_team_game_play SET seconds_end = 340 WHERE player_id = 5150 AND game_id = 24992 AND play_id = 27969;
UPDATE player_team_game_play SET seconds_end = 340 WHERE player_id = 7406 AND game_id = 24992 AND play_id = 27969;
INSERT INTO player_team_game_play(player_id, team_id, game_id, play_id, seconds_start, seconds_end) VALUES(7404, 1649, 24992, 27969, 340, 346);
INSERT INTO player_team_game_play(player_id, team_id, game_id, play_id, seconds_start, seconds_end) VALUES(7405, 1649, 24992, 27969, 340, 346);
INSERT INTO lba.sub_play (play_id, seconds_da_start, player_made_id, team_made_id, game_made_id, player_suffered_id, team_suffered_id, game_suffered_id, shot_id, turnover_id, foul_id, rebound_defensive_01, rebound_offensive_01, assist_01, blocks_01, time_out_01, x, y)VALUES(27969, 15, 7015, 1649, 24992, 6320, 1655, 24992, NULL, NULL, 1, '', '', '', '', '', 94, 52);
INSERT INTO lba.sub_play (play_id, seconds_da_start, player_made_id, team_made_id, game_made_id, player_suffered_id, team_suffered_id, game_suffered_id, shot_id, turnover_id, foul_id, rebound_defensive_01, rebound_offensive_01, assist_01, blocks_01, time_out_01, x, y)VALUES(27969, 21, 7448, 1655, 24992, NULL, NULL, NULL, 1, NULL, NULL, '', '', '', '', '', 82, 55);
INSERT INTO lba.sub_play (play_id, seconds_da_start, player_made_id, team_made_id, game_made_id, player_suffered_id, team_suffered_id, game_suffered_id, shot_id, turnover_id, foul_id, rebound_defensive_01, rebound_offensive_01, assist_01, blocks_01, time_out_01, x, y)VALUES(27969, 21, 7405, 1649, 24992, 7448, 1655, 24992, NULL, NULL, 4, '', '', '', '', '', 82, 55);
INSERT INTO lba.sub_play (play_id, seconds_da_start, player_made_id, team_made_id, game_made_id, player_suffered_id, team_suffered_id, game_suffered_id, shot_id, turnover_id, foul_id, rebound_defensive_01, rebound_offensive_01, assist_01, blocks_01, time_out_01, x, y)VALUES(27969, 21, 7448, 1655, 24992, NULL, NULL, NULL, 5, NULL, NULL, '', '', '', '', '', NULL, NULL);

INSERT INTO play(id, game_id, seconds_start, seconds_end, quarter, attack_home_01, score_home, score_guest)VALUES(27970, 24992, 346, 368, 1, '0', 11, 13);
INSERT INTO player_team_game_play(player_id, team_id, game_id, play_id, seconds_start, seconds_end) VALUES(2148, 1655, 24992, 27970, 346, 368);
INSERT INTO player_team_game_play(player_id, team_id, game_id, play_id, seconds_start, seconds_end) VALUES(7049, 1655, 24992, 27970, 346, 368);
INSERT INTO player_team_game_play(player_id, team_id, game_id, play_id, seconds_start, seconds_end) VALUES(6320, 1655, 24992, 27970, 346, 368);
INSERT INTO player_team_game_play(player_id, team_id, game_id, play_id, seconds_start, seconds_end) VALUES(7448, 1655, 24992, 27970, 346, 368);
INSERT INTO player_team_game_play(player_id, team_id, game_id, play_id, seconds_start, seconds_end) VALUES(378, 1655, 24992, 27970, 346, 368);
INSERT INTO player_team_game_play(player_id, team_id, game_id, play_id, seconds_start, seconds_end) VALUES(2103, 1649, 24992, 27970, 346, 368);
INSERT INTO player_team_game_play(player_id, team_id, game_id, play_id, seconds_start, seconds_end) VALUES(7015, 1649, 24992, 27970, 346, 368);
INSERT INTO player_team_game_play(player_id, team_id, game_id, play_id, seconds_start, seconds_end) VALUES(3176, 1649, 24992, 27970, 346, 368);
INSERT INTO player_team_game_play(player_id, team_id, game_id, play_id, seconds_start, seconds_end) VALUES(7404, 1649, 24992, 27970, 346, 368);
INSERT INTO player_team_game_play(player_id, team_id, game_id, play_id, seconds_start, seconds_end) VALUES(7405, 1649, 24992, 27970, 346, 368);
INSERT INTO lba.sub_play (play_id, seconds_da_start, player_made_id, team_made_id, game_made_id, player_suffered_id, team_suffered_id, game_suffered_id, shot_id, turnover_id, foul_id, rebound_defensive_01, rebound_offensive_01, assist_01, blocks_01, time_out_01, x, y)VALUES(27970, 22, 2103, 1649, 24992, NULL, NULL, NULL, 1, NULL, NULL, '', '', '', '', '', 23, 35);
INSERT INTO lba.sub_play (play_id, seconds_da_start, player_made_id, team_made_id, game_made_id, player_suffered_id, team_suffered_id, game_suffered_id, shot_id, turnover_id, foul_id, rebound_defensive_01, rebound_offensive_01, assist_01, blocks_01, time_out_01, x, y)VALUES(27970, 22, 7448, 1655, 24992, 2103, 1649, 24992, NULL, NULL, 4, '', '', '', '', '', 23, 36);
INSERT INTO lba.sub_play (play_id, seconds_da_start, player_made_id, team_made_id, game_made_id, player_suffered_id, team_suffered_id, game_suffered_id, shot_id, turnover_id, foul_id, rebound_defensive_01, rebound_offensive_01, assist_01, blocks_01, time_out_01, x, y)VALUES(27970, 22, 2103, 1649, 24992, NULL, NULL, NULL, 5, NULL, NULL, '', '', '', '', '', NULL, NULL);

INSERT INTO play(id, game_id, seconds_start, seconds_end, quarter, attack_home_01, score_home, score_guest)VALUES(27971, 24992, 368, 382, 1, '1', 11, 13);
INSERT INTO player_team_game_play(player_id, team_id, game_id, play_id, seconds_start, seconds_end) VALUES(2148, 1655, 24992, 27971, 368, 382);
INSERT INTO player_team_game_play(player_id, team_id, game_id, play_id, seconds_start, seconds_end) VALUES(7049, 1655, 24992, 27971, 368, 382);
INSERT INTO player_team_game_play(player_id, team_id, game_id, play_id, seconds_start, seconds_end) VALUES(6320, 1655, 24992, 27971, 368, 382);
INSERT INTO player_team_game_play(player_id, team_id, game_id, play_id, seconds_start, seconds_end) VALUES(7448, 1655, 24992, 27971, 368, 382);
INSERT INTO player_team_game_play(player_id, team_id, game_id, play_id, seconds_start, seconds_end) VALUES(378, 1655, 24992, 27971, 368, 382);
INSERT INTO player_team_game_play(player_id, team_id, game_id, play_id, seconds_start, seconds_end) VALUES(2103, 1649, 24992, 27971, 368, 382);
INSERT INTO player_team_game_play(player_id, team_id, game_id, play_id, seconds_start, seconds_end) VALUES(7015, 1649, 24992, 27971, 368, 382);
INSERT INTO player_team_game_play(player_id, team_id, game_id, play_id, seconds_start, seconds_end) VALUES(3176, 1649, 24992, 27971, 368, 382);
INSERT INTO player_team_game_play(player_id, team_id, game_id, play_id, seconds_start, seconds_end) VALUES(7404, 1649, 24992, 27971, 368, 382);
INSERT INTO player_team_game_play(player_id, team_id, game_id, play_id, seconds_start, seconds_end) VALUES(7405, 1649, 24992, 27971, 368, 382);
INSERT INTO lba.sub_play (play_id, seconds_da_start, player_made_id, team_made_id, game_made_id, player_suffered_id, team_suffered_id, game_suffered_id, shot_id, turnover_id, foul_id, rebound_defensive_01, rebound_offensive_01, assist_01, blocks_01, time_out_01, x, y)VALUES(27971, 12, 7049, 1655, 24992, NULL, NULL, NULL, 2, NULL, NULL, '', '', '', '', '', 78, 34);
INSERT INTO lba.sub_play (play_id, seconds_da_start, player_made_id, team_made_id, game_made_id, player_suffered_id, team_suffered_id, game_suffered_id, shot_id, turnover_id, foul_id, rebound_defensive_01, rebound_offensive_01, assist_01, blocks_01, time_out_01, x, y)VALUES(27971, 14, 3176, 1649, 24992, 378, 1655, 24992, NULL, NULL, 1, '', '', '', '', '', 91, 49);
INSERT INTO lba.sub_play (play_id, seconds_da_start, player_made_id, team_made_id, game_made_id, player_suffered_id, team_suffered_id, game_suffered_id, shot_id, turnover_id, foul_id, rebound_defensive_01, rebound_offensive_01, assist_01, blocks_01, time_out_01, x, y)VALUES(27971, 14, 378, 1655, 24992, NULL, NULL, NULL, 6, NULL, NULL, '', '', '', '', '', NULL, NULL);
INSERT INTO lba.sub_play (play_id, seconds_da_start, player_made_id, team_made_id, game_made_id, player_suffered_id, team_suffered_id, game_suffered_id, shot_id, turnover_id, foul_id, rebound_defensive_01, rebound_offensive_01, assist_01, blocks_01, time_out_01, x, y)VALUES(27971, 14, 378, 1655, 24992, NULL, NULL, NULL, 6, NULL, NULL, '', '', '', '', '', NULL, NULL);
INSERT INTO lba.sub_play (play_id, seconds_da_start, player_made_id, team_made_id, game_made_id, player_suffered_id, team_suffered_id, game_suffered_id, shot_id, turnover_id, foul_id, rebound_defensive_01, rebound_offensive_01, assist_01, blocks_01, time_out_01, x, y)VALUES(27971, 14, 7015, 1649, 24992, NULL, NULL, NULL, NULL, NULL, NULL, '1', '', '', '', '', NULL, NULL);

INSERT INTO play(id, game_id, seconds_start, seconds_end, quarter, attack_home_01, score_home, score_guest)VALUES(27972, 24992, 382, 407, 1, '0', 11, 13);
INSERT INTO player_team_game_play(player_id, team_id, game_id, play_id, seconds_start, seconds_end) VALUES(2148, 1655, 24992, 27972, 382, 407);
INSERT INTO player_team_game_play(player_id, team_id, game_id, play_id, seconds_start, seconds_end) VALUES(7049, 1655, 24992, 27972, 382, 407);
INSERT INTO player_team_game_play(player_id, team_id, game_id, play_id, seconds_start, seconds_end) VALUES(6320, 1655, 24992, 27972, 382, 407);
INSERT INTO player_team_game_play(player_id, team_id, game_id, play_id, seconds_start, seconds_end) VALUES(7448, 1655, 24992, 27972, 382, 407);
INSERT INTO player_team_game_play(player_id, team_id, game_id, play_id, seconds_start, seconds_end) VALUES(378, 1655, 24992, 27972, 382, 407);
INSERT INTO player_team_game_play(player_id, team_id, game_id, play_id, seconds_start, seconds_end) VALUES(2103, 1649, 24992, 27972, 382, 407);
INSERT INTO player_team_game_play(player_id, team_id, game_id, play_id, seconds_start, seconds_end) VALUES(7015, 1649, 24992, 27972, 382, 407);
INSERT INTO player_team_game_play(player_id, team_id, game_id, play_id, seconds_start, seconds_end) VALUES(3176, 1649, 24992, 27972, 382, 407);
INSERT INTO player_team_game_play(player_id, team_id, game_id, play_id, seconds_start, seconds_end) VALUES(7404, 1649, 24992, 27972, 382, 407);
INSERT INTO player_team_game_play(player_id, team_id, game_id, play_id, seconds_start, seconds_end) VALUES(7405, 1649, 24992, 27972, 382, 407);
INSERT INTO lba.sub_play (play_id, seconds_da_start, player_made_id, team_made_id, game_made_id, player_suffered_id, team_suffered_id, game_suffered_id, shot_id, turnover_id, foul_id, rebound_defensive_01, rebound_offensive_01, assist_01, blocks_01, time_out_01, x, y)VALUES(27972, 20, 7404, 1649, 24992, NULL, NULL, NULL, 2, NULL, NULL, '', '', '', '', '', 6, 38);
INSERT INTO lba.sub_play (play_id, seconds_da_start, player_made_id, team_made_id, game_made_id, player_suffered_id, team_suffered_id, game_suffered_id, shot_id, turnover_id, foul_id, rebound_defensive_01, rebound_offensive_01, assist_01, blocks_01, time_out_01, x, y)VALUES(27972, 20, 7404, 1649, 24992, NULL, NULL, NULL, NULL, NULL, NULL, '', '1', '', '', '', 6, 38);
INSERT INTO lba.sub_play (play_id, seconds_da_start, player_made_id, team_made_id, game_made_id, player_suffered_id, team_suffered_id, game_suffered_id, shot_id, turnover_id, foul_id, rebound_defensive_01, rebound_offensive_01, assist_01, blocks_01, time_out_01, x, y)VALUES(27972, 25, 7404, 1649, 24992, NULL, NULL, NULL, 4, NULL, NULL, '', '', '', '', '', 24, 13);
INSERT INTO lba.sub_play (play_id, seconds_da_start, player_made_id, team_made_id, game_made_id, player_suffered_id, team_suffered_id, game_suffered_id, shot_id, turnover_id, foul_id, rebound_defensive_01, rebound_offensive_01, assist_01, blocks_01, time_out_01, x, y)VALUES(27972, 25, 7015, 1649, 24992, NULL, NULL, NULL, NULL, NULL, NULL, '', '1', '', '', '', 24, 13);
INSERT INTO lba.sub_play (play_id, seconds_da_start, player_made_id, team_made_id, game_made_id, player_suffered_id, team_suffered_id, game_suffered_id, shot_id, turnover_id, foul_id, rebound_defensive_01, rebound_offensive_01, assist_01, blocks_01, time_out_01, x, y)VALUES(27972, 25, 7015, 1649, 24992, NULL, NULL, NULL, 2, NULL, NULL, '', '', '', '', '', 24, 13);
INSERT INTO lba.sub_play (play_id, seconds_da_start, player_made_id, team_made_id, game_made_id, player_suffered_id, team_suffered_id, game_suffered_id, shot_id, turnover_id, foul_id, rebound_defensive_01, rebound_offensive_01, assist_01, blocks_01, time_out_01, x, y)VALUES(27972, 25, 7448, 1655, 24992, NULL, NULL, NULL, NULL, NULL, NULL, '1', '', '', '', '', 24, 13);

INSERT INTO play(id, game_id, seconds_start, seconds_end, quarter, attack_home_01, score_home, score_guest)VALUES(27973, 24992, 407, 418, 1, '1', 11, 13);
INSERT INTO player_team_game_play(player_id, team_id, game_id, play_id, seconds_start, seconds_end) VALUES(2148, 1655, 24992, 27973, 407, 418);
INSERT INTO player_team_game_play(player_id, team_id, game_id, play_id, seconds_start, seconds_end) VALUES(7049, 1655, 24992, 27973, 407, 418);
INSERT INTO player_team_game_play(player_id, team_id, game_id, play_id, seconds_start, seconds_end) VALUES(6320, 1655, 24992, 27973, 407, 418);
INSERT INTO player_team_game_play(player_id, team_id, game_id, play_id, seconds_start, seconds_end) VALUES(7448, 1655, 24992, 27973, 407, 418);
INSERT INTO player_team_game_play(player_id, team_id, game_id, play_id, seconds_start, seconds_end) VALUES(378, 1655, 24992, 27973, 407, 418);
INSERT INTO player_team_game_play(player_id, team_id, game_id, play_id, seconds_start, seconds_end) VALUES(2103, 1649, 24992, 27973, 407, 418);
INSERT INTO player_team_game_play(player_id, team_id, game_id, play_id, seconds_start, seconds_end) VALUES(7015, 1649, 24992, 27973, 407, 418);
INSERT INTO player_team_game_play(player_id, team_id, game_id, play_id, seconds_start, seconds_end) VALUES(3176, 1649, 24992, 27973, 407, 418);
INSERT INTO player_team_game_play(player_id, team_id, game_id, play_id, seconds_start, seconds_end) VALUES(7404, 1649, 24992, 27973, 407, 418);
INSERT INTO player_team_game_play(player_id, team_id, game_id, play_id, seconds_start, seconds_end) VALUES(7405, 1649, 24992, 27973, 407, 418);
INSERT INTO lba.sub_play (play_id, seconds_da_start, player_made_id, team_made_id, game_made_id, player_suffered_id, team_suffered_id, game_suffered_id, shot_id, turnover_id, foul_id, rebound_defensive_01, rebound_offensive_01, assist_01, blocks_01, time_out_01, x, y)VALUES(27973, 11, 7049, 1655, 24992, NULL, NULL, NULL, 2, NULL, NULL, '', '', '', '', '', 85, 48);
INSERT INTO lba.sub_play (play_id, seconds_da_start, player_made_id, team_made_id, game_made_id, player_suffered_id, team_suffered_id, game_suffered_id, shot_id, turnover_id, foul_id, rebound_defensive_01, rebound_offensive_01, assist_01, blocks_01, time_out_01, x, y)VALUES(27973, 11, 7404, 1649, 24992, NULL, NULL, NULL, NULL, NULL, NULL, '1', '', '', '', '', 85, 48);

INSERT INTO play(id, game_id, seconds_start, seconds_end, quarter, attack_home_01, score_home, score_guest)VALUES(27974, 24992, 418, 424, 1, '0', 11, 15);
INSERT INTO player_team_game_play(player_id, team_id, game_id, play_id, seconds_start, seconds_end) VALUES(2148, 1655, 24992, 27974, 418, 424);
INSERT INTO player_team_game_play(player_id, team_id, game_id, play_id, seconds_start, seconds_end) VALUES(7049, 1655, 24992, 27974, 418, 424);
INSERT INTO player_team_game_play(player_id, team_id, game_id, play_id, seconds_start, seconds_end) VALUES(6320, 1655, 24992, 27974, 418, 424);
INSERT INTO player_team_game_play(player_id, team_id, game_id, play_id, seconds_start, seconds_end) VALUES(7448, 1655, 24992, 27974, 418, 424);
INSERT INTO player_team_game_play(player_id, team_id, game_id, play_id, seconds_start, seconds_end) VALUES(378, 1655, 24992, 27974, 418, 424);
INSERT INTO player_team_game_play(player_id, team_id, game_id, play_id, seconds_start, seconds_end) VALUES(2103, 1649, 24992, 27974, 418, 424);
INSERT INTO player_team_game_play(player_id, team_id, game_id, play_id, seconds_start, seconds_end) VALUES(7015, 1649, 24992, 27974, 418, 424);
INSERT INTO player_team_game_play(player_id, team_id, game_id, play_id, seconds_start, seconds_end) VALUES(3176, 1649, 24992, 27974, 418, 424);
INSERT INTO player_team_game_play(player_id, team_id, game_id, play_id, seconds_start, seconds_end) VALUES(7404, 1649, 24992, 27974, 418, 424);
INSERT INTO player_team_game_play(player_id, team_id, game_id, play_id, seconds_start, seconds_end) VALUES(7405, 1649, 24992, 27974, 418, 424);
INSERT INTO lba.sub_play (play_id, seconds_da_start, player_made_id, team_made_id, game_made_id, player_suffered_id, team_suffered_id, game_suffered_id, shot_id, turnover_id, foul_id, rebound_defensive_01, rebound_offensive_01, assist_01, blocks_01, time_out_01, x, y)VALUES(27974, 6, 7405, 1649, 24992, NULL, NULL, NULL, 1, NULL, NULL, '', '', '', '', '', 5, 55);
INSERT INTO lba.sub_play (play_id, seconds_da_start, player_made_id, team_made_id, game_made_id, player_suffered_id, team_suffered_id, game_suffered_id, shot_id, turnover_id, foul_id, rebound_defensive_01, rebound_offensive_01, assist_01, blocks_01, time_out_01, x, y)VALUES(27974, 6, 7404, 1649, 24992, NULL, NULL, NULL, NULL, NULL, NULL, '', '', '1', '', '', 5, 55);

INSERT INTO play(id, game_id, seconds_start, seconds_end, quarter, attack_home_01, score_home, score_guest)VALUES(27975, 24992, 424, 429, 1, '1', 13, 15);
INSERT INTO player_team_game_play(player_id, team_id, game_id, play_id, seconds_start, seconds_end) VALUES(2148, 1655, 24992, 27975, 424, 429);
INSERT INTO player_team_game_play(player_id, team_id, game_id, play_id, seconds_start, seconds_end) VALUES(7049, 1655, 24992, 27975, 424, 429);
INSERT INTO player_team_game_play(player_id, team_id, game_id, play_id, seconds_start, seconds_end) VALUES(6320, 1655, 24992, 27975, 424, 429);
INSERT INTO player_team_game_play(player_id, team_id, game_id, play_id, seconds_start, seconds_end) VALUES(7448, 1655, 24992, 27975, 424, 429);
INSERT INTO player_team_game_play(player_id, team_id, game_id, play_id, seconds_start, seconds_end) VALUES(378, 1655, 24992, 27975, 424, 429);
INSERT INTO player_team_game_play(player_id, team_id, game_id, play_id, seconds_start, seconds_end) VALUES(2103, 1649, 24992, 27975, 424, 429);
INSERT INTO player_team_game_play(player_id, team_id, game_id, play_id, seconds_start, seconds_end) VALUES(7015, 1649, 24992, 27975, 424, 429);
INSERT INTO player_team_game_play(player_id, team_id, game_id, play_id, seconds_start, seconds_end) VALUES(3176, 1649, 24992, 27975, 424, 429);
INSERT INTO player_team_game_play(player_id, team_id, game_id, play_id, seconds_start, seconds_end) VALUES(7404, 1649, 24992, 27975, 424, 429);
INSERT INTO player_team_game_play(player_id, team_id, game_id, play_id, seconds_start, seconds_end) VALUES(7405, 1649, 24992, 27975, 424, 429);
UPDATE player_team_game_play SET seconds_end = 429 WHERE player_id = 7049 AND game_id = 24992 AND play_id = 27975;
INSERT INTO player_team_game_play(player_id, team_id, game_id, play_id, seconds_start, seconds_end) VALUES(7447, 1655, 24992, 27975, 429, 429);
UPDATE player_team_game_play SET seconds_end = 429 WHERE player_id = 3176 AND game_id = 24992 AND play_id = 27975;
INSERT INTO player_team_game_play(player_id, team_id, game_id, play_id, seconds_start, seconds_end) VALUES(4692, 1649, 24992, 27975, 429, 429);
INSERT INTO lba.sub_play (play_id, seconds_da_start, player_made_id, team_made_id, game_made_id, player_suffered_id, team_suffered_id, game_suffered_id, shot_id, turnover_id, foul_id, rebound_defensive_01, rebound_offensive_01, assist_01, blocks_01, time_out_01, x, y)VALUES(27975, 5, 3176, 1649, 24992, 7049, 1655, 24992, NULL, NULL, 1, '', '', '', '', '', 54, 51);
INSERT INTO lba.sub_play (play_id, seconds_da_start, player_made_id, team_made_id, game_made_id, player_suffered_id, team_suffered_id, game_suffered_id, shot_id, turnover_id, foul_id, rebound_defensive_01, rebound_offensive_01, assist_01, blocks_01, time_out_01, x, y)VALUES(27975, 5, 7049, 1655, 24992, NULL, NULL, NULL, 5, NULL, NULL, '', '', '', '', '', NULL, NULL);
INSERT INTO lba.sub_play (play_id, seconds_da_start, player_made_id, team_made_id, game_made_id, player_suffered_id, team_suffered_id, game_suffered_id, shot_id, turnover_id, foul_id, rebound_defensive_01, rebound_offensive_01, assist_01, blocks_01, time_out_01, x, y)VALUES(27975, 5, 7049, 1655, 24992, NULL, NULL, NULL, 5, NULL, NULL, '', '', '', '', '', NULL, NULL);

INSERT INTO play(id, game_id, seconds_start, seconds_end, quarter, attack_home_01, score_home, score_guest)VALUES(27976, 24992, 429, 450, 1, '0', 13, 15);
INSERT INTO player_team_game_play(player_id, team_id, game_id, play_id, seconds_start, seconds_end) VALUES(2148, 1655, 24992, 27976, 429, 450);
INSERT INTO player_team_game_play(player_id, team_id, game_id, play_id, seconds_start, seconds_end) VALUES(7049, 1655, 24992, 27976, 429, 450);
INSERT INTO player_team_game_play(player_id, team_id, game_id, play_id, seconds_start, seconds_end) VALUES(6320, 1655, 24992, 27976, 429, 450);
INSERT INTO player_team_game_play(player_id, team_id, game_id, play_id, seconds_start, seconds_end) VALUES(7448, 1655, 24992, 27976, 429, 450);
INSERT INTO player_team_game_play(player_id, team_id, game_id, play_id, seconds_start, seconds_end) VALUES(378, 1655, 24992, 27976, 429, 450);
INSERT INTO player_team_game_play(player_id, team_id, game_id, play_id, seconds_start, seconds_end) VALUES(2103, 1649, 24992, 27976, 429, 450);
INSERT INTO player_team_game_play(player_id, team_id, game_id, play_id, seconds_start, seconds_end) VALUES(7015, 1649, 24992, 27976, 429, 450);
INSERT INTO player_team_game_play(player_id, team_id, game_id, play_id, seconds_start, seconds_end) VALUES(3176, 1649, 24992, 27976, 429, 450);
INSERT INTO player_team_game_play(player_id, team_id, game_id, play_id, seconds_start, seconds_end) VALUES(7404, 1649, 24992, 27976, 429, 450);
INSERT INTO player_team_game_play(player_id, team_id, game_id, play_id, seconds_start, seconds_end) VALUES(7405, 1649, 24992, 27976, 429, 450);
UPDATE player_team_game_play SET seconds_end = 429 WHERE player_id = 7049 AND game_id = 24992 AND play_id = 27976;
INSERT INTO player_team_game_play(player_id, team_id, game_id, play_id, seconds_start, seconds_end) VALUES(7447, 1655, 24992, 27976, 429, 450);
UPDATE player_team_game_play SET seconds_end = 429 WHERE player_id = 3176 AND game_id = 24992 AND play_id = 27976;
INSERT INTO player_team_game_play(player_id, team_id, game_id, play_id, seconds_start, seconds_end) VALUES(4692, 1649, 24992, 27976, 429, 450);
INSERT INTO lba.sub_play (play_id, seconds_da_start, player_made_id, team_made_id, game_made_id, player_suffered_id, team_suffered_id, game_suffered_id, shot_id, turnover_id, foul_id, rebound_defensive_01, rebound_offensive_01, assist_01, blocks_01, time_out_01, x, y)VALUES(27976, 21, 4692, 1649, 24992, NULL, NULL, NULL, 4, NULL, NULL, '', '', '', '', '', 4, 97);

INSERT INTO play(id, game_id, seconds_start, seconds_end, quarter, attack_home_01, score_home, score_guest)VALUES(27977, 24992, 450, 468, 1, '1', 13, 15);
INSERT INTO player_team_game_play(player_id, team_id, game_id, play_id, seconds_start, seconds_end) VALUES(6320, 1655, 24992, 27977, 450, 468);
INSERT INTO player_team_game_play(player_id, team_id, game_id, play_id, seconds_start, seconds_end) VALUES(2148, 1655, 24992, 27977, 450, 468);
INSERT INTO player_team_game_play(player_id, team_id, game_id, play_id, seconds_start, seconds_end) VALUES(7447, 1655, 24992, 27977, 450, 468);
INSERT INTO player_team_game_play(player_id, team_id, game_id, play_id, seconds_start, seconds_end) VALUES(7448, 1655, 24992, 27977, 450, 468);
INSERT INTO player_team_game_play(player_id, team_id, game_id, play_id, seconds_start, seconds_end) VALUES(378, 1655, 24992, 27977, 450, 468);
INSERT INTO player_team_game_play(player_id, team_id, game_id, play_id, seconds_start, seconds_end) VALUES(4692, 1649, 24992, 27977, 450, 468);
INSERT INTO player_team_game_play(player_id, team_id, game_id, play_id, seconds_start, seconds_end) VALUES(2103, 1649, 24992, 27977, 450, 468);
INSERT INTO player_team_game_play(player_id, team_id, game_id, play_id, seconds_start, seconds_end) VALUES(7015, 1649, 24992, 27977, 450, 468);
INSERT INTO player_team_game_play(player_id, team_id, game_id, play_id, seconds_start, seconds_end) VALUES(7404, 1649, 24992, 27977, 450, 468);
INSERT INTO player_team_game_play(player_id, team_id, game_id, play_id, seconds_start, seconds_end) VALUES(7405, 1649, 24992, 27977, 450, 468);
INSERT INTO lba.sub_play (play_id, seconds_da_start, player_made_id, team_made_id, game_made_id, player_suffered_id, team_suffered_id, game_suffered_id, shot_id, turnover_id, foul_id, rebound_defensive_01, rebound_offensive_01, assist_01, blocks_01, time_out_01, x, y)VALUES(27977, 18, 378, 1655, 24992, NULL, NULL, NULL, NULL, 7, NULL, '', '', '', '', '', 92, 47);

INSERT INTO play(id, game_id, seconds_start, seconds_end, quarter, attack_home_01, score_home, score_guest)VALUES(27978, 24992, 468, 485, 1, '0', 13, 15);
INSERT INTO player_team_game_play(player_id, team_id, game_id, play_id, seconds_start, seconds_end) VALUES(6320, 1655, 24992, 27978, 468, 485);
INSERT INTO player_team_game_play(player_id, team_id, game_id, play_id, seconds_start, seconds_end) VALUES(2148, 1655, 24992, 27978, 468, 485);
INSERT INTO player_team_game_play(player_id, team_id, game_id, play_id, seconds_start, seconds_end) VALUES(7447, 1655, 24992, 27978, 468, 485);
INSERT INTO player_team_game_play(player_id, team_id, game_id, play_id, seconds_start, seconds_end) VALUES(7448, 1655, 24992, 27978, 468, 485);
INSERT INTO player_team_game_play(player_id, team_id, game_id, play_id, seconds_start, seconds_end) VALUES(378, 1655, 24992, 27978, 468, 485);
INSERT INTO player_team_game_play(player_id, team_id, game_id, play_id, seconds_start, seconds_end) VALUES(4692, 1649, 24992, 27978, 468, 485);
INSERT INTO player_team_game_play(player_id, team_id, game_id, play_id, seconds_start, seconds_end) VALUES(2103, 1649, 24992, 27978, 468, 485);
INSERT INTO player_team_game_play(player_id, team_id, game_id, play_id, seconds_start, seconds_end) VALUES(7015, 1649, 24992, 27978, 468, 485);
INSERT INTO player_team_game_play(player_id, team_id, game_id, play_id, seconds_start, seconds_end) VALUES(7404, 1649, 24992, 27978, 468, 485);
INSERT INTO player_team_game_play(player_id, team_id, game_id, play_id, seconds_start, seconds_end) VALUES(7405, 1649, 24992, 27978, 468, 485);
INSERT INTO lba.sub_play (play_id, seconds_da_start, player_made_id, team_made_id, game_made_id, player_suffered_id, team_suffered_id, game_suffered_id, shot_id, turnover_id, foul_id, rebound_defensive_01, rebound_offensive_01, assist_01, blocks_01, time_out_01, x, y)VALUES(27978, 17, 7405, 1649, 24992, NULL, NULL, NULL, 2, NULL, NULL, '', '', '', '', '', 8, 29);
INSERT INTO lba.sub_play (play_id, seconds_da_start, player_made_id, team_made_id, game_made_id, player_suffered_id, team_suffered_id, game_suffered_id, shot_id, turnover_id, foul_id, rebound_defensive_01, rebound_offensive_01, assist_01, blocks_01, time_out_01, x, y)VALUES(27978, 17, 2148, 1655, 24992, NULL, NULL, NULL, NULL, NULL, NULL, '1', '', '', '', '', 8, 29);

INSERT INTO play(id, game_id, seconds_start, seconds_end, quarter, attack_home_01, score_home, score_guest)VALUES(27979, 24992, 485, 492, 1, '1', 15, 15);
INSERT INTO player_team_game_play(player_id, team_id, game_id, play_id, seconds_start, seconds_end) VALUES(6320, 1655, 24992, 27979, 485, 492);
INSERT INTO player_team_game_play(player_id, team_id, game_id, play_id, seconds_start, seconds_end) VALUES(2148, 1655, 24992, 27979, 485, 492);
INSERT INTO player_team_game_play(player_id, team_id, game_id, play_id, seconds_start, seconds_end) VALUES(7447, 1655, 24992, 27979, 485, 492);
INSERT INTO player_team_game_play(player_id, team_id, game_id, play_id, seconds_start, seconds_end) VALUES(7448, 1655, 24992, 27979, 485, 492);
INSERT INTO player_team_game_play(player_id, team_id, game_id, play_id, seconds_start, seconds_end) VALUES(378, 1655, 24992, 27979, 485, 492);
INSERT INTO player_team_game_play(player_id, team_id, game_id, play_id, seconds_start, seconds_end) VALUES(4692, 1649, 24992, 27979, 485, 492);
INSERT INTO player_team_game_play(player_id, team_id, game_id, play_id, seconds_start, seconds_end) VALUES(2103, 1649, 24992, 27979, 485, 492);
INSERT INTO player_team_game_play(player_id, team_id, game_id, play_id, seconds_start, seconds_end) VALUES(7015, 1649, 24992, 27979, 485, 492);
INSERT INTO player_team_game_play(player_id, team_id, game_id, play_id, seconds_start, seconds_end) VALUES(7404, 1649, 24992, 27979, 485, 492);
INSERT INTO player_team_game_play(player_id, team_id, game_id, play_id, seconds_start, seconds_end) VALUES(7405, 1649, 24992, 27979, 485, 492);
UPDATE player_team_game_play SET seconds_end = 492 WHERE player_id = 6320 AND game_id = 24992 AND play_id = 27979;
INSERT INTO player_team_game_play(player_id, team_id, game_id, play_id, seconds_start, seconds_end) VALUES(7450, 1655, 24992, 27979, 492, 492);
INSERT INTO lba.sub_play (play_id, seconds_da_start, player_made_id, team_made_id, game_made_id, player_suffered_id, team_suffered_id, game_suffered_id, shot_id, turnover_id, foul_id, rebound_defensive_01, rebound_offensive_01, assist_01, blocks_01, time_out_01, x, y)VALUES(27979, 7, 4692, 1649, 24992, 7450, 1655, 24992, NULL, NULL, 1, '', '', '', '', '', 69, 82);
INSERT INTO lba.sub_play (play_id, seconds_da_start, player_made_id, team_made_id, game_made_id, player_suffered_id, team_suffered_id, game_suffered_id, shot_id, turnover_id, foul_id, rebound_defensive_01, rebound_offensive_01, assist_01, blocks_01, time_out_01, x, y)VALUES(27979, 7, 7450, 1655, 24992, NULL, NULL, NULL, 5, NULL, NULL, '', '', '', '', '', NULL, NULL);
INSERT INTO lba.sub_play (play_id, seconds_da_start, player_made_id, team_made_id, game_made_id, player_suffered_id, team_suffered_id, game_suffered_id, shot_id, turnover_id, foul_id, rebound_defensive_01, rebound_offensive_01, assist_01, blocks_01, time_out_01, x, y)VALUES(27979, 7, 7450, 1655, 24992, NULL, NULL, NULL, 5, NULL, NULL, '', '', '', '', '', NULL, NULL);

INSERT INTO play(id, game_id, seconds_start, seconds_end, quarter, attack_home_01, score_home, score_guest)VALUES(27980, 24992, 492, 509, 1, '0', 15, 18);
INSERT INTO player_team_game_play(player_id, team_id, game_id, play_id, seconds_start, seconds_end) VALUES(6320, 1655, 24992, 27980, 492, 509);
INSERT INTO player_team_game_play(player_id, team_id, game_id, play_id, seconds_start, seconds_end) VALUES(2148, 1655, 24992, 27980, 492, 509);
INSERT INTO player_team_game_play(player_id, team_id, game_id, play_id, seconds_start, seconds_end) VALUES(7447, 1655, 24992, 27980, 492, 509);
INSERT INTO player_team_game_play(player_id, team_id, game_id, play_id, seconds_start, seconds_end) VALUES(7448, 1655, 24992, 27980, 492, 509);
INSERT INTO player_team_game_play(player_id, team_id, game_id, play_id, seconds_start, seconds_end) VALUES(378, 1655, 24992, 27980, 492, 509);
INSERT INTO player_team_game_play(player_id, team_id, game_id, play_id, seconds_start, seconds_end) VALUES(4692, 1649, 24992, 27980, 492, 509);
INSERT INTO player_team_game_play(player_id, team_id, game_id, play_id, seconds_start, seconds_end) VALUES(2103, 1649, 24992, 27980, 492, 509);
INSERT INTO player_team_game_play(player_id, team_id, game_id, play_id, seconds_start, seconds_end) VALUES(7015, 1649, 24992, 27980, 492, 509);
INSERT INTO player_team_game_play(player_id, team_id, game_id, play_id, seconds_start, seconds_end) VALUES(7404, 1649, 24992, 27980, 492, 509);
INSERT INTO player_team_game_play(player_id, team_id, game_id, play_id, seconds_start, seconds_end) VALUES(7405, 1649, 24992, 27980, 492, 509);
UPDATE player_team_game_play SET seconds_end = 492 WHERE player_id = 6320 AND game_id = 24992 AND play_id = 27980;
INSERT INTO player_team_game_play(player_id, team_id, game_id, play_id, seconds_start, seconds_end) VALUES(7450, 1655, 24992, 27980, 492, 509);
INSERT INTO lba.sub_play (play_id, seconds_da_start, player_made_id, team_made_id, game_made_id, player_suffered_id, team_suffered_id, game_suffered_id, shot_id, turnover_id, foul_id, rebound_defensive_01, rebound_offensive_01, assist_01, blocks_01, time_out_01, x, y)VALUES(27980, 10, 7448, 1655, 24992, 7015, 1649, 24992, NULL, NULL, 1, '', '', '', '', '', 14, 43);
INSERT INTO lba.sub_play (play_id, seconds_da_start, player_made_id, team_made_id, game_made_id, player_suffered_id, team_suffered_id, game_suffered_id, shot_id, turnover_id, foul_id, rebound_defensive_01, rebound_offensive_01, assist_01, blocks_01, time_out_01, x, y)VALUES(27980, 17, 4692, 1649, 24992, NULL, NULL, NULL, 3, NULL, NULL, '', '', '', '', '', 31, 38);
INSERT INTO lba.sub_play (play_id, seconds_da_start, player_made_id, team_made_id, game_made_id, player_suffered_id, team_suffered_id, game_suffered_id, shot_id, turnover_id, foul_id, rebound_defensive_01, rebound_offensive_01, assist_01, blocks_01, time_out_01, x, y)VALUES(27980, 17, 2103, 1649, 24992, NULL, NULL, NULL, NULL, NULL, NULL, '', '', '1', '', '', 31, 38);

INSERT INTO play(id, game_id, seconds_start, seconds_end, quarter, attack_home_01, score_home, score_guest)VALUES(27981, 24992, 509, 521, 1, '1', 17, 18);
INSERT INTO player_team_game_play(player_id, team_id, game_id, play_id, seconds_start, seconds_end) VALUES(2148, 1655, 24992, 27981, 509, 521);
INSERT INTO player_team_game_play(player_id, team_id, game_id, play_id, seconds_start, seconds_end) VALUES(7447, 1655, 24992, 27981, 509, 521);
INSERT INTO player_team_game_play(player_id, team_id, game_id, play_id, seconds_start, seconds_end) VALUES(7448, 1655, 24992, 27981, 509, 521);
INSERT INTO player_team_game_play(player_id, team_id, game_id, play_id, seconds_start, seconds_end) VALUES(7450, 1655, 24992, 27981, 509, 521);
INSERT INTO player_team_game_play(player_id, team_id, game_id, play_id, seconds_start, seconds_end) VALUES(378, 1655, 24992, 27981, 509, 521);
INSERT INTO player_team_game_play(player_id, team_id, game_id, play_id, seconds_start, seconds_end) VALUES(4692, 1649, 24992, 27981, 509, 521);
INSERT INTO player_team_game_play(player_id, team_id, game_id, play_id, seconds_start, seconds_end) VALUES(2103, 1649, 24992, 27981, 509, 521);
INSERT INTO player_team_game_play(player_id, team_id, game_id, play_id, seconds_start, seconds_end) VALUES(7015, 1649, 24992, 27981, 509, 521);
INSERT INTO player_team_game_play(player_id, team_id, game_id, play_id, seconds_start, seconds_end) VALUES(7404, 1649, 24992, 27981, 509, 521);
INSERT INTO player_team_game_play(player_id, team_id, game_id, play_id, seconds_start, seconds_end) VALUES(7405, 1649, 24992, 27981, 509, 521);
UPDATE player_team_game_play SET seconds_end = 521 WHERE player_id = 7448 AND game_id = 24992 AND play_id = 27981;
UPDATE player_team_game_play SET seconds_end = 521 WHERE player_id = 2148 AND game_id = 24992 AND play_id = 27981;
INSERT INTO player_team_game_play(player_id, team_id, game_id, play_id, seconds_start, seconds_end) VALUES(6320, 1655, 24992, 27981, 521, 521);
INSERT INTO player_team_game_play(player_id, team_id, game_id, play_id, seconds_start, seconds_end) VALUES(7049, 1655, 24992, 27981, 521, 521);
UPDATE player_team_game_play SET seconds_end = 521 WHERE player_id = 7405 AND game_id = 24992 AND play_id = 27981;
INSERT INTO player_team_game_play(player_id, team_id, game_id, play_id, seconds_start, seconds_end) VALUES(5568, 1649, 24992, 27981, 521, 521);
INSERT INTO lba.sub_play (play_id, seconds_da_start, player_made_id, team_made_id, game_made_id, player_suffered_id, team_suffered_id, game_suffered_id, shot_id, turnover_id, foul_id, rebound_defensive_01, rebound_offensive_01, assist_01, blocks_01, time_out_01, x, y)VALUES(27981, 12, 7405, 1649, 24992, 7450, 1655, 24992, NULL, NULL, 1, '', '', '', '', '', 70, 23);
INSERT INTO lba.sub_play (play_id, seconds_da_start, player_made_id, team_made_id, game_made_id, player_suffered_id, team_suffered_id, game_suffered_id, shot_id, turnover_id, foul_id, rebound_defensive_01, rebound_offensive_01, assist_01, blocks_01, time_out_01, x, y)VALUES(27981, 12, 7450, 1655, 24992, NULL, NULL, NULL, 5, NULL, NULL, '', '', '', '', '', NULL, NULL);
INSERT INTO lba.sub_play (play_id, seconds_da_start, player_made_id, team_made_id, game_made_id, player_suffered_id, team_suffered_id, game_suffered_id, shot_id, turnover_id, foul_id, rebound_defensive_01, rebound_offensive_01, assist_01, blocks_01, time_out_01, x, y)VALUES(27981, 12, 7450, 1655, 24992, NULL, NULL, NULL, 5, NULL, NULL, '', '', '', '', '', NULL, NULL);

INSERT INTO play(id, game_id, seconds_start, seconds_end, quarter, attack_home_01, score_home, score_guest)VALUES(27982, 24992, 521, 539, 1, '0', 17, 18);
INSERT INTO player_team_game_play(player_id, team_id, game_id, play_id, seconds_start, seconds_end) VALUES(2148, 1655, 24992, 27982, 521, 539);
INSERT INTO player_team_game_play(player_id, team_id, game_id, play_id, seconds_start, seconds_end) VALUES(7447, 1655, 24992, 27982, 521, 539);
INSERT INTO player_team_game_play(player_id, team_id, game_id, play_id, seconds_start, seconds_end) VALUES(7448, 1655, 24992, 27982, 521, 539);
INSERT INTO player_team_game_play(player_id, team_id, game_id, play_id, seconds_start, seconds_end) VALUES(7450, 1655, 24992, 27982, 521, 539);
INSERT INTO player_team_game_play(player_id, team_id, game_id, play_id, seconds_start, seconds_end) VALUES(378, 1655, 24992, 27982, 521, 539);
INSERT INTO player_team_game_play(player_id, team_id, game_id, play_id, seconds_start, seconds_end) VALUES(4692, 1649, 24992, 27982, 521, 539);
INSERT INTO player_team_game_play(player_id, team_id, game_id, play_id, seconds_start, seconds_end) VALUES(2103, 1649, 24992, 27982, 521, 539);
INSERT INTO player_team_game_play(player_id, team_id, game_id, play_id, seconds_start, seconds_end) VALUES(7015, 1649, 24992, 27982, 521, 539);
INSERT INTO player_team_game_play(player_id, team_id, game_id, play_id, seconds_start, seconds_end) VALUES(7404, 1649, 24992, 27982, 521, 539);
INSERT INTO player_team_game_play(player_id, team_id, game_id, play_id, seconds_start, seconds_end) VALUES(7405, 1649, 24992, 27982, 521, 539);
UPDATE player_team_game_play SET seconds_end = 521 WHERE player_id = 7448 AND game_id = 24992 AND play_id = 27982;
UPDATE player_team_game_play SET seconds_end = 521 WHERE player_id = 2148 AND game_id = 24992 AND play_id = 27982;
INSERT INTO player_team_game_play(player_id, team_id, game_id, play_id, seconds_start, seconds_end) VALUES(6320, 1655, 24992, 27982, 521, 539);
INSERT INTO player_team_game_play(player_id, team_id, game_id, play_id, seconds_start, seconds_end) VALUES(7049, 1655, 24992, 27982, 521, 539);
UPDATE player_team_game_play SET seconds_end = 521 WHERE player_id = 7405 AND game_id = 24992 AND play_id = 27982;
INSERT INTO player_team_game_play(player_id, team_id, game_id, play_id, seconds_start, seconds_end) VALUES(5568, 1649, 24992, 27982, 521, 539);
INSERT INTO lba.sub_play (play_id, seconds_da_start, player_made_id, team_made_id, game_made_id, player_suffered_id, team_suffered_id, game_suffered_id, shot_id, turnover_id, foul_id, rebound_defensive_01, rebound_offensive_01, assist_01, blocks_01, time_out_01, x, y)VALUES(27982, 18, 7015, 1649, 24992, NULL, NULL, NULL, 4, NULL, NULL, '', '', '', '', '', 23, 92);
INSERT INTO lba.sub_play (play_id, seconds_da_start, player_made_id, team_made_id, game_made_id, player_suffered_id, team_suffered_id, game_suffered_id, shot_id, turnover_id, foul_id, rebound_defensive_01, rebound_offensive_01, assist_01, blocks_01, time_out_01, x, y)VALUES(27982, 18, 7447, 1655, 24992, NULL, NULL, NULL, NULL, NULL, NULL, '1', '', '', '', '', 23, 92);

INSERT INTO play(id, game_id, seconds_start, seconds_end, quarter, attack_home_01, score_home, score_guest)VALUES(27983, 24992, 539, 551, 1, '1', 20, 18);
INSERT INTO player_team_game_play(player_id, team_id, game_id, play_id, seconds_start, seconds_end) VALUES(6320, 1655, 24992, 27983, 539, 551);
INSERT INTO player_team_game_play(player_id, team_id, game_id, play_id, seconds_start, seconds_end) VALUES(7447, 1655, 24992, 27983, 539, 551);
INSERT INTO player_team_game_play(player_id, team_id, game_id, play_id, seconds_start, seconds_end) VALUES(7049, 1655, 24992, 27983, 539, 551);
INSERT INTO player_team_game_play(player_id, team_id, game_id, play_id, seconds_start, seconds_end) VALUES(7450, 1655, 24992, 27983, 539, 551);
INSERT INTO player_team_game_play(player_id, team_id, game_id, play_id, seconds_start, seconds_end) VALUES(378, 1655, 24992, 27983, 539, 551);
INSERT INTO player_team_game_play(player_id, team_id, game_id, play_id, seconds_start, seconds_end) VALUES(5568, 1649, 24992, 27983, 539, 551);
INSERT INTO player_team_game_play(player_id, team_id, game_id, play_id, seconds_start, seconds_end) VALUES(4692, 1649, 24992, 27983, 539, 551);
INSERT INTO player_team_game_play(player_id, team_id, game_id, play_id, seconds_start, seconds_end) VALUES(2103, 1649, 24992, 27983, 539, 551);
INSERT INTO player_team_game_play(player_id, team_id, game_id, play_id, seconds_start, seconds_end) VALUES(7015, 1649, 24992, 27983, 539, 551);
INSERT INTO player_team_game_play(player_id, team_id, game_id, play_id, seconds_start, seconds_end) VALUES(7404, 1649, 24992, 27983, 539, 551);
INSERT INTO lba.sub_play (play_id, seconds_da_start, player_made_id, team_made_id, game_made_id, player_suffered_id, team_suffered_id, game_suffered_id, shot_id, turnover_id, foul_id, rebound_defensive_01, rebound_offensive_01, assist_01, blocks_01, time_out_01, x, y)VALUES(27983, 12, 7447, 1655, 24992, NULL, NULL, NULL, 3, NULL, NULL, '', '', '', '', '', 75, 83);

INSERT INTO play(id, game_id, seconds_start, seconds_end, quarter, attack_home_01, score_home, score_guest)VALUES(27984, 24992, 551, 568, 1, '0', 20, 18);
INSERT INTO player_team_game_play(player_id, team_id, game_id, play_id, seconds_start, seconds_end) VALUES(6320, 1655, 24992, 27984, 551, 568);
INSERT INTO player_team_game_play(player_id, team_id, game_id, play_id, seconds_start, seconds_end) VALUES(7447, 1655, 24992, 27984, 551, 568);
INSERT INTO player_team_game_play(player_id, team_id, game_id, play_id, seconds_start, seconds_end) VALUES(7049, 1655, 24992, 27984, 551, 568);
INSERT INTO player_team_game_play(player_id, team_id, game_id, play_id, seconds_start, seconds_end) VALUES(7450, 1655, 24992, 27984, 551, 568);
INSERT INTO player_team_game_play(player_id, team_id, game_id, play_id, seconds_start, seconds_end) VALUES(378, 1655, 24992, 27984, 551, 568);
INSERT INTO player_team_game_play(player_id, team_id, game_id, play_id, seconds_start, seconds_end) VALUES(5568, 1649, 24992, 27984, 551, 568);
INSERT INTO player_team_game_play(player_id, team_id, game_id, play_id, seconds_start, seconds_end) VALUES(4692, 1649, 24992, 27984, 551, 568);
INSERT INTO player_team_game_play(player_id, team_id, game_id, play_id, seconds_start, seconds_end) VALUES(2103, 1649, 24992, 27984, 551, 568);
INSERT INTO player_team_game_play(player_id, team_id, game_id, play_id, seconds_start, seconds_end) VALUES(7015, 1649, 24992, 27984, 551, 568);
INSERT INTO player_team_game_play(player_id, team_id, game_id, play_id, seconds_start, seconds_end) VALUES(7404, 1649, 24992, 27984, 551, 568);
INSERT INTO lba.sub_play (play_id, seconds_da_start, player_made_id, team_made_id, game_made_id, player_suffered_id, team_suffered_id, game_suffered_id, shot_id, turnover_id, foul_id, rebound_defensive_01, rebound_offensive_01, assist_01, blocks_01, time_out_01, x, y)VALUES(27984, 17, 7015, 1649, 24992, NULL, NULL, NULL, 2, NULL, NULL, '', '', '', '', '', 7, 44);
INSERT INTO lba.sub_play (play_id, seconds_da_start, player_made_id, team_made_id, game_made_id, player_suffered_id, team_suffered_id, game_suffered_id, shot_id, turnover_id, foul_id, rebound_defensive_01, rebound_offensive_01, assist_01, blocks_01, time_out_01, x, y)VALUES(27984, 17, 7049, 1655, 24992, NULL, NULL, NULL, NULL, NULL, NULL, '1', '', '', '', '', 7, 44);

INSERT INTO play(id, game_id, seconds_start, seconds_end, quarter, attack_home_01, score_home, score_guest)VALUES(27985, 24992, 568, 573, 1, '1', 23, 18);
INSERT INTO player_team_game_play(player_id, team_id, game_id, play_id, seconds_start, seconds_end) VALUES(6320, 1655, 24992, 27985, 568, 573);
INSERT INTO player_team_game_play(player_id, team_id, game_id, play_id, seconds_start, seconds_end) VALUES(7447, 1655, 24992, 27985, 568, 573);
INSERT INTO player_team_game_play(player_id, team_id, game_id, play_id, seconds_start, seconds_end) VALUES(7049, 1655, 24992, 27985, 568, 573);
INSERT INTO player_team_game_play(player_id, team_id, game_id, play_id, seconds_start, seconds_end) VALUES(7450, 1655, 24992, 27985, 568, 573);
INSERT INTO player_team_game_play(player_id, team_id, game_id, play_id, seconds_start, seconds_end) VALUES(378, 1655, 24992, 27985, 568, 573);
INSERT INTO player_team_game_play(player_id, team_id, game_id, play_id, seconds_start, seconds_end) VALUES(5568, 1649, 24992, 27985, 568, 573);
INSERT INTO player_team_game_play(player_id, team_id, game_id, play_id, seconds_start, seconds_end) VALUES(4692, 1649, 24992, 27985, 568, 573);
INSERT INTO player_team_game_play(player_id, team_id, game_id, play_id, seconds_start, seconds_end) VALUES(2103, 1649, 24992, 27985, 568, 573);
INSERT INTO player_team_game_play(player_id, team_id, game_id, play_id, seconds_start, seconds_end) VALUES(7015, 1649, 24992, 27985, 568, 573);
INSERT INTO player_team_game_play(player_id, team_id, game_id, play_id, seconds_start, seconds_end) VALUES(7404, 1649, 24992, 27985, 568, 573);
INSERT INTO lba.sub_play (play_id, seconds_da_start, player_made_id, team_made_id, game_made_id, player_suffered_id, team_suffered_id, game_suffered_id, shot_id, turnover_id, foul_id, rebound_defensive_01, rebound_offensive_01, assist_01, blocks_01, time_out_01, x, y)VALUES(27985, 5, 7450, 1655, 24992, NULL, NULL, NULL, 3, NULL, NULL, '', '', '', '', '', 73, 82);
INSERT INTO lba.sub_play (play_id, seconds_da_start, player_made_id, team_made_id, game_made_id, player_suffered_id, team_suffered_id, game_suffered_id, shot_id, turnover_id, foul_id, rebound_defensive_01, rebound_offensive_01, assist_01, blocks_01, time_out_01, x, y)VALUES(27985, 5, 7049, 1655, 24992, NULL, NULL, NULL, NULL, NULL, NULL, '', '', '1', '', '', 73, 82);

INSERT INTO play(id, game_id, seconds_start, seconds_end, quarter, attack_home_01, score_home, score_guest)VALUES(27986, 24992, 573, 592, 1, '0', 23, 20);
INSERT INTO player_team_game_play(player_id, team_id, game_id, play_id, seconds_start, seconds_end) VALUES(6320, 1655, 24992, 27986, 573, 592);
INSERT INTO player_team_game_play(player_id, team_id, game_id, play_id, seconds_start, seconds_end) VALUES(7447, 1655, 24992, 27986, 573, 592);
INSERT INTO player_team_game_play(player_id, team_id, game_id, play_id, seconds_start, seconds_end) VALUES(7049, 1655, 24992, 27986, 573, 592);
INSERT INTO player_team_game_play(player_id, team_id, game_id, play_id, seconds_start, seconds_end) VALUES(7450, 1655, 24992, 27986, 573, 592);
INSERT INTO player_team_game_play(player_id, team_id, game_id, play_id, seconds_start, seconds_end) VALUES(378, 1655, 24992, 27986, 573, 592);
INSERT INTO player_team_game_play(player_id, team_id, game_id, play_id, seconds_start, seconds_end) VALUES(5568, 1649, 24992, 27986, 573, 592);
INSERT INTO player_team_game_play(player_id, team_id, game_id, play_id, seconds_start, seconds_end) VALUES(4692, 1649, 24992, 27986, 573, 592);
INSERT INTO player_team_game_play(player_id, team_id, game_id, play_id, seconds_start, seconds_end) VALUES(2103, 1649, 24992, 27986, 573, 592);
INSERT INTO player_team_game_play(player_id, team_id, game_id, play_id, seconds_start, seconds_end) VALUES(7015, 1649, 24992, 27986, 573, 592);
INSERT INTO player_team_game_play(player_id, team_id, game_id, play_id, seconds_start, seconds_end) VALUES(7404, 1649, 24992, 27986, 573, 592);
UPDATE player_team_game_play SET seconds_end = 592 WHERE player_id = 378 AND game_id = 24992 AND play_id = 27986;
INSERT INTO player_team_game_play(player_id, team_id, game_id, play_id, seconds_start, seconds_end) VALUES(7448, 1655, 24992, 27986, 592, 592);
UPDATE player_team_game_play SET seconds_end = 592 WHERE player_id = 7015 AND game_id = 24992 AND play_id = 27986;
INSERT INTO player_team_game_play(player_id, team_id, game_id, play_id, seconds_start, seconds_end) VALUES(7405, 1649, 24992, 27986, 592, 592);
INSERT INTO lba.sub_play (play_id, seconds_da_start, player_made_id, team_made_id, game_made_id, player_suffered_id, team_suffered_id, game_suffered_id, shot_id, turnover_id, foul_id, rebound_defensive_01, rebound_offensive_01, assist_01, blocks_01, time_out_01, x, y)VALUES(27986, 19, 7049, 1655, 24992, 2103, 1649, 24992, NULL, NULL, 1, '', '', '', '', '', 40, 53);
INSERT INTO lba.sub_play (play_id, seconds_da_start, player_made_id, team_made_id, game_made_id, player_suffered_id, team_suffered_id, game_suffered_id, shot_id, turnover_id, foul_id, rebound_defensive_01, rebound_offensive_01, assist_01, blocks_01, time_out_01, x, y)VALUES(27986, 19, 2103, 1649, 24992, NULL, NULL, NULL, 5, NULL, NULL, '', '', '', '', '', NULL, NULL);
INSERT INTO lba.sub_play (play_id, seconds_da_start, player_made_id, team_made_id, game_made_id, player_suffered_id, team_suffered_id, game_suffered_id, shot_id, turnover_id, foul_id, rebound_defensive_01, rebound_offensive_01, assist_01, blocks_01, time_out_01, x, y)VALUES(27986, 19, 2103, 1649, 24992, NULL, NULL, NULL, 5, NULL, NULL, '', '', '', '', '', NULL, NULL);

INSERT INTO play(id, game_id, seconds_start, seconds_end, quarter, attack_home_01, score_home, score_guest)VALUES(27987, 24992, 592, 613, 2, '0', 23, 20);
INSERT INTO player_team_game_play(player_id, team_id, game_id, play_id, seconds_start, seconds_end) VALUES(6320, 1655, 24992, 27987, 592, 613);
INSERT INTO player_team_game_play(player_id, team_id, game_id, play_id, seconds_start, seconds_end) VALUES(7447, 1655, 24992, 27987, 592, 613);
INSERT INTO player_team_game_play(player_id, team_id, game_id, play_id, seconds_start, seconds_end) VALUES(7049, 1655, 24992, 27987, 592, 613);
INSERT INTO player_team_game_play(player_id, team_id, game_id, play_id, seconds_start, seconds_end) VALUES(7450, 1655, 24992, 27987, 592, 613);
INSERT INTO player_team_game_play(player_id, team_id, game_id, play_id, seconds_start, seconds_end) VALUES(378, 1655, 24992, 27987, 592, 613);
INSERT INTO player_team_game_play(player_id, team_id, game_id, play_id, seconds_start, seconds_end) VALUES(5568, 1649, 24992, 27987, 592, 613);
INSERT INTO player_team_game_play(player_id, team_id, game_id, play_id, seconds_start, seconds_end) VALUES(4692, 1649, 24992, 27987, 592, 613);
INSERT INTO player_team_game_play(player_id, team_id, game_id, play_id, seconds_start, seconds_end) VALUES(2103, 1649, 24992, 27987, 592, 613);
INSERT INTO player_team_game_play(player_id, team_id, game_id, play_id, seconds_start, seconds_end) VALUES(7015, 1649, 24992, 27987, 592, 613);
INSERT INTO player_team_game_play(player_id, team_id, game_id, play_id, seconds_start, seconds_end) VALUES(7404, 1649, 24992, 27987, 592, 613);
UPDATE player_team_game_play SET seconds_end = 592 WHERE player_id = 378 AND game_id = 24992 AND play_id = 27987;
INSERT INTO player_team_game_play(player_id, team_id, game_id, play_id, seconds_start, seconds_end) VALUES(7448, 1655, 24992, 27987, 592, 613);
UPDATE player_team_game_play SET seconds_end = 592 WHERE player_id = 7015 AND game_id = 24992 AND play_id = 27987;
INSERT INTO player_team_game_play(player_id, team_id, game_id, play_id, seconds_start, seconds_end) VALUES(7405, 1649, 24992, 27987, 592, 613);
UPDATE player_team_game_play SET seconds_end = 600 WHERE player_id = 7448 AND game_id = 24992 AND play_id = 27987;
INSERT INTO player_team_game_play(player_id, team_id, game_id, play_id, seconds_start, seconds_end) VALUES(7449, 1655, 24992, 27987, 600, 613);
UPDATE player_team_game_play SET seconds_end = 600 WHERE player_id = 7404 AND game_id = 24992 AND play_id = 27987;
UPDATE player_team_game_play SET seconds_end = 600 WHERE player_id = 7405 AND game_id = 24992 AND play_id = 27987;
INSERT INTO player_team_game_play(player_id, team_id, game_id, play_id, seconds_start, seconds_end) VALUES(5150, 1649, 24992, 27987, 600, 613);
INSERT INTO player_team_game_play(player_id, team_id, game_id, play_id, seconds_start, seconds_end) VALUES(1775, 1649, 24992, 27987, 600, 613);
INSERT INTO lba.sub_play (play_id, seconds_da_start, player_made_id, team_made_id, game_made_id, player_suffered_id, team_suffered_id, game_suffered_id, shot_id, turnover_id, foul_id, rebound_defensive_01, rebound_offensive_01, assist_01, blocks_01, time_out_01, x, y)VALUES(27987, 8, 7448, 1655, 24992, NULL, NULL, NULL, 4, NULL, NULL, '', '', '', '', '', 70, 33);
INSERT INTO lba.sub_play (play_id, seconds_da_start, player_made_id, team_made_id, game_made_id, player_suffered_id, team_suffered_id, game_suffered_id, shot_id, turnover_id, foul_id, rebound_defensive_01, rebound_offensive_01, assist_01, blocks_01, time_out_01, x, y)VALUES(27987, 21, 5150, 1649, 24992, NULL, NULL, NULL, 2, NULL, NULL, '', '', '', '', '', 7, 53);
INSERT INTO lba.sub_play (play_id, seconds_da_start, player_made_id, team_made_id, game_made_id, player_suffered_id, team_suffered_id, game_suffered_id, shot_id, turnover_id, foul_id, rebound_defensive_01, rebound_offensive_01, assist_01, blocks_01, time_out_01, x, y)VALUES(27987, 21, 7450, 1655, 24992, NULL, NULL, NULL, NULL, NULL, NULL, '1', '', '', '', '', 7, 53);

INSERT INTO play(id, game_id, seconds_start, seconds_end, quarter, attack_home_01, score_home, score_guest)VALUES(27988, 24992, 613, 627, 2, '1', 23, 20);
INSERT INTO player_team_game_play(player_id, team_id, game_id, play_id, seconds_start, seconds_end) VALUES(6320, 1655, 24992, 27988, 613, 627);
INSERT INTO player_team_game_play(player_id, team_id, game_id, play_id, seconds_start, seconds_end) VALUES(7449, 1655, 24992, 27988, 613, 627);
INSERT INTO player_team_game_play(player_id, team_id, game_id, play_id, seconds_start, seconds_end) VALUES(7447, 1655, 24992, 27988, 613, 627);
INSERT INTO player_team_game_play(player_id, team_id, game_id, play_id, seconds_start, seconds_end) VALUES(7049, 1655, 24992, 27988, 613, 627);
INSERT INTO player_team_game_play(player_id, team_id, game_id, play_id, seconds_start, seconds_end) VALUES(7450, 1655, 24992, 27988, 613, 627);
INSERT INTO player_team_game_play(player_id, team_id, game_id, play_id, seconds_start, seconds_end) VALUES(5568, 1649, 24992, 27988, 613, 627);
INSERT INTO player_team_game_play(player_id, team_id, game_id, play_id, seconds_start, seconds_end) VALUES(4692, 1649, 24992, 27988, 613, 627);
INSERT INTO player_team_game_play(player_id, team_id, game_id, play_id, seconds_start, seconds_end) VALUES(2103, 1649, 24992, 27988, 613, 627);
INSERT INTO player_team_game_play(player_id, team_id, game_id, play_id, seconds_start, seconds_end) VALUES(5150, 1649, 24992, 27988, 613, 627);
INSERT INTO player_team_game_play(player_id, team_id, game_id, play_id, seconds_start, seconds_end) VALUES(1775, 1649, 24992, 27988, 613, 627);
INSERT INTO lba.sub_play (play_id, seconds_da_start, player_made_id, team_made_id, game_made_id, player_suffered_id, team_suffered_id, game_suffered_id, shot_id, turnover_id, foul_id, rebound_defensive_01, rebound_offensive_01, assist_01, blocks_01, time_out_01, x, y)VALUES(27988, 14, 7450, 1655, 24992, 1775, 1649, 24992, NULL, 1, NULL, '', '', '', '', '', 80, 43);

INSERT INTO play(id, game_id, seconds_start, seconds_end, quarter, attack_home_01, score_home, score_guest)VALUES(27989, 24992, 627, 640, 2, '0', 23, 20);
INSERT INTO player_team_game_play(player_id, team_id, game_id, play_id, seconds_start, seconds_end) VALUES(6320, 1655, 24992, 27989, 627, 640);
INSERT INTO player_team_game_play(player_id, team_id, game_id, play_id, seconds_start, seconds_end) VALUES(7449, 1655, 24992, 27989, 627, 640);
INSERT INTO player_team_game_play(player_id, team_id, game_id, play_id, seconds_start, seconds_end) VALUES(7447, 1655, 24992, 27989, 627, 640);
INSERT INTO player_team_game_play(player_id, team_id, game_id, play_id, seconds_start, seconds_end) VALUES(7049, 1655, 24992, 27989, 627, 640);
INSERT INTO player_team_game_play(player_id, team_id, game_id, play_id, seconds_start, seconds_end) VALUES(7450, 1655, 24992, 27989, 627, 640);
INSERT INTO player_team_game_play(player_id, team_id, game_id, play_id, seconds_start, seconds_end) VALUES(5568, 1649, 24992, 27989, 627, 640);
INSERT INTO player_team_game_play(player_id, team_id, game_id, play_id, seconds_start, seconds_end) VALUES(4692, 1649, 24992, 27989, 627, 640);
INSERT INTO player_team_game_play(player_id, team_id, game_id, play_id, seconds_start, seconds_end) VALUES(2103, 1649, 24992, 27989, 627, 640);
INSERT INTO player_team_game_play(player_id, team_id, game_id, play_id, seconds_start, seconds_end) VALUES(5150, 1649, 24992, 27989, 627, 640);
INSERT INTO player_team_game_play(player_id, team_id, game_id, play_id, seconds_start, seconds_end) VALUES(1775, 1649, 24992, 27989, 627, 640);
INSERT INTO lba.sub_play (play_id, seconds_da_start, player_made_id, team_made_id, game_made_id, player_suffered_id, team_suffered_id, game_suffered_id, shot_id, turnover_id, foul_id, rebound_defensive_01, rebound_offensive_01, assist_01, blocks_01, time_out_01, x, y)VALUES(27989, 0, 7450, 1655, 24992, 1775, 1649, 24992, NULL, NULL, 1, '', '', '', '', '', 74, 26);
INSERT INTO lba.sub_play (play_id, seconds_da_start, player_made_id, team_made_id, game_made_id, player_suffered_id, team_suffered_id, game_suffered_id, shot_id, turnover_id, foul_id, rebound_defensive_01, rebound_offensive_01, assist_01, blocks_01, time_out_01, x, y)VALUES(27989, 13, 5568, 1649, 24992, NULL, NULL, NULL, NULL, 1, NULL, '', '', '', '', '', 11, 54);

INSERT INTO play(id, game_id, seconds_start, seconds_end, quarter, attack_home_01, score_home, score_guest)VALUES(27990, 24992, 640, 655, 2, '1', 23, 20);
INSERT INTO player_team_game_play(player_id, team_id, game_id, play_id, seconds_start, seconds_end) VALUES(6320, 1655, 24992, 27990, 640, 655);
INSERT INTO player_team_game_play(player_id, team_id, game_id, play_id, seconds_start, seconds_end) VALUES(7449, 1655, 24992, 27990, 640, 655);
INSERT INTO player_team_game_play(player_id, team_id, game_id, play_id, seconds_start, seconds_end) VALUES(7447, 1655, 24992, 27990, 640, 655);
INSERT INTO player_team_game_play(player_id, team_id, game_id, play_id, seconds_start, seconds_end) VALUES(7049, 1655, 24992, 27990, 640, 655);
INSERT INTO player_team_game_play(player_id, team_id, game_id, play_id, seconds_start, seconds_end) VALUES(7450, 1655, 24992, 27990, 640, 655);
INSERT INTO player_team_game_play(player_id, team_id, game_id, play_id, seconds_start, seconds_end) VALUES(5568, 1649, 24992, 27990, 640, 655);
INSERT INTO player_team_game_play(player_id, team_id, game_id, play_id, seconds_start, seconds_end) VALUES(4692, 1649, 24992, 27990, 640, 655);
INSERT INTO player_team_game_play(player_id, team_id, game_id, play_id, seconds_start, seconds_end) VALUES(2103, 1649, 24992, 27990, 640, 655);
INSERT INTO player_team_game_play(player_id, team_id, game_id, play_id, seconds_start, seconds_end) VALUES(5150, 1649, 24992, 27990, 640, 655);
INSERT INTO player_team_game_play(player_id, team_id, game_id, play_id, seconds_start, seconds_end) VALUES(1775, 1649, 24992, 27990, 640, 655);
UPDATE player_team_game_play SET seconds_end = 650 WHERE player_id = 2103 AND game_id = 24992 AND play_id = 27990;
INSERT INTO player_team_game_play(player_id, team_id, game_id, play_id, seconds_start, seconds_end) VALUES(6138, 1649, 24992, 27990, 650, 655);
INSERT INTO lba.sub_play (play_id, seconds_da_start, player_made_id, team_made_id, game_made_id, player_suffered_id, team_suffered_id, game_suffered_id, shot_id, turnover_id, foul_id, rebound_defensive_01, rebound_offensive_01, assist_01, blocks_01, time_out_01, x, y)VALUES(27990, 10, 2103, 1649, 24992, 7450, 1655, 24992, NULL, NULL, 1, '', '', '', '', '', 86, 31);
INSERT INTO lba.sub_play (play_id, seconds_da_start, player_made_id, team_made_id, game_made_id, player_suffered_id, team_suffered_id, game_suffered_id, shot_id, turnover_id, foul_id, rebound_defensive_01, rebound_offensive_01, assist_01, blocks_01, time_out_01, x, y)VALUES(27990, 15, 7449, 1655, 24992, 1775, 1649, 24992, NULL, NULL, 7, '', '', '', '', '', 88, 48);
INSERT INTO lba.sub_play (play_id, seconds_da_start, player_made_id, team_made_id, game_made_id, player_suffered_id, team_suffered_id, game_suffered_id, shot_id, turnover_id, foul_id, rebound_defensive_01, rebound_offensive_01, assist_01, blocks_01, time_out_01, x, y)VALUES(27990, 15, 7449, 1655, 24992, NULL, NULL, NULL, NULL, 13, NULL, '', '', '', '', '', 88, 48);

INSERT INTO play(id, game_id, seconds_start, seconds_end, quarter, attack_home_01, score_home, score_guest)VALUES(27991, 24992, 655, 675, 2, '0', 23, 23);
INSERT INTO player_team_game_play(player_id, team_id, game_id, play_id, seconds_start, seconds_end) VALUES(6320, 1655, 24992, 27991, 655, 675);
INSERT INTO player_team_game_play(player_id, team_id, game_id, play_id, seconds_start, seconds_end) VALUES(7449, 1655, 24992, 27991, 655, 675);
INSERT INTO player_team_game_play(player_id, team_id, game_id, play_id, seconds_start, seconds_end) VALUES(7447, 1655, 24992, 27991, 655, 675);
INSERT INTO player_team_game_play(player_id, team_id, game_id, play_id, seconds_start, seconds_end) VALUES(7049, 1655, 24992, 27991, 655, 675);
INSERT INTO player_team_game_play(player_id, team_id, game_id, play_id, seconds_start, seconds_end) VALUES(7450, 1655, 24992, 27991, 655, 675);
INSERT INTO player_team_game_play(player_id, team_id, game_id, play_id, seconds_start, seconds_end) VALUES(5568, 1649, 24992, 27991, 655, 675);
INSERT INTO player_team_game_play(player_id, team_id, game_id, play_id, seconds_start, seconds_end) VALUES(4692, 1649, 24992, 27991, 655, 675);
INSERT INTO player_team_game_play(player_id, team_id, game_id, play_id, seconds_start, seconds_end) VALUES(6138, 1649, 24992, 27991, 655, 675);
INSERT INTO player_team_game_play(player_id, team_id, game_id, play_id, seconds_start, seconds_end) VALUES(5150, 1649, 24992, 27991, 655, 675);
INSERT INTO player_team_game_play(player_id, team_id, game_id, play_id, seconds_start, seconds_end) VALUES(1775, 1649, 24992, 27991, 655, 675);
INSERT INTO lba.sub_play (play_id, seconds_da_start, player_made_id, team_made_id, game_made_id, player_suffered_id, team_suffered_id, game_suffered_id, shot_id, turnover_id, foul_id, rebound_defensive_01, rebound_offensive_01, assist_01, blocks_01, time_out_01, x, y)VALUES(27991, 20, 5150, 1649, 24992, NULL, NULL, NULL, 3, NULL, NULL, '', '', '', '', '', 17, 7);
INSERT INTO lba.sub_play (play_id, seconds_da_start, player_made_id, team_made_id, game_made_id, player_suffered_id, team_suffered_id, game_suffered_id, shot_id, turnover_id, foul_id, rebound_defensive_01, rebound_offensive_01, assist_01, blocks_01, time_out_01, x, y)VALUES(27991, 20, 4692, 1649, 24992, NULL, NULL, NULL, NULL, NULL, NULL, '', '', '1', '', '', 17, 7);

INSERT INTO play(id, game_id, seconds_start, seconds_end, quarter, attack_home_01, score_home, score_guest)VALUES(27992, 24992, 675, 688, 2, '1', 23, 23);
INSERT INTO player_team_game_play(player_id, team_id, game_id, play_id, seconds_start, seconds_end) VALUES(6320, 1655, 24992, 27992, 675, 688);
INSERT INTO player_team_game_play(player_id, team_id, game_id, play_id, seconds_start, seconds_end) VALUES(7449, 1655, 24992, 27992, 675, 688);
INSERT INTO player_team_game_play(player_id, team_id, game_id, play_id, seconds_start, seconds_end) VALUES(7447, 1655, 24992, 27992, 675, 688);
INSERT INTO player_team_game_play(player_id, team_id, game_id, play_id, seconds_start, seconds_end) VALUES(7049, 1655, 24992, 27992, 675, 688);
INSERT INTO player_team_game_play(player_id, team_id, game_id, play_id, seconds_start, seconds_end) VALUES(7450, 1655, 24992, 27992, 675, 688);
INSERT INTO player_team_game_play(player_id, team_id, game_id, play_id, seconds_start, seconds_end) VALUES(5568, 1649, 24992, 27992, 675, 688);
INSERT INTO player_team_game_play(player_id, team_id, game_id, play_id, seconds_start, seconds_end) VALUES(4692, 1649, 24992, 27992, 675, 688);
INSERT INTO player_team_game_play(player_id, team_id, game_id, play_id, seconds_start, seconds_end) VALUES(6138, 1649, 24992, 27992, 675, 688);
INSERT INTO player_team_game_play(player_id, team_id, game_id, play_id, seconds_start, seconds_end) VALUES(5150, 1649, 24992, 27992, 675, 688);
INSERT INTO player_team_game_play(player_id, team_id, game_id, play_id, seconds_start, seconds_end) VALUES(1775, 1649, 24992, 27992, 675, 688);
INSERT INTO lba.sub_play (play_id, seconds_da_start, player_made_id, team_made_id, game_made_id, player_suffered_id, team_suffered_id, game_suffered_id, shot_id, turnover_id, foul_id, rebound_defensive_01, rebound_offensive_01, assist_01, blocks_01, time_out_01, x, y)VALUES(27992, 13, 6320, 1655, 24992, NULL, NULL, NULL, 2, NULL, NULL, '', '', '', '', '', 88, 44);
INSERT INTO lba.sub_play (play_id, seconds_da_start, player_made_id, team_made_id, game_made_id, player_suffered_id, team_suffered_id, game_suffered_id, shot_id, turnover_id, foul_id, rebound_defensive_01, rebound_offensive_01, assist_01, blocks_01, time_out_01, x, y)VALUES(27992, 13, 1775, 1649, 24992, NULL, NULL, NULL, NULL, NULL, NULL, '1', '', '', '', '', 88, 44);

INSERT INTO play(id, game_id, seconds_start, seconds_end, quarter, attack_home_01, score_home, score_guest)VALUES(27993, 24992, 688, 696, 2, '0', 23, 23);
INSERT INTO player_team_game_play(player_id, team_id, game_id, play_id, seconds_start, seconds_end) VALUES(6320, 1655, 24992, 27993, 688, 696);
INSERT INTO player_team_game_play(player_id, team_id, game_id, play_id, seconds_start, seconds_end) VALUES(7449, 1655, 24992, 27993, 688, 696);
INSERT INTO player_team_game_play(player_id, team_id, game_id, play_id, seconds_start, seconds_end) VALUES(7447, 1655, 24992, 27993, 688, 696);
INSERT INTO player_team_game_play(player_id, team_id, game_id, play_id, seconds_start, seconds_end) VALUES(7049, 1655, 24992, 27993, 688, 696);
INSERT INTO player_team_game_play(player_id, team_id, game_id, play_id, seconds_start, seconds_end) VALUES(7450, 1655, 24992, 27993, 688, 696);
INSERT INTO player_team_game_play(player_id, team_id, game_id, play_id, seconds_start, seconds_end) VALUES(5568, 1649, 24992, 27993, 688, 696);
INSERT INTO player_team_game_play(player_id, team_id, game_id, play_id, seconds_start, seconds_end) VALUES(4692, 1649, 24992, 27993, 688, 696);
INSERT INTO player_team_game_play(player_id, team_id, game_id, play_id, seconds_start, seconds_end) VALUES(6138, 1649, 24992, 27993, 688, 696);
INSERT INTO player_team_game_play(player_id, team_id, game_id, play_id, seconds_start, seconds_end) VALUES(5150, 1649, 24992, 27993, 688, 696);
INSERT INTO player_team_game_play(player_id, team_id, game_id, play_id, seconds_start, seconds_end) VALUES(1775, 1649, 24992, 27993, 688, 696);
INSERT INTO lba.sub_play (play_id, seconds_da_start, player_made_id, team_made_id, game_made_id, player_suffered_id, team_suffered_id, game_suffered_id, shot_id, turnover_id, foul_id, rebound_defensive_01, rebound_offensive_01, assist_01, blocks_01, time_out_01, x, y)VALUES(27993, 8, 6138, 1649, 24992, NULL, NULL, NULL, NULL, 2, NULL, '', '', '', '', '', 13, 47);

INSERT INTO play(id, game_id, seconds_start, seconds_end, quarter, attack_home_01, score_home, score_guest)VALUES(27994, 24992, 696, 709, 2, '1', 23, 23);
INSERT INTO player_team_game_play(player_id, team_id, game_id, play_id, seconds_start, seconds_end) VALUES(6320, 1655, 24992, 27994, 696, 709);
INSERT INTO player_team_game_play(player_id, team_id, game_id, play_id, seconds_start, seconds_end) VALUES(7449, 1655, 24992, 27994, 696, 709);
INSERT INTO player_team_game_play(player_id, team_id, game_id, play_id, seconds_start, seconds_end) VALUES(7447, 1655, 24992, 27994, 696, 709);
INSERT INTO player_team_game_play(player_id, team_id, game_id, play_id, seconds_start, seconds_end) VALUES(7049, 1655, 24992, 27994, 696, 709);
INSERT INTO player_team_game_play(player_id, team_id, game_id, play_id, seconds_start, seconds_end) VALUES(7450, 1655, 24992, 27994, 696, 709);
INSERT INTO player_team_game_play(player_id, team_id, game_id, play_id, seconds_start, seconds_end) VALUES(5568, 1649, 24992, 27994, 696, 709);
INSERT INTO player_team_game_play(player_id, team_id, game_id, play_id, seconds_start, seconds_end) VALUES(4692, 1649, 24992, 27994, 696, 709);
INSERT INTO player_team_game_play(player_id, team_id, game_id, play_id, seconds_start, seconds_end) VALUES(6138, 1649, 24992, 27994, 696, 709);
INSERT INTO player_team_game_play(player_id, team_id, game_id, play_id, seconds_start, seconds_end) VALUES(5150, 1649, 24992, 27994, 696, 709);
INSERT INTO player_team_game_play(player_id, team_id, game_id, play_id, seconds_start, seconds_end) VALUES(1775, 1649, 24992, 27994, 696, 709);
INSERT INTO lba.sub_play (play_id, seconds_da_start, player_made_id, team_made_id, game_made_id, player_suffered_id, team_suffered_id, game_suffered_id, shot_id, turnover_id, foul_id, rebound_defensive_01, rebound_offensive_01, assist_01, blocks_01, time_out_01, x, y)VALUES(27994, 13, 7450, 1655, 24992, NULL, NULL, NULL, 4, NULL, NULL, '', '', '', '', '', 68, 41);
INSERT INTO lba.sub_play (play_id, seconds_da_start, player_made_id, team_made_id, game_made_id, player_suffered_id, team_suffered_id, game_suffered_id, shot_id, turnover_id, foul_id, rebound_defensive_01, rebound_offensive_01, assist_01, blocks_01, time_out_01, x, y)VALUES(27994, 13, 5150, 1649, 24992, NULL, NULL, NULL, NULL, NULL, NULL, '1', '', '', '', '', 68, 41);

INSERT INTO play(id, game_id, seconds_start, seconds_end, quarter, attack_home_01, score_home, score_guest)VALUES(27995, 24992, 709, 736, 2, '0', 23, 23);
INSERT INTO player_team_game_play(player_id, team_id, game_id, play_id, seconds_start, seconds_end) VALUES(6320, 1655, 24992, 27995, 709, 736);
INSERT INTO player_team_game_play(player_id, team_id, game_id, play_id, seconds_start, seconds_end) VALUES(7449, 1655, 24992, 27995, 709, 736);
INSERT INTO player_team_game_play(player_id, team_id, game_id, play_id, seconds_start, seconds_end) VALUES(7447, 1655, 24992, 27995, 709, 736);
INSERT INTO player_team_game_play(player_id, team_id, game_id, play_id, seconds_start, seconds_end) VALUES(7049, 1655, 24992, 27995, 709, 736);
INSERT INTO player_team_game_play(player_id, team_id, game_id, play_id, seconds_start, seconds_end) VALUES(7450, 1655, 24992, 27995, 709, 736);
INSERT INTO player_team_game_play(player_id, team_id, game_id, play_id, seconds_start, seconds_end) VALUES(5568, 1649, 24992, 27995, 709, 736);
INSERT INTO player_team_game_play(player_id, team_id, game_id, play_id, seconds_start, seconds_end) VALUES(4692, 1649, 24992, 27995, 709, 736);
INSERT INTO player_team_game_play(player_id, team_id, game_id, play_id, seconds_start, seconds_end) VALUES(6138, 1649, 24992, 27995, 709, 736);
INSERT INTO player_team_game_play(player_id, team_id, game_id, play_id, seconds_start, seconds_end) VALUES(5150, 1649, 24992, 27995, 709, 736);
INSERT INTO player_team_game_play(player_id, team_id, game_id, play_id, seconds_start, seconds_end) VALUES(1775, 1649, 24992, 27995, 709, 736);
INSERT INTO lba.sub_play (play_id, seconds_da_start, player_made_id, team_made_id, game_made_id, player_suffered_id, team_suffered_id, game_suffered_id, shot_id, turnover_id, foul_id, rebound_defensive_01, rebound_offensive_01, assist_01, blocks_01, time_out_01, x, y)VALUES(27995, 27, 5150, 1649, 24992, NULL, NULL, NULL, 4, NULL, NULL, '', '', '', '', '', 23, 15);
INSERT INTO lba.sub_play (play_id, seconds_da_start, player_made_id, team_made_id, game_made_id, player_suffered_id, team_suffered_id, game_suffered_id, shot_id, turnover_id, foul_id, rebound_defensive_01, rebound_offensive_01, assist_01, blocks_01, time_out_01, x, y)VALUES(27995, 27, 7049, 1655, 24992, NULL, NULL, NULL, NULL, NULL, NULL, '1', '', '', '', '', 23, 15);

INSERT INTO play(id, game_id, seconds_start, seconds_end, quarter, attack_home_01, score_home, score_guest)VALUES(27996, 24992, 736, 748, 2, '1', 25, 23);
INSERT INTO player_team_game_play(player_id, team_id, game_id, play_id, seconds_start, seconds_end) VALUES(6320, 1655, 24992, 27996, 736, 748);
INSERT INTO player_team_game_play(player_id, team_id, game_id, play_id, seconds_start, seconds_end) VALUES(7449, 1655, 24992, 27996, 736, 748);
INSERT INTO player_team_game_play(player_id, team_id, game_id, play_id, seconds_start, seconds_end) VALUES(7447, 1655, 24992, 27996, 736, 748);
INSERT INTO player_team_game_play(player_id, team_id, game_id, play_id, seconds_start, seconds_end) VALUES(7049, 1655, 24992, 27996, 736, 748);
INSERT INTO player_team_game_play(player_id, team_id, game_id, play_id, seconds_start, seconds_end) VALUES(7450, 1655, 24992, 27996, 736, 748);
INSERT INTO player_team_game_play(player_id, team_id, game_id, play_id, seconds_start, seconds_end) VALUES(5568, 1649, 24992, 27996, 736, 748);
INSERT INTO player_team_game_play(player_id, team_id, game_id, play_id, seconds_start, seconds_end) VALUES(4692, 1649, 24992, 27996, 736, 748);
INSERT INTO player_team_game_play(player_id, team_id, game_id, play_id, seconds_start, seconds_end) VALUES(6138, 1649, 24992, 27996, 736, 748);
INSERT INTO player_team_game_play(player_id, team_id, game_id, play_id, seconds_start, seconds_end) VALUES(5150, 1649, 24992, 27996, 736, 748);
INSERT INTO player_team_game_play(player_id, team_id, game_id, play_id, seconds_start, seconds_end) VALUES(1775, 1649, 24992, 27996, 736, 748);
INSERT INTO lba.sub_play (play_id, seconds_da_start, player_made_id, team_made_id, game_made_id, player_suffered_id, team_suffered_id, game_suffered_id, shot_id, turnover_id, foul_id, rebound_defensive_01, rebound_offensive_01, assist_01, blocks_01, time_out_01, x, y)VALUES(27996, 12, 7449, 1655, 24992, NULL, NULL, NULL, 1, NULL, NULL, '', '', '', '', '', 95, 50);
INSERT INTO lba.sub_play (play_id, seconds_da_start, player_made_id, team_made_id, game_made_id, player_suffered_id, team_suffered_id, game_suffered_id, shot_id, turnover_id, foul_id, rebound_defensive_01, rebound_offensive_01, assist_01, blocks_01, time_out_01, x, y)VALUES(27996, 12, 6320, 1655, 24992, NULL, NULL, NULL, NULL, NULL, NULL, '', '', '1', '', '', 95, 50);

INSERT INTO play(id, game_id, seconds_start, seconds_end, quarter, attack_home_01, score_home, score_guest)VALUES(27997, 24992, 748, 776, 2, '0', 25, 23);
INSERT INTO player_team_game_play(player_id, team_id, game_id, play_id, seconds_start, seconds_end) VALUES(6320, 1655, 24992, 27997, 748, 776);
INSERT INTO player_team_game_play(player_id, team_id, game_id, play_id, seconds_start, seconds_end) VALUES(7449, 1655, 24992, 27997, 748, 776);
INSERT INTO player_team_game_play(player_id, team_id, game_id, play_id, seconds_start, seconds_end) VALUES(7447, 1655, 24992, 27997, 748, 776);
INSERT INTO player_team_game_play(player_id, team_id, game_id, play_id, seconds_start, seconds_end) VALUES(7049, 1655, 24992, 27997, 748, 776);
INSERT INTO player_team_game_play(player_id, team_id, game_id, play_id, seconds_start, seconds_end) VALUES(7450, 1655, 24992, 27997, 748, 776);
INSERT INTO player_team_game_play(player_id, team_id, game_id, play_id, seconds_start, seconds_end) VALUES(5568, 1649, 24992, 27997, 748, 776);
INSERT INTO player_team_game_play(player_id, team_id, game_id, play_id, seconds_start, seconds_end) VALUES(4692, 1649, 24992, 27997, 748, 776);
INSERT INTO player_team_game_play(player_id, team_id, game_id, play_id, seconds_start, seconds_end) VALUES(6138, 1649, 24992, 27997, 748, 776);
INSERT INTO player_team_game_play(player_id, team_id, game_id, play_id, seconds_start, seconds_end) VALUES(5150, 1649, 24992, 27997, 748, 776);
INSERT INTO player_team_game_play(player_id, team_id, game_id, play_id, seconds_start, seconds_end) VALUES(1775, 1649, 24992, 27997, 748, 776);
INSERT INTO lba.sub_play (play_id, seconds_da_start, player_made_id, team_made_id, game_made_id, player_suffered_id, team_suffered_id, game_suffered_id, shot_id, turnover_id, foul_id, rebound_defensive_01, rebound_offensive_01, assist_01, blocks_01, time_out_01, x, y)VALUES(27997, 28, 6138, 1649, 24992, NULL, NULL, NULL, 2, NULL, NULL, '', '', '', '', '', 11, 42);
INSERT INTO lba.sub_play (play_id, seconds_da_start, player_made_id, team_made_id, game_made_id, player_suffered_id, team_suffered_id, game_suffered_id, shot_id, turnover_id, foul_id, rebound_defensive_01, rebound_offensive_01, assist_01, blocks_01, time_out_01, x, y)VALUES(27997, 28, 7449, 1655, 24992, NULL, NULL, NULL, NULL, NULL, NULL, '1', '', '', '', '', 11, 42);

INSERT INTO play(id, game_id, seconds_start, seconds_end, quarter, attack_home_01, score_home, score_guest)VALUES(27998, 24992, 776, 781, 2, '1', 27, 23);
INSERT INTO player_team_game_play(player_id, team_id, game_id, play_id, seconds_start, seconds_end) VALUES(6320, 1655, 24992, 27998, 776, 781);
INSERT INTO player_team_game_play(player_id, team_id, game_id, play_id, seconds_start, seconds_end) VALUES(7449, 1655, 24992, 27998, 776, 781);
INSERT INTO player_team_game_play(player_id, team_id, game_id, play_id, seconds_start, seconds_end) VALUES(7447, 1655, 24992, 27998, 776, 781);
INSERT INTO player_team_game_play(player_id, team_id, game_id, play_id, seconds_start, seconds_end) VALUES(7049, 1655, 24992, 27998, 776, 781);
INSERT INTO player_team_game_play(player_id, team_id, game_id, play_id, seconds_start, seconds_end) VALUES(7450, 1655, 24992, 27998, 776, 781);
INSERT INTO player_team_game_play(player_id, team_id, game_id, play_id, seconds_start, seconds_end) VALUES(5568, 1649, 24992, 27998, 776, 781);
INSERT INTO player_team_game_play(player_id, team_id, game_id, play_id, seconds_start, seconds_end) VALUES(4692, 1649, 24992, 27998, 776, 781);
INSERT INTO player_team_game_play(player_id, team_id, game_id, play_id, seconds_start, seconds_end) VALUES(6138, 1649, 24992, 27998, 776, 781);
INSERT INTO player_team_game_play(player_id, team_id, game_id, play_id, seconds_start, seconds_end) VALUES(5150, 1649, 24992, 27998, 776, 781);
INSERT INTO player_team_game_play(player_id, team_id, game_id, play_id, seconds_start, seconds_end) VALUES(1775, 1649, 24992, 27998, 776, 781);
UPDATE player_team_game_play SET seconds_end = 781 WHERE player_id = 5568 AND game_id = 24992 AND play_id = 27998;
UPDATE player_team_game_play SET seconds_end = 781 WHERE player_id = 4692 AND game_id = 24992 AND play_id = 27998;
UPDATE player_team_game_play SET seconds_end = 781 WHERE player_id = 5150 AND game_id = 24992 AND play_id = 27998;
INSERT INTO player_team_game_play(player_id, team_id, game_id, play_id, seconds_start, seconds_end) VALUES(3176, 1649, 24992, 27998, 781, 781);
INSERT INTO player_team_game_play(player_id, team_id, game_id, play_id, seconds_start, seconds_end) VALUES(7406, 1649, 24992, 27998, 781, 781);
INSERT INTO player_team_game_play(player_id, team_id, game_id, play_id, seconds_start, seconds_end) VALUES(2103, 1649, 24992, 27998, 781, 781);
INSERT INTO lba.sub_play (play_id, seconds_da_start, player_made_id, team_made_id, game_made_id, player_suffered_id, team_suffered_id, game_suffered_id, shot_id, turnover_id, foul_id, rebound_defensive_01, rebound_offensive_01, assist_01, blocks_01, time_out_01, x, y)VALUES(27998, 5, 6320, 1655, 24992, NULL, NULL, NULL, 1, NULL, NULL, '', '', '', '', '', 95, 50);
INSERT INTO lba.sub_play (play_id, seconds_da_start, player_made_id, team_made_id, game_made_id, player_suffered_id, team_suffered_id, game_suffered_id, shot_id, turnover_id, foul_id, rebound_defensive_01, rebound_offensive_01, assist_01, blocks_01, time_out_01, x, y)VALUES(27998, 5, 7447, 1655, 24992, NULL, NULL, NULL, NULL, NULL, NULL, '', '', '1', '', '', 95, 50);

INSERT INTO play(id, game_id, seconds_start, seconds_end, quarter, attack_home_01, score_home, score_guest)VALUES(27999, 24992, 781, 822, 2, '0', 27, 25);
INSERT INTO player_team_game_play(player_id, team_id, game_id, play_id, seconds_start, seconds_end) VALUES(6320, 1655, 24992, 27999, 781, 822);
INSERT INTO player_team_game_play(player_id, team_id, game_id, play_id, seconds_start, seconds_end) VALUES(7449, 1655, 24992, 27999, 781, 822);
INSERT INTO player_team_game_play(player_id, team_id, game_id, play_id, seconds_start, seconds_end) VALUES(7447, 1655, 24992, 27999, 781, 822);
INSERT INTO player_team_game_play(player_id, team_id, game_id, play_id, seconds_start, seconds_end) VALUES(7049, 1655, 24992, 27999, 781, 822);
INSERT INTO player_team_game_play(player_id, team_id, game_id, play_id, seconds_start, seconds_end) VALUES(7450, 1655, 24992, 27999, 781, 822);
INSERT INTO player_team_game_play(player_id, team_id, game_id, play_id, seconds_start, seconds_end) VALUES(5568, 1649, 24992, 27999, 781, 822);
INSERT INTO player_team_game_play(player_id, team_id, game_id, play_id, seconds_start, seconds_end) VALUES(4692, 1649, 24992, 27999, 781, 822);
INSERT INTO player_team_game_play(player_id, team_id, game_id, play_id, seconds_start, seconds_end) VALUES(6138, 1649, 24992, 27999, 781, 822);
INSERT INTO player_team_game_play(player_id, team_id, game_id, play_id, seconds_start, seconds_end) VALUES(5150, 1649, 24992, 27999, 781, 822);
INSERT INTO player_team_game_play(player_id, team_id, game_id, play_id, seconds_start, seconds_end) VALUES(1775, 1649, 24992, 27999, 781, 822);
UPDATE player_team_game_play SET seconds_end = 781 WHERE player_id = 5568 AND game_id = 24992 AND play_id = 27999;
UPDATE player_team_game_play SET seconds_end = 781 WHERE player_id = 4692 AND game_id = 24992 AND play_id = 27999;
UPDATE player_team_game_play SET seconds_end = 781 WHERE player_id = 5150 AND game_id = 24992 AND play_id = 27999;
INSERT INTO player_team_game_play(player_id, team_id, game_id, play_id, seconds_start, seconds_end) VALUES(3176, 1649, 24992, 27999, 781, 822);
INSERT INTO player_team_game_play(player_id, team_id, game_id, play_id, seconds_start, seconds_end) VALUES(7406, 1649, 24992, 27999, 781, 822);
INSERT INTO player_team_game_play(player_id, team_id, game_id, play_id, seconds_start, seconds_end) VALUES(2103, 1649, 24992, 27999, 781, 822);
INSERT INTO lba.sub_play (play_id, seconds_da_start, player_made_id, team_made_id, game_made_id, player_suffered_id, team_suffered_id, game_suffered_id, shot_id, turnover_id, foul_id, rebound_defensive_01, rebound_offensive_01, assist_01, blocks_01, time_out_01, x, y)VALUES(27999, 19, 3176, 1649, 24992, NULL, NULL, NULL, 2, NULL, NULL, '', '', '', '', '', 17, 56);
INSERT INTO lba.sub_play (play_id, seconds_da_start, player_made_id, team_made_id, game_made_id, player_suffered_id, team_suffered_id, game_suffered_id, shot_id, turnover_id, foul_id, rebound_defensive_01, rebound_offensive_01, assist_01, blocks_01, time_out_01, x, y)VALUES(27999, 27, 2103, 1649, 24992, NULL, NULL, NULL, 4, NULL, NULL, '', '', '', '', '', 27, 80);
INSERT INTO lba.sub_play (play_id, seconds_da_start, player_made_id, team_made_id, game_made_id, player_suffered_id, team_suffered_id, game_suffered_id, shot_id, turnover_id, foul_id, rebound_defensive_01, rebound_offensive_01, assist_01, blocks_01, time_out_01, x, y)VALUES(27999, 27, 1775, 1649, 24992, NULL, NULL, NULL, NULL, NULL, NULL, '', '1', '', '', '', 27, 80);
INSERT INTO lba.sub_play (play_id, seconds_da_start, player_made_id, team_made_id, game_made_id, player_suffered_id, team_suffered_id, game_suffered_id, shot_id, turnover_id, foul_id, rebound_defensive_01, rebound_offensive_01, assist_01, blocks_01, time_out_01, x, y)VALUES(27999, 41, 7406, 1649, 24992, NULL, NULL, NULL, 1, NULL, NULL, '', '', '', '', '', 22, 29);

INSERT INTO play(id, game_id, seconds_start, seconds_end, quarter, attack_home_01, score_home, score_guest)VALUES(28000, 24992, 822, 845, 2, '1', 29, 25);
INSERT INTO player_team_game_play(player_id, team_id, game_id, play_id, seconds_start, seconds_end) VALUES(6320, 1655, 24992, 28000, 822, 845);
INSERT INTO player_team_game_play(player_id, team_id, game_id, play_id, seconds_start, seconds_end) VALUES(7449, 1655, 24992, 28000, 822, 845);
INSERT INTO player_team_game_play(player_id, team_id, game_id, play_id, seconds_start, seconds_end) VALUES(7447, 1655, 24992, 28000, 822, 845);
INSERT INTO player_team_game_play(player_id, team_id, game_id, play_id, seconds_start, seconds_end) VALUES(7049, 1655, 24992, 28000, 822, 845);
INSERT INTO player_team_game_play(player_id, team_id, game_id, play_id, seconds_start, seconds_end) VALUES(7450, 1655, 24992, 28000, 822, 845);
INSERT INTO player_team_game_play(player_id, team_id, game_id, play_id, seconds_start, seconds_end) VALUES(2103, 1649, 24992, 28000, 822, 845);
INSERT INTO player_team_game_play(player_id, team_id, game_id, play_id, seconds_start, seconds_end) VALUES(3176, 1649, 24992, 28000, 822, 845);
INSERT INTO player_team_game_play(player_id, team_id, game_id, play_id, seconds_start, seconds_end) VALUES(6138, 1649, 24992, 28000, 822, 845);
INSERT INTO player_team_game_play(player_id, team_id, game_id, play_id, seconds_start, seconds_end) VALUES(7406, 1649, 24992, 28000, 822, 845);
INSERT INTO player_team_game_play(player_id, team_id, game_id, play_id, seconds_start, seconds_end) VALUES(1775, 1649, 24992, 28000, 822, 845);
UPDATE player_team_game_play SET seconds_end = 827 WHERE player_id = 2103 AND game_id = 24992 AND play_id = 28000;
INSERT INTO player_team_game_play(player_id, team_id, game_id, play_id, seconds_start, seconds_end) VALUES(5150, 1649, 24992, 28000, 827, 845);
INSERT INTO lba.sub_play (play_id, seconds_da_start, player_made_id, team_made_id, game_made_id, player_suffered_id, team_suffered_id, game_suffered_id, shot_id, turnover_id, foul_id, rebound_defensive_01, rebound_offensive_01, assist_01, blocks_01, time_out_01, x, y)VALUES(28000, 23, 7450, 1655, 24992, NULL, NULL, NULL, 1, NULL, NULL, '', '', '', '', '', 93, 74);

INSERT INTO play(id, game_id, seconds_start, seconds_end, quarter, attack_home_01, score_home, score_guest)VALUES(28001, 24992, 845, 855, 2, '0', 29, 25);
INSERT INTO player_team_game_play(player_id, team_id, game_id, play_id, seconds_start, seconds_end) VALUES(6320, 1655, 24992, 28001, 845, 855);
INSERT INTO player_team_game_play(player_id, team_id, game_id, play_id, seconds_start, seconds_end) VALUES(7449, 1655, 24992, 28001, 845, 855);
INSERT INTO player_team_game_play(player_id, team_id, game_id, play_id, seconds_start, seconds_end) VALUES(7447, 1655, 24992, 28001, 845, 855);
INSERT INTO player_team_game_play(player_id, team_id, game_id, play_id, seconds_start, seconds_end) VALUES(7049, 1655, 24992, 28001, 845, 855);
INSERT INTO player_team_game_play(player_id, team_id, game_id, play_id, seconds_start, seconds_end) VALUES(7450, 1655, 24992, 28001, 845, 855);
INSERT INTO player_team_game_play(player_id, team_id, game_id, play_id, seconds_start, seconds_end) VALUES(5150, 1649, 24992, 28001, 845, 855);
INSERT INTO player_team_game_play(player_id, team_id, game_id, play_id, seconds_start, seconds_end) VALUES(3176, 1649, 24992, 28001, 845, 855);
INSERT INTO player_team_game_play(player_id, team_id, game_id, play_id, seconds_start, seconds_end) VALUES(6138, 1649, 24992, 28001, 845, 855);
INSERT INTO player_team_game_play(player_id, team_id, game_id, play_id, seconds_start, seconds_end) VALUES(7406, 1649, 24992, 28001, 845, 855);
INSERT INTO player_team_game_play(player_id, team_id, game_id, play_id, seconds_start, seconds_end) VALUES(1775, 1649, 24992, 28001, 845, 855);
INSERT INTO lba.sub_play (play_id, seconds_da_start, player_made_id, team_made_id, game_made_id, player_suffered_id, team_suffered_id, game_suffered_id, shot_id, turnover_id, foul_id, rebound_defensive_01, rebound_offensive_01, assist_01, blocks_01, time_out_01, x, y)VALUES(28001, 10, 1775, 1649, 24992, 6320, 1655, 24992, NULL, 2, NULL, '', '', '', '', '', 22, 48);

INSERT INTO play(id, game_id, seconds_start, seconds_end, quarter, attack_home_01, score_home, score_guest)VALUES(28002, 24992, 855, 860, 2, '1', 29, 25);
INSERT INTO player_team_game_play(player_id, team_id, game_id, play_id, seconds_start, seconds_end) VALUES(6320, 1655, 24992, 28002, 855, 860);
INSERT INTO player_team_game_play(player_id, team_id, game_id, play_id, seconds_start, seconds_end) VALUES(7449, 1655, 24992, 28002, 855, 860);
INSERT INTO player_team_game_play(player_id, team_id, game_id, play_id, seconds_start, seconds_end) VALUES(7447, 1655, 24992, 28002, 855, 860);
INSERT INTO player_team_game_play(player_id, team_id, game_id, play_id, seconds_start, seconds_end) VALUES(7049, 1655, 24992, 28002, 855, 860);
INSERT INTO player_team_game_play(player_id, team_id, game_id, play_id, seconds_start, seconds_end) VALUES(7450, 1655, 24992, 28002, 855, 860);
INSERT INTO player_team_game_play(player_id, team_id, game_id, play_id, seconds_start, seconds_end) VALUES(5150, 1649, 24992, 28002, 855, 860);
INSERT INTO player_team_game_play(player_id, team_id, game_id, play_id, seconds_start, seconds_end) VALUES(3176, 1649, 24992, 28002, 855, 860);
INSERT INTO player_team_game_play(player_id, team_id, game_id, play_id, seconds_start, seconds_end) VALUES(6138, 1649, 24992, 28002, 855, 860);
INSERT INTO player_team_game_play(player_id, team_id, game_id, play_id, seconds_start, seconds_end) VALUES(7406, 1649, 24992, 28002, 855, 860);
INSERT INTO player_team_game_play(player_id, team_id, game_id, play_id, seconds_start, seconds_end) VALUES(1775, 1649, 24992, 28002, 855, 860);
INSERT INTO lba.sub_play (play_id, seconds_da_start, player_made_id, team_made_id, game_made_id, player_suffered_id, team_suffered_id, game_suffered_id, shot_id, turnover_id, foul_id, rebound_defensive_01, rebound_offensive_01, assist_01, blocks_01, time_out_01, x, y)VALUES(28002, 5, 6320, 1655, 24992, NULL, NULL, NULL, 2, NULL, NULL, '', '', '', '', '', 95, 48);
INSERT INTO lba.sub_play (play_id, seconds_da_start, player_made_id, team_made_id, game_made_id, player_suffered_id, team_suffered_id, game_suffered_id, shot_id, turnover_id, foul_id, rebound_defensive_01, rebound_offensive_01, assist_01, blocks_01, time_out_01, x, y)VALUES(28002, 5, 1775, 1649, 24992, 6320, 1655, 24992, NULL, NULL, NULL, '', '', '', '1', '', 95, 48);
INSERT INTO lba.sub_play (play_id, seconds_da_start, player_made_id, team_made_id, game_made_id, player_suffered_id, team_suffered_id, game_suffered_id, shot_id, turnover_id, foul_id, rebound_defensive_01, rebound_offensive_01, assist_01, blocks_01, time_out_01, x, y)VALUES(28002, 5, 6138, 1649, 24992, NULL, NULL, NULL, NULL, NULL, NULL, '1', '', '', '', '', 95, 48);

INSERT INTO play(id, game_id, seconds_start, seconds_end, quarter, attack_home_01, score_home, score_guest)VALUES(28003, 24992, 860, 879, 2, '0', 29, 25);
INSERT INTO player_team_game_play(player_id, team_id, game_id, play_id, seconds_start, seconds_end) VALUES(6320, 1655, 24992, 28003, 860, 879);
INSERT INTO player_team_game_play(player_id, team_id, game_id, play_id, seconds_start, seconds_end) VALUES(7449, 1655, 24992, 28003, 860, 879);
INSERT INTO player_team_game_play(player_id, team_id, game_id, play_id, seconds_start, seconds_end) VALUES(7447, 1655, 24992, 28003, 860, 879);
INSERT INTO player_team_game_play(player_id, team_id, game_id, play_id, seconds_start, seconds_end) VALUES(7049, 1655, 24992, 28003, 860, 879);
INSERT INTO player_team_game_play(player_id, team_id, game_id, play_id, seconds_start, seconds_end) VALUES(7450, 1655, 24992, 28003, 860, 879);
INSERT INTO player_team_game_play(player_id, team_id, game_id, play_id, seconds_start, seconds_end) VALUES(5150, 1649, 24992, 28003, 860, 879);
INSERT INTO player_team_game_play(player_id, team_id, game_id, play_id, seconds_start, seconds_end) VALUES(3176, 1649, 24992, 28003, 860, 879);
INSERT INTO player_team_game_play(player_id, team_id, game_id, play_id, seconds_start, seconds_end) VALUES(6138, 1649, 24992, 28003, 860, 879);
INSERT INTO player_team_game_play(player_id, team_id, game_id, play_id, seconds_start, seconds_end) VALUES(7406, 1649, 24992, 28003, 860, 879);
INSERT INTO player_team_game_play(player_id, team_id, game_id, play_id, seconds_start, seconds_end) VALUES(1775, 1649, 24992, 28003, 860, 879);
UPDATE player_team_game_play SET seconds_end = 861 WHERE player_id = 6320 AND game_id = 24992 AND play_id = 28003;
UPDATE player_team_game_play SET seconds_end = 861 WHERE player_id = 7449 AND game_id = 24992 AND play_id = 28003;
UPDATE player_team_game_play SET seconds_end = 861 WHERE player_id = 7049 AND game_id = 24992 AND play_id = 28003;
INSERT INTO player_team_game_play(player_id, team_id, game_id, play_id, seconds_start, seconds_end) VALUES(7448, 1655, 24992, 28003, 861, 879);
INSERT INTO player_team_game_play(player_id, team_id, game_id, play_id, seconds_start, seconds_end) VALUES(378, 1655, 24992, 28003, 861, 879);
INSERT INTO player_team_game_play(player_id, team_id, game_id, play_id, seconds_start, seconds_end) VALUES(2148, 1655, 24992, 28003, 861, 879);
UPDATE player_team_game_play SET seconds_end = 861 WHERE player_id = 1775 AND game_id = 24992 AND play_id = 28003;
INSERT INTO player_team_game_play(player_id, team_id, game_id, play_id, seconds_start, seconds_end) VALUES(7015, 1649, 24992, 28003, 861, 879);
INSERT INTO lba.sub_play (play_id, seconds_da_start, player_made_id, team_made_id, game_made_id, player_suffered_id, team_suffered_id, game_suffered_id, shot_id, turnover_id, foul_id, rebound_defensive_01, rebound_offensive_01, assist_01, blocks_01, time_out_01, x, y)VALUES(28003, 1, 7049, 1655, 24992, 6138, 1649, 24992, NULL, NULL, 1, '', '', '', '', '', 78, 64);
INSERT INTO lba.sub_play (play_id, seconds_da_start, player_made_id, team_made_id, game_made_id, player_suffered_id, team_suffered_id, game_suffered_id, shot_id, turnover_id, foul_id, rebound_defensive_01, rebound_offensive_01, assist_01, blocks_01, time_out_01, x, y)VALUES(28003, 19, 3176, 1649, 24992, NULL, NULL, NULL, 4, NULL, NULL, '', '', '', '', '', 18, 95);
INSERT INTO lba.sub_play (play_id, seconds_da_start, player_made_id, team_made_id, game_made_id, player_suffered_id, team_suffered_id, game_suffered_id, shot_id, turnover_id, foul_id, rebound_defensive_01, rebound_offensive_01, assist_01, blocks_01, time_out_01, x, y)VALUES(28003, 19, 378, 1655, 24992, NULL, NULL, NULL, NULL, NULL, NULL, '1', '', '', '', '', 18, 95);

INSERT INTO play(id, game_id, seconds_start, seconds_end, quarter, attack_home_01, score_home, score_guest)VALUES(28004, 24992, 879, 893, 2, '1', 31, 25);
INSERT INTO player_team_game_play(player_id, team_id, game_id, play_id, seconds_start, seconds_end) VALUES(2148, 1655, 24992, 28004, 879, 893);
INSERT INTO player_team_game_play(player_id, team_id, game_id, play_id, seconds_start, seconds_end) VALUES(7447, 1655, 24992, 28004, 879, 893);
INSERT INTO player_team_game_play(player_id, team_id, game_id, play_id, seconds_start, seconds_end) VALUES(7448, 1655, 24992, 28004, 879, 893);
INSERT INTO player_team_game_play(player_id, team_id, game_id, play_id, seconds_start, seconds_end) VALUES(7450, 1655, 24992, 28004, 879, 893);
INSERT INTO player_team_game_play(player_id, team_id, game_id, play_id, seconds_start, seconds_end) VALUES(378, 1655, 24992, 28004, 879, 893);
INSERT INTO player_team_game_play(player_id, team_id, game_id, play_id, seconds_start, seconds_end) VALUES(7015, 1649, 24992, 28004, 879, 893);
INSERT INTO player_team_game_play(player_id, team_id, game_id, play_id, seconds_start, seconds_end) VALUES(3176, 1649, 24992, 28004, 879, 893);
INSERT INTO player_team_game_play(player_id, team_id, game_id, play_id, seconds_start, seconds_end) VALUES(5150, 1649, 24992, 28004, 879, 893);
INSERT INTO player_team_game_play(player_id, team_id, game_id, play_id, seconds_start, seconds_end) VALUES(6138, 1649, 24992, 28004, 879, 893);
INSERT INTO player_team_game_play(player_id, team_id, game_id, play_id, seconds_start, seconds_end) VALUES(7406, 1649, 24992, 28004, 879, 893);
INSERT INTO lba.sub_play (play_id, seconds_da_start, player_made_id, team_made_id, game_made_id, player_suffered_id, team_suffered_id, game_suffered_id, shot_id, turnover_id, foul_id, rebound_defensive_01, rebound_offensive_01, assist_01, blocks_01, time_out_01, x, y)VALUES(28004, 14, 7448, 1655, 24992, NULL, NULL, NULL, 1, NULL, NULL, '', '', '', '', '', 94, 47);

INSERT INTO play(id, game_id, seconds_start, seconds_end, quarter, attack_home_01, score_home, score_guest)VALUES(28005, 24992, 893, 908, 2, '0', 31, 25);
INSERT INTO player_team_game_play(player_id, team_id, game_id, play_id, seconds_start, seconds_end) VALUES(2148, 1655, 24992, 28005, 893, 908);
INSERT INTO player_team_game_play(player_id, team_id, game_id, play_id, seconds_start, seconds_end) VALUES(7447, 1655, 24992, 28005, 893, 908);
INSERT INTO player_team_game_play(player_id, team_id, game_id, play_id, seconds_start, seconds_end) VALUES(7448, 1655, 24992, 28005, 893, 908);
INSERT INTO player_team_game_play(player_id, team_id, game_id, play_id, seconds_start, seconds_end) VALUES(7450, 1655, 24992, 28005, 893, 908);
INSERT INTO player_team_game_play(player_id, team_id, game_id, play_id, seconds_start, seconds_end) VALUES(378, 1655, 24992, 28005, 893, 908);
INSERT INTO player_team_game_play(player_id, team_id, game_id, play_id, seconds_start, seconds_end) VALUES(7015, 1649, 24992, 28005, 893, 908);
INSERT INTO player_team_game_play(player_id, team_id, game_id, play_id, seconds_start, seconds_end) VALUES(3176, 1649, 24992, 28005, 893, 908);
INSERT INTO player_team_game_play(player_id, team_id, game_id, play_id, seconds_start, seconds_end) VALUES(5150, 1649, 24992, 28005, 893, 908);
INSERT INTO player_team_game_play(player_id, team_id, game_id, play_id, seconds_start, seconds_end) VALUES(6138, 1649, 24992, 28005, 893, 908);
INSERT INTO player_team_game_play(player_id, team_id, game_id, play_id, seconds_start, seconds_end) VALUES(7406, 1649, 24992, 28005, 893, 908);
INSERT INTO lba.sub_play (play_id, seconds_da_start, player_made_id, team_made_id, game_made_id, player_suffered_id, team_suffered_id, game_suffered_id, shot_id, turnover_id, foul_id, rebound_defensive_01, rebound_offensive_01, assist_01, blocks_01, time_out_01, x, y)VALUES(28005, 15, 6138, 1649, 24992, 378, 1655, 24992, NULL, 1, NULL, '', '', '', '', '', 18, 45);

INSERT INTO play(id, game_id, seconds_start, seconds_end, quarter, attack_home_01, score_home, score_guest)VALUES(28006, 24992, 908, 923, 2, '1', 31, 25);
INSERT INTO player_team_game_play(player_id, team_id, game_id, play_id, seconds_start, seconds_end) VALUES(2148, 1655, 24992, 28006, 908, 923);
INSERT INTO player_team_game_play(player_id, team_id, game_id, play_id, seconds_start, seconds_end) VALUES(7447, 1655, 24992, 28006, 908, 923);
INSERT INTO player_team_game_play(player_id, team_id, game_id, play_id, seconds_start, seconds_end) VALUES(7448, 1655, 24992, 28006, 908, 923);
INSERT INTO player_team_game_play(player_id, team_id, game_id, play_id, seconds_start, seconds_end) VALUES(7450, 1655, 24992, 28006, 908, 923);
INSERT INTO player_team_game_play(player_id, team_id, game_id, play_id, seconds_start, seconds_end) VALUES(378, 1655, 24992, 28006, 908, 923);
INSERT INTO player_team_game_play(player_id, team_id, game_id, play_id, seconds_start, seconds_end) VALUES(7015, 1649, 24992, 28006, 908, 923);
INSERT INTO player_team_game_play(player_id, team_id, game_id, play_id, seconds_start, seconds_end) VALUES(3176, 1649, 24992, 28006, 908, 923);
INSERT INTO player_team_game_play(player_id, team_id, game_id, play_id, seconds_start, seconds_end) VALUES(5150, 1649, 24992, 28006, 908, 923);
INSERT INTO player_team_game_play(player_id, team_id, game_id, play_id, seconds_start, seconds_end) VALUES(6138, 1649, 24992, 28006, 908, 923);
INSERT INTO player_team_game_play(player_id, team_id, game_id, play_id, seconds_start, seconds_end) VALUES(7406, 1649, 24992, 28006, 908, 923);
INSERT INTO lba.sub_play (play_id, seconds_da_start, player_made_id, team_made_id, game_made_id, player_suffered_id, team_suffered_id, game_suffered_id, shot_id, turnover_id, foul_id, rebound_defensive_01, rebound_offensive_01, assist_01, blocks_01, time_out_01, x, y)VALUES(28006, 15, 7448, 1655, 24992, NULL, NULL, NULL, 4, NULL, NULL, '', '', '', '', '', 69, 29);

INSERT INTO play(id, game_id, seconds_start, seconds_end, quarter, attack_home_01, score_home, score_guest)VALUES(28007, 24992, 923, 941, 2, '0', 31, 28);
INSERT INTO player_team_game_play(player_id, team_id, game_id, play_id, seconds_start, seconds_end) VALUES(2148, 1655, 24992, 28007, 923, 941);
INSERT INTO player_team_game_play(player_id, team_id, game_id, play_id, seconds_start, seconds_end) VALUES(7447, 1655, 24992, 28007, 923, 941);
INSERT INTO player_team_game_play(player_id, team_id, game_id, play_id, seconds_start, seconds_end) VALUES(7448, 1655, 24992, 28007, 923, 941);
INSERT INTO player_team_game_play(player_id, team_id, game_id, play_id, seconds_start, seconds_end) VALUES(7450, 1655, 24992, 28007, 923, 941);
INSERT INTO player_team_game_play(player_id, team_id, game_id, play_id, seconds_start, seconds_end) VALUES(378, 1655, 24992, 28007, 923, 941);
INSERT INTO player_team_game_play(player_id, team_id, game_id, play_id, seconds_start, seconds_end) VALUES(7015, 1649, 24992, 28007, 923, 941);
INSERT INTO player_team_game_play(player_id, team_id, game_id, play_id, seconds_start, seconds_end) VALUES(3176, 1649, 24992, 28007, 923, 941);
INSERT INTO player_team_game_play(player_id, team_id, game_id, play_id, seconds_start, seconds_end) VALUES(5150, 1649, 24992, 28007, 923, 941);
INSERT INTO player_team_game_play(player_id, team_id, game_id, play_id, seconds_start, seconds_end) VALUES(6138, 1649, 24992, 28007, 923, 941);
INSERT INTO player_team_game_play(player_id, team_id, game_id, play_id, seconds_start, seconds_end) VALUES(7406, 1649, 24992, 28007, 923, 941);
UPDATE player_team_game_play SET seconds_end = 925 WHERE player_id = 6138 AND game_id = 24992 AND play_id = 28007;
INSERT INTO player_team_game_play(player_id, team_id, game_id, play_id, seconds_start, seconds_end) VALUES(2103, 1649, 24992, 28007, 925, 941);
INSERT INTO lba.sub_play (play_id, seconds_da_start, player_made_id, team_made_id, game_made_id, player_suffered_id, team_suffered_id, game_suffered_id, shot_id, turnover_id, foul_id, rebound_defensive_01, rebound_offensive_01, assist_01, blocks_01, time_out_01, x, y)VALUES(28007, 18, 7406, 1649, 24992, NULL, NULL, NULL, 3, NULL, NULL, '', '', '', '', '', 21, 12);
INSERT INTO lba.sub_play (play_id, seconds_da_start, player_made_id, team_made_id, game_made_id, player_suffered_id, team_suffered_id, game_suffered_id, shot_id, turnover_id, foul_id, rebound_defensive_01, rebound_offensive_01, assist_01, blocks_01, time_out_01, x, y)VALUES(28007, 18, 7015, 1649, 24992, NULL, NULL, NULL, NULL, NULL, NULL, '', '', '1', '', '', 21, 12);

INSERT INTO play(id, game_id, seconds_start, seconds_end, quarter, attack_home_01, score_home, score_guest)VALUES(28008, 24992, 941, 957, 2, '1', 33, 28);
INSERT INTO player_team_game_play(player_id, team_id, game_id, play_id, seconds_start, seconds_end) VALUES(2148, 1655, 24992, 28008, 941, 957);
INSERT INTO player_team_game_play(player_id, team_id, game_id, play_id, seconds_start, seconds_end) VALUES(7447, 1655, 24992, 28008, 941, 957);
INSERT INTO player_team_game_play(player_id, team_id, game_id, play_id, seconds_start, seconds_end) VALUES(7448, 1655, 24992, 28008, 941, 957);
INSERT INTO player_team_game_play(player_id, team_id, game_id, play_id, seconds_start, seconds_end) VALUES(7450, 1655, 24992, 28008, 941, 957);
INSERT INTO player_team_game_play(player_id, team_id, game_id, play_id, seconds_start, seconds_end) VALUES(378, 1655, 24992, 28008, 941, 957);
INSERT INTO player_team_game_play(player_id, team_id, game_id, play_id, seconds_start, seconds_end) VALUES(2103, 1649, 24992, 28008, 941, 957);
INSERT INTO player_team_game_play(player_id, team_id, game_id, play_id, seconds_start, seconds_end) VALUES(7015, 1649, 24992, 28008, 941, 957);
INSERT INTO player_team_game_play(player_id, team_id, game_id, play_id, seconds_start, seconds_end) VALUES(3176, 1649, 24992, 28008, 941, 957);
INSERT INTO player_team_game_play(player_id, team_id, game_id, play_id, seconds_start, seconds_end) VALUES(5150, 1649, 24992, 28008, 941, 957);
INSERT INTO player_team_game_play(player_id, team_id, game_id, play_id, seconds_start, seconds_end) VALUES(7406, 1649, 24992, 28008, 941, 957);
INSERT INTO lba.sub_play (play_id, seconds_da_start, player_made_id, team_made_id, game_made_id, player_suffered_id, team_suffered_id, game_suffered_id, shot_id, turnover_id, foul_id, rebound_defensive_01, rebound_offensive_01, assist_01, blocks_01, time_out_01, x, y)VALUES(28008, 16, 7450, 1655, 24992, NULL, NULL, NULL, 1, NULL, NULL, '', '', '', '', '', 94, 32);

INSERT INTO play(id, game_id, seconds_start, seconds_end, quarter, attack_home_01, score_home, score_guest)VALUES(28009, 24992, 957, 970, 2, '0', 33, 28);
INSERT INTO player_team_game_play(player_id, team_id, game_id, play_id, seconds_start, seconds_end) VALUES(2148, 1655, 24992, 28009, 957, 970);
INSERT INTO player_team_game_play(player_id, team_id, game_id, play_id, seconds_start, seconds_end) VALUES(7447, 1655, 24992, 28009, 957, 970);
INSERT INTO player_team_game_play(player_id, team_id, game_id, play_id, seconds_start, seconds_end) VALUES(7448, 1655, 24992, 28009, 957, 970);
INSERT INTO player_team_game_play(player_id, team_id, game_id, play_id, seconds_start, seconds_end) VALUES(7450, 1655, 24992, 28009, 957, 970);
INSERT INTO player_team_game_play(player_id, team_id, game_id, play_id, seconds_start, seconds_end) VALUES(378, 1655, 24992, 28009, 957, 970);
INSERT INTO player_team_game_play(player_id, team_id, game_id, play_id, seconds_start, seconds_end) VALUES(2103, 1649, 24992, 28009, 957, 970);
INSERT INTO player_team_game_play(player_id, team_id, game_id, play_id, seconds_start, seconds_end) VALUES(7015, 1649, 24992, 28009, 957, 970);
INSERT INTO player_team_game_play(player_id, team_id, game_id, play_id, seconds_start, seconds_end) VALUES(3176, 1649, 24992, 28009, 957, 970);
INSERT INTO player_team_game_play(player_id, team_id, game_id, play_id, seconds_start, seconds_end) VALUES(5150, 1649, 24992, 28009, 957, 970);
INSERT INTO player_team_game_play(player_id, team_id, game_id, play_id, seconds_start, seconds_end) VALUES(7406, 1649, 24992, 28009, 957, 970);
INSERT INTO lba.sub_play (play_id, seconds_da_start, player_made_id, team_made_id, game_made_id, player_suffered_id, team_suffered_id, game_suffered_id, shot_id, turnover_id, foul_id, rebound_defensive_01, rebound_offensive_01, assist_01, blocks_01, time_out_01, x, y)VALUES(28009, 13, 7015, 1649, 24992, 2148, 1655, 24992, NULL, 1, NULL, '', '', '', '', '', 48, 51);

INSERT INTO play(id, game_id, seconds_start, seconds_end, quarter, attack_home_01, score_home, score_guest)VALUES(28010, 24992, 970, 977, 2, '1', 33, 28);
INSERT INTO player_team_game_play(player_id, team_id, game_id, play_id, seconds_start, seconds_end) VALUES(2148, 1655, 24992, 28010, 970, 977);
INSERT INTO player_team_game_play(player_id, team_id, game_id, play_id, seconds_start, seconds_end) VALUES(7447, 1655, 24992, 28010, 970, 977);
INSERT INTO player_team_game_play(player_id, team_id, game_id, play_id, seconds_start, seconds_end) VALUES(7448, 1655, 24992, 28010, 970, 977);
INSERT INTO player_team_game_play(player_id, team_id, game_id, play_id, seconds_start, seconds_end) VALUES(7450, 1655, 24992, 28010, 970, 977);
INSERT INTO player_team_game_play(player_id, team_id, game_id, play_id, seconds_start, seconds_end) VALUES(378, 1655, 24992, 28010, 970, 977);
INSERT INTO player_team_game_play(player_id, team_id, game_id, play_id, seconds_start, seconds_end) VALUES(2103, 1649, 24992, 28010, 970, 977);
INSERT INTO player_team_game_play(player_id, team_id, game_id, play_id, seconds_start, seconds_end) VALUES(7015, 1649, 24992, 28010, 970, 977);
INSERT INTO player_team_game_play(player_id, team_id, game_id, play_id, seconds_start, seconds_end) VALUES(3176, 1649, 24992, 28010, 970, 977);
INSERT INTO player_team_game_play(player_id, team_id, game_id, play_id, seconds_start, seconds_end) VALUES(5150, 1649, 24992, 28010, 970, 977);
INSERT INTO player_team_game_play(player_id, team_id, game_id, play_id, seconds_start, seconds_end) VALUES(7406, 1649, 24992, 28010, 970, 977);
UPDATE player_team_game_play SET seconds_end = 972 WHERE player_id = 7450 AND game_id = 24992 AND play_id = 28010;
INSERT INTO player_team_game_play(player_id, team_id, game_id, play_id, seconds_start, seconds_end) VALUES(6719, 1655, 24992, 28010, 972, 977);
INSERT INTO lba.sub_play (play_id, seconds_da_start, player_made_id, team_made_id, game_made_id, player_suffered_id, team_suffered_id, game_suffered_id, shot_id, turnover_id, foul_id, rebound_defensive_01, rebound_offensive_01, assist_01, blocks_01, time_out_01, x, y)VALUES(28010, 7, 7448, 1655, 24992, NULL, NULL, NULL, 2, NULL, NULL, '', '', '', '', '', 94, 54);
INSERT INTO lba.sub_play (play_id, seconds_da_start, player_made_id, team_made_id, game_made_id, player_suffered_id, team_suffered_id, game_suffered_id, shot_id, turnover_id, foul_id, rebound_defensive_01, rebound_offensive_01, assist_01, blocks_01, time_out_01, x, y)VALUES(28010, 7, 3176, 1649, 24992, 7448, 1655, 24992, NULL, NULL, NULL, '', '', '', '1', '', 94, 54);
INSERT INTO lba.sub_play (play_id, seconds_da_start, player_made_id, team_made_id, game_made_id, player_suffered_id, team_suffered_id, game_suffered_id, shot_id, turnover_id, foul_id, rebound_defensive_01, rebound_offensive_01, assist_01, blocks_01, time_out_01, x, y)VALUES(28010, 7, 3176, 1649, 24992, NULL, NULL, NULL, NULL, NULL, NULL, '1', '', '', '', '', 94, 54);

INSERT INTO play(id, game_id, seconds_start, seconds_end, quarter, attack_home_01, score_home, score_guest)VALUES(28011, 24992, 977, 982, 2, '0', 33, 28);
INSERT INTO player_team_game_play(player_id, team_id, game_id, play_id, seconds_start, seconds_end) VALUES(2148, 1655, 24992, 28011, 977, 982);
INSERT INTO player_team_game_play(player_id, team_id, game_id, play_id, seconds_start, seconds_end) VALUES(7447, 1655, 24992, 28011, 977, 982);
INSERT INTO player_team_game_play(player_id, team_id, game_id, play_id, seconds_start, seconds_end) VALUES(7448, 1655, 24992, 28011, 977, 982);
INSERT INTO player_team_game_play(player_id, team_id, game_id, play_id, seconds_start, seconds_end) VALUES(378, 1655, 24992, 28011, 977, 982);
INSERT INTO player_team_game_play(player_id, team_id, game_id, play_id, seconds_start, seconds_end) VALUES(6719, 1655, 24992, 28011, 977, 982);
INSERT INTO player_team_game_play(player_id, team_id, game_id, play_id, seconds_start, seconds_end) VALUES(2103, 1649, 24992, 28011, 977, 982);
INSERT INTO player_team_game_play(player_id, team_id, game_id, play_id, seconds_start, seconds_end) VALUES(7015, 1649, 24992, 28011, 977, 982);
INSERT INTO player_team_game_play(player_id, team_id, game_id, play_id, seconds_start, seconds_end) VALUES(3176, 1649, 24992, 28011, 977, 982);
INSERT INTO player_team_game_play(player_id, team_id, game_id, play_id, seconds_start, seconds_end) VALUES(5150, 1649, 24992, 28011, 977, 982);
INSERT INTO player_team_game_play(player_id, team_id, game_id, play_id, seconds_start, seconds_end) VALUES(7406, 1649, 24992, 28011, 977, 982);
INSERT INTO lba.sub_play (play_id, seconds_da_start, player_made_id, team_made_id, game_made_id, player_suffered_id, team_suffered_id, game_suffered_id, shot_id, turnover_id, foul_id, rebound_defensive_01, rebound_offensive_01, assist_01, blocks_01, time_out_01, x, y)VALUES(28011, 5, 7015, 1649, 24992, NULL, NULL, NULL, 4, NULL, NULL, '', '', '', '', '', 17, 7);

INSERT INTO play(id, game_id, seconds_start, seconds_end, quarter, attack_home_01, score_home, score_guest)VALUES(28012, 24992, 982, 1003, 2, '1', 33, 28);
INSERT INTO player_team_game_play(player_id, team_id, game_id, play_id, seconds_start, seconds_end) VALUES(2148, 1655, 24992, 28012, 982, 1003);
INSERT INTO player_team_game_play(player_id, team_id, game_id, play_id, seconds_start, seconds_end) VALUES(7447, 1655, 24992, 28012, 982, 1003);
INSERT INTO player_team_game_play(player_id, team_id, game_id, play_id, seconds_start, seconds_end) VALUES(7448, 1655, 24992, 28012, 982, 1003);
INSERT INTO player_team_game_play(player_id, team_id, game_id, play_id, seconds_start, seconds_end) VALUES(378, 1655, 24992, 28012, 982, 1003);
INSERT INTO player_team_game_play(player_id, team_id, game_id, play_id, seconds_start, seconds_end) VALUES(6719, 1655, 24992, 28012, 982, 1003);
INSERT INTO player_team_game_play(player_id, team_id, game_id, play_id, seconds_start, seconds_end) VALUES(2103, 1649, 24992, 28012, 982, 1003);
INSERT INTO player_team_game_play(player_id, team_id, game_id, play_id, seconds_start, seconds_end) VALUES(7015, 1649, 24992, 28012, 982, 1003);
INSERT INTO player_team_game_play(player_id, team_id, game_id, play_id, seconds_start, seconds_end) VALUES(3176, 1649, 24992, 28012, 982, 1003);
INSERT INTO player_team_game_play(player_id, team_id, game_id, play_id, seconds_start, seconds_end) VALUES(5150, 1649, 24992, 28012, 982, 1003);
INSERT INTO player_team_game_play(player_id, team_id, game_id, play_id, seconds_start, seconds_end) VALUES(7406, 1649, 24992, 28012, 982, 1003);
INSERT INTO lba.sub_play (play_id, seconds_da_start, player_made_id, team_made_id, game_made_id, player_suffered_id, team_suffered_id, game_suffered_id, shot_id, turnover_id, foul_id, rebound_defensive_01, rebound_offensive_01, assist_01, blocks_01, time_out_01, x, y)VALUES(28012, 21, 6719, 1655, 24992, NULL, NULL, NULL, 4, NULL, NULL, '', '', '', '', '', 91, 3);
INSERT INTO lba.sub_play (play_id, seconds_da_start, player_made_id, team_made_id, game_made_id, player_suffered_id, team_suffered_id, game_suffered_id, shot_id, turnover_id, foul_id, rebound_defensive_01, rebound_offensive_01, assist_01, blocks_01, time_out_01, x, y)VALUES(28012, 21, 7406, 1649, 24992, NULL, NULL, NULL, NULL, NULL, NULL, '1', '', '', '', '', 91, 3);

INSERT INTO play(id, game_id, seconds_start, seconds_end, quarter, attack_home_01, score_home, score_guest)VALUES(28013, 24992, 1003, 1033, 2, '1', 35, 30);
INSERT INTO player_team_game_play(player_id, team_id, game_id, play_id, seconds_start, seconds_end) VALUES(2148, 1655, 24992, 28013, 1003, 1033);
INSERT INTO player_team_game_play(player_id, team_id, game_id, play_id, seconds_start, seconds_end) VALUES(7447, 1655, 24992, 28013, 1003, 1033);
INSERT INTO player_team_game_play(player_id, team_id, game_id, play_id, seconds_start, seconds_end) VALUES(7448, 1655, 24992, 28013, 1003, 1033);
INSERT INTO player_team_game_play(player_id, team_id, game_id, play_id, seconds_start, seconds_end) VALUES(378, 1655, 24992, 28013, 1003, 1033);
INSERT INTO player_team_game_play(player_id, team_id, game_id, play_id, seconds_start, seconds_end) VALUES(6719, 1655, 24992, 28013, 1003, 1033);
INSERT INTO player_team_game_play(player_id, team_id, game_id, play_id, seconds_start, seconds_end) VALUES(2103, 1649, 24992, 28013, 1003, 1033);
INSERT INTO player_team_game_play(player_id, team_id, game_id, play_id, seconds_start, seconds_end) VALUES(7015, 1649, 24992, 28013, 1003, 1033);
INSERT INTO player_team_game_play(player_id, team_id, game_id, play_id, seconds_start, seconds_end) VALUES(3176, 1649, 24992, 28013, 1003, 1033);
INSERT INTO player_team_game_play(player_id, team_id, game_id, play_id, seconds_start, seconds_end) VALUES(5150, 1649, 24992, 28013, 1003, 1033);
INSERT INTO player_team_game_play(player_id, team_id, game_id, play_id, seconds_start, seconds_end) VALUES(7406, 1649, 24992, 28013, 1003, 1033);
UPDATE player_team_game_play SET seconds_end = 1023 WHERE player_id = 5150 AND game_id = 24992 AND play_id = 28013;
INSERT INTO player_team_game_play(player_id, team_id, game_id, play_id, seconds_start, seconds_end) VALUES(7405, 1649, 24992, 28013, 1023, 1033);
INSERT INTO lba.sub_play (play_id, seconds_da_start, player_made_id, team_made_id, game_made_id, player_suffered_id, team_suffered_id, game_suffered_id, shot_id, turnover_id, foul_id, rebound_defensive_01, rebound_offensive_01, assist_01, blocks_01, time_out_01, x, y)VALUES(28013, 15, 7406, 1649, 24992, NULL, NULL, NULL, 1, NULL, NULL, '', '', '', '', '', 10, 58);
INSERT INTO lba.sub_play (play_id, seconds_da_start, player_made_id, team_made_id, game_made_id, player_suffered_id, team_suffered_id, game_suffered_id, shot_id, turnover_id, foul_id, rebound_defensive_01, rebound_offensive_01, assist_01, blocks_01, time_out_01, x, y)VALUES(28013, 20, 2103, 1649, 24992, 7448, 1655, 24992, NULL, NULL, 1, '', '', '', '', '', 72, 17);
INSERT INTO lba.sub_play (play_id, seconds_da_start, player_made_id, team_made_id, game_made_id, player_suffered_id, team_suffered_id, game_suffered_id, shot_id, turnover_id, foul_id, rebound_defensive_01, rebound_offensive_01, assist_01, blocks_01, time_out_01, x, y)VALUES(28013, 30, 7448, 1655, 24992, NULL, NULL, NULL, 1, NULL, NULL, '', '', '', '', '', 94, 46);
INSERT INTO lba.sub_play (play_id, seconds_da_start, player_made_id, team_made_id, game_made_id, player_suffered_id, team_suffered_id, game_suffered_id, shot_id, turnover_id, foul_id, rebound_defensive_01, rebound_offensive_01, assist_01, blocks_01, time_out_01, x, y)VALUES(28013, 30, 378, 1655, 24992, NULL, NULL, NULL, NULL, NULL, NULL, '', '', '1', '', '', 94, 46);

INSERT INTO play(id, game_id, seconds_start, seconds_end, quarter, attack_home_01, score_home, score_guest)VALUES(28014, 24992, 1033, 1048, 2, '0', 35, 32);
INSERT INTO player_team_game_play(player_id, team_id, game_id, play_id, seconds_start, seconds_end) VALUES(2148, 1655, 24992, 28014, 1033, 1048);
INSERT INTO player_team_game_play(player_id, team_id, game_id, play_id, seconds_start, seconds_end) VALUES(7447, 1655, 24992, 28014, 1033, 1048);
INSERT INTO player_team_game_play(player_id, team_id, game_id, play_id, seconds_start, seconds_end) VALUES(7448, 1655, 24992, 28014, 1033, 1048);
INSERT INTO player_team_game_play(player_id, team_id, game_id, play_id, seconds_start, seconds_end) VALUES(378, 1655, 24992, 28014, 1033, 1048);
INSERT INTO player_team_game_play(player_id, team_id, game_id, play_id, seconds_start, seconds_end) VALUES(6719, 1655, 24992, 28014, 1033, 1048);
INSERT INTO player_team_game_play(player_id, team_id, game_id, play_id, seconds_start, seconds_end) VALUES(2103, 1649, 24992, 28014, 1033, 1048);
INSERT INTO player_team_game_play(player_id, team_id, game_id, play_id, seconds_start, seconds_end) VALUES(7015, 1649, 24992, 28014, 1033, 1048);
INSERT INTO player_team_game_play(player_id, team_id, game_id, play_id, seconds_start, seconds_end) VALUES(3176, 1649, 24992, 28014, 1033, 1048);
INSERT INTO player_team_game_play(player_id, team_id, game_id, play_id, seconds_start, seconds_end) VALUES(7405, 1649, 24992, 28014, 1033, 1048);
INSERT INTO player_team_game_play(player_id, team_id, game_id, play_id, seconds_start, seconds_end) VALUES(7406, 1649, 24992, 28014, 1033, 1048);
INSERT INTO lba.sub_play (play_id, seconds_da_start, player_made_id, team_made_id, game_made_id, player_suffered_id, team_suffered_id, game_suffered_id, shot_id, turnover_id, foul_id, rebound_defensive_01, rebound_offensive_01, assist_01, blocks_01, time_out_01, x, y)VALUES(28014, 15, 2103, 1649, 24992, NULL, NULL, NULL, 1, NULL, NULL, '', '', '', '', '', 6, 46);
INSERT INTO lba.sub_play (play_id, seconds_da_start, player_made_id, team_made_id, game_made_id, player_suffered_id, team_suffered_id, game_suffered_id, shot_id, turnover_id, foul_id, rebound_defensive_01, rebound_offensive_01, assist_01, blocks_01, time_out_01, x, y)VALUES(28014, 15, 3176, 1649, 24992, NULL, NULL, NULL, NULL, NULL, NULL, '', '', '1', '', '', 6, 46);

INSERT INTO play(id, game_id, seconds_start, seconds_end, quarter, attack_home_01, score_home, score_guest)VALUES(28015, 24992, 1048, 1060, 2, '1', 35, 32);
INSERT INTO player_team_game_play(player_id, team_id, game_id, play_id, seconds_start, seconds_end) VALUES(2148, 1655, 24992, 28015, 1048, 1060);
INSERT INTO player_team_game_play(player_id, team_id, game_id, play_id, seconds_start, seconds_end) VALUES(7447, 1655, 24992, 28015, 1048, 1060);
INSERT INTO player_team_game_play(player_id, team_id, game_id, play_id, seconds_start, seconds_end) VALUES(7448, 1655, 24992, 28015, 1048, 1060);
INSERT INTO player_team_game_play(player_id, team_id, game_id, play_id, seconds_start, seconds_end) VALUES(378, 1655, 24992, 28015, 1048, 1060);
INSERT INTO player_team_game_play(player_id, team_id, game_id, play_id, seconds_start, seconds_end) VALUES(6719, 1655, 24992, 28015, 1048, 1060);
INSERT INTO player_team_game_play(player_id, team_id, game_id, play_id, seconds_start, seconds_end) VALUES(2103, 1649, 24992, 28015, 1048, 1060);
INSERT INTO player_team_game_play(player_id, team_id, game_id, play_id, seconds_start, seconds_end) VALUES(7015, 1649, 24992, 28015, 1048, 1060);
INSERT INTO player_team_game_play(player_id, team_id, game_id, play_id, seconds_start, seconds_end) VALUES(3176, 1649, 24992, 28015, 1048, 1060);
INSERT INTO player_team_game_play(player_id, team_id, game_id, play_id, seconds_start, seconds_end) VALUES(7405, 1649, 24992, 28015, 1048, 1060);
INSERT INTO player_team_game_play(player_id, team_id, game_id, play_id, seconds_start, seconds_end) VALUES(7406, 1649, 24992, 28015, 1048, 1060);
INSERT INTO lba.sub_play (play_id, seconds_da_start, player_made_id, team_made_id, game_made_id, player_suffered_id, team_suffered_id, game_suffered_id, shot_id, turnover_id, foul_id, rebound_defensive_01, rebound_offensive_01, assist_01, blocks_01, time_out_01, x, y)VALUES(28015, 12, 2148, 1655, 24992, 7405, 1649, 24992, NULL, 2, NULL, '', '', '', '', '', 80, 49);

INSERT INTO play(id, game_id, seconds_start, seconds_end, quarter, attack_home_01, score_home, score_guest)VALUES(28016, 24992, 1060, 1077, 2, '0', 35, 32);
INSERT INTO player_team_game_play(player_id, team_id, game_id, play_id, seconds_start, seconds_end) VALUES(2148, 1655, 24992, 28016, 1060, 1077);
INSERT INTO player_team_game_play(player_id, team_id, game_id, play_id, seconds_start, seconds_end) VALUES(7447, 1655, 24992, 28016, 1060, 1077);
INSERT INTO player_team_game_play(player_id, team_id, game_id, play_id, seconds_start, seconds_end) VALUES(7448, 1655, 24992, 28016, 1060, 1077);
INSERT INTO player_team_game_play(player_id, team_id, game_id, play_id, seconds_start, seconds_end) VALUES(378, 1655, 24992, 28016, 1060, 1077);
INSERT INTO player_team_game_play(player_id, team_id, game_id, play_id, seconds_start, seconds_end) VALUES(6719, 1655, 24992, 28016, 1060, 1077);
INSERT INTO player_team_game_play(player_id, team_id, game_id, play_id, seconds_start, seconds_end) VALUES(2103, 1649, 24992, 28016, 1060, 1077);
INSERT INTO player_team_game_play(player_id, team_id, game_id, play_id, seconds_start, seconds_end) VALUES(7015, 1649, 24992, 28016, 1060, 1077);
INSERT INTO player_team_game_play(player_id, team_id, game_id, play_id, seconds_start, seconds_end) VALUES(3176, 1649, 24992, 28016, 1060, 1077);
INSERT INTO player_team_game_play(player_id, team_id, game_id, play_id, seconds_start, seconds_end) VALUES(7405, 1649, 24992, 28016, 1060, 1077);
INSERT INTO player_team_game_play(player_id, team_id, game_id, play_id, seconds_start, seconds_end) VALUES(7406, 1649, 24992, 28016, 1060, 1077);
UPDATE player_team_game_play SET seconds_end = 1074 WHERE player_id = 7447 AND game_id = 24992 AND play_id = 28016;
INSERT INTO player_team_game_play(player_id, team_id, game_id, play_id, seconds_start, seconds_end) VALUES(6320, 1655, 24992, 28016, 1074, 1077);
INSERT INTO lba.sub_play (play_id, seconds_da_start, player_made_id, team_made_id, game_made_id, player_suffered_id, team_suffered_id, game_suffered_id, shot_id, turnover_id, foul_id, rebound_defensive_01, rebound_offensive_01, assist_01, blocks_01, time_out_01, x, y)VALUES(28016, 12, 7405, 1649, 24992, NULL, NULL, NULL, 2, NULL, NULL, '', '', '', '', '', 6, 53);
INSERT INTO lba.sub_play (play_id, seconds_da_start, player_made_id, team_made_id, game_made_id, player_suffered_id, team_suffered_id, game_suffered_id, shot_id, turnover_id, foul_id, rebound_defensive_01, rebound_offensive_01, assist_01, blocks_01, time_out_01, x, y)VALUES(28016, 12, 378, 1655, 24992, 7405, 1649, 24992, NULL, NULL, NULL, '', '', '', '1', '', 6, 53);
INSERT INTO lba.sub_play (play_id, seconds_da_start, player_made_id, team_made_id, game_made_id, player_suffered_id, team_suffered_id, game_suffered_id, shot_id, turnover_id, foul_id, rebound_defensive_01, rebound_offensive_01, assist_01, blocks_01, time_out_01, x, y)VALUES(28016, 17, 7406, 1649, 24992, NULL, NULL, NULL, 4, NULL, NULL, '', '', '', '', '', 17, 5);
INSERT INTO lba.sub_play (play_id, seconds_da_start, player_made_id, team_made_id, game_made_id, player_suffered_id, team_suffered_id, game_suffered_id, shot_id, turnover_id, foul_id, rebound_defensive_01, rebound_offensive_01, assist_01, blocks_01, time_out_01, x, y)VALUES(28016, 17, 6320, 1655, 24992, NULL, NULL, NULL, NULL, NULL, NULL, '1', '', '', '', '', 17, 5);

INSERT INTO play(id, game_id, seconds_start, seconds_end, quarter, attack_home_01, score_home, score_guest)VALUES(28017, 24992, 1077, 1098, 2, '1', 35, 32);
INSERT INTO player_team_game_play(player_id, team_id, game_id, play_id, seconds_start, seconds_end) VALUES(6320, 1655, 24992, 28017, 1077, 1098);
INSERT INTO player_team_game_play(player_id, team_id, game_id, play_id, seconds_start, seconds_end) VALUES(2148, 1655, 24992, 28017, 1077, 1098);
INSERT INTO player_team_game_play(player_id, team_id, game_id, play_id, seconds_start, seconds_end) VALUES(7448, 1655, 24992, 28017, 1077, 1098);
INSERT INTO player_team_game_play(player_id, team_id, game_id, play_id, seconds_start, seconds_end) VALUES(378, 1655, 24992, 28017, 1077, 1098);
INSERT INTO player_team_game_play(player_id, team_id, game_id, play_id, seconds_start, seconds_end) VALUES(6719, 1655, 24992, 28017, 1077, 1098);
INSERT INTO player_team_game_play(player_id, team_id, game_id, play_id, seconds_start, seconds_end) VALUES(2103, 1649, 24992, 28017, 1077, 1098);
INSERT INTO player_team_game_play(player_id, team_id, game_id, play_id, seconds_start, seconds_end) VALUES(7015, 1649, 24992, 28017, 1077, 1098);
INSERT INTO player_team_game_play(player_id, team_id, game_id, play_id, seconds_start, seconds_end) VALUES(3176, 1649, 24992, 28017, 1077, 1098);
INSERT INTO player_team_game_play(player_id, team_id, game_id, play_id, seconds_start, seconds_end) VALUES(7405, 1649, 24992, 28017, 1077, 1098);
INSERT INTO player_team_game_play(player_id, team_id, game_id, play_id, seconds_start, seconds_end) VALUES(7406, 1649, 24992, 28017, 1077, 1098);
INSERT INTO lba.sub_play (play_id, seconds_da_start, player_made_id, team_made_id, game_made_id, player_suffered_id, team_suffered_id, game_suffered_id, shot_id, turnover_id, foul_id, rebound_defensive_01, rebound_offensive_01, assist_01, blocks_01, time_out_01, x, y)VALUES(28017, 21, 6320, 1655, 24992, NULL, NULL, NULL, NULL, 4, NULL, '', '', '', '', '', 72, 50);

INSERT INTO play(id, game_id, seconds_start, seconds_end, quarter, attack_home_01, score_home, score_guest)VALUES(28018, 24992, 1098, 1121, 2, '0', 35, 32);
INSERT INTO player_team_game_play(player_id, team_id, game_id, play_id, seconds_start, seconds_end) VALUES(6320, 1655, 24992, 28018, 1098, 1121);
INSERT INTO player_team_game_play(player_id, team_id, game_id, play_id, seconds_start, seconds_end) VALUES(2148, 1655, 24992, 28018, 1098, 1121);
INSERT INTO player_team_game_play(player_id, team_id, game_id, play_id, seconds_start, seconds_end) VALUES(7448, 1655, 24992, 28018, 1098, 1121);
INSERT INTO player_team_game_play(player_id, team_id, game_id, play_id, seconds_start, seconds_end) VALUES(378, 1655, 24992, 28018, 1098, 1121);
INSERT INTO player_team_game_play(player_id, team_id, game_id, play_id, seconds_start, seconds_end) VALUES(6719, 1655, 24992, 28018, 1098, 1121);
INSERT INTO player_team_game_play(player_id, team_id, game_id, play_id, seconds_start, seconds_end) VALUES(2103, 1649, 24992, 28018, 1098, 1121);
INSERT INTO player_team_game_play(player_id, team_id, game_id, play_id, seconds_start, seconds_end) VALUES(7015, 1649, 24992, 28018, 1098, 1121);
INSERT INTO player_team_game_play(player_id, team_id, game_id, play_id, seconds_start, seconds_end) VALUES(3176, 1649, 24992, 28018, 1098, 1121);
INSERT INTO player_team_game_play(player_id, team_id, game_id, play_id, seconds_start, seconds_end) VALUES(7405, 1649, 24992, 28018, 1098, 1121);
INSERT INTO player_team_game_play(player_id, team_id, game_id, play_id, seconds_start, seconds_end) VALUES(7406, 1649, 24992, 28018, 1098, 1121);
INSERT INTO lba.sub_play (play_id, seconds_da_start, player_made_id, team_made_id, game_made_id, player_suffered_id, team_suffered_id, game_suffered_id, shot_id, turnover_id, foul_id, rebound_defensive_01, rebound_offensive_01, assist_01, blocks_01, time_out_01, x, y)VALUES(28018, 17, 7405, 1649, 24992, NULL, NULL, NULL, 2, NULL, NULL, '', '', '', '', '', 8, 52);
INSERT INTO lba.sub_play (play_id, seconds_da_start, player_made_id, team_made_id, game_made_id, player_suffered_id, team_suffered_id, game_suffered_id, shot_id, turnover_id, foul_id, rebound_defensive_01, rebound_offensive_01, assist_01, blocks_01, time_out_01, x, y)VALUES(28018, 17, 7405, 1649, 24992, NULL, NULL, NULL, NULL, NULL, NULL, '', '1', '', '', '', 8, 52);
INSERT INTO lba.sub_play (play_id, seconds_da_start, player_made_id, team_made_id, game_made_id, player_suffered_id, team_suffered_id, game_suffered_id, shot_id, turnover_id, foul_id, rebound_defensive_01, rebound_offensive_01, assist_01, blocks_01, time_out_01, x, y)VALUES(28018, 23, 7406, 1649, 24992, NULL, NULL, NULL, 4, NULL, NULL, '', '', '', '', '', 14, 94);
INSERT INTO lba.sub_play (play_id, seconds_da_start, player_made_id, team_made_id, game_made_id, player_suffered_id, team_suffered_id, game_suffered_id, shot_id, turnover_id, foul_id, rebound_defensive_01, rebound_offensive_01, assist_01, blocks_01, time_out_01, x, y)VALUES(28018, 23, 378, 1655, 24992, NULL, NULL, NULL, NULL, NULL, NULL, '1', '', '', '', '', 14, 94);

INSERT INTO play(id, game_id, seconds_start, seconds_end, quarter, attack_home_01, score_home, score_guest)VALUES(28019, 24992, 1121, 1151, 2, '1', 37, 32);
INSERT INTO player_team_game_play(player_id, team_id, game_id, play_id, seconds_start, seconds_end) VALUES(6320, 1655, 24992, 28019, 1121, 1151);
INSERT INTO player_team_game_play(player_id, team_id, game_id, play_id, seconds_start, seconds_end) VALUES(2148, 1655, 24992, 28019, 1121, 1151);
INSERT INTO player_team_game_play(player_id, team_id, game_id, play_id, seconds_start, seconds_end) VALUES(7448, 1655, 24992, 28019, 1121, 1151);
INSERT INTO player_team_game_play(player_id, team_id, game_id, play_id, seconds_start, seconds_end) VALUES(378, 1655, 24992, 28019, 1121, 1151);
INSERT INTO player_team_game_play(player_id, team_id, game_id, play_id, seconds_start, seconds_end) VALUES(6719, 1655, 24992, 28019, 1121, 1151);
INSERT INTO player_team_game_play(player_id, team_id, game_id, play_id, seconds_start, seconds_end) VALUES(2103, 1649, 24992, 28019, 1121, 1151);
INSERT INTO player_team_game_play(player_id, team_id, game_id, play_id, seconds_start, seconds_end) VALUES(7015, 1649, 24992, 28019, 1121, 1151);
INSERT INTO player_team_game_play(player_id, team_id, game_id, play_id, seconds_start, seconds_end) VALUES(3176, 1649, 24992, 28019, 1121, 1151);
INSERT INTO player_team_game_play(player_id, team_id, game_id, play_id, seconds_start, seconds_end) VALUES(7405, 1649, 24992, 28019, 1121, 1151);
INSERT INTO player_team_game_play(player_id, team_id, game_id, play_id, seconds_start, seconds_end) VALUES(7406, 1649, 24992, 28019, 1121, 1151);
UPDATE player_team_game_play SET seconds_end = 1126 WHERE player_id = 7448 AND game_id = 24992 AND play_id = 28019;
UPDATE player_team_game_play SET seconds_end = 1126 WHERE player_id = 6719 AND game_id = 24992 AND play_id = 28019;
INSERT INTO player_team_game_play(player_id, team_id, game_id, play_id, seconds_start, seconds_end) VALUES(7049, 1655, 24992, 28019, 1126, 1151);
INSERT INTO player_team_game_play(player_id, team_id, game_id, play_id, seconds_start, seconds_end) VALUES(7450, 1655, 24992, 28019, 1126, 1151);
INSERT INTO lba.sub_play (play_id, seconds_da_start, player_made_id, team_made_id, game_made_id, player_suffered_id, team_suffered_id, game_suffered_id, shot_id, turnover_id, foul_id, rebound_defensive_01, rebound_offensive_01, assist_01, blocks_01, time_out_01, x, y)VALUES(28019, 5, 7406, 1649, 24992, 6320, 1655, 24992, NULL, NULL, 1, '', '', '', '', '', 32, 83);
INSERT INTO lba.sub_play (play_id, seconds_da_start, player_made_id, team_made_id, game_made_id, player_suffered_id, team_suffered_id, game_suffered_id, shot_id, turnover_id, foul_id, rebound_defensive_01, rebound_offensive_01, assist_01, blocks_01, time_out_01, x, y)VALUES(28019, 23, 7450, 1655, 24992, NULL, NULL, NULL, 2, NULL, NULL, '', '', '', '', '', 83, 51);
INSERT INTO lba.sub_play (play_id, seconds_da_start, player_made_id, team_made_id, game_made_id, player_suffered_id, team_suffered_id, game_suffered_id, shot_id, turnover_id, foul_id, rebound_defensive_01, rebound_offensive_01, assist_01, blocks_01, time_out_01, x, y)VALUES(28019, 23, 6320, 1655, 24992, NULL, NULL, NULL, NULL, NULL, NULL, '', '1', '', '', '', 83, 51);
INSERT INTO lba.sub_play (play_id, seconds_da_start, player_made_id, team_made_id, game_made_id, player_suffered_id, team_suffered_id, game_suffered_id, shot_id, turnover_id, foul_id, rebound_defensive_01, rebound_offensive_01, assist_01, blocks_01, time_out_01, x, y)VALUES(28019, 30, 378, 1655, 24992, NULL, NULL, NULL, 1, NULL, NULL, '', '', '', '', '', 95, 51);
INSERT INTO lba.sub_play (play_id, seconds_da_start, player_made_id, team_made_id, game_made_id, player_suffered_id, team_suffered_id, game_suffered_id, shot_id, turnover_id, foul_id, rebound_defensive_01, rebound_offensive_01, assist_01, blocks_01, time_out_01, x, y)VALUES(28019, 30, 6320, 1655, 24992, NULL, NULL, NULL, NULL, NULL, NULL, '', '', '1', '', '', 95, 51);

INSERT INTO play(id, game_id, seconds_start, seconds_end, quarter, attack_home_01, score_home, score_guest)VALUES(28020, 24992, 1151, 1165, 2, '0', 37, 32);
INSERT INTO player_team_game_play(player_id, team_id, game_id, play_id, seconds_start, seconds_end) VALUES(6320, 1655, 24992, 28020, 1151, 1165);
INSERT INTO player_team_game_play(player_id, team_id, game_id, play_id, seconds_start, seconds_end) VALUES(2148, 1655, 24992, 28020, 1151, 1165);
INSERT INTO player_team_game_play(player_id, team_id, game_id, play_id, seconds_start, seconds_end) VALUES(7049, 1655, 24992, 28020, 1151, 1165);
INSERT INTO player_team_game_play(player_id, team_id, game_id, play_id, seconds_start, seconds_end) VALUES(7450, 1655, 24992, 28020, 1151, 1165);
INSERT INTO player_team_game_play(player_id, team_id, game_id, play_id, seconds_start, seconds_end) VALUES(378, 1655, 24992, 28020, 1151, 1165);
INSERT INTO player_team_game_play(player_id, team_id, game_id, play_id, seconds_start, seconds_end) VALUES(2103, 1649, 24992, 28020, 1151, 1165);
INSERT INTO player_team_game_play(player_id, team_id, game_id, play_id, seconds_start, seconds_end) VALUES(7015, 1649, 24992, 28020, 1151, 1165);
INSERT INTO player_team_game_play(player_id, team_id, game_id, play_id, seconds_start, seconds_end) VALUES(3176, 1649, 24992, 28020, 1151, 1165);
INSERT INTO player_team_game_play(player_id, team_id, game_id, play_id, seconds_start, seconds_end) VALUES(7405, 1649, 24992, 28020, 1151, 1165);
INSERT INTO player_team_game_play(player_id, team_id, game_id, play_id, seconds_start, seconds_end) VALUES(7406, 1649, 24992, 28020, 1151, 1165);
INSERT INTO lba.sub_play (play_id, seconds_da_start, player_made_id, team_made_id, game_made_id, player_suffered_id, team_suffered_id, game_suffered_id, shot_id, turnover_id, foul_id, rebound_defensive_01, rebound_offensive_01, assist_01, blocks_01, time_out_01, x, y)VALUES(28020, 14, 7015, 1649, 24992, 6320, 1655, 24992, NULL, 1, NULL, '', '', '', '', '', 18, 47);

INSERT INTO play(id, game_id, seconds_start, seconds_end, quarter, attack_home_01, score_home, score_guest)VALUES(28021, 24992, 1165, 1170, 2, '1', 39, 32);
INSERT INTO player_team_game_play(player_id, team_id, game_id, play_id, seconds_start, seconds_end) VALUES(6320, 1655, 24992, 28021, 1165, 1170);
INSERT INTO player_team_game_play(player_id, team_id, game_id, play_id, seconds_start, seconds_end) VALUES(2148, 1655, 24992, 28021, 1165, 1170);
INSERT INTO player_team_game_play(player_id, team_id, game_id, play_id, seconds_start, seconds_end) VALUES(7049, 1655, 24992, 28021, 1165, 1170);
INSERT INTO player_team_game_play(player_id, team_id, game_id, play_id, seconds_start, seconds_end) VALUES(7450, 1655, 24992, 28021, 1165, 1170);
INSERT INTO player_team_game_play(player_id, team_id, game_id, play_id, seconds_start, seconds_end) VALUES(378, 1655, 24992, 28021, 1165, 1170);
INSERT INTO player_team_game_play(player_id, team_id, game_id, play_id, seconds_start, seconds_end) VALUES(2103, 1649, 24992, 28021, 1165, 1170);
INSERT INTO player_team_game_play(player_id, team_id, game_id, play_id, seconds_start, seconds_end) VALUES(7015, 1649, 24992, 28021, 1165, 1170);
INSERT INTO player_team_game_play(player_id, team_id, game_id, play_id, seconds_start, seconds_end) VALUES(3176, 1649, 24992, 28021, 1165, 1170);
INSERT INTO player_team_game_play(player_id, team_id, game_id, play_id, seconds_start, seconds_end) VALUES(7405, 1649, 24992, 28021, 1165, 1170);
INSERT INTO player_team_game_play(player_id, team_id, game_id, play_id, seconds_start, seconds_end) VALUES(7406, 1649, 24992, 28021, 1165, 1170);
INSERT INTO lba.sub_play (play_id, seconds_da_start, player_made_id, team_made_id, game_made_id, player_suffered_id, team_suffered_id, game_suffered_id, shot_id, turnover_id, foul_id, rebound_defensive_01, rebound_offensive_01, assist_01, blocks_01, time_out_01, x, y)VALUES(28021, 5, 6320, 1655, 24992, NULL, NULL, NULL, 1, NULL, NULL, '', '', '', '', '', 95, 50);

INSERT INTO play(id, game_id, seconds_start, seconds_end, quarter, attack_home_01, score_home, score_guest)VALUES(28022, 24992, 1170, 1189, 2, '0', 39, 35);
INSERT INTO player_team_game_play(player_id, team_id, game_id, play_id, seconds_start, seconds_end) VALUES(6320, 1655, 24992, 28022, 1170, 1189);
INSERT INTO player_team_game_play(player_id, team_id, game_id, play_id, seconds_start, seconds_end) VALUES(2148, 1655, 24992, 28022, 1170, 1189);
INSERT INTO player_team_game_play(player_id, team_id, game_id, play_id, seconds_start, seconds_end) VALUES(7049, 1655, 24992, 28022, 1170, 1189);
INSERT INTO player_team_game_play(player_id, team_id, game_id, play_id, seconds_start, seconds_end) VALUES(7450, 1655, 24992, 28022, 1170, 1189);
INSERT INTO player_team_game_play(player_id, team_id, game_id, play_id, seconds_start, seconds_end) VALUES(378, 1655, 24992, 28022, 1170, 1189);
INSERT INTO player_team_game_play(player_id, team_id, game_id, play_id, seconds_start, seconds_end) VALUES(2103, 1649, 24992, 28022, 1170, 1189);
INSERT INTO player_team_game_play(player_id, team_id, game_id, play_id, seconds_start, seconds_end) VALUES(7015, 1649, 24992, 28022, 1170, 1189);
INSERT INTO player_team_game_play(player_id, team_id, game_id, play_id, seconds_start, seconds_end) VALUES(3176, 1649, 24992, 28022, 1170, 1189);
INSERT INTO player_team_game_play(player_id, team_id, game_id, play_id, seconds_start, seconds_end) VALUES(7405, 1649, 24992, 28022, 1170, 1189);
INSERT INTO player_team_game_play(player_id, team_id, game_id, play_id, seconds_start, seconds_end) VALUES(7406, 1649, 24992, 28022, 1170, 1189);
INSERT INTO lba.sub_play (play_id, seconds_da_start, player_made_id, team_made_id, game_made_id, player_suffered_id, team_suffered_id, game_suffered_id, shot_id, turnover_id, foul_id, rebound_defensive_01, rebound_offensive_01, assist_01, blocks_01, time_out_01, x, y)VALUES(28022, 19, 3176, 1649, 24992, NULL, NULL, NULL, 3, NULL, NULL, '', '', '', '', '', 30, 71);
INSERT INTO lba.sub_play (play_id, seconds_da_start, player_made_id, team_made_id, game_made_id, player_suffered_id, team_suffered_id, game_suffered_id, shot_id, turnover_id, foul_id, rebound_defensive_01, rebound_offensive_01, assist_01, blocks_01, time_out_01, x, y)VALUES(28022, 19, 7405, 1649, 24992, NULL, NULL, NULL, NULL, NULL, NULL, '', '', '1', '', '', 30, 71);

INSERT INTO play(id, game_id, seconds_start, seconds_end, quarter, attack_home_01, score_home, score_guest)VALUES(28023, 24992, 1189, 1198, 2, '1', 39, 35);
INSERT INTO player_team_game_play(player_id, team_id, game_id, play_id, seconds_start, seconds_end) VALUES(6320, 1655, 24992, 28023, 1189, 1198);
INSERT INTO player_team_game_play(player_id, team_id, game_id, play_id, seconds_start, seconds_end) VALUES(2148, 1655, 24992, 28023, 1189, 1198);
INSERT INTO player_team_game_play(player_id, team_id, game_id, play_id, seconds_start, seconds_end) VALUES(7049, 1655, 24992, 28023, 1189, 1198);
INSERT INTO player_team_game_play(player_id, team_id, game_id, play_id, seconds_start, seconds_end) VALUES(7450, 1655, 24992, 28023, 1189, 1198);
INSERT INTO player_team_game_play(player_id, team_id, game_id, play_id, seconds_start, seconds_end) VALUES(378, 1655, 24992, 28023, 1189, 1198);
INSERT INTO player_team_game_play(player_id, team_id, game_id, play_id, seconds_start, seconds_end) VALUES(2103, 1649, 24992, 28023, 1189, 1198);
INSERT INTO player_team_game_play(player_id, team_id, game_id, play_id, seconds_start, seconds_end) VALUES(7015, 1649, 24992, 28023, 1189, 1198);
INSERT INTO player_team_game_play(player_id, team_id, game_id, play_id, seconds_start, seconds_end) VALUES(3176, 1649, 24992, 28023, 1189, 1198);
INSERT INTO player_team_game_play(player_id, team_id, game_id, play_id, seconds_start, seconds_end) VALUES(7405, 1649, 24992, 28023, 1189, 1198);
INSERT INTO player_team_game_play(player_id, team_id, game_id, play_id, seconds_start, seconds_end) VALUES(7406, 1649, 24992, 28023, 1189, 1198);
UPDATE player_team_game_play SET seconds_end = 1190 WHERE player_id = 378 AND game_id = 24992 AND play_id = 28023;
UPDATE player_team_game_play SET seconds_end = 1190 WHERE player_id = 2148 AND game_id = 24992 AND play_id = 28023;
INSERT INTO player_team_game_play(player_id, team_id, game_id, play_id, seconds_start, seconds_end) VALUES(7448, 1655, 24992, 28023, 1190, 1198);
INSERT INTO player_team_game_play(player_id, team_id, game_id, play_id, seconds_start, seconds_end) VALUES(7447, 1655, 24992, 28023, 1190, 1198);
UPDATE player_team_game_play SET seconds_end = 1190 WHERE player_id = 3176 AND game_id = 24992 AND play_id = 28023;
UPDATE player_team_game_play SET seconds_end = 1190 WHERE player_id = 7405 AND game_id = 24992 AND play_id = 28023;
UPDATE player_team_game_play SET seconds_end = 1190 WHERE player_id = 7406 AND game_id = 24992 AND play_id = 28023;
UPDATE player_team_game_play SET seconds_end = 1190 WHERE player_id = 2103 AND game_id = 24992 AND play_id = 28023;
INSERT INTO player_team_game_play(player_id, team_id, game_id, play_id, seconds_start, seconds_end) VALUES(5568, 1649, 24992, 28023, 1190, 1198);
INSERT INTO player_team_game_play(player_id, team_id, game_id, play_id, seconds_start, seconds_end) VALUES(4692, 1649, 24992, 28023, 1190, 1198);
INSERT INTO player_team_game_play(player_id, team_id, game_id, play_id, seconds_start, seconds_end) VALUES(7404, 1649, 24992, 28023, 1190, 1198);
INSERT INTO player_team_game_play(player_id, team_id, game_id, play_id, seconds_start, seconds_end) VALUES(5150, 1649, 24992, 28023, 1190, 1198);
INSERT INTO lba.sub_play (play_id, seconds_da_start, player_made_id, team_made_id, game_made_id, player_suffered_id, team_suffered_id, game_suffered_id, shot_id, turnover_id, foul_id, rebound_defensive_01, rebound_offensive_01, assist_01, blocks_01, time_out_01, x, y)VALUES(28023, 9, 7450, 1655, 24992, NULL, NULL, NULL, 4, NULL, NULL, '', '', '', '', '', 68, 70);
INSERT INTO lba.sub_play (play_id, seconds_da_start, player_made_id, team_made_id, game_made_id, player_suffered_id, team_suffered_id, game_suffered_id, shot_id, turnover_id, foul_id, rebound_defensive_01, rebound_offensive_01, assist_01, blocks_01, time_out_01, x, y)VALUES(28023, 9, 7404, 1649, 24992, NULL, NULL, NULL, NULL, NULL, NULL, '1', '', '', '', '', 68, 70);

INSERT INTO play(id, game_id, seconds_start, seconds_end, quarter, attack_home_01, score_home, score_guest)VALUES(28024, 24992, 1198, 1217, 3, '1', 39, 35);
INSERT INTO player_team_game_play(player_id, team_id, game_id, play_id, seconds_start, seconds_end) VALUES(6320, 1655, 24992, 28024, 1198, 1217);
INSERT INTO player_team_game_play(player_id, team_id, game_id, play_id, seconds_start, seconds_end) VALUES(7447, 1655, 24992, 28024, 1198, 1217);
INSERT INTO player_team_game_play(player_id, team_id, game_id, play_id, seconds_start, seconds_end) VALUES(7448, 1655, 24992, 28024, 1198, 1217);
INSERT INTO player_team_game_play(player_id, team_id, game_id, play_id, seconds_start, seconds_end) VALUES(7049, 1655, 24992, 28024, 1198, 1217);
INSERT INTO player_team_game_play(player_id, team_id, game_id, play_id, seconds_start, seconds_end) VALUES(7450, 1655, 24992, 28024, 1198, 1217);
INSERT INTO player_team_game_play(player_id, team_id, game_id, play_id, seconds_start, seconds_end) VALUES(5568, 1649, 24992, 28024, 1198, 1217);
INSERT INTO player_team_game_play(player_id, team_id, game_id, play_id, seconds_start, seconds_end) VALUES(4692, 1649, 24992, 28024, 1198, 1217);
INSERT INTO player_team_game_play(player_id, team_id, game_id, play_id, seconds_start, seconds_end) VALUES(7015, 1649, 24992, 28024, 1198, 1217);
INSERT INTO player_team_game_play(player_id, team_id, game_id, play_id, seconds_start, seconds_end) VALUES(7404, 1649, 24992, 28024, 1198, 1217);
INSERT INTO player_team_game_play(player_id, team_id, game_id, play_id, seconds_start, seconds_end) VALUES(5150, 1649, 24992, 28024, 1198, 1217);
UPDATE player_team_game_play SET seconds_end = 1200 WHERE player_id = 6320 AND game_id = 24992 AND play_id = 28024;
UPDATE player_team_game_play SET seconds_end = 1200 WHERE player_id = 7448 AND game_id = 24992 AND play_id = 28024;
INSERT INTO player_team_game_play(player_id, team_id, game_id, play_id, seconds_start, seconds_end) VALUES(7449, 1655, 24992, 28024, 1200, 1217);
INSERT INTO player_team_game_play(player_id, team_id, game_id, play_id, seconds_start, seconds_end) VALUES(6719, 1655, 24992, 28024, 1200, 1217);
UPDATE player_team_game_play SET seconds_end = 1200 WHERE player_id = 5568 AND game_id = 24992 AND play_id = 28024;
UPDATE player_team_game_play SET seconds_end = 1200 WHERE player_id = 4692 AND game_id = 24992 AND play_id = 28024;
UPDATE player_team_game_play SET seconds_end = 1200 WHERE player_id = 7404 AND game_id = 24992 AND play_id = 28024;
INSERT INTO player_team_game_play(player_id, team_id, game_id, play_id, seconds_start, seconds_end) VALUES(6138, 1649, 24992, 28024, 1200, 1217);
INSERT INTO player_team_game_play(player_id, team_id, game_id, play_id, seconds_start, seconds_end) VALUES(7406, 1649, 24992, 28024, 1200, 1217);
INSERT INTO player_team_game_play(player_id, team_id, game_id, play_id, seconds_start, seconds_end) VALUES(1775, 1649, 24992, 28024, 1200, 1217);
INSERT INTO lba.sub_play (play_id, seconds_da_start, player_made_id, team_made_id, game_made_id, player_suffered_id, team_suffered_id, game_suffered_id, shot_id, turnover_id, foul_id, rebound_defensive_01, rebound_offensive_01, assist_01, blocks_01, time_out_01, x, y)VALUES(28024, 1, 7404, 1649, 24992, NULL, NULL, NULL, 4, NULL, NULL, '', '', '', '', '', 47, 85);
INSERT INTO lba.sub_play (play_id, seconds_da_start, player_made_id, team_made_id, game_made_id, player_suffered_id, team_suffered_id, game_suffered_id, shot_id, turnover_id, foul_id, rebound_defensive_01, rebound_offensive_01, assist_01, blocks_01, time_out_01, x, y)VALUES(28024, 19, 7049, 1655, 24992, NULL, NULL, NULL, 2, NULL, NULL, '', '', '', '', '', 23, 67);
INSERT INTO lba.sub_play (play_id, seconds_da_start, player_made_id, team_made_id, game_made_id, player_suffered_id, team_suffered_id, game_suffered_id, shot_id, turnover_id, foul_id, rebound_defensive_01, rebound_offensive_01, assist_01, blocks_01, time_out_01, x, y)VALUES(28024, 19, 5150, 1649, 24992, NULL, NULL, NULL, NULL, NULL, NULL, '1', '', '', '', '', 23, 67);

INSERT INTO play(id, game_id, seconds_start, seconds_end, quarter, attack_home_01, score_home, score_guest)VALUES(28025, 24992, 1217, 1239, 3, '0', 39, 35);
INSERT INTO player_team_game_play(player_id, team_id, game_id, play_id, seconds_start, seconds_end) VALUES(7449, 1655, 24992, 28025, 1217, 1239);
INSERT INTO player_team_game_play(player_id, team_id, game_id, play_id, seconds_start, seconds_end) VALUES(7447, 1655, 24992, 28025, 1217, 1239);
INSERT INTO player_team_game_play(player_id, team_id, game_id, play_id, seconds_start, seconds_end) VALUES(7049, 1655, 24992, 28025, 1217, 1239);
INSERT INTO player_team_game_play(player_id, team_id, game_id, play_id, seconds_start, seconds_end) VALUES(7450, 1655, 24992, 28025, 1217, 1239);
INSERT INTO player_team_game_play(player_id, team_id, game_id, play_id, seconds_start, seconds_end) VALUES(6719, 1655, 24992, 28025, 1217, 1239);
INSERT INTO player_team_game_play(player_id, team_id, game_id, play_id, seconds_start, seconds_end) VALUES(7015, 1649, 24992, 28025, 1217, 1239);
INSERT INTO player_team_game_play(player_id, team_id, game_id, play_id, seconds_start, seconds_end) VALUES(5150, 1649, 24992, 28025, 1217, 1239);
INSERT INTO player_team_game_play(player_id, team_id, game_id, play_id, seconds_start, seconds_end) VALUES(6138, 1649, 24992, 28025, 1217, 1239);
INSERT INTO player_team_game_play(player_id, team_id, game_id, play_id, seconds_start, seconds_end) VALUES(7406, 1649, 24992, 28025, 1217, 1239);
INSERT INTO player_team_game_play(player_id, team_id, game_id, play_id, seconds_start, seconds_end) VALUES(1775, 1649, 24992, 28025, 1217, 1239);
INSERT INTO lba.sub_play (play_id, seconds_da_start, player_made_id, team_made_id, game_made_id, player_suffered_id, team_suffered_id, game_suffered_id, shot_id, turnover_id, foul_id, rebound_defensive_01, rebound_offensive_01, assist_01, blocks_01, time_out_01, x, y)VALUES(28025, 22, 5150, 1649, 24992, NULL, NULL, NULL, 4, NULL, NULL, '', '', '', '', '', 71, 73);
INSERT INTO lba.sub_play (play_id, seconds_da_start, player_made_id, team_made_id, game_made_id, player_suffered_id, team_suffered_id, game_suffered_id, shot_id, turnover_id, foul_id, rebound_defensive_01, rebound_offensive_01, assist_01, blocks_01, time_out_01, x, y)VALUES(28025, 22, 7450, 1655, 24992, NULL, NULL, NULL, NULL, NULL, NULL, '1', '', '', '', '', 71, 73);

INSERT INTO play(id, game_id, seconds_start, seconds_end, quarter, attack_home_01, score_home, score_guest)VALUES(28026, 24992, 1239, 1249, 3, '1', 41, 35);
INSERT INTO player_team_game_play(player_id, team_id, game_id, play_id, seconds_start, seconds_end) VALUES(7449, 1655, 24992, 28026, 1239, 1249);
INSERT INTO player_team_game_play(player_id, team_id, game_id, play_id, seconds_start, seconds_end) VALUES(7447, 1655, 24992, 28026, 1239, 1249);
INSERT INTO player_team_game_play(player_id, team_id, game_id, play_id, seconds_start, seconds_end) VALUES(7049, 1655, 24992, 28026, 1239, 1249);
INSERT INTO player_team_game_play(player_id, team_id, game_id, play_id, seconds_start, seconds_end) VALUES(7450, 1655, 24992, 28026, 1239, 1249);
INSERT INTO player_team_game_play(player_id, team_id, game_id, play_id, seconds_start, seconds_end) VALUES(6719, 1655, 24992, 28026, 1239, 1249);
INSERT INTO player_team_game_play(player_id, team_id, game_id, play_id, seconds_start, seconds_end) VALUES(7015, 1649, 24992, 28026, 1239, 1249);
INSERT INTO player_team_game_play(player_id, team_id, game_id, play_id, seconds_start, seconds_end) VALUES(5150, 1649, 24992, 28026, 1239, 1249);
INSERT INTO player_team_game_play(player_id, team_id, game_id, play_id, seconds_start, seconds_end) VALUES(6138, 1649, 24992, 28026, 1239, 1249);
INSERT INTO player_team_game_play(player_id, team_id, game_id, play_id, seconds_start, seconds_end) VALUES(7406, 1649, 24992, 28026, 1239, 1249);
INSERT INTO player_team_game_play(player_id, team_id, game_id, play_id, seconds_start, seconds_end) VALUES(1775, 1649, 24992, 28026, 1239, 1249);
INSERT INTO lba.sub_play (play_id, seconds_da_start, player_made_id, team_made_id, game_made_id, player_suffered_id, team_suffered_id, game_suffered_id, shot_id, turnover_id, foul_id, rebound_defensive_01, rebound_offensive_01, assist_01, blocks_01, time_out_01, x, y)VALUES(28026, 10, 7449, 1655, 24992, NULL, NULL, NULL, 1, NULL, NULL, '', '', '', '', '', 6, 55);
INSERT INTO lba.sub_play (play_id, seconds_da_start, player_made_id, team_made_id, game_made_id, player_suffered_id, team_suffered_id, game_suffered_id, shot_id, turnover_id, foul_id, rebound_defensive_01, rebound_offensive_01, assist_01, blocks_01, time_out_01, x, y)VALUES(28026, 10, 7049, 1655, 24992, NULL, NULL, NULL, NULL, NULL, NULL, '', '', '1', '', '', 6, 55);

INSERT INTO play(id, game_id, seconds_start, seconds_end, quarter, attack_home_01, score_home, score_guest)VALUES(28027, 24992, 1249, 1264, 3, '0', 41, 35);
INSERT INTO player_team_game_play(player_id, team_id, game_id, play_id, seconds_start, seconds_end) VALUES(7449, 1655, 24992, 28027, 1249, 1264);
INSERT INTO player_team_game_play(player_id, team_id, game_id, play_id, seconds_start, seconds_end) VALUES(7447, 1655, 24992, 28027, 1249, 1264);
INSERT INTO player_team_game_play(player_id, team_id, game_id, play_id, seconds_start, seconds_end) VALUES(7049, 1655, 24992, 28027, 1249, 1264);
INSERT INTO player_team_game_play(player_id, team_id, game_id, play_id, seconds_start, seconds_end) VALUES(7450, 1655, 24992, 28027, 1249, 1264);
INSERT INTO player_team_game_play(player_id, team_id, game_id, play_id, seconds_start, seconds_end) VALUES(6719, 1655, 24992, 28027, 1249, 1264);
INSERT INTO player_team_game_play(player_id, team_id, game_id, play_id, seconds_start, seconds_end) VALUES(7015, 1649, 24992, 28027, 1249, 1264);
INSERT INTO player_team_game_play(player_id, team_id, game_id, play_id, seconds_start, seconds_end) VALUES(5150, 1649, 24992, 28027, 1249, 1264);
INSERT INTO player_team_game_play(player_id, team_id, game_id, play_id, seconds_start, seconds_end) VALUES(6138, 1649, 24992, 28027, 1249, 1264);
INSERT INTO player_team_game_play(player_id, team_id, game_id, play_id, seconds_start, seconds_end) VALUES(7406, 1649, 24992, 28027, 1249, 1264);
INSERT INTO player_team_game_play(player_id, team_id, game_id, play_id, seconds_start, seconds_end) VALUES(1775, 1649, 24992, 28027, 1249, 1264);
INSERT INTO lba.sub_play (play_id, seconds_da_start, player_made_id, team_made_id, game_made_id, player_suffered_id, team_suffered_id, game_suffered_id, shot_id, turnover_id, foul_id, rebound_defensive_01, rebound_offensive_01, assist_01, blocks_01, time_out_01, x, y)VALUES(28027, 15, 5150, 1649, 24992, 7450, 1655, 24992, NULL, 1, NULL, '', '', '', '', '', 66, 42);

INSERT INTO play(id, game_id, seconds_start, seconds_end, quarter, attack_home_01, score_home, score_guest)VALUES(28028, 24992, 1264, 1270, 3, '1', 43, 35);
INSERT INTO player_team_game_play(player_id, team_id, game_id, play_id, seconds_start, seconds_end) VALUES(7449, 1655, 24992, 28028, 1264, 1270);
INSERT INTO player_team_game_play(player_id, team_id, game_id, play_id, seconds_start, seconds_end) VALUES(7447, 1655, 24992, 28028, 1264, 1270);
INSERT INTO player_team_game_play(player_id, team_id, game_id, play_id, seconds_start, seconds_end) VALUES(7049, 1655, 24992, 28028, 1264, 1270);
INSERT INTO player_team_game_play(player_id, team_id, game_id, play_id, seconds_start, seconds_end) VALUES(7450, 1655, 24992, 28028, 1264, 1270);
INSERT INTO player_team_game_play(player_id, team_id, game_id, play_id, seconds_start, seconds_end) VALUES(6719, 1655, 24992, 28028, 1264, 1270);
INSERT INTO player_team_game_play(player_id, team_id, game_id, play_id, seconds_start, seconds_end) VALUES(7015, 1649, 24992, 28028, 1264, 1270);
INSERT INTO player_team_game_play(player_id, team_id, game_id, play_id, seconds_start, seconds_end) VALUES(5150, 1649, 24992, 28028, 1264, 1270);
INSERT INTO player_team_game_play(player_id, team_id, game_id, play_id, seconds_start, seconds_end) VALUES(6138, 1649, 24992, 28028, 1264, 1270);
INSERT INTO player_team_game_play(player_id, team_id, game_id, play_id, seconds_start, seconds_end) VALUES(7406, 1649, 24992, 28028, 1264, 1270);
INSERT INTO player_team_game_play(player_id, team_id, game_id, play_id, seconds_start, seconds_end) VALUES(1775, 1649, 24992, 28028, 1264, 1270);
INSERT INTO lba.sub_play (play_id, seconds_da_start, player_made_id, team_made_id, game_made_id, player_suffered_id, team_suffered_id, game_suffered_id, shot_id, turnover_id, foul_id, rebound_defensive_01, rebound_offensive_01, assist_01, blocks_01, time_out_01, x, y)VALUES(28028, 6, 7447, 1655, 24992, NULL, NULL, NULL, 1, NULL, NULL, '', '', '', '', '', 5, 51);
INSERT INTO lba.sub_play (play_id, seconds_da_start, player_made_id, team_made_id, game_made_id, player_suffered_id, team_suffered_id, game_suffered_id, shot_id, turnover_id, foul_id, rebound_defensive_01, rebound_offensive_01, assist_01, blocks_01, time_out_01, x, y)VALUES(28028, 6, 7049, 1655, 24992, NULL, NULL, NULL, NULL, NULL, NULL, '', '', '1', '', '', 5, 51);

INSERT INTO play(id, game_id, seconds_start, seconds_end, quarter, attack_home_01, score_home, score_guest)VALUES(28029, 24992, 1270, 1292, 3, '0', 43, 35);
INSERT INTO player_team_game_play(player_id, team_id, game_id, play_id, seconds_start, seconds_end) VALUES(7449, 1655, 24992, 28029, 1270, 1292);
INSERT INTO player_team_game_play(player_id, team_id, game_id, play_id, seconds_start, seconds_end) VALUES(7447, 1655, 24992, 28029, 1270, 1292);
INSERT INTO player_team_game_play(player_id, team_id, game_id, play_id, seconds_start, seconds_end) VALUES(7049, 1655, 24992, 28029, 1270, 1292);
INSERT INTO player_team_game_play(player_id, team_id, game_id, play_id, seconds_start, seconds_end) VALUES(7450, 1655, 24992, 28029, 1270, 1292);
INSERT INTO player_team_game_play(player_id, team_id, game_id, play_id, seconds_start, seconds_end) VALUES(6719, 1655, 24992, 28029, 1270, 1292);
INSERT INTO player_team_game_play(player_id, team_id, game_id, play_id, seconds_start, seconds_end) VALUES(7015, 1649, 24992, 28029, 1270, 1292);
INSERT INTO player_team_game_play(player_id, team_id, game_id, play_id, seconds_start, seconds_end) VALUES(5150, 1649, 24992, 28029, 1270, 1292);
INSERT INTO player_team_game_play(player_id, team_id, game_id, play_id, seconds_start, seconds_end) VALUES(6138, 1649, 24992, 28029, 1270, 1292);
INSERT INTO player_team_game_play(player_id, team_id, game_id, play_id, seconds_start, seconds_end) VALUES(7406, 1649, 24992, 28029, 1270, 1292);
INSERT INTO player_team_game_play(player_id, team_id, game_id, play_id, seconds_start, seconds_end) VALUES(1775, 1649, 24992, 28029, 1270, 1292);
INSERT INTO lba.sub_play (play_id, seconds_da_start, player_made_id, team_made_id, game_made_id, player_suffered_id, team_suffered_id, game_suffered_id, shot_id, turnover_id, foul_id, rebound_defensive_01, rebound_offensive_01, assist_01, blocks_01, time_out_01, x, y)VALUES(28029, 14, 7015, 1649, 24992, NULL, NULL, NULL, 2, NULL, NULL, '', '', '', '', '', 95, 47);
INSERT INTO lba.sub_play (play_id, seconds_da_start, player_made_id, team_made_id, game_made_id, player_suffered_id, team_suffered_id, game_suffered_id, shot_id, turnover_id, foul_id, rebound_defensive_01, rebound_offensive_01, assist_01, blocks_01, time_out_01, x, y)VALUES(28029, 14, 1775, 1649, 24992, NULL, NULL, NULL, NULL, NULL, NULL, '', '1', '', '', '', 95, 47);
INSERT INTO lba.sub_play (play_id, seconds_da_start, player_made_id, team_made_id, game_made_id, player_suffered_id, team_suffered_id, game_suffered_id, shot_id, turnover_id, foul_id, rebound_defensive_01, rebound_offensive_01, assist_01, blocks_01, time_out_01, x, y)VALUES(28029, 18, 1775, 1649, 24992, NULL, NULL, NULL, 2, NULL, NULL, '', '', '', '', '', 95, 55);
INSERT INTO lba.sub_play (play_id, seconds_da_start, player_made_id, team_made_id, game_made_id, player_suffered_id, team_suffered_id, game_suffered_id, shot_id, turnover_id, foul_id, rebound_defensive_01, rebound_offensive_01, assist_01, blocks_01, time_out_01, x, y)VALUES(28029, 18, 7015, 1649, 24992, NULL, NULL, NULL, NULL, NULL, NULL, '', '1', '', '', '', 95, 55);
INSERT INTO lba.sub_play (play_id, seconds_da_start, player_made_id, team_made_id, game_made_id, player_suffered_id, team_suffered_id, game_suffered_id, shot_id, turnover_id, foul_id, rebound_defensive_01, rebound_offensive_01, assist_01, blocks_01, time_out_01, x, y)VALUES(28029, 22, 7015, 1649, 24992, NULL, NULL, NULL, 2, NULL, NULL, '', '', '', '', '', 95, 48);
INSERT INTO lba.sub_play (play_id, seconds_da_start, player_made_id, team_made_id, game_made_id, player_suffered_id, team_suffered_id, game_suffered_id, shot_id, turnover_id, foul_id, rebound_defensive_01, rebound_offensive_01, assist_01, blocks_01, time_out_01, x, y)VALUES(28029, 22, 7049, 1655, 24992, NULL, NULL, NULL, NULL, NULL, NULL, '1', '', '', '', '', 95, 48);

INSERT INTO play(id, game_id, seconds_start, seconds_end, quarter, attack_home_01, score_home, score_guest)VALUES(28030, 24992, 1292, 1308, 3, '1', 43, 35);
INSERT INTO player_team_game_play(player_id, team_id, game_id, play_id, seconds_start, seconds_end) VALUES(7449, 1655, 24992, 28030, 1292, 1308);
INSERT INTO player_team_game_play(player_id, team_id, game_id, play_id, seconds_start, seconds_end) VALUES(7447, 1655, 24992, 28030, 1292, 1308);
INSERT INTO player_team_game_play(player_id, team_id, game_id, play_id, seconds_start, seconds_end) VALUES(7049, 1655, 24992, 28030, 1292, 1308);
INSERT INTO player_team_game_play(player_id, team_id, game_id, play_id, seconds_start, seconds_end) VALUES(7450, 1655, 24992, 28030, 1292, 1308);
INSERT INTO player_team_game_play(player_id, team_id, game_id, play_id, seconds_start, seconds_end) VALUES(6719, 1655, 24992, 28030, 1292, 1308);
INSERT INTO player_team_game_play(player_id, team_id, game_id, play_id, seconds_start, seconds_end) VALUES(7015, 1649, 24992, 28030, 1292, 1308);
INSERT INTO player_team_game_play(player_id, team_id, game_id, play_id, seconds_start, seconds_end) VALUES(5150, 1649, 24992, 28030, 1292, 1308);
INSERT INTO player_team_game_play(player_id, team_id, game_id, play_id, seconds_start, seconds_end) VALUES(6138, 1649, 24992, 28030, 1292, 1308);
INSERT INTO player_team_game_play(player_id, team_id, game_id, play_id, seconds_start, seconds_end) VALUES(7406, 1649, 24992, 28030, 1292, 1308);
INSERT INTO player_team_game_play(player_id, team_id, game_id, play_id, seconds_start, seconds_end) VALUES(1775, 1649, 24992, 28030, 1292, 1308);
INSERT INTO lba.sub_play (play_id, seconds_da_start, player_made_id, team_made_id, game_made_id, player_suffered_id, team_suffered_id, game_suffered_id, shot_id, turnover_id, foul_id, rebound_defensive_01, rebound_offensive_01, assist_01, blocks_01, time_out_01, x, y)VALUES(28030, 16, 7049, 1655, 24992, 6138, 1649, 24992, NULL, 1, NULL, '', '', '', '', '', 17, 35);

INSERT INTO play(id, game_id, seconds_start, seconds_end, quarter, attack_home_01, score_home, score_guest)VALUES(28031, 24992, 1308, 1327, 3, '0', 43, 35);
INSERT INTO player_team_game_play(player_id, team_id, game_id, play_id, seconds_start, seconds_end) VALUES(7449, 1655, 24992, 28031, 1308, 1327);
INSERT INTO player_team_game_play(player_id, team_id, game_id, play_id, seconds_start, seconds_end) VALUES(7447, 1655, 24992, 28031, 1308, 1327);
INSERT INTO player_team_game_play(player_id, team_id, game_id, play_id, seconds_start, seconds_end) VALUES(7049, 1655, 24992, 28031, 1308, 1327);
INSERT INTO player_team_game_play(player_id, team_id, game_id, play_id, seconds_start, seconds_end) VALUES(7450, 1655, 24992, 28031, 1308, 1327);
INSERT INTO player_team_game_play(player_id, team_id, game_id, play_id, seconds_start, seconds_end) VALUES(6719, 1655, 24992, 28031, 1308, 1327);
INSERT INTO player_team_game_play(player_id, team_id, game_id, play_id, seconds_start, seconds_end) VALUES(7015, 1649, 24992, 28031, 1308, 1327);
INSERT INTO player_team_game_play(player_id, team_id, game_id, play_id, seconds_start, seconds_end) VALUES(5150, 1649, 24992, 28031, 1308, 1327);
INSERT INTO player_team_game_play(player_id, team_id, game_id, play_id, seconds_start, seconds_end) VALUES(6138, 1649, 24992, 28031, 1308, 1327);
INSERT INTO player_team_game_play(player_id, team_id, game_id, play_id, seconds_start, seconds_end) VALUES(7406, 1649, 24992, 28031, 1308, 1327);
INSERT INTO player_team_game_play(player_id, team_id, game_id, play_id, seconds_start, seconds_end) VALUES(1775, 1649, 24992, 28031, 1308, 1327);
INSERT INTO lba.sub_play (play_id, seconds_da_start, player_made_id, team_made_id, game_made_id, player_suffered_id, team_suffered_id, game_suffered_id, shot_id, turnover_id, foul_id, rebound_defensive_01, rebound_offensive_01, assist_01, blocks_01, time_out_01, x, y)VALUES(28031, 19, 7015, 1649, 24992, NULL, NULL, NULL, 4, NULL, NULL, '', '', '', '', '', 69, 85);
INSERT INTO lba.sub_play (play_id, seconds_da_start, player_made_id, team_made_id, game_made_id, player_suffered_id, team_suffered_id, game_suffered_id, shot_id, turnover_id, foul_id, rebound_defensive_01, rebound_offensive_01, assist_01, blocks_01, time_out_01, x, y)VALUES(28031, 19, 7049, 1655, 24992, NULL, NULL, NULL, NULL, NULL, NULL, '1', '', '', '', '', 69, 85);

INSERT INTO play(id, game_id, seconds_start, seconds_end, quarter, attack_home_01, score_home, score_guest)VALUES(28032, 24992, 1327, 1337, 3, '1', 45, 35);
INSERT INTO player_team_game_play(player_id, team_id, game_id, play_id, seconds_start, seconds_end) VALUES(7449, 1655, 24992, 28032, 1327, 1337);
INSERT INTO player_team_game_play(player_id, team_id, game_id, play_id, seconds_start, seconds_end) VALUES(7447, 1655, 24992, 28032, 1327, 1337);
INSERT INTO player_team_game_play(player_id, team_id, game_id, play_id, seconds_start, seconds_end) VALUES(7049, 1655, 24992, 28032, 1327, 1337);
INSERT INTO player_team_game_play(player_id, team_id, game_id, play_id, seconds_start, seconds_end) VALUES(7450, 1655, 24992, 28032, 1327, 1337);
INSERT INTO player_team_game_play(player_id, team_id, game_id, play_id, seconds_start, seconds_end) VALUES(6719, 1655, 24992, 28032, 1327, 1337);
INSERT INTO player_team_game_play(player_id, team_id, game_id, play_id, seconds_start, seconds_end) VALUES(7015, 1649, 24992, 28032, 1327, 1337);
INSERT INTO player_team_game_play(player_id, team_id, game_id, play_id, seconds_start, seconds_end) VALUES(5150, 1649, 24992, 28032, 1327, 1337);
INSERT INTO player_team_game_play(player_id, team_id, game_id, play_id, seconds_start, seconds_end) VALUES(6138, 1649, 24992, 28032, 1327, 1337);
INSERT INTO player_team_game_play(player_id, team_id, game_id, play_id, seconds_start, seconds_end) VALUES(7406, 1649, 24992, 28032, 1327, 1337);
INSERT INTO player_team_game_play(player_id, team_id, game_id, play_id, seconds_start, seconds_end) VALUES(1775, 1649, 24992, 28032, 1327, 1337);
INSERT INTO lba.sub_play (play_id, seconds_da_start, player_made_id, team_made_id, game_made_id, player_suffered_id, team_suffered_id, game_suffered_id, shot_id, turnover_id, foul_id, rebound_defensive_01, rebound_offensive_01, assist_01, blocks_01, time_out_01, x, y)VALUES(28032, 10, 6719, 1655, 24992, NULL, NULL, NULL, 1, NULL, NULL, '', '', '', '', '', 6, 53);
INSERT INTO lba.sub_play (play_id, seconds_da_start, player_made_id, team_made_id, game_made_id, player_suffered_id, team_suffered_id, game_suffered_id, shot_id, turnover_id, foul_id, rebound_defensive_01, rebound_offensive_01, assist_01, blocks_01, time_out_01, x, y)VALUES(28032, 10, 7450, 1655, 24992, NULL, NULL, NULL, NULL, NULL, NULL, '', '', '1', '', '', 6, 53);

INSERT INTO play(id, game_id, seconds_start, seconds_end, quarter, attack_home_01, score_home, score_guest)VALUES(28033, 24992, 1337, 1390, 3, '1', 45, 37);
INSERT INTO player_team_game_play(player_id, team_id, game_id, play_id, seconds_start, seconds_end) VALUES(7449, 1655, 24992, 28033, 1337, 1390);
INSERT INTO player_team_game_play(player_id, team_id, game_id, play_id, seconds_start, seconds_end) VALUES(7447, 1655, 24992, 28033, 1337, 1390);
INSERT INTO player_team_game_play(player_id, team_id, game_id, play_id, seconds_start, seconds_end) VALUES(7049, 1655, 24992, 28033, 1337, 1390);
INSERT INTO player_team_game_play(player_id, team_id, game_id, play_id, seconds_start, seconds_end) VALUES(7450, 1655, 24992, 28033, 1337, 1390);
INSERT INTO player_team_game_play(player_id, team_id, game_id, play_id, seconds_start, seconds_end) VALUES(6719, 1655, 24992, 28033, 1337, 1390);
INSERT INTO player_team_game_play(player_id, team_id, game_id, play_id, seconds_start, seconds_end) VALUES(7015, 1649, 24992, 28033, 1337, 1390);
INSERT INTO player_team_game_play(player_id, team_id, game_id, play_id, seconds_start, seconds_end) VALUES(5150, 1649, 24992, 28033, 1337, 1390);
INSERT INTO player_team_game_play(player_id, team_id, game_id, play_id, seconds_start, seconds_end) VALUES(6138, 1649, 24992, 28033, 1337, 1390);
INSERT INTO player_team_game_play(player_id, team_id, game_id, play_id, seconds_start, seconds_end) VALUES(7406, 1649, 24992, 28033, 1337, 1390);
INSERT INTO player_team_game_play(player_id, team_id, game_id, play_id, seconds_start, seconds_end) VALUES(1775, 1649, 24992, 28033, 1337, 1390);
UPDATE player_team_game_play SET seconds_end = 1378 WHERE player_id = 7049 AND game_id = 24992 AND play_id = 28033;
INSERT INTO player_team_game_play(player_id, team_id, game_id, play_id, seconds_start, seconds_end) VALUES(7448, 1655, 24992, 28033, 1378, 1390);
UPDATE player_team_game_play SET seconds_end = 1378 WHERE player_id = 6138 AND game_id = 24992 AND play_id = 28033;
UPDATE player_team_game_play SET seconds_end = 1378 WHERE player_id = 5150 AND game_id = 24992 AND play_id = 28033;
UPDATE player_team_game_play SET seconds_end = 1378 WHERE player_id = 1775 AND game_id = 24992 AND play_id = 28033;
INSERT INTO player_team_game_play(player_id, team_id, game_id, play_id, seconds_start, seconds_end) VALUES(3176, 1649, 24992, 28033, 1378, 1390);
INSERT INTO player_team_game_play(player_id, team_id, game_id, play_id, seconds_start, seconds_end) VALUES(7404, 1649, 24992, 28033, 1378, 1390);
INSERT INTO player_team_game_play(player_id, team_id, game_id, play_id, seconds_start, seconds_end) VALUES(2103, 1649, 24992, 28033, 1378, 1390);
INSERT INTO lba.sub_play (play_id, seconds_da_start, player_made_id, team_made_id, game_made_id, player_suffered_id, team_suffered_id, game_suffered_id, shot_id, turnover_id, foul_id, rebound_defensive_01, rebound_offensive_01, assist_01, blocks_01, time_out_01, x, y)VALUES(28033, 23, 5150, 1649, 24992, NULL, NULL, NULL, 1, NULL, NULL, '', '', '', '', '', 90, 34);
INSERT INTO lba.sub_play (play_id, seconds_da_start, player_made_id, team_made_id, game_made_id, player_suffered_id, team_suffered_id, game_suffered_id, shot_id, turnover_id, foul_id, rebound_defensive_01, rebound_offensive_01, assist_01, blocks_01, time_out_01, x, y)VALUES(28033, 41, 7015, 1649, 24992, 7450, 1655, 24992, NULL, NULL, 1, '', '', '', '', '', 26, 61);
INSERT INTO lba.sub_play (play_id, seconds_da_start, player_made_id, team_made_id, game_made_id, player_suffered_id, team_suffered_id, game_suffered_id, shot_id, turnover_id, foul_id, rebound_defensive_01, rebound_offensive_01, assist_01, blocks_01, time_out_01, x, y)VALUES(28033, 53, 7450, 1655, 24992, 3176, 1649, 24992, NULL, NULL, 7, '', '', '', '', '', 28, 23);
INSERT INTO lba.sub_play (play_id, seconds_da_start, player_made_id, team_made_id, game_made_id, player_suffered_id, team_suffered_id, game_suffered_id, shot_id, turnover_id, foul_id, rebound_defensive_01, rebound_offensive_01, assist_01, blocks_01, time_out_01, x, y)VALUES(28033, 53, 7450, 1655, 24992, NULL, NULL, NULL, NULL, 13, NULL, '', '', '', '', '', 28, 23);

INSERT INTO play(id, game_id, seconds_start, seconds_end, quarter, attack_home_01, score_home, score_guest)VALUES(28034, 24992, 1390, 1404, 3, '0', 45, 39);
INSERT INTO player_team_game_play(player_id, team_id, game_id, play_id, seconds_start, seconds_end) VALUES(7447, 1655, 24992, 28034, 1390, 1404);
INSERT INTO player_team_game_play(player_id, team_id, game_id, play_id, seconds_start, seconds_end) VALUES(7448, 1655, 24992, 28034, 1390, 1404);
INSERT INTO player_team_game_play(player_id, team_id, game_id, play_id, seconds_start, seconds_end) VALUES(7449, 1655, 24992, 28034, 1390, 1404);
INSERT INTO player_team_game_play(player_id, team_id, game_id, play_id, seconds_start, seconds_end) VALUES(7450, 1655, 24992, 28034, 1390, 1404);
INSERT INTO player_team_game_play(player_id, team_id, game_id, play_id, seconds_start, seconds_end) VALUES(6719, 1655, 24992, 28034, 1390, 1404);
INSERT INTO player_team_game_play(player_id, team_id, game_id, play_id, seconds_start, seconds_end) VALUES(2103, 1649, 24992, 28034, 1390, 1404);
INSERT INTO player_team_game_play(player_id, team_id, game_id, play_id, seconds_start, seconds_end) VALUES(7015, 1649, 24992, 28034, 1390, 1404);
INSERT INTO player_team_game_play(player_id, team_id, game_id, play_id, seconds_start, seconds_end) VALUES(3176, 1649, 24992, 28034, 1390, 1404);
INSERT INTO player_team_game_play(player_id, team_id, game_id, play_id, seconds_start, seconds_end) VALUES(7404, 1649, 24992, 28034, 1390, 1404);
INSERT INTO player_team_game_play(player_id, team_id, game_id, play_id, seconds_start, seconds_end) VALUES(7406, 1649, 24992, 28034, 1390, 1404);
INSERT INTO lba.sub_play (play_id, seconds_da_start, player_made_id, team_made_id, game_made_id, player_suffered_id, team_suffered_id, game_suffered_id, shot_id, turnover_id, foul_id, rebound_defensive_01, rebound_offensive_01, assist_01, blocks_01, time_out_01, x, y)VALUES(28034, 14, 7406, 1649, 24992, NULL, NULL, NULL, 1, NULL, NULL, '', '', '', '', '', 84, 66);

INSERT INTO play(id, game_id, seconds_start, seconds_end, quarter, attack_home_01, score_home, score_guest)VALUES(28035, 24992, 1404, 1416, 3, '1', 45, 39);
INSERT INTO player_team_game_play(player_id, team_id, game_id, play_id, seconds_start, seconds_end) VALUES(7447, 1655, 24992, 28035, 1404, 1416);
INSERT INTO player_team_game_play(player_id, team_id, game_id, play_id, seconds_start, seconds_end) VALUES(7448, 1655, 24992, 28035, 1404, 1416);
INSERT INTO player_team_game_play(player_id, team_id, game_id, play_id, seconds_start, seconds_end) VALUES(7449, 1655, 24992, 28035, 1404, 1416);
INSERT INTO player_team_game_play(player_id, team_id, game_id, play_id, seconds_start, seconds_end) VALUES(7450, 1655, 24992, 28035, 1404, 1416);
INSERT INTO player_team_game_play(player_id, team_id, game_id, play_id, seconds_start, seconds_end) VALUES(6719, 1655, 24992, 28035, 1404, 1416);
INSERT INTO player_team_game_play(player_id, team_id, game_id, play_id, seconds_start, seconds_end) VALUES(2103, 1649, 24992, 28035, 1404, 1416);
INSERT INTO player_team_game_play(player_id, team_id, game_id, play_id, seconds_start, seconds_end) VALUES(7015, 1649, 24992, 28035, 1404, 1416);
INSERT INTO player_team_game_play(player_id, team_id, game_id, play_id, seconds_start, seconds_end) VALUES(3176, 1649, 24992, 28035, 1404, 1416);
INSERT INTO player_team_game_play(player_id, team_id, game_id, play_id, seconds_start, seconds_end) VALUES(7404, 1649, 24992, 28035, 1404, 1416);
INSERT INTO player_team_game_play(player_id, team_id, game_id, play_id, seconds_start, seconds_end) VALUES(7406, 1649, 24992, 28035, 1404, 1416);
INSERT INTO lba.sub_play (play_id, seconds_da_start, player_made_id, team_made_id, game_made_id, player_suffered_id, team_suffered_id, game_suffered_id, shot_id, turnover_id, foul_id, rebound_defensive_01, rebound_offensive_01, assist_01, blocks_01, time_out_01, x, y)VALUES(28035, 12, 7447, 1655, 24992, NULL, NULL, NULL, 2, NULL, NULL, '', '', '', '', '', 17, 35);
INSERT INTO lba.sub_play (play_id, seconds_da_start, player_made_id, team_made_id, game_made_id, player_suffered_id, team_suffered_id, game_suffered_id, shot_id, turnover_id, foul_id, rebound_defensive_01, rebound_offensive_01, assist_01, blocks_01, time_out_01, x, y)VALUES(28035, 12, 7404, 1649, 24992, NULL, NULL, NULL, NULL, NULL, NULL, '1', '', '', '', '', 17, 35);

INSERT INTO play(id, game_id, seconds_start, seconds_end, quarter, attack_home_01, score_home, score_guest)VALUES(28036, 24992, 1416, 1439, 3, '0', 45, 41);
INSERT INTO player_team_game_play(player_id, team_id, game_id, play_id, seconds_start, seconds_end) VALUES(7447, 1655, 24992, 28036, 1416, 1439);
INSERT INTO player_team_game_play(player_id, team_id, game_id, play_id, seconds_start, seconds_end) VALUES(7448, 1655, 24992, 28036, 1416, 1439);
INSERT INTO player_team_game_play(player_id, team_id, game_id, play_id, seconds_start, seconds_end) VALUES(7449, 1655, 24992, 28036, 1416, 1439);
INSERT INTO player_team_game_play(player_id, team_id, game_id, play_id, seconds_start, seconds_end) VALUES(7450, 1655, 24992, 28036, 1416, 1439);
INSERT INTO player_team_game_play(player_id, team_id, game_id, play_id, seconds_start, seconds_end) VALUES(6719, 1655, 24992, 28036, 1416, 1439);
INSERT INTO player_team_game_play(player_id, team_id, game_id, play_id, seconds_start, seconds_end) VALUES(2103, 1649, 24992, 28036, 1416, 1439);
INSERT INTO player_team_game_play(player_id, team_id, game_id, play_id, seconds_start, seconds_end) VALUES(7015, 1649, 24992, 28036, 1416, 1439);
INSERT INTO player_team_game_play(player_id, team_id, game_id, play_id, seconds_start, seconds_end) VALUES(3176, 1649, 24992, 28036, 1416, 1439);
INSERT INTO player_team_game_play(player_id, team_id, game_id, play_id, seconds_start, seconds_end) VALUES(7404, 1649, 24992, 28036, 1416, 1439);
INSERT INTO player_team_game_play(player_id, team_id, game_id, play_id, seconds_start, seconds_end) VALUES(7406, 1649, 24992, 28036, 1416, 1439);
INSERT INTO lba.sub_play (play_id, seconds_da_start, player_made_id, team_made_id, game_made_id, player_suffered_id, team_suffered_id, game_suffered_id, shot_id, turnover_id, foul_id, rebound_defensive_01, rebound_offensive_01, assist_01, blocks_01, time_out_01, x, y)VALUES(28036, 23, 2103, 1649, 24992, NULL, NULL, NULL, 1, NULL, NULL, '', '', '', '', '', 96, 47);

INSERT INTO play(id, game_id, seconds_start, seconds_end, quarter, attack_home_01, score_home, score_guest)VALUES(28037, 24992, 1439, 1457, 3, '1', 45, 41);
INSERT INTO player_team_game_play(player_id, team_id, game_id, play_id, seconds_start, seconds_end) VALUES(7447, 1655, 24992, 28037, 1439, 1457);
INSERT INTO player_team_game_play(player_id, team_id, game_id, play_id, seconds_start, seconds_end) VALUES(7448, 1655, 24992, 28037, 1439, 1457);
INSERT INTO player_team_game_play(player_id, team_id, game_id, play_id, seconds_start, seconds_end) VALUES(7449, 1655, 24992, 28037, 1439, 1457);
INSERT INTO player_team_game_play(player_id, team_id, game_id, play_id, seconds_start, seconds_end) VALUES(7450, 1655, 24992, 28037, 1439, 1457);
INSERT INTO player_team_game_play(player_id, team_id, game_id, play_id, seconds_start, seconds_end) VALUES(6719, 1655, 24992, 28037, 1439, 1457);
INSERT INTO player_team_game_play(player_id, team_id, game_id, play_id, seconds_start, seconds_end) VALUES(2103, 1649, 24992, 28037, 1439, 1457);
INSERT INTO player_team_game_play(player_id, team_id, game_id, play_id, seconds_start, seconds_end) VALUES(7015, 1649, 24992, 28037, 1439, 1457);
INSERT INTO player_team_game_play(player_id, team_id, game_id, play_id, seconds_start, seconds_end) VALUES(3176, 1649, 24992, 28037, 1439, 1457);
INSERT INTO player_team_game_play(player_id, team_id, game_id, play_id, seconds_start, seconds_end) VALUES(7404, 1649, 24992, 28037, 1439, 1457);
INSERT INTO player_team_game_play(player_id, team_id, game_id, play_id, seconds_start, seconds_end) VALUES(7406, 1649, 24992, 28037, 1439, 1457);
INSERT INTO lba.sub_play (play_id, seconds_da_start, player_made_id, team_made_id, game_made_id, player_suffered_id, team_suffered_id, game_suffered_id, shot_id, turnover_id, foul_id, rebound_defensive_01, rebound_offensive_01, assist_01, blocks_01, time_out_01, x, y)VALUES(28037, 18, 7450, 1655, 24992, NULL, NULL, NULL, 2, NULL, NULL, '', '', '', '', '', 10, 63);
INSERT INTO lba.sub_play (play_id, seconds_da_start, player_made_id, team_made_id, game_made_id, player_suffered_id, team_suffered_id, game_suffered_id, shot_id, turnover_id, foul_id, rebound_defensive_01, rebound_offensive_01, assist_01, blocks_01, time_out_01, x, y)VALUES(28037, 18, 3176, 1649, 24992, NULL, NULL, NULL, NULL, NULL, NULL, '1', '', '', '', '', 10, 63);

INSERT INTO play(id, game_id, seconds_start, seconds_end, quarter, attack_home_01, score_home, score_guest)VALUES(28038, 24992, 1457, 1475, 3, '0', 45, 43);
INSERT INTO player_team_game_play(player_id, team_id, game_id, play_id, seconds_start, seconds_end) VALUES(7447, 1655, 24992, 28038, 1457, 1475);
INSERT INTO player_team_game_play(player_id, team_id, game_id, play_id, seconds_start, seconds_end) VALUES(7448, 1655, 24992, 28038, 1457, 1475);
INSERT INTO player_team_game_play(player_id, team_id, game_id, play_id, seconds_start, seconds_end) VALUES(7449, 1655, 24992, 28038, 1457, 1475);
INSERT INTO player_team_game_play(player_id, team_id, game_id, play_id, seconds_start, seconds_end) VALUES(7450, 1655, 24992, 28038, 1457, 1475);
INSERT INTO player_team_game_play(player_id, team_id, game_id, play_id, seconds_start, seconds_end) VALUES(6719, 1655, 24992, 28038, 1457, 1475);
INSERT INTO player_team_game_play(player_id, team_id, game_id, play_id, seconds_start, seconds_end) VALUES(2103, 1649, 24992, 28038, 1457, 1475);
INSERT INTO player_team_game_play(player_id, team_id, game_id, play_id, seconds_start, seconds_end) VALUES(7015, 1649, 24992, 28038, 1457, 1475);
INSERT INTO player_team_game_play(player_id, team_id, game_id, play_id, seconds_start, seconds_end) VALUES(3176, 1649, 24992, 28038, 1457, 1475);
INSERT INTO player_team_game_play(player_id, team_id, game_id, play_id, seconds_start, seconds_end) VALUES(7404, 1649, 24992, 28038, 1457, 1475);
INSERT INTO player_team_game_play(player_id, team_id, game_id, play_id, seconds_start, seconds_end) VALUES(7406, 1649, 24992, 28038, 1457, 1475);
UPDATE player_team_game_play SET seconds_end = 1458 WHERE player_id = 7447 AND game_id = 24992 AND play_id = 28038;
INSERT INTO player_team_game_play(player_id, team_id, game_id, play_id, seconds_start, seconds_end) VALUES(6320, 1655, 24992, 28038, 1458, 1475);
INSERT INTO lba.sub_play (play_id, seconds_da_start, player_made_id, team_made_id, game_made_id, player_suffered_id, team_suffered_id, game_suffered_id, shot_id, turnover_id, foul_id, rebound_defensive_01, rebound_offensive_01, assist_01, blocks_01, time_out_01, x, y)VALUES(28038, 1, 6719, 1655, 24992, 3176, 1649, 24992, NULL, NULL, 1, '', '', '', '', '', 49, 48);
INSERT INTO lba.sub_play (play_id, seconds_da_start, player_made_id, team_made_id, game_made_id, player_suffered_id, team_suffered_id, game_suffered_id, shot_id, turnover_id, foul_id, rebound_defensive_01, rebound_offensive_01, assist_01, blocks_01, time_out_01, x, y)VALUES(28038, 18, 7015, 1649, 24992, NULL, NULL, NULL, 1, NULL, NULL, '', '', '', '', '', 88, 28);

INSERT INTO play(id, game_id, seconds_start, seconds_end, quarter, attack_home_01, score_home, score_guest)VALUES(28039, 24992, 1475, 1502, 3, '1', 45, 43);
INSERT INTO player_team_game_play(player_id, team_id, game_id, play_id, seconds_start, seconds_end) VALUES(6320, 1655, 24992, 28039, 1475, 1502);
INSERT INTO player_team_game_play(player_id, team_id, game_id, play_id, seconds_start, seconds_end) VALUES(7448, 1655, 24992, 28039, 1475, 1502);
INSERT INTO player_team_game_play(player_id, team_id, game_id, play_id, seconds_start, seconds_end) VALUES(7449, 1655, 24992, 28039, 1475, 1502);
INSERT INTO player_team_game_play(player_id, team_id, game_id, play_id, seconds_start, seconds_end) VALUES(7450, 1655, 24992, 28039, 1475, 1502);
INSERT INTO player_team_game_play(player_id, team_id, game_id, play_id, seconds_start, seconds_end) VALUES(6719, 1655, 24992, 28039, 1475, 1502);
INSERT INTO player_team_game_play(player_id, team_id, game_id, play_id, seconds_start, seconds_end) VALUES(2103, 1649, 24992, 28039, 1475, 1502);
INSERT INTO player_team_game_play(player_id, team_id, game_id, play_id, seconds_start, seconds_end) VALUES(7015, 1649, 24992, 28039, 1475, 1502);
INSERT INTO player_team_game_play(player_id, team_id, game_id, play_id, seconds_start, seconds_end) VALUES(3176, 1649, 24992, 28039, 1475, 1502);
INSERT INTO player_team_game_play(player_id, team_id, game_id, play_id, seconds_start, seconds_end) VALUES(7404, 1649, 24992, 28039, 1475, 1502);
INSERT INTO player_team_game_play(player_id, team_id, game_id, play_id, seconds_start, seconds_end) VALUES(7406, 1649, 24992, 28039, 1475, 1502);
INSERT INTO lba.sub_play (play_id, seconds_da_start, player_made_id, team_made_id, game_made_id, player_suffered_id, team_suffered_id, game_suffered_id, shot_id, turnover_id, foul_id, rebound_defensive_01, rebound_offensive_01, assist_01, blocks_01, time_out_01, x, y)VALUES(28039, 27, 7450, 1655, 24992, NULL, NULL, NULL, 4, NULL, NULL, '', '', '', '', '', 21, 11);
INSERT INTO lba.sub_play (play_id, seconds_da_start, player_made_id, team_made_id, game_made_id, player_suffered_id, team_suffered_id, game_suffered_id, shot_id, turnover_id, foul_id, rebound_defensive_01, rebound_offensive_01, assist_01, blocks_01, time_out_01, x, y)VALUES(28039, 27, 2103, 1649, 24992, NULL, NULL, NULL, NULL, NULL, NULL, '1', '', '', '', '', 21, 11);

INSERT INTO play(id, game_id, seconds_start, seconds_end, quarter, attack_home_01, score_home, score_guest)VALUES(28040, 24992, 1502, 1518, 3, '0', 45, 45);
INSERT INTO player_team_game_play(player_id, team_id, game_id, play_id, seconds_start, seconds_end) VALUES(6320, 1655, 24992, 28040, 1502, 1518);
INSERT INTO player_team_game_play(player_id, team_id, game_id, play_id, seconds_start, seconds_end) VALUES(7448, 1655, 24992, 28040, 1502, 1518);
INSERT INTO player_team_game_play(player_id, team_id, game_id, play_id, seconds_start, seconds_end) VALUES(7449, 1655, 24992, 28040, 1502, 1518);
INSERT INTO player_team_game_play(player_id, team_id, game_id, play_id, seconds_start, seconds_end) VALUES(7450, 1655, 24992, 28040, 1502, 1518);
INSERT INTO player_team_game_play(player_id, team_id, game_id, play_id, seconds_start, seconds_end) VALUES(6719, 1655, 24992, 28040, 1502, 1518);
INSERT INTO player_team_game_play(player_id, team_id, game_id, play_id, seconds_start, seconds_end) VALUES(2103, 1649, 24992, 28040, 1502, 1518);
INSERT INTO player_team_game_play(player_id, team_id, game_id, play_id, seconds_start, seconds_end) VALUES(7015, 1649, 24992, 28040, 1502, 1518);
INSERT INTO player_team_game_play(player_id, team_id, game_id, play_id, seconds_start, seconds_end) VALUES(3176, 1649, 24992, 28040, 1502, 1518);
INSERT INTO player_team_game_play(player_id, team_id, game_id, play_id, seconds_start, seconds_end) VALUES(7404, 1649, 24992, 28040, 1502, 1518);
INSERT INTO player_team_game_play(player_id, team_id, game_id, play_id, seconds_start, seconds_end) VALUES(7406, 1649, 24992, 28040, 1502, 1518);
UPDATE player_team_game_play SET seconds_end = 1518 WHERE player_id = 7450 AND game_id = 24992 AND play_id = 28040;
UPDATE player_team_game_play SET seconds_end = 1518 WHERE player_id = 6719 AND game_id = 24992 AND play_id = 28040;
INSERT INTO player_team_game_play(player_id, team_id, game_id, play_id, seconds_start, seconds_end) VALUES(7049, 1655, 24992, 28040, 1518, 1518);
INSERT INTO player_team_game_play(player_id, team_id, game_id, play_id, seconds_start, seconds_end) VALUES(378, 1655, 24992, 28040, 1518, 1518);
INSERT INTO lba.sub_play (play_id, seconds_da_start, player_made_id, team_made_id, game_made_id, player_suffered_id, team_suffered_id, game_suffered_id, shot_id, turnover_id, foul_id, rebound_defensive_01, rebound_offensive_01, assist_01, blocks_01, time_out_01, x, y)VALUES(28040, 16, 7404, 1649, 24992, NULL, NULL, NULL, 1, NULL, NULL, '', '', '', '', '', 85, 52);

INSERT INTO play(id, game_id, seconds_start, seconds_end, quarter, attack_home_01, score_home, score_guest)VALUES(28041, 24992, 1518, 1554, 3, '0', 48, 46);
INSERT INTO player_team_game_play(player_id, team_id, game_id, play_id, seconds_start, seconds_end) VALUES(6320, 1655, 24992, 28041, 1518, 1554);
INSERT INTO player_team_game_play(player_id, team_id, game_id, play_id, seconds_start, seconds_end) VALUES(7448, 1655, 24992, 28041, 1518, 1554);
INSERT INTO player_team_game_play(player_id, team_id, game_id, play_id, seconds_start, seconds_end) VALUES(7449, 1655, 24992, 28041, 1518, 1554);
INSERT INTO player_team_game_play(player_id, team_id, game_id, play_id, seconds_start, seconds_end) VALUES(7450, 1655, 24992, 28041, 1518, 1554);
INSERT INTO player_team_game_play(player_id, team_id, game_id, play_id, seconds_start, seconds_end) VALUES(6719, 1655, 24992, 28041, 1518, 1554);
INSERT INTO player_team_game_play(player_id, team_id, game_id, play_id, seconds_start, seconds_end) VALUES(2103, 1649, 24992, 28041, 1518, 1554);
INSERT INTO player_team_game_play(player_id, team_id, game_id, play_id, seconds_start, seconds_end) VALUES(7015, 1649, 24992, 28041, 1518, 1554);
INSERT INTO player_team_game_play(player_id, team_id, game_id, play_id, seconds_start, seconds_end) VALUES(3176, 1649, 24992, 28041, 1518, 1554);
INSERT INTO player_team_game_play(player_id, team_id, game_id, play_id, seconds_start, seconds_end) VALUES(7404, 1649, 24992, 28041, 1518, 1554);
INSERT INTO player_team_game_play(player_id, team_id, game_id, play_id, seconds_start, seconds_end) VALUES(7406, 1649, 24992, 28041, 1518, 1554);
UPDATE player_team_game_play SET seconds_end = 1518 WHERE player_id = 7450 AND game_id = 24992 AND play_id = 28041;
UPDATE player_team_game_play SET seconds_end = 1518 WHERE player_id = 6719 AND game_id = 24992 AND play_id = 28041;
INSERT INTO player_team_game_play(player_id, team_id, game_id, play_id, seconds_start, seconds_end) VALUES(7049, 1655, 24992, 28041, 1518, 1554);
INSERT INTO player_team_game_play(player_id, team_id, game_id, play_id, seconds_start, seconds_end) VALUES(378, 1655, 24992, 28041, 1518, 1554);
INSERT INTO lba.sub_play (play_id, seconds_da_start, player_made_id, team_made_id, game_made_id, player_suffered_id, team_suffered_id, game_suffered_id, shot_id, turnover_id, foul_id, rebound_defensive_01, rebound_offensive_01, assist_01, blocks_01, time_out_01, x, y)VALUES(28041, 6, 7406, 1649, 24992, 6320, 1655, 24992, NULL, NULL, 1, '', '', '', '', '', 46, 70);
INSERT INTO lba.sub_play (play_id, seconds_da_start, player_made_id, team_made_id, game_made_id, player_suffered_id, team_suffered_id, game_suffered_id, shot_id, turnover_id, foul_id, rebound_defensive_01, rebound_offensive_01, assist_01, blocks_01, time_out_01, x, y)VALUES(28041, 21, 6320, 1655, 24992, NULL, NULL, NULL, 2, NULL, NULL, '', '', '', '', '', 9, 51);
INSERT INTO lba.sub_play (play_id, seconds_da_start, player_made_id, team_made_id, game_made_id, player_suffered_id, team_suffered_id, game_suffered_id, shot_id, turnover_id, foul_id, rebound_defensive_01, rebound_offensive_01, assist_01, blocks_01, time_out_01, x, y)VALUES(28041, 21, 3176, 1649, 24992, 6320, 1655, 24992, NULL, NULL, NULL, '', '', '', '1', '', 9, 51);
INSERT INTO lba.sub_play (play_id, seconds_da_start, player_made_id, team_made_id, game_made_id, player_suffered_id, team_suffered_id, game_suffered_id, shot_id, turnover_id, foul_id, rebound_defensive_01, rebound_offensive_01, assist_01, blocks_01, time_out_01, x, y)VALUES(28041, 21, 6320, 1655, 24992, NULL, NULL, NULL, NULL, NULL, NULL, '', '1', '', '', '', 9, 51);
INSERT INTO lba.sub_play (play_id, seconds_da_start, player_made_id, team_made_id, game_made_id, player_suffered_id, team_suffered_id, game_suffered_id, shot_id, turnover_id, foul_id, rebound_defensive_01, rebound_offensive_01, assist_01, blocks_01, time_out_01, x, y)VALUES(28041, 27, 378, 1655, 24992, NULL, NULL, NULL, 4, NULL, NULL, '', '', '', '', '', 6, 3);
INSERT INTO lba.sub_play (play_id, seconds_da_start, player_made_id, team_made_id, game_made_id, player_suffered_id, team_suffered_id, game_suffered_id, shot_id, turnover_id, foul_id, rebound_defensive_01, rebound_offensive_01, assist_01, blocks_01, time_out_01, x, y)VALUES(28041, 27, 6320, 1655, 24992, NULL, NULL, NULL, NULL, NULL, NULL, '', '1', '', '', '', 6, 3);
INSERT INTO lba.sub_play (play_id, seconds_da_start, player_made_id, team_made_id, game_made_id, player_suffered_id, team_suffered_id, game_suffered_id, shot_id, turnover_id, foul_id, rebound_defensive_01, rebound_offensive_01, assist_01, blocks_01, time_out_01, x, y)VALUES(28041, 35, 7049, 1655, 24992, NULL, NULL, NULL, 3, NULL, NULL, '', '', '', '', '', 12, 96);
INSERT INTO lba.sub_play (play_id, seconds_da_start, player_made_id, team_made_id, game_made_id, player_suffered_id, team_suffered_id, game_suffered_id, shot_id, turnover_id, foul_id, rebound_defensive_01, rebound_offensive_01, assist_01, blocks_01, time_out_01, x, y)VALUES(28041, 36, 7449, 1655, 24992, 2103, 1649, 24992, NULL, NULL, 3, '', '', '', '', '', 19, 38);
INSERT INTO lba.sub_play (play_id, seconds_da_start, player_made_id, team_made_id, game_made_id, player_suffered_id, team_suffered_id, game_suffered_id, shot_id, turnover_id, foul_id, rebound_defensive_01, rebound_offensive_01, assist_01, blocks_01, time_out_01, x, y)VALUES(28041, 36, 2103, 1649, 24992, NULL, NULL, NULL, 5, NULL, NULL, '', '', '', '', '', NULL, NULL);

INSERT INTO play(id, game_id, seconds_start, seconds_end, quarter, attack_home_01, score_home, score_guest)VALUES(28042, 24992, 1554, 1563, 3, '0', 48, 46);
INSERT INTO player_team_game_play(player_id, team_id, game_id, play_id, seconds_start, seconds_end) VALUES(6320, 1655, 24992, 28042, 1554, 1563);
INSERT INTO player_team_game_play(player_id, team_id, game_id, play_id, seconds_start, seconds_end) VALUES(7449, 1655, 24992, 28042, 1554, 1563);
INSERT INTO player_team_game_play(player_id, team_id, game_id, play_id, seconds_start, seconds_end) VALUES(7448, 1655, 24992, 28042, 1554, 1563);
INSERT INTO player_team_game_play(player_id, team_id, game_id, play_id, seconds_start, seconds_end) VALUES(7049, 1655, 24992, 28042, 1554, 1563);
INSERT INTO player_team_game_play(player_id, team_id, game_id, play_id, seconds_start, seconds_end) VALUES(378, 1655, 24992, 28042, 1554, 1563);
INSERT INTO player_team_game_play(player_id, team_id, game_id, play_id, seconds_start, seconds_end) VALUES(2103, 1649, 24992, 28042, 1554, 1563);
INSERT INTO player_team_game_play(player_id, team_id, game_id, play_id, seconds_start, seconds_end) VALUES(7015, 1649, 24992, 28042, 1554, 1563);
INSERT INTO player_team_game_play(player_id, team_id, game_id, play_id, seconds_start, seconds_end) VALUES(3176, 1649, 24992, 28042, 1554, 1563);
INSERT INTO player_team_game_play(player_id, team_id, game_id, play_id, seconds_start, seconds_end) VALUES(7404, 1649, 24992, 28042, 1554, 1563);
INSERT INTO player_team_game_play(player_id, team_id, game_id, play_id, seconds_start, seconds_end) VALUES(7406, 1649, 24992, 28042, 1554, 1563);
INSERT INTO lba.sub_play (play_id, seconds_da_start, player_made_id, team_made_id, game_made_id, player_suffered_id, team_suffered_id, game_suffered_id, shot_id, turnover_id, foul_id, rebound_defensive_01, rebound_offensive_01, assist_01, blocks_01, time_out_01, x, y)VALUES(28042, 0, 2103, 1649, 24992, NULL, NULL, NULL, 6, NULL, NULL, '', '', '', '', '', NULL, NULL);
INSERT INTO lba.sub_play (play_id, seconds_da_start, player_made_id, team_made_id, game_made_id, player_suffered_id, team_suffered_id, game_suffered_id, shot_id, turnover_id, foul_id, rebound_defensive_01, rebound_offensive_01, assist_01, blocks_01, time_out_01, x, y)VALUES(28042, 9, 3176, 1649, 24992, NULL, NULL, NULL, 2, NULL, NULL, '', '', '', '', '', 96, 43);
INSERT INTO lba.sub_play (play_id, seconds_da_start, player_made_id, team_made_id, game_made_id, player_suffered_id, team_suffered_id, game_suffered_id, shot_id, turnover_id, foul_id, rebound_defensive_01, rebound_offensive_01, assist_01, blocks_01, time_out_01, x, y)VALUES(28042, 9, 7449, 1655, 24992, 3176, 1649, 24992, NULL, NULL, NULL, '', '', '', '1', '', 96, 43);
INSERT INTO lba.sub_play (play_id, seconds_da_start, player_made_id, team_made_id, game_made_id, player_suffered_id, team_suffered_id, game_suffered_id, shot_id, turnover_id, foul_id, rebound_defensive_01, rebound_offensive_01, assist_01, blocks_01, time_out_01, x, y)VALUES(28042, 9, 7449, 1655, 24992, NULL, NULL, NULL, NULL, NULL, NULL, '1', '', '', '', '', 96, 43);

INSERT INTO play(id, game_id, seconds_start, seconds_end, quarter, attack_home_01, score_home, score_guest)VALUES(28043, 24992, 1563, 1569, 3, '1', 50, 46);
INSERT INTO player_team_game_play(player_id, team_id, game_id, play_id, seconds_start, seconds_end) VALUES(6320, 1655, 24992, 28043, 1563, 1569);
INSERT INTO player_team_game_play(player_id, team_id, game_id, play_id, seconds_start, seconds_end) VALUES(7449, 1655, 24992, 28043, 1563, 1569);
INSERT INTO player_team_game_play(player_id, team_id, game_id, play_id, seconds_start, seconds_end) VALUES(7448, 1655, 24992, 28043, 1563, 1569);
INSERT INTO player_team_game_play(player_id, team_id, game_id, play_id, seconds_start, seconds_end) VALUES(7049, 1655, 24992, 28043, 1563, 1569);
INSERT INTO player_team_game_play(player_id, team_id, game_id, play_id, seconds_start, seconds_end) VALUES(378, 1655, 24992, 28043, 1563, 1569);
INSERT INTO player_team_game_play(player_id, team_id, game_id, play_id, seconds_start, seconds_end) VALUES(2103, 1649, 24992, 28043, 1563, 1569);
INSERT INTO player_team_game_play(player_id, team_id, game_id, play_id, seconds_start, seconds_end) VALUES(7015, 1649, 24992, 28043, 1563, 1569);
INSERT INTO player_team_game_play(player_id, team_id, game_id, play_id, seconds_start, seconds_end) VALUES(3176, 1649, 24992, 28043, 1563, 1569);
INSERT INTO player_team_game_play(player_id, team_id, game_id, play_id, seconds_start, seconds_end) VALUES(7404, 1649, 24992, 28043, 1563, 1569);
INSERT INTO player_team_game_play(player_id, team_id, game_id, play_id, seconds_start, seconds_end) VALUES(7406, 1649, 24992, 28043, 1563, 1569);
INSERT INTO lba.sub_play (play_id, seconds_da_start, player_made_id, team_made_id, game_made_id, player_suffered_id, team_suffered_id, game_suffered_id, shot_id, turnover_id, foul_id, rebound_defensive_01, rebound_offensive_01, assist_01, blocks_01, time_out_01, x, y)VALUES(28043, 6, 7448, 1655, 24992, NULL, NULL, NULL, 1, NULL, NULL, '', '', '', '', '', 11, 45);
INSERT INTO lba.sub_play (play_id, seconds_da_start, player_made_id, team_made_id, game_made_id, player_suffered_id, team_suffered_id, game_suffered_id, shot_id, turnover_id, foul_id, rebound_defensive_01, rebound_offensive_01, assist_01, blocks_01, time_out_01, x, y)VALUES(28043, 6, 6320, 1655, 24992, NULL, NULL, NULL, NULL, NULL, NULL, '', '', '1', '', '', 11, 45);

INSERT INTO play(id, game_id, seconds_start, seconds_end, quarter, attack_home_01, score_home, score_guest)VALUES(28044, 24992, 1569, 1587, 3, '0', 50, 46);
INSERT INTO player_team_game_play(player_id, team_id, game_id, play_id, seconds_start, seconds_end) VALUES(6320, 1655, 24992, 28044, 1569, 1587);
INSERT INTO player_team_game_play(player_id, team_id, game_id, play_id, seconds_start, seconds_end) VALUES(7449, 1655, 24992, 28044, 1569, 1587);
INSERT INTO player_team_game_play(player_id, team_id, game_id, play_id, seconds_start, seconds_end) VALUES(7448, 1655, 24992, 28044, 1569, 1587);
INSERT INTO player_team_game_play(player_id, team_id, game_id, play_id, seconds_start, seconds_end) VALUES(7049, 1655, 24992, 28044, 1569, 1587);
INSERT INTO player_team_game_play(player_id, team_id, game_id, play_id, seconds_start, seconds_end) VALUES(378, 1655, 24992, 28044, 1569, 1587);
INSERT INTO player_team_game_play(player_id, team_id, game_id, play_id, seconds_start, seconds_end) VALUES(2103, 1649, 24992, 28044, 1569, 1587);
INSERT INTO player_team_game_play(player_id, team_id, game_id, play_id, seconds_start, seconds_end) VALUES(7015, 1649, 24992, 28044, 1569, 1587);
INSERT INTO player_team_game_play(player_id, team_id, game_id, play_id, seconds_start, seconds_end) VALUES(3176, 1649, 24992, 28044, 1569, 1587);
INSERT INTO player_team_game_play(player_id, team_id, game_id, play_id, seconds_start, seconds_end) VALUES(7404, 1649, 24992, 28044, 1569, 1587);
INSERT INTO player_team_game_play(player_id, team_id, game_id, play_id, seconds_start, seconds_end) VALUES(7406, 1649, 24992, 28044, 1569, 1587);
INSERT INTO lba.sub_play (play_id, seconds_da_start, player_made_id, team_made_id, game_made_id, player_suffered_id, team_suffered_id, game_suffered_id, shot_id, turnover_id, foul_id, rebound_defensive_01, rebound_offensive_01, assist_01, blocks_01, time_out_01, x, y)VALUES(28044, 18, 3176, 1649, 24992, 7449, 1655, 24992, NULL, 2, NULL, '', '', '', '', '', 67, 31);

INSERT INTO play(id, game_id, seconds_start, seconds_end, quarter, attack_home_01, score_home, score_guest)VALUES(28045, 24992, 1587, 1596, 3, '1', 50, 46);
INSERT INTO player_team_game_play(player_id, team_id, game_id, play_id, seconds_start, seconds_end) VALUES(6320, 1655, 24992, 28045, 1587, 1596);
INSERT INTO player_team_game_play(player_id, team_id, game_id, play_id, seconds_start, seconds_end) VALUES(7449, 1655, 24992, 28045, 1587, 1596);
INSERT INTO player_team_game_play(player_id, team_id, game_id, play_id, seconds_start, seconds_end) VALUES(7448, 1655, 24992, 28045, 1587, 1596);
INSERT INTO player_team_game_play(player_id, team_id, game_id, play_id, seconds_start, seconds_end) VALUES(7049, 1655, 24992, 28045, 1587, 1596);
INSERT INTO player_team_game_play(player_id, team_id, game_id, play_id, seconds_start, seconds_end) VALUES(378, 1655, 24992, 28045, 1587, 1596);
INSERT INTO player_team_game_play(player_id, team_id, game_id, play_id, seconds_start, seconds_end) VALUES(2103, 1649, 24992, 28045, 1587, 1596);
INSERT INTO player_team_game_play(player_id, team_id, game_id, play_id, seconds_start, seconds_end) VALUES(7015, 1649, 24992, 28045, 1587, 1596);
INSERT INTO player_team_game_play(player_id, team_id, game_id, play_id, seconds_start, seconds_end) VALUES(3176, 1649, 24992, 28045, 1587, 1596);
INSERT INTO player_team_game_play(player_id, team_id, game_id, play_id, seconds_start, seconds_end) VALUES(7404, 1649, 24992, 28045, 1587, 1596);
INSERT INTO player_team_game_play(player_id, team_id, game_id, play_id, seconds_start, seconds_end) VALUES(7406, 1649, 24992, 28045, 1587, 1596);
INSERT INTO lba.sub_play (play_id, seconds_da_start, player_made_id, team_made_id, game_made_id, player_suffered_id, team_suffered_id, game_suffered_id, shot_id, turnover_id, foul_id, rebound_defensive_01, rebound_offensive_01, assist_01, blocks_01, time_out_01, x, y)VALUES(28045, 9, 7448, 1655, 24992, NULL, NULL, NULL, 4, NULL, NULL, '', '', '', '', '', 20, 9);
INSERT INTO lba.sub_play (play_id, seconds_da_start, player_made_id, team_made_id, game_made_id, player_suffered_id, team_suffered_id, game_suffered_id, shot_id, turnover_id, foul_id, rebound_defensive_01, rebound_offensive_01, assist_01, blocks_01, time_out_01, x, y)VALUES(28045, 9, 7404, 1649, 24992, NULL, NULL, NULL, NULL, NULL, NULL, '1', '', '', '', '', 20, 9);

INSERT INTO play(id, game_id, seconds_start, seconds_end, quarter, attack_home_01, score_home, score_guest)VALUES(28046, 24992, 1596, 1625, 3, '1', 52, 49);
INSERT INTO player_team_game_play(player_id, team_id, game_id, play_id, seconds_start, seconds_end) VALUES(6320, 1655, 24992, 28046, 1596, 1625);
INSERT INTO player_team_game_play(player_id, team_id, game_id, play_id, seconds_start, seconds_end) VALUES(7449, 1655, 24992, 28046, 1596, 1625);
INSERT INTO player_team_game_play(player_id, team_id, game_id, play_id, seconds_start, seconds_end) VALUES(7448, 1655, 24992, 28046, 1596, 1625);
INSERT INTO player_team_game_play(player_id, team_id, game_id, play_id, seconds_start, seconds_end) VALUES(7049, 1655, 24992, 28046, 1596, 1625);
INSERT INTO player_team_game_play(player_id, team_id, game_id, play_id, seconds_start, seconds_end) VALUES(378, 1655, 24992, 28046, 1596, 1625);
INSERT INTO player_team_game_play(player_id, team_id, game_id, play_id, seconds_start, seconds_end) VALUES(2103, 1649, 24992, 28046, 1596, 1625);
INSERT INTO player_team_game_play(player_id, team_id, game_id, play_id, seconds_start, seconds_end) VALUES(7015, 1649, 24992, 28046, 1596, 1625);
INSERT INTO player_team_game_play(player_id, team_id, game_id, play_id, seconds_start, seconds_end) VALUES(3176, 1649, 24992, 28046, 1596, 1625);
INSERT INTO player_team_game_play(player_id, team_id, game_id, play_id, seconds_start, seconds_end) VALUES(7404, 1649, 24992, 28046, 1596, 1625);
INSERT INTO player_team_game_play(player_id, team_id, game_id, play_id, seconds_start, seconds_end) VALUES(7406, 1649, 24992, 28046, 1596, 1625);
UPDATE player_team_game_play SET seconds_end = 1625 WHERE player_id = 7049 AND game_id = 24992 AND play_id = 28046;
INSERT INTO player_team_game_play(player_id, team_id, game_id, play_id, seconds_start, seconds_end) VALUES(2148, 1655, 24992, 28046, 1625, 1625);
UPDATE player_team_game_play SET seconds_end = 1625 WHERE player_id = 3176 AND game_id = 24992 AND play_id = 28046;
UPDATE player_team_game_play SET seconds_end = 1625 WHERE player_id = 7404 AND game_id = 24992 AND play_id = 28046;
UPDATE player_team_game_play SET seconds_end = 1625 WHERE player_id = 7406 AND game_id = 24992 AND play_id = 28046;
INSERT INTO player_team_game_play(player_id, team_id, game_id, play_id, seconds_start, seconds_end) VALUES(5568, 1649, 24992, 28046, 1625, 1625);
INSERT INTO player_team_game_play(player_id, team_id, game_id, play_id, seconds_start, seconds_end) VALUES(4692, 1649, 24992, 28046, 1625, 1625);
INSERT INTO player_team_game_play(player_id, team_id, game_id, play_id, seconds_start, seconds_end) VALUES(5150, 1649, 24992, 28046, 1625, 1625);
INSERT INTO lba.sub_play (play_id, seconds_da_start, player_made_id, team_made_id, game_made_id, player_suffered_id, team_suffered_id, game_suffered_id, shot_id, turnover_id, foul_id, rebound_defensive_01, rebound_offensive_01, assist_01, blocks_01, time_out_01, x, y)VALUES(28046, 15, 2103, 1649, 24992, NULL, NULL, NULL, 3, NULL, NULL, '', '', '', '', '', 68, 66);
INSERT INTO lba.sub_play (play_id, seconds_da_start, player_made_id, team_made_id, game_made_id, player_suffered_id, team_suffered_id, game_suffered_id, shot_id, turnover_id, foul_id, rebound_defensive_01, rebound_offensive_01, assist_01, blocks_01, time_out_01, x, y)VALUES(28046, 29, 3176, 1649, 24992, 6320, 1655, 24992, NULL, NULL, 4, '', '', '', '', '', 11, 48);
INSERT INTO lba.sub_play (play_id, seconds_da_start, player_made_id, team_made_id, game_made_id, player_suffered_id, team_suffered_id, game_suffered_id, shot_id, turnover_id, foul_id, rebound_defensive_01, rebound_offensive_01, assist_01, blocks_01, time_out_01, x, y)VALUES(28046, 29, 6320, 1655, 24992, NULL, NULL, NULL, 5, NULL, NULL, '', '', '', '', '', NULL, NULL);
INSERT INTO lba.sub_play (play_id, seconds_da_start, player_made_id, team_made_id, game_made_id, player_suffered_id, team_suffered_id, game_suffered_id, shot_id, turnover_id, foul_id, rebound_defensive_01, rebound_offensive_01, assist_01, blocks_01, time_out_01, x, y)VALUES(28046, 29, 6320, 1655, 24992, NULL, NULL, NULL, 5, NULL, NULL, '', '', '', '', '', NULL, NULL);

INSERT INTO play(id, game_id, seconds_start, seconds_end, quarter, attack_home_01, score_home, score_guest)VALUES(28047, 24992, 1625, 1643, 3, '0', 52, 52);
INSERT INTO player_team_game_play(player_id, team_id, game_id, play_id, seconds_start, seconds_end) VALUES(6320, 1655, 24992, 28047, 1625, 1643);
INSERT INTO player_team_game_play(player_id, team_id, game_id, play_id, seconds_start, seconds_end) VALUES(7449, 1655, 24992, 28047, 1625, 1643);
INSERT INTO player_team_game_play(player_id, team_id, game_id, play_id, seconds_start, seconds_end) VALUES(7448, 1655, 24992, 28047, 1625, 1643);
INSERT INTO player_team_game_play(player_id, team_id, game_id, play_id, seconds_start, seconds_end) VALUES(7049, 1655, 24992, 28047, 1625, 1643);
INSERT INTO player_team_game_play(player_id, team_id, game_id, play_id, seconds_start, seconds_end) VALUES(378, 1655, 24992, 28047, 1625, 1643);
INSERT INTO player_team_game_play(player_id, team_id, game_id, play_id, seconds_start, seconds_end) VALUES(2103, 1649, 24992, 28047, 1625, 1643);
INSERT INTO player_team_game_play(player_id, team_id, game_id, play_id, seconds_start, seconds_end) VALUES(7015, 1649, 24992, 28047, 1625, 1643);
INSERT INTO player_team_game_play(player_id, team_id, game_id, play_id, seconds_start, seconds_end) VALUES(3176, 1649, 24992, 28047, 1625, 1643);
INSERT INTO player_team_game_play(player_id, team_id, game_id, play_id, seconds_start, seconds_end) VALUES(7404, 1649, 24992, 28047, 1625, 1643);
INSERT INTO player_team_game_play(player_id, team_id, game_id, play_id, seconds_start, seconds_end) VALUES(7406, 1649, 24992, 28047, 1625, 1643);
UPDATE player_team_game_play SET seconds_end = 1625 WHERE player_id = 7049 AND game_id = 24992 AND play_id = 28047;
INSERT INTO player_team_game_play(player_id, team_id, game_id, play_id, seconds_start, seconds_end) VALUES(2148, 1655, 24992, 28047, 1625, 1643);
UPDATE player_team_game_play SET seconds_end = 1625 WHERE player_id = 3176 AND game_id = 24992 AND play_id = 28047;
UPDATE player_team_game_play SET seconds_end = 1625 WHERE player_id = 7404 AND game_id = 24992 AND play_id = 28047;
UPDATE player_team_game_play SET seconds_end = 1625 WHERE player_id = 7406 AND game_id = 24992 AND play_id = 28047;
INSERT INTO player_team_game_play(player_id, team_id, game_id, play_id, seconds_start, seconds_end) VALUES(5568, 1649, 24992, 28047, 1625, 1643);
INSERT INTO player_team_game_play(player_id, team_id, game_id, play_id, seconds_start, seconds_end) VALUES(4692, 1649, 24992, 28047, 1625, 1643);
INSERT INTO player_team_game_play(player_id, team_id, game_id, play_id, seconds_start, seconds_end) VALUES(5150, 1649, 24992, 28047, 1625, 1643);
INSERT INTO lba.sub_play (play_id, seconds_da_start, player_made_id, team_made_id, game_made_id, player_suffered_id, team_suffered_id, game_suffered_id, shot_id, turnover_id, foul_id, rebound_defensive_01, rebound_offensive_01, assist_01, blocks_01, time_out_01, x, y)VALUES(28047, 18, 4692, 1649, 24992, NULL, NULL, NULL, 3, NULL, NULL, '', '', '', '', '', 68, 53);
INSERT INTO lba.sub_play (play_id, seconds_da_start, player_made_id, team_made_id, game_made_id, player_suffered_id, team_suffered_id, game_suffered_id, shot_id, turnover_id, foul_id, rebound_defensive_01, rebound_offensive_01, assist_01, blocks_01, time_out_01, x, y)VALUES(28047, 18, 5150, 1649, 24992, NULL, NULL, NULL, NULL, NULL, NULL, '', '', '1', '', '', 68, 53);

INSERT INTO play(id, game_id, seconds_start, seconds_end, quarter, attack_home_01, score_home, score_guest)VALUES(28048, 24992, 1643, 1708, 3, '0', 55, 52);
INSERT INTO player_team_game_play(player_id, team_id, game_id, play_id, seconds_start, seconds_end) VALUES(6320, 1655, 24992, 28048, 1643, 1708);
INSERT INTO player_team_game_play(player_id, team_id, game_id, play_id, seconds_start, seconds_end) VALUES(2148, 1655, 24992, 28048, 1643, 1708);
INSERT INTO player_team_game_play(player_id, team_id, game_id, play_id, seconds_start, seconds_end) VALUES(7448, 1655, 24992, 28048, 1643, 1708);
INSERT INTO player_team_game_play(player_id, team_id, game_id, play_id, seconds_start, seconds_end) VALUES(7449, 1655, 24992, 28048, 1643, 1708);
INSERT INTO player_team_game_play(player_id, team_id, game_id, play_id, seconds_start, seconds_end) VALUES(378, 1655, 24992, 28048, 1643, 1708);
INSERT INTO player_team_game_play(player_id, team_id, game_id, play_id, seconds_start, seconds_end) VALUES(5568, 1649, 24992, 28048, 1643, 1708);
INSERT INTO player_team_game_play(player_id, team_id, game_id, play_id, seconds_start, seconds_end) VALUES(4692, 1649, 24992, 28048, 1643, 1708);
INSERT INTO player_team_game_play(player_id, team_id, game_id, play_id, seconds_start, seconds_end) VALUES(2103, 1649, 24992, 28048, 1643, 1708);
INSERT INTO player_team_game_play(player_id, team_id, game_id, play_id, seconds_start, seconds_end) VALUES(7015, 1649, 24992, 28048, 1643, 1708);
INSERT INTO player_team_game_play(player_id, team_id, game_id, play_id, seconds_start, seconds_end) VALUES(5150, 1649, 24992, 28048, 1643, 1708);
INSERT INTO lba.sub_play (play_id, seconds_da_start, player_made_id, team_made_id, game_made_id, player_suffered_id, team_suffered_id, game_suffered_id, shot_id, turnover_id, foul_id, rebound_defensive_01, rebound_offensive_01, assist_01, blocks_01, time_out_01, x, y)VALUES(28048, 25, 378, 1655, 24992, NULL, NULL, NULL, 2, NULL, NULL, '', '', '', '', '', 6, 56);
INSERT INTO lba.sub_play (play_id, seconds_da_start, player_made_id, team_made_id, game_made_id, player_suffered_id, team_suffered_id, game_suffered_id, shot_id, turnover_id, foul_id, rebound_defensive_01, rebound_offensive_01, assist_01, blocks_01, time_out_01, x, y)VALUES(28048, 25, 7449, 1655, 24992, NULL, NULL, NULL, NULL, NULL, NULL, '', '1', '', '', '', 6, 56);
INSERT INTO lba.sub_play (play_id, seconds_da_start, player_made_id, team_made_id, game_made_id, player_suffered_id, team_suffered_id, game_suffered_id, shot_id, turnover_id, foul_id, rebound_defensive_01, rebound_offensive_01, assist_01, blocks_01, time_out_01, x, y)VALUES(28048, 29, 6320, 1655, 24992, NULL, NULL, NULL, 2, NULL, NULL, '', '', '', '', '', 5, 47);
INSERT INTO lba.sub_play (play_id, seconds_da_start, player_made_id, team_made_id, game_made_id, player_suffered_id, team_suffered_id, game_suffered_id, shot_id, turnover_id, foul_id, rebound_defensive_01, rebound_offensive_01, assist_01, blocks_01, time_out_01, x, y)VALUES(28048, 29, 378, 1655, 24992, NULL, NULL, NULL, NULL, NULL, NULL, '', '1', '', '', '', 5, 47);
INSERT INTO lba.sub_play (play_id, seconds_da_start, player_made_id, team_made_id, game_made_id, player_suffered_id, team_suffered_id, game_suffered_id, shot_id, turnover_id, foul_id, rebound_defensive_01, rebound_offensive_01, assist_01, blocks_01, time_out_01, x, y)VALUES(28048, 38, 7448, 1655, 24992, NULL, NULL, NULL, 3, NULL, NULL, '', '', '', '', '', 34, 68);
INSERT INTO lba.sub_play (play_id, seconds_da_start, player_made_id, team_made_id, game_made_id, player_suffered_id, team_suffered_id, game_suffered_id, shot_id, turnover_id, foul_id, rebound_defensive_01, rebound_offensive_01, assist_01, blocks_01, time_out_01, x, y)VALUES(28048, 53, 6320, 1655, 24992, 5568, 1649, 24992, NULL, NULL, 1, '', '', '', '', '', 64, 17);
INSERT INTO lba.sub_play (play_id, seconds_da_start, player_made_id, team_made_id, game_made_id, player_suffered_id, team_suffered_id, game_suffered_id, shot_id, turnover_id, foul_id, rebound_defensive_01, rebound_offensive_01, assist_01, blocks_01, time_out_01, x, y)VALUES(28048, 65, 5568, 1649, 24992, NULL, NULL, NULL, 4, NULL, NULL, '', '', '', '', '', 81, 94);

INSERT INTO play(id, game_id, seconds_start, seconds_end, quarter, attack_home_01, score_home, score_guest)VALUES(28049, 24992, 1708, 1730, 3, '1', 57, 52);
INSERT INTO player_team_game_play(player_id, team_id, game_id, play_id, seconds_start, seconds_end) VALUES(6320, 1655, 24992, 28049, 1708, 1730);
INSERT INTO player_team_game_play(player_id, team_id, game_id, play_id, seconds_start, seconds_end) VALUES(2148, 1655, 24992, 28049, 1708, 1730);
INSERT INTO player_team_game_play(player_id, team_id, game_id, play_id, seconds_start, seconds_end) VALUES(7448, 1655, 24992, 28049, 1708, 1730);
INSERT INTO player_team_game_play(player_id, team_id, game_id, play_id, seconds_start, seconds_end) VALUES(7449, 1655, 24992, 28049, 1708, 1730);
INSERT INTO player_team_game_play(player_id, team_id, game_id, play_id, seconds_start, seconds_end) VALUES(378, 1655, 24992, 28049, 1708, 1730);
INSERT INTO player_team_game_play(player_id, team_id, game_id, play_id, seconds_start, seconds_end) VALUES(5568, 1649, 24992, 28049, 1708, 1730);
INSERT INTO player_team_game_play(player_id, team_id, game_id, play_id, seconds_start, seconds_end) VALUES(4692, 1649, 24992, 28049, 1708, 1730);
INSERT INTO player_team_game_play(player_id, team_id, game_id, play_id, seconds_start, seconds_end) VALUES(2103, 1649, 24992, 28049, 1708, 1730);
INSERT INTO player_team_game_play(player_id, team_id, game_id, play_id, seconds_start, seconds_end) VALUES(7015, 1649, 24992, 28049, 1708, 1730);
INSERT INTO player_team_game_play(player_id, team_id, game_id, play_id, seconds_start, seconds_end) VALUES(5150, 1649, 24992, 28049, 1708, 1730);
UPDATE player_team_game_play SET seconds_end = 1730 WHERE player_id = 7448 AND game_id = 24992 AND play_id = 28049;
INSERT INTO player_team_game_play(player_id, team_id, game_id, play_id, seconds_start, seconds_end) VALUES(7049, 1655, 24992, 28049, 1730, 1730);
UPDATE player_team_game_play SET seconds_end = 1730 WHERE player_id = 7015 AND game_id = 24992 AND play_id = 28049;
UPDATE player_team_game_play SET seconds_end = 1730 WHERE player_id = 2103 AND game_id = 24992 AND play_id = 28049;
INSERT INTO player_team_game_play(player_id, team_id, game_id, play_id, seconds_start, seconds_end) VALUES(3176, 1649, 24992, 28049, 1730, 1730);
INSERT INTO player_team_game_play(player_id, team_id, game_id, play_id, seconds_start, seconds_end) VALUES(6138, 1649, 24992, 28049, 1730, 1730);
INSERT INTO lba.sub_play (play_id, seconds_da_start, player_made_id, team_made_id, game_made_id, player_suffered_id, team_suffered_id, game_suffered_id, shot_id, turnover_id, foul_id, rebound_defensive_01, rebound_offensive_01, assist_01, blocks_01, time_out_01, x, y)VALUES(28049, 18, 7448, 1655, 24992, NULL, NULL, NULL, 4, NULL, NULL, '', '', '', '', '', 34, 68);
INSERT INTO lba.sub_play (play_id, seconds_da_start, player_made_id, team_made_id, game_made_id, player_suffered_id, team_suffered_id, game_suffered_id, shot_id, turnover_id, foul_id, rebound_defensive_01, rebound_offensive_01, assist_01, blocks_01, time_out_01, x, y)VALUES(28049, 18, 378, 1655, 24992, NULL, NULL, NULL, NULL, NULL, NULL, '', '1', '', '', '', 34, 68);
INSERT INTO lba.sub_play (play_id, seconds_da_start, player_made_id, team_made_id, game_made_id, player_suffered_id, team_suffered_id, game_suffered_id, shot_id, turnover_id, foul_id, rebound_defensive_01, rebound_offensive_01, assist_01, blocks_01, time_out_01, x, y)VALUES(28049, 22, 4692, 1649, 24992, 7448, 1655, 24992, NULL, NULL, 4, '', '', '', '', '', 12, 66);
INSERT INTO lba.sub_play (play_id, seconds_da_start, player_made_id, team_made_id, game_made_id, player_suffered_id, team_suffered_id, game_suffered_id, shot_id, turnover_id, foul_id, rebound_defensive_01, rebound_offensive_01, assist_01, blocks_01, time_out_01, x, y)VALUES(28049, 22, 7448, 1655, 24992, NULL, NULL, NULL, 5, NULL, NULL, '', '', '', '', '', NULL, NULL);
INSERT INTO lba.sub_play (play_id, seconds_da_start, player_made_id, team_made_id, game_made_id, player_suffered_id, team_suffered_id, game_suffered_id, shot_id, turnover_id, foul_id, rebound_defensive_01, rebound_offensive_01, assist_01, blocks_01, time_out_01, x, y)VALUES(28049, 22, 7448, 1655, 24992, NULL, NULL, NULL, 5, NULL, NULL, '', '', '', '', '', NULL, NULL);

INSERT INTO play(id, game_id, seconds_start, seconds_end, quarter, attack_home_01, score_home, score_guest)VALUES(28050, 24992, 1730, 1750, 3, '0', 57, 52);
INSERT INTO player_team_game_play(player_id, team_id, game_id, play_id, seconds_start, seconds_end) VALUES(6320, 1655, 24992, 28050, 1730, 1750);
INSERT INTO player_team_game_play(player_id, team_id, game_id, play_id, seconds_start, seconds_end) VALUES(2148, 1655, 24992, 28050, 1730, 1750);
INSERT INTO player_team_game_play(player_id, team_id, game_id, play_id, seconds_start, seconds_end) VALUES(7448, 1655, 24992, 28050, 1730, 1750);
INSERT INTO player_team_game_play(player_id, team_id, game_id, play_id, seconds_start, seconds_end) VALUES(7449, 1655, 24992, 28050, 1730, 1750);
INSERT INTO player_team_game_play(player_id, team_id, game_id, play_id, seconds_start, seconds_end) VALUES(378, 1655, 24992, 28050, 1730, 1750);
INSERT INTO player_team_game_play(player_id, team_id, game_id, play_id, seconds_start, seconds_end) VALUES(5568, 1649, 24992, 28050, 1730, 1750);
INSERT INTO player_team_game_play(player_id, team_id, game_id, play_id, seconds_start, seconds_end) VALUES(4692, 1649, 24992, 28050, 1730, 1750);
INSERT INTO player_team_game_play(player_id, team_id, game_id, play_id, seconds_start, seconds_end) VALUES(2103, 1649, 24992, 28050, 1730, 1750);
INSERT INTO player_team_game_play(player_id, team_id, game_id, play_id, seconds_start, seconds_end) VALUES(7015, 1649, 24992, 28050, 1730, 1750);
INSERT INTO player_team_game_play(player_id, team_id, game_id, play_id, seconds_start, seconds_end) VALUES(5150, 1649, 24992, 28050, 1730, 1750);
UPDATE player_team_game_play SET seconds_end = 1730 WHERE player_id = 7448 AND game_id = 24992 AND play_id = 28050;
INSERT INTO player_team_game_play(player_id, team_id, game_id, play_id, seconds_start, seconds_end) VALUES(7049, 1655, 24992, 28050, 1730, 1750);
UPDATE player_team_game_play SET seconds_end = 1730 WHERE player_id = 7015 AND game_id = 24992 AND play_id = 28050;
UPDATE player_team_game_play SET seconds_end = 1730 WHERE player_id = 2103 AND game_id = 24992 AND play_id = 28050;
INSERT INTO player_team_game_play(player_id, team_id, game_id, play_id, seconds_start, seconds_end) VALUES(3176, 1649, 24992, 28050, 1730, 1750);
INSERT INTO player_team_game_play(player_id, team_id, game_id, play_id, seconds_start, seconds_end) VALUES(6138, 1649, 24992, 28050, 1730, 1750);
INSERT INTO lba.sub_play (play_id, seconds_da_start, player_made_id, team_made_id, game_made_id, player_suffered_id, team_suffered_id, game_suffered_id, shot_id, turnover_id, foul_id, rebound_defensive_01, rebound_offensive_01, assist_01, blocks_01, time_out_01, x, y)VALUES(28050, 20, 4692, 1649, 24992, NULL, NULL, NULL, 4, NULL, NULL, '', '', '', '', '', 73, 21);
INSERT INTO lba.sub_play (play_id, seconds_da_start, player_made_id, team_made_id, game_made_id, player_suffered_id, team_suffered_id, game_suffered_id, shot_id, turnover_id, foul_id, rebound_defensive_01, rebound_offensive_01, assist_01, blocks_01, time_out_01, x, y)VALUES(28050, 20, 7049, 1655, 24992, NULL, NULL, NULL, NULL, NULL, NULL, '1', '', '', '', '', 73, 21);

INSERT INTO play(id, game_id, seconds_start, seconds_end, quarter, attack_home_01, score_home, score_guest)VALUES(28051, 24992, 1750, 1758, 3, '1', 59, 52);
INSERT INTO player_team_game_play(player_id, team_id, game_id, play_id, seconds_start, seconds_end) VALUES(6320, 1655, 24992, 28051, 1750, 1758);
INSERT INTO player_team_game_play(player_id, team_id, game_id, play_id, seconds_start, seconds_end) VALUES(2148, 1655, 24992, 28051, 1750, 1758);
INSERT INTO player_team_game_play(player_id, team_id, game_id, play_id, seconds_start, seconds_end) VALUES(7449, 1655, 24992, 28051, 1750, 1758);
INSERT INTO player_team_game_play(player_id, team_id, game_id, play_id, seconds_start, seconds_end) VALUES(7049, 1655, 24992, 28051, 1750, 1758);
INSERT INTO player_team_game_play(player_id, team_id, game_id, play_id, seconds_start, seconds_end) VALUES(378, 1655, 24992, 28051, 1750, 1758);
INSERT INTO player_team_game_play(player_id, team_id, game_id, play_id, seconds_start, seconds_end) VALUES(5568, 1649, 24992, 28051, 1750, 1758);
INSERT INTO player_team_game_play(player_id, team_id, game_id, play_id, seconds_start, seconds_end) VALUES(4692, 1649, 24992, 28051, 1750, 1758);
INSERT INTO player_team_game_play(player_id, team_id, game_id, play_id, seconds_start, seconds_end) VALUES(3176, 1649, 24992, 28051, 1750, 1758);
INSERT INTO player_team_game_play(player_id, team_id, game_id, play_id, seconds_start, seconds_end) VALUES(6138, 1649, 24992, 28051, 1750, 1758);
INSERT INTO player_team_game_play(player_id, team_id, game_id, play_id, seconds_start, seconds_end) VALUES(5150, 1649, 24992, 28051, 1750, 1758);
INSERT INTO lba.sub_play (play_id, seconds_da_start, player_made_id, team_made_id, game_made_id, player_suffered_id, team_suffered_id, game_suffered_id, shot_id, turnover_id, foul_id, rebound_defensive_01, rebound_offensive_01, assist_01, blocks_01, time_out_01, x, y)VALUES(28051, 8, 7449, 1655, 24992, NULL, NULL, NULL, 1, NULL, NULL, '', '', '', '', '', 5, 51);
INSERT INTO lba.sub_play (play_id, seconds_da_start, player_made_id, team_made_id, game_made_id, player_suffered_id, team_suffered_id, game_suffered_id, shot_id, turnover_id, foul_id, rebound_defensive_01, rebound_offensive_01, assist_01, blocks_01, time_out_01, x, y)VALUES(28051, 8, 7049, 1655, 24992, NULL, NULL, NULL, NULL, NULL, NULL, '', '', '1', '', '', 5, 51);

INSERT INTO play(id, game_id, seconds_start, seconds_end, quarter, attack_home_01, score_home, score_guest)VALUES(28052, 24992, 1758, 1772, 3, '0', 59, 54);
INSERT INTO player_team_game_play(player_id, team_id, game_id, play_id, seconds_start, seconds_end) VALUES(6320, 1655, 24992, 28052, 1758, 1772);
INSERT INTO player_team_game_play(player_id, team_id, game_id, play_id, seconds_start, seconds_end) VALUES(2148, 1655, 24992, 28052, 1758, 1772);
INSERT INTO player_team_game_play(player_id, team_id, game_id, play_id, seconds_start, seconds_end) VALUES(7449, 1655, 24992, 28052, 1758, 1772);
INSERT INTO player_team_game_play(player_id, team_id, game_id, play_id, seconds_start, seconds_end) VALUES(7049, 1655, 24992, 28052, 1758, 1772);
INSERT INTO player_team_game_play(player_id, team_id, game_id, play_id, seconds_start, seconds_end) VALUES(378, 1655, 24992, 28052, 1758, 1772);
INSERT INTO player_team_game_play(player_id, team_id, game_id, play_id, seconds_start, seconds_end) VALUES(5568, 1649, 24992, 28052, 1758, 1772);
INSERT INTO player_team_game_play(player_id, team_id, game_id, play_id, seconds_start, seconds_end) VALUES(4692, 1649, 24992, 28052, 1758, 1772);
INSERT INTO player_team_game_play(player_id, team_id, game_id, play_id, seconds_start, seconds_end) VALUES(3176, 1649, 24992, 28052, 1758, 1772);
INSERT INTO player_team_game_play(player_id, team_id, game_id, play_id, seconds_start, seconds_end) VALUES(6138, 1649, 24992, 28052, 1758, 1772);
INSERT INTO player_team_game_play(player_id, team_id, game_id, play_id, seconds_start, seconds_end) VALUES(5150, 1649, 24992, 28052, 1758, 1772);
UPDATE player_team_game_play SET seconds_end = 1762 WHERE player_id = 5568 AND game_id = 24992 AND play_id = 28052;
INSERT INTO player_team_game_play(player_id, team_id, game_id, play_id, seconds_start, seconds_end) VALUES(7404, 1649, 24992, 28052, 1762, 1772);
UPDATE player_team_game_play SET seconds_end = 1772 WHERE player_id = 6320 AND game_id = 24992 AND play_id = 28052;
INSERT INTO player_team_game_play(player_id, team_id, game_id, play_id, seconds_start, seconds_end) VALUES(7448, 1655, 24992, 28052, 1772, 1772);
UPDATE player_team_game_play SET seconds_end = 1772 WHERE player_id = 3176 AND game_id = 24992 AND play_id = 28052;
INSERT INTO player_team_game_play(player_id, team_id, game_id, play_id, seconds_start, seconds_end) VALUES(1775, 1649, 24992, 28052, 1772, 1772);
INSERT INTO lba.sub_play (play_id, seconds_da_start, player_made_id, team_made_id, game_made_id, player_suffered_id, team_suffered_id, game_suffered_id, shot_id, turnover_id, foul_id, rebound_defensive_01, rebound_offensive_01, assist_01, blocks_01, time_out_01, x, y)VALUES(28052, 14, 2148, 1655, 24992, 7404, 1649, 24992, NULL, NULL, 1, '', '', '', '', '', 68, 35);
INSERT INTO lba.sub_play (play_id, seconds_da_start, player_made_id, team_made_id, game_made_id, player_suffered_id, team_suffered_id, game_suffered_id, shot_id, turnover_id, foul_id, rebound_defensive_01, rebound_offensive_01, assist_01, blocks_01, time_out_01, x, y)VALUES(28052, 14, 7404, 1649, 24992, NULL, NULL, NULL, 5, NULL, NULL, '', '', '', '', '', NULL, NULL);
INSERT INTO lba.sub_play (play_id, seconds_da_start, player_made_id, team_made_id, game_made_id, player_suffered_id, team_suffered_id, game_suffered_id, shot_id, turnover_id, foul_id, rebound_defensive_01, rebound_offensive_01, assist_01, blocks_01, time_out_01, x, y)VALUES(28052, 14, 7404, 1649, 24992, NULL, NULL, NULL, 5, NULL, NULL, '', '', '', '', '', NULL, NULL);

INSERT INTO play(id, game_id, seconds_start, seconds_end, quarter, attack_home_01, score_home, score_guest)VALUES(28053, 24992, 1772, 1796, 3, '1', 62, 54);
INSERT INTO player_team_game_play(player_id, team_id, game_id, play_id, seconds_start, seconds_end) VALUES(6320, 1655, 24992, 28053, 1772, 1796);
INSERT INTO player_team_game_play(player_id, team_id, game_id, play_id, seconds_start, seconds_end) VALUES(2148, 1655, 24992, 28053, 1772, 1796);
INSERT INTO player_team_game_play(player_id, team_id, game_id, play_id, seconds_start, seconds_end) VALUES(7449, 1655, 24992, 28053, 1772, 1796);
INSERT INTO player_team_game_play(player_id, team_id, game_id, play_id, seconds_start, seconds_end) VALUES(7049, 1655, 24992, 28053, 1772, 1796);
INSERT INTO player_team_game_play(player_id, team_id, game_id, play_id, seconds_start, seconds_end) VALUES(378, 1655, 24992, 28053, 1772, 1796);
INSERT INTO player_team_game_play(player_id, team_id, game_id, play_id, seconds_start, seconds_end) VALUES(4692, 1649, 24992, 28053, 1772, 1796);
INSERT INTO player_team_game_play(player_id, team_id, game_id, play_id, seconds_start, seconds_end) VALUES(3176, 1649, 24992, 28053, 1772, 1796);
INSERT INTO player_team_game_play(player_id, team_id, game_id, play_id, seconds_start, seconds_end) VALUES(6138, 1649, 24992, 28053, 1772, 1796);
INSERT INTO player_team_game_play(player_id, team_id, game_id, play_id, seconds_start, seconds_end) VALUES(7404, 1649, 24992, 28053, 1772, 1796);
INSERT INTO player_team_game_play(player_id, team_id, game_id, play_id, seconds_start, seconds_end) VALUES(5150, 1649, 24992, 28053, 1772, 1796);
UPDATE player_team_game_play SET seconds_end = 1772 WHERE player_id = 6320 AND game_id = 24992 AND play_id = 28053;
INSERT INTO player_team_game_play(player_id, team_id, game_id, play_id, seconds_start, seconds_end) VALUES(7448, 1655, 24992, 28053, 1772, 1796);
UPDATE player_team_game_play SET seconds_end = 1772 WHERE player_id = 3176 AND game_id = 24992 AND play_id = 28053;
INSERT INTO player_team_game_play(player_id, team_id, game_id, play_id, seconds_start, seconds_end) VALUES(1775, 1649, 24992, 28053, 1772, 1796);
INSERT INTO lba.sub_play (play_id, seconds_da_start, player_made_id, team_made_id, game_made_id, player_suffered_id, team_suffered_id, game_suffered_id, shot_id, turnover_id, foul_id, rebound_defensive_01, rebound_offensive_01, assist_01, blocks_01, time_out_01, x, y)VALUES(28053, 24, 7049, 1655, 24992, NULL, NULL, NULL, 3, NULL, NULL, '', '', '', '', '', 10, 98);
INSERT INTO lba.sub_play (play_id, seconds_da_start, player_made_id, team_made_id, game_made_id, player_suffered_id, team_suffered_id, game_suffered_id, shot_id, turnover_id, foul_id, rebound_defensive_01, rebound_offensive_01, assist_01, blocks_01, time_out_01, x, y)VALUES(28053, 24, 7448, 1655, 24992, NULL, NULL, NULL, NULL, NULL, NULL, '', '', '1', '', '', 10, 98);

INSERT INTO play(id, game_id, seconds_start, seconds_end, quarter, attack_home_01, score_home, score_guest)VALUES(28054, 24992, 1796, 1822, 4, '0', 62, 54);
INSERT INTO player_team_game_play(player_id, team_id, game_id, play_id, seconds_start, seconds_end) VALUES(2148, 1655, 24992, 28054, 1796, 1822);
INSERT INTO player_team_game_play(player_id, team_id, game_id, play_id, seconds_start, seconds_end) VALUES(7449, 1655, 24992, 28054, 1796, 1822);
INSERT INTO player_team_game_play(player_id, team_id, game_id, play_id, seconds_start, seconds_end) VALUES(7448, 1655, 24992, 28054, 1796, 1822);
INSERT INTO player_team_game_play(player_id, team_id, game_id, play_id, seconds_start, seconds_end) VALUES(7049, 1655, 24992, 28054, 1796, 1822);
INSERT INTO player_team_game_play(player_id, team_id, game_id, play_id, seconds_start, seconds_end) VALUES(378, 1655, 24992, 28054, 1796, 1822);
INSERT INTO player_team_game_play(player_id, team_id, game_id, play_id, seconds_start, seconds_end) VALUES(4692, 1649, 24992, 28054, 1796, 1822);
INSERT INTO player_team_game_play(player_id, team_id, game_id, play_id, seconds_start, seconds_end) VALUES(6138, 1649, 24992, 28054, 1796, 1822);
INSERT INTO player_team_game_play(player_id, team_id, game_id, play_id, seconds_start, seconds_end) VALUES(7404, 1649, 24992, 28054, 1796, 1822);
INSERT INTO player_team_game_play(player_id, team_id, game_id, play_id, seconds_start, seconds_end) VALUES(5150, 1649, 24992, 28054, 1796, 1822);
INSERT INTO player_team_game_play(player_id, team_id, game_id, play_id, seconds_start, seconds_end) VALUES(1775, 1649, 24992, 28054, 1796, 1822);
UPDATE player_team_game_play SET seconds_end = 1800 WHERE player_id = 4692 AND game_id = 24992 AND play_id = 28054;
INSERT INTO player_team_game_play(player_id, team_id, game_id, play_id, seconds_start, seconds_end) VALUES(3176, 1649, 24992, 28054, 1800, 1822);
INSERT INTO lba.sub_play (play_id, seconds_da_start, player_made_id, team_made_id, game_made_id, player_suffered_id, team_suffered_id, game_suffered_id, shot_id, turnover_id, foul_id, rebound_defensive_01, rebound_offensive_01, assist_01, blocks_01, time_out_01, x, y)VALUES(28054, 17, 5150, 1649, 24992, NULL, NULL, NULL, 2, NULL, NULL, '', '', '', '', '', 95, 50);
INSERT INTO lba.sub_play (play_id, seconds_da_start, player_made_id, team_made_id, game_made_id, player_suffered_id, team_suffered_id, game_suffered_id, shot_id, turnover_id, foul_id, rebound_defensive_01, rebound_offensive_01, assist_01, blocks_01, time_out_01, x, y)VALUES(28054, 17, 2148, 1655, 24992, 5150, 1649, 24992, NULL, NULL, NULL, '', '', '', '1', '', 95, 50);
INSERT INTO lba.sub_play (play_id, seconds_da_start, player_made_id, team_made_id, game_made_id, player_suffered_id, team_suffered_id, game_suffered_id, shot_id, turnover_id, foul_id, rebound_defensive_01, rebound_offensive_01, assist_01, blocks_01, time_out_01, x, y)VALUES(28054, 26, 6138, 1649, 24992, NULL, NULL, NULL, 4, NULL, NULL, '', '', '', '', '', 67, 57);
INSERT INTO lba.sub_play (play_id, seconds_da_start, player_made_id, team_made_id, game_made_id, player_suffered_id, team_suffered_id, game_suffered_id, shot_id, turnover_id, foul_id, rebound_defensive_01, rebound_offensive_01, assist_01, blocks_01, time_out_01, x, y)VALUES(28054, 26, 7049, 1655, 24992, NULL, NULL, NULL, NULL, NULL, NULL, '1', '', '', '', '', 67, 57);

INSERT INTO play(id, game_id, seconds_start, seconds_end, quarter, attack_home_01, score_home, score_guest)VALUES(28055, 24992, 1822, 1846, 4, '1', 62, 54);
INSERT INTO player_team_game_play(player_id, team_id, game_id, play_id, seconds_start, seconds_end) VALUES(2148, 1655, 24992, 28055, 1822, 1846);
INSERT INTO player_team_game_play(player_id, team_id, game_id, play_id, seconds_start, seconds_end) VALUES(7449, 1655, 24992, 28055, 1822, 1846);
INSERT INTO player_team_game_play(player_id, team_id, game_id, play_id, seconds_start, seconds_end) VALUES(7448, 1655, 24992, 28055, 1822, 1846);
INSERT INTO player_team_game_play(player_id, team_id, game_id, play_id, seconds_start, seconds_end) VALUES(7049, 1655, 24992, 28055, 1822, 1846);
INSERT INTO player_team_game_play(player_id, team_id, game_id, play_id, seconds_start, seconds_end) VALUES(378, 1655, 24992, 28055, 1822, 1846);
INSERT INTO player_team_game_play(player_id, team_id, game_id, play_id, seconds_start, seconds_end) VALUES(3176, 1649, 24992, 28055, 1822, 1846);
INSERT INTO player_team_game_play(player_id, team_id, game_id, play_id, seconds_start, seconds_end) VALUES(6138, 1649, 24992, 28055, 1822, 1846);
INSERT INTO player_team_game_play(player_id, team_id, game_id, play_id, seconds_start, seconds_end) VALUES(7404, 1649, 24992, 28055, 1822, 1846);
INSERT INTO player_team_game_play(player_id, team_id, game_id, play_id, seconds_start, seconds_end) VALUES(5150, 1649, 24992, 28055, 1822, 1846);
INSERT INTO player_team_game_play(player_id, team_id, game_id, play_id, seconds_start, seconds_end) VALUES(1775, 1649, 24992, 28055, 1822, 1846);
INSERT INTO lba.sub_play (play_id, seconds_da_start, player_made_id, team_made_id, game_made_id, player_suffered_id, team_suffered_id, game_suffered_id, shot_id, turnover_id, foul_id, rebound_defensive_01, rebound_offensive_01, assist_01, blocks_01, time_out_01, x, y)VALUES(28055, 24, 7448, 1655, 24992, NULL, NULL, NULL, 4, NULL, NULL, '', '', '', '', '', 29, 86);
INSERT INTO lba.sub_play (play_id, seconds_da_start, player_made_id, team_made_id, game_made_id, player_suffered_id, team_suffered_id, game_suffered_id, shot_id, turnover_id, foul_id, rebound_defensive_01, rebound_offensive_01, assist_01, blocks_01, time_out_01, x, y)VALUES(28055, 24, 7404, 1649, 24992, NULL, NULL, NULL, NULL, NULL, NULL, '1', '', '', '', '', 29, 86);

INSERT INTO play(id, game_id, seconds_start, seconds_end, quarter, attack_home_01, score_home, score_guest)VALUES(28056, 24992, 1846, 1877, 4, '0', 62, 54);
INSERT INTO player_team_game_play(player_id, team_id, game_id, play_id, seconds_start, seconds_end) VALUES(2148, 1655, 24992, 28056, 1846, 1877);
INSERT INTO player_team_game_play(player_id, team_id, game_id, play_id, seconds_start, seconds_end) VALUES(7449, 1655, 24992, 28056, 1846, 1877);
INSERT INTO player_team_game_play(player_id, team_id, game_id, play_id, seconds_start, seconds_end) VALUES(7448, 1655, 24992, 28056, 1846, 1877);
INSERT INTO player_team_game_play(player_id, team_id, game_id, play_id, seconds_start, seconds_end) VALUES(7049, 1655, 24992, 28056, 1846, 1877);
INSERT INTO player_team_game_play(player_id, team_id, game_id, play_id, seconds_start, seconds_end) VALUES(378, 1655, 24992, 28056, 1846, 1877);
INSERT INTO player_team_game_play(player_id, team_id, game_id, play_id, seconds_start, seconds_end) VALUES(3176, 1649, 24992, 28056, 1846, 1877);
INSERT INTO player_team_game_play(player_id, team_id, game_id, play_id, seconds_start, seconds_end) VALUES(6138, 1649, 24992, 28056, 1846, 1877);
INSERT INTO player_team_game_play(player_id, team_id, game_id, play_id, seconds_start, seconds_end) VALUES(7404, 1649, 24992, 28056, 1846, 1877);
INSERT INTO player_team_game_play(player_id, team_id, game_id, play_id, seconds_start, seconds_end) VALUES(5150, 1649, 24992, 28056, 1846, 1877);
INSERT INTO player_team_game_play(player_id, team_id, game_id, play_id, seconds_start, seconds_end) VALUES(1775, 1649, 24992, 28056, 1846, 1877);
INSERT INTO lba.sub_play (play_id, seconds_da_start, player_made_id, team_made_id, game_made_id, player_suffered_id, team_suffered_id, game_suffered_id, shot_id, turnover_id, foul_id, rebound_defensive_01, rebound_offensive_01, assist_01, blocks_01, time_out_01, x, y)VALUES(28056, 24, 1775, 1649, 24992, NULL, NULL, NULL, 2, NULL, NULL, '', '', '', '', '', 94, 41);
INSERT INTO lba.sub_play (play_id, seconds_da_start, player_made_id, team_made_id, game_made_id, player_suffered_id, team_suffered_id, game_suffered_id, shot_id, turnover_id, foul_id, rebound_defensive_01, rebound_offensive_01, assist_01, blocks_01, time_out_01, x, y)VALUES(28056, 24, 7449, 1655, 24992, 1775, 1649, 24992, NULL, NULL, NULL, '', '', '', '1', '', 94, 41);
INSERT INTO lba.sub_play (play_id, seconds_da_start, player_made_id, team_made_id, game_made_id, player_suffered_id, team_suffered_id, game_suffered_id, shot_id, turnover_id, foul_id, rebound_defensive_01, rebound_offensive_01, assist_01, blocks_01, time_out_01, x, y)VALUES(28056, 24, 1775, 1649, 24992, NULL, NULL, NULL, NULL, NULL, NULL, '', '1', '', '', '', 94, 41);
INSERT INTO lba.sub_play (play_id, seconds_da_start, player_made_id, team_made_id, game_made_id, player_suffered_id, team_suffered_id, game_suffered_id, shot_id, turnover_id, foul_id, rebound_defensive_01, rebound_offensive_01, assist_01, blocks_01, time_out_01, x, y)VALUES(28056, 31, 1775, 1649, 24992, NULL, NULL, NULL, 2, NULL, NULL, '', '', '', '', '', 92, 49);
INSERT INTO lba.sub_play (play_id, seconds_da_start, player_made_id, team_made_id, game_made_id, player_suffered_id, team_suffered_id, game_suffered_id, shot_id, turnover_id, foul_id, rebound_defensive_01, rebound_offensive_01, assist_01, blocks_01, time_out_01, x, y)VALUES(28056, 31, 7449, 1655, 24992, NULL, NULL, NULL, NULL, NULL, NULL, '1', '', '', '', '', 92, 49);

INSERT INTO play(id, game_id, seconds_start, seconds_end, quarter, attack_home_01, score_home, score_guest)VALUES(28057, 24992, 1877, 1890, 4, '1', 62, 54);
INSERT INTO player_team_game_play(player_id, team_id, game_id, play_id, seconds_start, seconds_end) VALUES(2148, 1655, 24992, 28057, 1877, 1890);
INSERT INTO player_team_game_play(player_id, team_id, game_id, play_id, seconds_start, seconds_end) VALUES(7449, 1655, 24992, 28057, 1877, 1890);
INSERT INTO player_team_game_play(player_id, team_id, game_id, play_id, seconds_start, seconds_end) VALUES(7448, 1655, 24992, 28057, 1877, 1890);
INSERT INTO player_team_game_play(player_id, team_id, game_id, play_id, seconds_start, seconds_end) VALUES(7049, 1655, 24992, 28057, 1877, 1890);
INSERT INTO player_team_game_play(player_id, team_id, game_id, play_id, seconds_start, seconds_end) VALUES(378, 1655, 24992, 28057, 1877, 1890);
INSERT INTO player_team_game_play(player_id, team_id, game_id, play_id, seconds_start, seconds_end) VALUES(3176, 1649, 24992, 28057, 1877, 1890);
INSERT INTO player_team_game_play(player_id, team_id, game_id, play_id, seconds_start, seconds_end) VALUES(6138, 1649, 24992, 28057, 1877, 1890);
INSERT INTO player_team_game_play(player_id, team_id, game_id, play_id, seconds_start, seconds_end) VALUES(7404, 1649, 24992, 28057, 1877, 1890);
INSERT INTO player_team_game_play(player_id, team_id, game_id, play_id, seconds_start, seconds_end) VALUES(5150, 1649, 24992, 28057, 1877, 1890);
INSERT INTO player_team_game_play(player_id, team_id, game_id, play_id, seconds_start, seconds_end) VALUES(1775, 1649, 24992, 28057, 1877, 1890);
INSERT INTO lba.sub_play (play_id, seconds_da_start, player_made_id, team_made_id, game_made_id, player_suffered_id, team_suffered_id, game_suffered_id, shot_id, turnover_id, foul_id, rebound_defensive_01, rebound_offensive_01, assist_01, blocks_01, time_out_01, x, y)VALUES(28057, 13, 2148, 1655, 24992, NULL, NULL, NULL, 4, NULL, NULL, '', '', '', '', '', 23, 92);
INSERT INTO lba.sub_play (play_id, seconds_da_start, player_made_id, team_made_id, game_made_id, player_suffered_id, team_suffered_id, game_suffered_id, shot_id, turnover_id, foul_id, rebound_defensive_01, rebound_offensive_01, assist_01, blocks_01, time_out_01, x, y)VALUES(28057, 13, 7404, 1649, 24992, NULL, NULL, NULL, NULL, NULL, NULL, '1', '', '', '', '', 23, 92);

INSERT INTO play(id, game_id, seconds_start, seconds_end, quarter, attack_home_01, score_home, score_guest)VALUES(28058, 24992, 1890, 1902, 4, '0', 62, 54);
INSERT INTO player_team_game_play(player_id, team_id, game_id, play_id, seconds_start, seconds_end) VALUES(2148, 1655, 24992, 28058, 1890, 1902);
INSERT INTO player_team_game_play(player_id, team_id, game_id, play_id, seconds_start, seconds_end) VALUES(7449, 1655, 24992, 28058, 1890, 1902);
INSERT INTO player_team_game_play(player_id, team_id, game_id, play_id, seconds_start, seconds_end) VALUES(7448, 1655, 24992, 28058, 1890, 1902);
INSERT INTO player_team_game_play(player_id, team_id, game_id, play_id, seconds_start, seconds_end) VALUES(7049, 1655, 24992, 28058, 1890, 1902);
INSERT INTO player_team_game_play(player_id, team_id, game_id, play_id, seconds_start, seconds_end) VALUES(378, 1655, 24992, 28058, 1890, 1902);
INSERT INTO player_team_game_play(player_id, team_id, game_id, play_id, seconds_start, seconds_end) VALUES(3176, 1649, 24992, 28058, 1890, 1902);
INSERT INTO player_team_game_play(player_id, team_id, game_id, play_id, seconds_start, seconds_end) VALUES(6138, 1649, 24992, 28058, 1890, 1902);
INSERT INTO player_team_game_play(player_id, team_id, game_id, play_id, seconds_start, seconds_end) VALUES(7404, 1649, 24992, 28058, 1890, 1902);
INSERT INTO player_team_game_play(player_id, team_id, game_id, play_id, seconds_start, seconds_end) VALUES(5150, 1649, 24992, 28058, 1890, 1902);
INSERT INTO player_team_game_play(player_id, team_id, game_id, play_id, seconds_start, seconds_end) VALUES(1775, 1649, 24992, 28058, 1890, 1902);
UPDATE player_team_game_play SET seconds_end = 1895 WHERE player_id = 7448 AND game_id = 24992 AND play_id = 28058;
UPDATE player_team_game_play SET seconds_end = 1895 WHERE player_id = 378 AND game_id = 24992 AND play_id = 28058;
INSERT INTO player_team_game_play(player_id, team_id, game_id, play_id, seconds_start, seconds_end) VALUES(7450, 1655, 24992, 28058, 1895, 1902);
INSERT INTO player_team_game_play(player_id, team_id, game_id, play_id, seconds_start, seconds_end) VALUES(7447, 1655, 24992, 28058, 1895, 1902);
INSERT INTO lba.sub_play (play_id, seconds_da_start, player_made_id, team_made_id, game_made_id, player_suffered_id, team_suffered_id, game_suffered_id, shot_id, turnover_id, foul_id, rebound_defensive_01, rebound_offensive_01, assist_01, blocks_01, time_out_01, x, y)VALUES(28058, 5, 2148, 1655, 24992, 5150, 1649, 24992, NULL, NULL, 1, '', '', '', '', '', 58, 62);
INSERT INTO lba.sub_play (play_id, seconds_da_start, player_made_id, team_made_id, game_made_id, player_suffered_id, team_suffered_id, game_suffered_id, shot_id, turnover_id, foul_id, rebound_defensive_01, rebound_offensive_01, assist_01, blocks_01, time_out_01, x, y)VALUES(28058, 12, 7404, 1649, 24992, 2148, 1655, 24992, NULL, NULL, 7, '', '', '', '', '', 70, 33);
INSERT INTO lba.sub_play (play_id, seconds_da_start, player_made_id, team_made_id, game_made_id, player_suffered_id, team_suffered_id, game_suffered_id, shot_id, turnover_id, foul_id, rebound_defensive_01, rebound_offensive_01, assist_01, blocks_01, time_out_01, x, y)VALUES(28058, 12, 7404, 1649, 24992, NULL, NULL, NULL, NULL, 13, NULL, '', '', '', '', '', 70, 33);

INSERT INTO play(id, game_id, seconds_start, seconds_end, quarter, attack_home_01, score_home, score_guest)VALUES(28059, 24992, 1902, 1917, 4, '1', 62, 54);
INSERT INTO player_team_game_play(player_id, team_id, game_id, play_id, seconds_start, seconds_end) VALUES(2148, 1655, 24992, 28059, 1902, 1917);
INSERT INTO player_team_game_play(player_id, team_id, game_id, play_id, seconds_start, seconds_end) VALUES(7449, 1655, 24992, 28059, 1902, 1917);
INSERT INTO player_team_game_play(player_id, team_id, game_id, play_id, seconds_start, seconds_end) VALUES(7447, 1655, 24992, 28059, 1902, 1917);
INSERT INTO player_team_game_play(player_id, team_id, game_id, play_id, seconds_start, seconds_end) VALUES(7049, 1655, 24992, 28059, 1902, 1917);
INSERT INTO player_team_game_play(player_id, team_id, game_id, play_id, seconds_start, seconds_end) VALUES(7450, 1655, 24992, 28059, 1902, 1917);
INSERT INTO player_team_game_play(player_id, team_id, game_id, play_id, seconds_start, seconds_end) VALUES(3176, 1649, 24992, 28059, 1902, 1917);
INSERT INTO player_team_game_play(player_id, team_id, game_id, play_id, seconds_start, seconds_end) VALUES(6138, 1649, 24992, 28059, 1902, 1917);
INSERT INTO player_team_game_play(player_id, team_id, game_id, play_id, seconds_start, seconds_end) VALUES(7404, 1649, 24992, 28059, 1902, 1917);
INSERT INTO player_team_game_play(player_id, team_id, game_id, play_id, seconds_start, seconds_end) VALUES(5150, 1649, 24992, 28059, 1902, 1917);
INSERT INTO player_team_game_play(player_id, team_id, game_id, play_id, seconds_start, seconds_end) VALUES(1775, 1649, 24992, 28059, 1902, 1917);
INSERT INTO lba.sub_play (play_id, seconds_da_start, player_made_id, team_made_id, game_made_id, player_suffered_id, team_suffered_id, game_suffered_id, shot_id, turnover_id, foul_id, rebound_defensive_01, rebound_offensive_01, assist_01, blocks_01, time_out_01, x, y)VALUES(28059, 15, 2148, 1655, 24992, 3176, 1649, 24992, NULL, 2, NULL, '', '', '', '', '', 15, 61);

INSERT INTO play(id, game_id, seconds_start, seconds_end, quarter, attack_home_01, score_home, score_guest)VALUES(28060, 24992, 1917, 1936, 4, '0', 62, 54);
INSERT INTO player_team_game_play(player_id, team_id, game_id, play_id, seconds_start, seconds_end) VALUES(2148, 1655, 24992, 28060, 1917, 1936);
INSERT INTO player_team_game_play(player_id, team_id, game_id, play_id, seconds_start, seconds_end) VALUES(7449, 1655, 24992, 28060, 1917, 1936);
INSERT INTO player_team_game_play(player_id, team_id, game_id, play_id, seconds_start, seconds_end) VALUES(7447, 1655, 24992, 28060, 1917, 1936);
INSERT INTO player_team_game_play(player_id, team_id, game_id, play_id, seconds_start, seconds_end) VALUES(7049, 1655, 24992, 28060, 1917, 1936);
INSERT INTO player_team_game_play(player_id, team_id, game_id, play_id, seconds_start, seconds_end) VALUES(7450, 1655, 24992, 28060, 1917, 1936);
INSERT INTO player_team_game_play(player_id, team_id, game_id, play_id, seconds_start, seconds_end) VALUES(3176, 1649, 24992, 28060, 1917, 1936);
INSERT INTO player_team_game_play(player_id, team_id, game_id, play_id, seconds_start, seconds_end) VALUES(6138, 1649, 24992, 28060, 1917, 1936);
INSERT INTO player_team_game_play(player_id, team_id, game_id, play_id, seconds_start, seconds_end) VALUES(7404, 1649, 24992, 28060, 1917, 1936);
INSERT INTO player_team_game_play(player_id, team_id, game_id, play_id, seconds_start, seconds_end) VALUES(5150, 1649, 24992, 28060, 1917, 1936);
INSERT INTO player_team_game_play(player_id, team_id, game_id, play_id, seconds_start, seconds_end) VALUES(1775, 1649, 24992, 28060, 1917, 1936);
INSERT INTO lba.sub_play (play_id, seconds_da_start, player_made_id, team_made_id, game_made_id, player_suffered_id, team_suffered_id, game_suffered_id, shot_id, turnover_id, foul_id, rebound_defensive_01, rebound_offensive_01, assist_01, blocks_01, time_out_01, x, y)VALUES(28060, 19, 6138, 1649, 24992, NULL, NULL, NULL, 2, NULL, NULL, '', '', '', '', '', 85, 60);
INSERT INTO lba.sub_play (play_id, seconds_da_start, player_made_id, team_made_id, game_made_id, player_suffered_id, team_suffered_id, game_suffered_id, shot_id, turnover_id, foul_id, rebound_defensive_01, rebound_offensive_01, assist_01, blocks_01, time_out_01, x, y)VALUES(28060, 19, 7447, 1655, 24992, NULL, NULL, NULL, NULL, NULL, NULL, '1', '', '', '', '', 85, 60);

INSERT INTO play(id, game_id, seconds_start, seconds_end, quarter, attack_home_01, score_home, score_guest)VALUES(28061, 24992, 1936, 1951, 4, '1', 62, 54);
INSERT INTO player_team_game_play(player_id, team_id, game_id, play_id, seconds_start, seconds_end) VALUES(2148, 1655, 24992, 28061, 1936, 1951);
INSERT INTO player_team_game_play(player_id, team_id, game_id, play_id, seconds_start, seconds_end) VALUES(7449, 1655, 24992, 28061, 1936, 1951);
INSERT INTO player_team_game_play(player_id, team_id, game_id, play_id, seconds_start, seconds_end) VALUES(7447, 1655, 24992, 28061, 1936, 1951);
INSERT INTO player_team_game_play(player_id, team_id, game_id, play_id, seconds_start, seconds_end) VALUES(7049, 1655, 24992, 28061, 1936, 1951);
INSERT INTO player_team_game_play(player_id, team_id, game_id, play_id, seconds_start, seconds_end) VALUES(7450, 1655, 24992, 28061, 1936, 1951);
INSERT INTO player_team_game_play(player_id, team_id, game_id, play_id, seconds_start, seconds_end) VALUES(3176, 1649, 24992, 28061, 1936, 1951);
INSERT INTO player_team_game_play(player_id, team_id, game_id, play_id, seconds_start, seconds_end) VALUES(6138, 1649, 24992, 28061, 1936, 1951);
INSERT INTO player_team_game_play(player_id, team_id, game_id, play_id, seconds_start, seconds_end) VALUES(7404, 1649, 24992, 28061, 1936, 1951);
INSERT INTO player_team_game_play(player_id, team_id, game_id, play_id, seconds_start, seconds_end) VALUES(5150, 1649, 24992, 28061, 1936, 1951);
INSERT INTO player_team_game_play(player_id, team_id, game_id, play_id, seconds_start, seconds_end) VALUES(1775, 1649, 24992, 28061, 1936, 1951);
UPDATE player_team_game_play SET seconds_end = 1951 WHERE player_id = 2148 AND game_id = 24992 AND play_id = 28061;
INSERT INTO player_team_game_play(player_id, team_id, game_id, play_id, seconds_start, seconds_end) VALUES(6320, 1655, 24992, 28061, 1951, 1951);
UPDATE player_team_game_play SET seconds_end = 1951 WHERE player_id = 1775 AND game_id = 24992 AND play_id = 28061;
INSERT INTO player_team_game_play(player_id, team_id, game_id, play_id, seconds_start, seconds_end) VALUES(7015, 1649, 24992, 28061, 1951, 1951);
INSERT INTO lba.sub_play (play_id, seconds_da_start, player_made_id, team_made_id, game_made_id, player_suffered_id, team_suffered_id, game_suffered_id, shot_id, turnover_id, foul_id, rebound_defensive_01, rebound_offensive_01, assist_01, blocks_01, time_out_01, x, y)VALUES(28061, 15, 7049, 1655, 24992, NULL, NULL, NULL, NULL, 1, NULL, '', '', '', '', '', 22, 16);

INSERT INTO play(id, game_id, seconds_start, seconds_end, quarter, attack_home_01, score_home, score_guest)VALUES(28062, 24992, 1951, 1953, 4, '0', 62, 56);
INSERT INTO player_team_game_play(player_id, team_id, game_id, play_id, seconds_start, seconds_end) VALUES(2148, 1655, 24992, 28062, 1951, 1953);
INSERT INTO player_team_game_play(player_id, team_id, game_id, play_id, seconds_start, seconds_end) VALUES(7449, 1655, 24992, 28062, 1951, 1953);
INSERT INTO player_team_game_play(player_id, team_id, game_id, play_id, seconds_start, seconds_end) VALUES(7447, 1655, 24992, 28062, 1951, 1953);
INSERT INTO player_team_game_play(player_id, team_id, game_id, play_id, seconds_start, seconds_end) VALUES(7049, 1655, 24992, 28062, 1951, 1953);
INSERT INTO player_team_game_play(player_id, team_id, game_id, play_id, seconds_start, seconds_end) VALUES(7450, 1655, 24992, 28062, 1951, 1953);
INSERT INTO player_team_game_play(player_id, team_id, game_id, play_id, seconds_start, seconds_end) VALUES(3176, 1649, 24992, 28062, 1951, 1953);
INSERT INTO player_team_game_play(player_id, team_id, game_id, play_id, seconds_start, seconds_end) VALUES(6138, 1649, 24992, 28062, 1951, 1953);
INSERT INTO player_team_game_play(player_id, team_id, game_id, play_id, seconds_start, seconds_end) VALUES(7404, 1649, 24992, 28062, 1951, 1953);
INSERT INTO player_team_game_play(player_id, team_id, game_id, play_id, seconds_start, seconds_end) VALUES(5150, 1649, 24992, 28062, 1951, 1953);
INSERT INTO player_team_game_play(player_id, team_id, game_id, play_id, seconds_start, seconds_end) VALUES(1775, 1649, 24992, 28062, 1951, 1953);
UPDATE player_team_game_play SET seconds_end = 1951 WHERE player_id = 2148 AND game_id = 24992 AND play_id = 28062;
INSERT INTO player_team_game_play(player_id, team_id, game_id, play_id, seconds_start, seconds_end) VALUES(6320, 1655, 24992, 28062, 1951, 1953);
UPDATE player_team_game_play SET seconds_end = 1951 WHERE player_id = 1775 AND game_id = 24992 AND play_id = 28062;
INSERT INTO player_team_game_play(player_id, team_id, game_id, play_id, seconds_start, seconds_end) VALUES(7015, 1649, 24992, 28062, 1951, 1953);
INSERT INTO lba.sub_play (play_id, seconds_da_start, player_made_id, team_made_id, game_made_id, player_suffered_id, team_suffered_id, game_suffered_id, shot_id, turnover_id, foul_id, rebound_defensive_01, rebound_offensive_01, assist_01, blocks_01, time_out_01, x, y)VALUES(28062, 2, 3176, 1649, 24992, NULL, NULL, NULL, 1, NULL, NULL, '', '', '', '', '', 93, 47);
INSERT INTO lba.sub_play (play_id, seconds_da_start, player_made_id, team_made_id, game_made_id, player_suffered_id, team_suffered_id, game_suffered_id, shot_id, turnover_id, foul_id, rebound_defensive_01, rebound_offensive_01, assist_01, blocks_01, time_out_01, x, y)VALUES(28062, 2, 7404, 1649, 24992, NULL, NULL, NULL, NULL, NULL, NULL, '', '', '1', '', '', 93, 47);

INSERT INTO play(id, game_id, seconds_start, seconds_end, quarter, attack_home_01, score_home, score_guest)VALUES(28063, 24992, 1953, 1953, 4, '0', 62, 57);
INSERT INTO player_team_game_play(player_id, team_id, game_id, play_id, seconds_start, seconds_end) VALUES(6320, 1655, 24992, 28063, 1953, 1953);
INSERT INTO player_team_game_play(player_id, team_id, game_id, play_id, seconds_start, seconds_end) VALUES(7449, 1655, 24992, 28063, 1953, 1953);
INSERT INTO player_team_game_play(player_id, team_id, game_id, play_id, seconds_start, seconds_end) VALUES(7447, 1655, 24992, 28063, 1953, 1953);
INSERT INTO player_team_game_play(player_id, team_id, game_id, play_id, seconds_start, seconds_end) VALUES(7049, 1655, 24992, 28063, 1953, 1953);
INSERT INTO player_team_game_play(player_id, team_id, game_id, play_id, seconds_start, seconds_end) VALUES(7450, 1655, 24992, 28063, 1953, 1953);
INSERT INTO player_team_game_play(player_id, team_id, game_id, play_id, seconds_start, seconds_end) VALUES(7015, 1649, 24992, 28063, 1953, 1953);
INSERT INTO player_team_game_play(player_id, team_id, game_id, play_id, seconds_start, seconds_end) VALUES(3176, 1649, 24992, 28063, 1953, 1953);
INSERT INTO player_team_game_play(player_id, team_id, game_id, play_id, seconds_start, seconds_end) VALUES(6138, 1649, 24992, 28063, 1953, 1953);
INSERT INTO player_team_game_play(player_id, team_id, game_id, play_id, seconds_start, seconds_end) VALUES(7404, 1649, 24992, 28063, 1953, 1953);
INSERT INTO player_team_game_play(player_id, team_id, game_id, play_id, seconds_start, seconds_end) VALUES(5150, 1649, 24992, 28063, 1953, 1953);
INSERT INTO lba.sub_play (play_id, seconds_da_start, player_made_id, team_made_id, game_made_id, player_suffered_id, team_suffered_id, game_suffered_id, shot_id, turnover_id, foul_id, rebound_defensive_01, rebound_offensive_01, assist_01, blocks_01, time_out_01, x, y)VALUES(28063, 0, 7449, 1655, 24992, 3176, 1649, 24992, NULL, NULL, 4, '', '', '', '', '', 93, 47);
INSERT INTO lba.sub_play (play_id, seconds_da_start, player_made_id, team_made_id, game_made_id, player_suffered_id, team_suffered_id, game_suffered_id, shot_id, turnover_id, foul_id, rebound_defensive_01, rebound_offensive_01, assist_01, blocks_01, time_out_01, x, y)VALUES(28063, 0, 3176, 1649, 24992, NULL, NULL, NULL, 5, NULL, NULL, '', '', '', '', '', NULL, NULL);

INSERT INTO play(id, game_id, seconds_start, seconds_end, quarter, attack_home_01, score_home, score_guest)VALUES(28064, 24992, 1953, 1963, 4, '1', 62, 57);
INSERT INTO player_team_game_play(player_id, team_id, game_id, play_id, seconds_start, seconds_end) VALUES(6320, 1655, 24992, 28064, 1953, 1963);
INSERT INTO player_team_game_play(player_id, team_id, game_id, play_id, seconds_start, seconds_end) VALUES(7449, 1655, 24992, 28064, 1953, 1963);
INSERT INTO player_team_game_play(player_id, team_id, game_id, play_id, seconds_start, seconds_end) VALUES(7447, 1655, 24992, 28064, 1953, 1963);
INSERT INTO player_team_game_play(player_id, team_id, game_id, play_id, seconds_start, seconds_end) VALUES(7049, 1655, 24992, 28064, 1953, 1963);
INSERT INTO player_team_game_play(player_id, team_id, game_id, play_id, seconds_start, seconds_end) VALUES(7450, 1655, 24992, 28064, 1953, 1963);
INSERT INTO player_team_game_play(player_id, team_id, game_id, play_id, seconds_start, seconds_end) VALUES(7015, 1649, 24992, 28064, 1953, 1963);
INSERT INTO player_team_game_play(player_id, team_id, game_id, play_id, seconds_start, seconds_end) VALUES(3176, 1649, 24992, 28064, 1953, 1963);
INSERT INTO player_team_game_play(player_id, team_id, game_id, play_id, seconds_start, seconds_end) VALUES(6138, 1649, 24992, 28064, 1953, 1963);
INSERT INTO player_team_game_play(player_id, team_id, game_id, play_id, seconds_start, seconds_end) VALUES(7404, 1649, 24992, 28064, 1953, 1963);
INSERT INTO player_team_game_play(player_id, team_id, game_id, play_id, seconds_start, seconds_end) VALUES(5150, 1649, 24992, 28064, 1953, 1963);
INSERT INTO lba.sub_play (play_id, seconds_da_start, player_made_id, team_made_id, game_made_id, player_suffered_id, team_suffered_id, game_suffered_id, shot_id, turnover_id, foul_id, rebound_defensive_01, rebound_offensive_01, assist_01, blocks_01, time_out_01, x, y)VALUES(28064, 10, 7049, 1655, 24992, NULL, NULL, NULL, 2, NULL, NULL, '', '', '', '', '', 7, 48);
INSERT INTO lba.sub_play (play_id, seconds_da_start, player_made_id, team_made_id, game_made_id, player_suffered_id, team_suffered_id, game_suffered_id, shot_id, turnover_id, foul_id, rebound_defensive_01, rebound_offensive_01, assist_01, blocks_01, time_out_01, x, y)VALUES(28064, 10, 3176, 1649, 24992, NULL, NULL, NULL, NULL, NULL, NULL, '1', '', '', '', '', 7, 48);

INSERT INTO play(id, game_id, seconds_start, seconds_end, quarter, attack_home_01, score_home, score_guest)VALUES(28065, 24992, 1963, 1984, 4, '0', 62, 57);
INSERT INTO player_team_game_play(player_id, team_id, game_id, play_id, seconds_start, seconds_end) VALUES(6320, 1655, 24992, 28065, 1963, 1984);
INSERT INTO player_team_game_play(player_id, team_id, game_id, play_id, seconds_start, seconds_end) VALUES(7449, 1655, 24992, 28065, 1963, 1984);
INSERT INTO player_team_game_play(player_id, team_id, game_id, play_id, seconds_start, seconds_end) VALUES(7447, 1655, 24992, 28065, 1963, 1984);
INSERT INTO player_team_game_play(player_id, team_id, game_id, play_id, seconds_start, seconds_end) VALUES(7049, 1655, 24992, 28065, 1963, 1984);
INSERT INTO player_team_game_play(player_id, team_id, game_id, play_id, seconds_start, seconds_end) VALUES(7450, 1655, 24992, 28065, 1963, 1984);
INSERT INTO player_team_game_play(player_id, team_id, game_id, play_id, seconds_start, seconds_end) VALUES(7015, 1649, 24992, 28065, 1963, 1984);
INSERT INTO player_team_game_play(player_id, team_id, game_id, play_id, seconds_start, seconds_end) VALUES(3176, 1649, 24992, 28065, 1963, 1984);
INSERT INTO player_team_game_play(player_id, team_id, game_id, play_id, seconds_start, seconds_end) VALUES(6138, 1649, 24992, 28065, 1963, 1984);
INSERT INTO player_team_game_play(player_id, team_id, game_id, play_id, seconds_start, seconds_end) VALUES(7404, 1649, 24992, 28065, 1963, 1984);
INSERT INTO player_team_game_play(player_id, team_id, game_id, play_id, seconds_start, seconds_end) VALUES(5150, 1649, 24992, 28065, 1963, 1984);
INSERT INTO lba.sub_play (play_id, seconds_da_start, player_made_id, team_made_id, game_made_id, player_suffered_id, team_suffered_id, game_suffered_id, shot_id, turnover_id, foul_id, rebound_defensive_01, rebound_offensive_01, assist_01, blocks_01, time_out_01, x, y)VALUES(28065, 21, 7404, 1649, 24992, NULL, NULL, NULL, 4, NULL, NULL, '', '', '', '', '', 96, 3);
INSERT INTO lba.sub_play (play_id, seconds_da_start, player_made_id, team_made_id, game_made_id, player_suffered_id, team_suffered_id, game_suffered_id, shot_id, turnover_id, foul_id, rebound_defensive_01, rebound_offensive_01, assist_01, blocks_01, time_out_01, x, y)VALUES(28065, 21, 7450, 1655, 24992, NULL, NULL, NULL, NULL, NULL, NULL, '1', '', '', '', '', 96, 3);

INSERT INTO play(id, game_id, seconds_start, seconds_end, quarter, attack_home_01, score_home, score_guest)VALUES(28066, 24992, 1984, 2010, 4, '1', 62, 57);
INSERT INTO player_team_game_play(player_id, team_id, game_id, play_id, seconds_start, seconds_end) VALUES(6320, 1655, 24992, 28066, 1984, 2010);
INSERT INTO player_team_game_play(player_id, team_id, game_id, play_id, seconds_start, seconds_end) VALUES(7449, 1655, 24992, 28066, 1984, 2010);
INSERT INTO player_team_game_play(player_id, team_id, game_id, play_id, seconds_start, seconds_end) VALUES(7447, 1655, 24992, 28066, 1984, 2010);
INSERT INTO player_team_game_play(player_id, team_id, game_id, play_id, seconds_start, seconds_end) VALUES(7049, 1655, 24992, 28066, 1984, 2010);
INSERT INTO player_team_game_play(player_id, team_id, game_id, play_id, seconds_start, seconds_end) VALUES(7450, 1655, 24992, 28066, 1984, 2010);
INSERT INTO player_team_game_play(player_id, team_id, game_id, play_id, seconds_start, seconds_end) VALUES(7015, 1649, 24992, 28066, 1984, 2010);
INSERT INTO player_team_game_play(player_id, team_id, game_id, play_id, seconds_start, seconds_end) VALUES(3176, 1649, 24992, 28066, 1984, 2010);
INSERT INTO player_team_game_play(player_id, team_id, game_id, play_id, seconds_start, seconds_end) VALUES(6138, 1649, 24992, 28066, 1984, 2010);
INSERT INTO player_team_game_play(player_id, team_id, game_id, play_id, seconds_start, seconds_end) VALUES(7404, 1649, 24992, 28066, 1984, 2010);
INSERT INTO player_team_game_play(player_id, team_id, game_id, play_id, seconds_start, seconds_end) VALUES(5150, 1649, 24992, 28066, 1984, 2010);
INSERT INTO lba.sub_play (play_id, seconds_da_start, player_made_id, team_made_id, game_made_id, player_suffered_id, team_suffered_id, game_suffered_id, shot_id, turnover_id, foul_id, rebound_defensive_01, rebound_offensive_01, assist_01, blocks_01, time_out_01, x, y)VALUES(28066, 26, 7447, 1655, 24992, NULL, NULL, NULL, 2, NULL, NULL, '', '', '', '', '', 8, 42);
INSERT INTO lba.sub_play (play_id, seconds_da_start, player_made_id, team_made_id, game_made_id, player_suffered_id, team_suffered_id, game_suffered_id, shot_id, turnover_id, foul_id, rebound_defensive_01, rebound_offensive_01, assist_01, blocks_01, time_out_01, x, y)VALUES(28066, 26, 7404, 1649, 24992, NULL, NULL, NULL, NULL, NULL, NULL, '1', '', '', '', '', 8, 42);

INSERT INTO play(id, game_id, seconds_start, seconds_end, quarter, attack_home_01, score_home, score_guest)VALUES(28067, 24992, 2010, 2014, 4, '0', 62, 57);
INSERT INTO player_team_game_play(player_id, team_id, game_id, play_id, seconds_start, seconds_end) VALUES(6320, 1655, 24992, 28067, 2010, 2014);
INSERT INTO player_team_game_play(player_id, team_id, game_id, play_id, seconds_start, seconds_end) VALUES(7449, 1655, 24992, 28067, 2010, 2014);
INSERT INTO player_team_game_play(player_id, team_id, game_id, play_id, seconds_start, seconds_end) VALUES(7447, 1655, 24992, 28067, 2010, 2014);
INSERT INTO player_team_game_play(player_id, team_id, game_id, play_id, seconds_start, seconds_end) VALUES(7049, 1655, 24992, 28067, 2010, 2014);
INSERT INTO player_team_game_play(player_id, team_id, game_id, play_id, seconds_start, seconds_end) VALUES(7450, 1655, 24992, 28067, 2010, 2014);
INSERT INTO player_team_game_play(player_id, team_id, game_id, play_id, seconds_start, seconds_end) VALUES(7015, 1649, 24992, 28067, 2010, 2014);
INSERT INTO player_team_game_play(player_id, team_id, game_id, play_id, seconds_start, seconds_end) VALUES(3176, 1649, 24992, 28067, 2010, 2014);
INSERT INTO player_team_game_play(player_id, team_id, game_id, play_id, seconds_start, seconds_end) VALUES(6138, 1649, 24992, 28067, 2010, 2014);
INSERT INTO player_team_game_play(player_id, team_id, game_id, play_id, seconds_start, seconds_end) VALUES(7404, 1649, 24992, 28067, 2010, 2014);
INSERT INTO player_team_game_play(player_id, team_id, game_id, play_id, seconds_start, seconds_end) VALUES(5150, 1649, 24992, 28067, 2010, 2014);
INSERT INTO lba.sub_play (play_id, seconds_da_start, player_made_id, team_made_id, game_made_id, player_suffered_id, team_suffered_id, game_suffered_id, shot_id, turnover_id, foul_id, rebound_defensive_01, rebound_offensive_01, assist_01, blocks_01, time_out_01, x, y)VALUES(28067, 4, 7404, 1649, 24992, 7449, 1655, 24992, NULL, 2, NULL, '', '', '', '', '', 50, 79);

INSERT INTO play(id, game_id, seconds_start, seconds_end, quarter, attack_home_01, score_home, score_guest)VALUES(28068, 24992, 2014, 2018, 4, '1', 64, 57);
INSERT INTO player_team_game_play(player_id, team_id, game_id, play_id, seconds_start, seconds_end) VALUES(6320, 1655, 24992, 28068, 2014, 2018);
INSERT INTO player_team_game_play(player_id, team_id, game_id, play_id, seconds_start, seconds_end) VALUES(7449, 1655, 24992, 28068, 2014, 2018);
INSERT INTO player_team_game_play(player_id, team_id, game_id, play_id, seconds_start, seconds_end) VALUES(7447, 1655, 24992, 28068, 2014, 2018);
INSERT INTO player_team_game_play(player_id, team_id, game_id, play_id, seconds_start, seconds_end) VALUES(7049, 1655, 24992, 28068, 2014, 2018);
INSERT INTO player_team_game_play(player_id, team_id, game_id, play_id, seconds_start, seconds_end) VALUES(7450, 1655, 24992, 28068, 2014, 2018);
INSERT INTO player_team_game_play(player_id, team_id, game_id, play_id, seconds_start, seconds_end) VALUES(7015, 1649, 24992, 28068, 2014, 2018);
INSERT INTO player_team_game_play(player_id, team_id, game_id, play_id, seconds_start, seconds_end) VALUES(3176, 1649, 24992, 28068, 2014, 2018);
INSERT INTO player_team_game_play(player_id, team_id, game_id, play_id, seconds_start, seconds_end) VALUES(6138, 1649, 24992, 28068, 2014, 2018);
INSERT INTO player_team_game_play(player_id, team_id, game_id, play_id, seconds_start, seconds_end) VALUES(7404, 1649, 24992, 28068, 2014, 2018);
INSERT INTO player_team_game_play(player_id, team_id, game_id, play_id, seconds_start, seconds_end) VALUES(5150, 1649, 24992, 28068, 2014, 2018);
INSERT INTO lba.sub_play (play_id, seconds_da_start, player_made_id, team_made_id, game_made_id, player_suffered_id, team_suffered_id, game_suffered_id, shot_id, turnover_id, foul_id, rebound_defensive_01, rebound_offensive_01, assist_01, blocks_01, time_out_01, x, y)VALUES(28068, 4, 6320, 1655, 24992, NULL, NULL, NULL, 1, NULL, NULL, '', '', '', '', '', 5, 50);
INSERT INTO lba.sub_play (play_id, seconds_da_start, player_made_id, team_made_id, game_made_id, player_suffered_id, team_suffered_id, game_suffered_id, shot_id, turnover_id, foul_id, rebound_defensive_01, rebound_offensive_01, assist_01, blocks_01, time_out_01, x, y)VALUES(28068, 4, 7450, 1655, 24992, NULL, NULL, NULL, NULL, NULL, NULL, '', '', '1', '', '', 5, 50);

INSERT INTO play(id, game_id, seconds_start, seconds_end, quarter, attack_home_01, score_home, score_guest)VALUES(28069, 24992, 2018, 2033, 4, '0', 64, 59);
INSERT INTO player_team_game_play(player_id, team_id, game_id, play_id, seconds_start, seconds_end) VALUES(6320, 1655, 24992, 28069, 2018, 2033);
INSERT INTO player_team_game_play(player_id, team_id, game_id, play_id, seconds_start, seconds_end) VALUES(7449, 1655, 24992, 28069, 2018, 2033);
INSERT INTO player_team_game_play(player_id, team_id, game_id, play_id, seconds_start, seconds_end) VALUES(7447, 1655, 24992, 28069, 2018, 2033);
INSERT INTO player_team_game_play(player_id, team_id, game_id, play_id, seconds_start, seconds_end) VALUES(7049, 1655, 24992, 28069, 2018, 2033);
INSERT INTO player_team_game_play(player_id, team_id, game_id, play_id, seconds_start, seconds_end) VALUES(7450, 1655, 24992, 28069, 2018, 2033);
INSERT INTO player_team_game_play(player_id, team_id, game_id, play_id, seconds_start, seconds_end) VALUES(7015, 1649, 24992, 28069, 2018, 2033);
INSERT INTO player_team_game_play(player_id, team_id, game_id, play_id, seconds_start, seconds_end) VALUES(3176, 1649, 24992, 28069, 2018, 2033);
INSERT INTO player_team_game_play(player_id, team_id, game_id, play_id, seconds_start, seconds_end) VALUES(6138, 1649, 24992, 28069, 2018, 2033);
INSERT INTO player_team_game_play(player_id, team_id, game_id, play_id, seconds_start, seconds_end) VALUES(7404, 1649, 24992, 28069, 2018, 2033);
INSERT INTO player_team_game_play(player_id, team_id, game_id, play_id, seconds_start, seconds_end) VALUES(5150, 1649, 24992, 28069, 2018, 2033);
INSERT INTO lba.sub_play (play_id, seconds_da_start, player_made_id, team_made_id, game_made_id, player_suffered_id, team_suffered_id, game_suffered_id, shot_id, turnover_id, foul_id, rebound_defensive_01, rebound_offensive_01, assist_01, blocks_01, time_out_01, x, y)VALUES(28069, 15, 5150, 1649, 24992, NULL, NULL, NULL, 1, NULL, NULL, '', '', '', '', '', 95, 44);

INSERT INTO play(id, game_id, seconds_start, seconds_end, quarter, attack_home_01, score_home, score_guest)VALUES(28070, 24992, 2033, 2055, 4, '1', 64, 59);
INSERT INTO player_team_game_play(player_id, team_id, game_id, play_id, seconds_start, seconds_end) VALUES(6320, 1655, 24992, 28070, 2033, 2055);
INSERT INTO player_team_game_play(player_id, team_id, game_id, play_id, seconds_start, seconds_end) VALUES(7449, 1655, 24992, 28070, 2033, 2055);
INSERT INTO player_team_game_play(player_id, team_id, game_id, play_id, seconds_start, seconds_end) VALUES(7447, 1655, 24992, 28070, 2033, 2055);
INSERT INTO player_team_game_play(player_id, team_id, game_id, play_id, seconds_start, seconds_end) VALUES(7049, 1655, 24992, 28070, 2033, 2055);
INSERT INTO player_team_game_play(player_id, team_id, game_id, play_id, seconds_start, seconds_end) VALUES(7450, 1655, 24992, 28070, 2033, 2055);
INSERT INTO player_team_game_play(player_id, team_id, game_id, play_id, seconds_start, seconds_end) VALUES(7015, 1649, 24992, 28070, 2033, 2055);
INSERT INTO player_team_game_play(player_id, team_id, game_id, play_id, seconds_start, seconds_end) VALUES(3176, 1649, 24992, 28070, 2033, 2055);
INSERT INTO player_team_game_play(player_id, team_id, game_id, play_id, seconds_start, seconds_end) VALUES(6138, 1649, 24992, 28070, 2033, 2055);
INSERT INTO player_team_game_play(player_id, team_id, game_id, play_id, seconds_start, seconds_end) VALUES(7404, 1649, 24992, 28070, 2033, 2055);
INSERT INTO player_team_game_play(player_id, team_id, game_id, play_id, seconds_start, seconds_end) VALUES(5150, 1649, 24992, 28070, 2033, 2055);
INSERT INTO lba.sub_play (play_id, seconds_da_start, player_made_id, team_made_id, game_made_id, player_suffered_id, team_suffered_id, game_suffered_id, shot_id, turnover_id, foul_id, rebound_defensive_01, rebound_offensive_01, assist_01, blocks_01, time_out_01, x, y)VALUES(28070, 22, 7447, 1655, 24992, NULL, NULL, NULL, 2, NULL, NULL, '', '', '', '', '', 8, 59);
INSERT INTO lba.sub_play (play_id, seconds_da_start, player_made_id, team_made_id, game_made_id, player_suffered_id, team_suffered_id, game_suffered_id, shot_id, turnover_id, foul_id, rebound_defensive_01, rebound_offensive_01, assist_01, blocks_01, time_out_01, x, y)VALUES(28070, 22, 3176, 1649, 24992, NULL, NULL, NULL, NULL, NULL, NULL, '1', '', '', '', '', 8, 59);

INSERT INTO play(id, game_id, seconds_start, seconds_end, quarter, attack_home_01, score_home, score_guest)VALUES(28071, 24992, 2055, 2069, 4, '0', 64, 60);
INSERT INTO player_team_game_play(player_id, team_id, game_id, play_id, seconds_start, seconds_end) VALUES(6320, 1655, 24992, 28071, 2055, 2069);
INSERT INTO player_team_game_play(player_id, team_id, game_id, play_id, seconds_start, seconds_end) VALUES(7449, 1655, 24992, 28071, 2055, 2069);
INSERT INTO player_team_game_play(player_id, team_id, game_id, play_id, seconds_start, seconds_end) VALUES(7447, 1655, 24992, 28071, 2055, 2069);
INSERT INTO player_team_game_play(player_id, team_id, game_id, play_id, seconds_start, seconds_end) VALUES(7049, 1655, 24992, 28071, 2055, 2069);
INSERT INTO player_team_game_play(player_id, team_id, game_id, play_id, seconds_start, seconds_end) VALUES(7450, 1655, 24992, 28071, 2055, 2069);
INSERT INTO player_team_game_play(player_id, team_id, game_id, play_id, seconds_start, seconds_end) VALUES(7015, 1649, 24992, 28071, 2055, 2069);
INSERT INTO player_team_game_play(player_id, team_id, game_id, play_id, seconds_start, seconds_end) VALUES(3176, 1649, 24992, 28071, 2055, 2069);
INSERT INTO player_team_game_play(player_id, team_id, game_id, play_id, seconds_start, seconds_end) VALUES(6138, 1649, 24992, 28071, 2055, 2069);
INSERT INTO player_team_game_play(player_id, team_id, game_id, play_id, seconds_start, seconds_end) VALUES(7404, 1649, 24992, 28071, 2055, 2069);
INSERT INTO player_team_game_play(player_id, team_id, game_id, play_id, seconds_start, seconds_end) VALUES(5150, 1649, 24992, 28071, 2055, 2069);
UPDATE player_team_game_play SET seconds_end = 2056 WHERE player_id = 7449 AND game_id = 24992 AND play_id = 28071;
INSERT INTO player_team_game_play(player_id, team_id, game_id, play_id, seconds_start, seconds_end) VALUES(378, 1655, 24992, 28071, 2056, 2069);
UPDATE player_team_game_play SET seconds_end = 2056 WHERE player_id = 7404 AND game_id = 24992 AND play_id = 28071;
INSERT INTO player_team_game_play(player_id, team_id, game_id, play_id, seconds_start, seconds_end) VALUES(7406, 1649, 24992, 28071, 2056, 2069);
INSERT INTO lba.sub_play (play_id, seconds_da_start, player_made_id, team_made_id, game_made_id, player_suffered_id, team_suffered_id, game_suffered_id, shot_id, turnover_id, foul_id, rebound_defensive_01, rebound_offensive_01, assist_01, blocks_01, time_out_01, x, y)VALUES(28071, 1, 7449, 1655, 24992, 3176, 1649, 24992, NULL, NULL, 1, '', '', '', '', '', 29, 65);
INSERT INTO lba.sub_play (play_id, seconds_da_start, player_made_id, team_made_id, game_made_id, player_suffered_id, team_suffered_id, game_suffered_id, shot_id, turnover_id, foul_id, rebound_defensive_01, rebound_offensive_01, assist_01, blocks_01, time_out_01, x, y)VALUES(28071, 12, 5150, 1649, 24992, NULL, NULL, NULL, 4, NULL, NULL, '', '', '', '', '', 75, 87);
INSERT INTO lba.sub_play (play_id, seconds_da_start, player_made_id, team_made_id, game_made_id, player_suffered_id, team_suffered_id, game_suffered_id, shot_id, turnover_id, foul_id, rebound_defensive_01, rebound_offensive_01, assist_01, blocks_01, time_out_01, x, y)VALUES(28071, 12, 7015, 1649, 24992, NULL, NULL, NULL, NULL, NULL, NULL, '', '1', '', '', '', 75, 87);
INSERT INTO lba.sub_play (play_id, seconds_da_start, player_made_id, team_made_id, game_made_id, player_suffered_id, team_suffered_id, game_suffered_id, shot_id, turnover_id, foul_id, rebound_defensive_01, rebound_offensive_01, assist_01, blocks_01, time_out_01, x, y)VALUES(28071, 14, 7450, 1655, 24992, 7015, 1649, 24992, NULL, NULL, 4, '', '', '', '', '', 93, 47);
INSERT INTO lba.sub_play (play_id, seconds_da_start, player_made_id, team_made_id, game_made_id, player_suffered_id, team_suffered_id, game_suffered_id, shot_id, turnover_id, foul_id, rebound_defensive_01, rebound_offensive_01, assist_01, blocks_01, time_out_01, x, y)VALUES(28071, 14, 7015, 1649, 24992, NULL, NULL, NULL, 6, NULL, NULL, '', '', '', '', '', NULL, NULL);
INSERT INTO lba.sub_play (play_id, seconds_da_start, player_made_id, team_made_id, game_made_id, player_suffered_id, team_suffered_id, game_suffered_id, shot_id, turnover_id, foul_id, rebound_defensive_01, rebound_offensive_01, assist_01, blocks_01, time_out_01, x, y)VALUES(28071, 14, 7015, 1649, 24992, NULL, NULL, NULL, 5, NULL, NULL, '', '', '', '', '', NULL, NULL);

INSERT INTO play(id, game_id, seconds_start, seconds_end, quarter, attack_home_01, score_home, score_guest)VALUES(28072, 24992, 2069, 2089, 4, '1', 64, 60);
INSERT INTO player_team_game_play(player_id, team_id, game_id, play_id, seconds_start, seconds_end) VALUES(6320, 1655, 24992, 28072, 2069, 2089);
INSERT INTO player_team_game_play(player_id, team_id, game_id, play_id, seconds_start, seconds_end) VALUES(7447, 1655, 24992, 28072, 2069, 2089);
INSERT INTO player_team_game_play(player_id, team_id, game_id, play_id, seconds_start, seconds_end) VALUES(7049, 1655, 24992, 28072, 2069, 2089);
INSERT INTO player_team_game_play(player_id, team_id, game_id, play_id, seconds_start, seconds_end) VALUES(7450, 1655, 24992, 28072, 2069, 2089);
INSERT INTO player_team_game_play(player_id, team_id, game_id, play_id, seconds_start, seconds_end) VALUES(378, 1655, 24992, 28072, 2069, 2089);
INSERT INTO player_team_game_play(player_id, team_id, game_id, play_id, seconds_start, seconds_end) VALUES(7015, 1649, 24992, 28072, 2069, 2089);
INSERT INTO player_team_game_play(player_id, team_id, game_id, play_id, seconds_start, seconds_end) VALUES(3176, 1649, 24992, 28072, 2069, 2089);
INSERT INTO player_team_game_play(player_id, team_id, game_id, play_id, seconds_start, seconds_end) VALUES(5150, 1649, 24992, 28072, 2069, 2089);
INSERT INTO player_team_game_play(player_id, team_id, game_id, play_id, seconds_start, seconds_end) VALUES(6138, 1649, 24992, 28072, 2069, 2089);
INSERT INTO player_team_game_play(player_id, team_id, game_id, play_id, seconds_start, seconds_end) VALUES(7406, 1649, 24992, 28072, 2069, 2089);
INSERT INTO lba.sub_play (play_id, seconds_da_start, player_made_id, team_made_id, game_made_id, player_suffered_id, team_suffered_id, game_suffered_id, shot_id, turnover_id, foul_id, rebound_defensive_01, rebound_offensive_01, assist_01, blocks_01, time_out_01, x, y)VALUES(28072, 20, 7450, 1655, 24992, NULL, NULL, NULL, 2, NULL, NULL, '', '', '', '', '', 20, 36);
INSERT INTO lba.sub_play (play_id, seconds_da_start, player_made_id, team_made_id, game_made_id, player_suffered_id, team_suffered_id, game_suffered_id, shot_id, turnover_id, foul_id, rebound_defensive_01, rebound_offensive_01, assist_01, blocks_01, time_out_01, x, y)VALUES(28072, 20, 6138, 1649, 24992, NULL, NULL, NULL, NULL, NULL, NULL, '1', '', '', '', '', 20, 36);

INSERT INTO play(id, game_id, seconds_start, seconds_end, quarter, attack_home_01, score_home, score_guest)VALUES(28073, 24992, 2089, 2100, 4, '0', 64, 60);
INSERT INTO player_team_game_play(player_id, team_id, game_id, play_id, seconds_start, seconds_end) VALUES(6320, 1655, 24992, 28073, 2089, 2100);
INSERT INTO player_team_game_play(player_id, team_id, game_id, play_id, seconds_start, seconds_end) VALUES(7447, 1655, 24992, 28073, 2089, 2100);
INSERT INTO player_team_game_play(player_id, team_id, game_id, play_id, seconds_start, seconds_end) VALUES(7049, 1655, 24992, 28073, 2089, 2100);
INSERT INTO player_team_game_play(player_id, team_id, game_id, play_id, seconds_start, seconds_end) VALUES(7450, 1655, 24992, 28073, 2089, 2100);
INSERT INTO player_team_game_play(player_id, team_id, game_id, play_id, seconds_start, seconds_end) VALUES(378, 1655, 24992, 28073, 2089, 2100);
INSERT INTO player_team_game_play(player_id, team_id, game_id, play_id, seconds_start, seconds_end) VALUES(7015, 1649, 24992, 28073, 2089, 2100);
INSERT INTO player_team_game_play(player_id, team_id, game_id, play_id, seconds_start, seconds_end) VALUES(3176, 1649, 24992, 28073, 2089, 2100);
INSERT INTO player_team_game_play(player_id, team_id, game_id, play_id, seconds_start, seconds_end) VALUES(5150, 1649, 24992, 28073, 2089, 2100);
INSERT INTO player_team_game_play(player_id, team_id, game_id, play_id, seconds_start, seconds_end) VALUES(6138, 1649, 24992, 28073, 2089, 2100);
INSERT INTO player_team_game_play(player_id, team_id, game_id, play_id, seconds_start, seconds_end) VALUES(7406, 1649, 24992, 28073, 2089, 2100);
UPDATE player_team_game_play SET seconds_end = 2100 WHERE player_id = 5150 AND game_id = 24992 AND play_id = 28073;
INSERT INTO player_team_game_play(player_id, team_id, game_id, play_id, seconds_start, seconds_end) VALUES(2103, 1649, 24992, 28073, 2100, 2100);
INSERT INTO lba.sub_play (play_id, seconds_da_start, player_made_id, team_made_id, game_made_id, player_suffered_id, team_suffered_id, game_suffered_id, shot_id, turnover_id, foul_id, rebound_defensive_01, rebound_offensive_01, assist_01, blocks_01, time_out_01, x, y)VALUES(28073, 11, 7450, 1655, 24992, 6138, 1649, 24992, NULL, NULL, 4, '', '', '', '', '', 95, 62);
INSERT INTO lba.sub_play (play_id, seconds_da_start, player_made_id, team_made_id, game_made_id, player_suffered_id, team_suffered_id, game_suffered_id, shot_id, turnover_id, foul_id, rebound_defensive_01, rebound_offensive_01, assist_01, blocks_01, time_out_01, x, y)VALUES(28073, 11, 6138, 1649, 24992, NULL, NULL, NULL, 6, NULL, NULL, '', '', '', '', '', NULL, NULL);
INSERT INTO lba.sub_play (play_id, seconds_da_start, player_made_id, team_made_id, game_made_id, player_suffered_id, team_suffered_id, game_suffered_id, shot_id, turnover_id, foul_id, rebound_defensive_01, rebound_offensive_01, assist_01, blocks_01, time_out_01, x, y)VALUES(28073, 11, 6138, 1649, 24992, NULL, NULL, NULL, 6, NULL, NULL, '', '', '', '', '', NULL, NULL);
INSERT INTO lba.sub_play (play_id, seconds_da_start, player_made_id, team_made_id, game_made_id, player_suffered_id, team_suffered_id, game_suffered_id, shot_id, turnover_id, foul_id, rebound_defensive_01, rebound_offensive_01, assist_01, blocks_01, time_out_01, x, y)VALUES(28073, 11, 6320, 1655, 24992, NULL, NULL, NULL, NULL, NULL, NULL, '1', '', '', '', '', NULL, NULL);

INSERT INTO play(id, game_id, seconds_start, seconds_end, quarter, attack_home_01, score_home, score_guest)VALUES(28074, 24992, 2100, 2122, 4, '1', 67, 60);
INSERT INTO player_team_game_play(player_id, team_id, game_id, play_id, seconds_start, seconds_end) VALUES(6320, 1655, 24992, 28074, 2100, 2122);
INSERT INTO player_team_game_play(player_id, team_id, game_id, play_id, seconds_start, seconds_end) VALUES(7447, 1655, 24992, 28074, 2100, 2122);
INSERT INTO player_team_game_play(player_id, team_id, game_id, play_id, seconds_start, seconds_end) VALUES(7049, 1655, 24992, 28074, 2100, 2122);
INSERT INTO player_team_game_play(player_id, team_id, game_id, play_id, seconds_start, seconds_end) VALUES(7450, 1655, 24992, 28074, 2100, 2122);
INSERT INTO player_team_game_play(player_id, team_id, game_id, play_id, seconds_start, seconds_end) VALUES(378, 1655, 24992, 28074, 2100, 2122);
INSERT INTO player_team_game_play(player_id, team_id, game_id, play_id, seconds_start, seconds_end) VALUES(7015, 1649, 24992, 28074, 2100, 2122);
INSERT INTO player_team_game_play(player_id, team_id, game_id, play_id, seconds_start, seconds_end) VALUES(3176, 1649, 24992, 28074, 2100, 2122);
INSERT INTO player_team_game_play(player_id, team_id, game_id, play_id, seconds_start, seconds_end) VALUES(5150, 1649, 24992, 28074, 2100, 2122);
INSERT INTO player_team_game_play(player_id, team_id, game_id, play_id, seconds_start, seconds_end) VALUES(6138, 1649, 24992, 28074, 2100, 2122);
INSERT INTO player_team_game_play(player_id, team_id, game_id, play_id, seconds_start, seconds_end) VALUES(7406, 1649, 24992, 28074, 2100, 2122);
UPDATE player_team_game_play SET seconds_end = 2100 WHERE player_id = 5150 AND game_id = 24992 AND play_id = 28074;
INSERT INTO player_team_game_play(player_id, team_id, game_id, play_id, seconds_start, seconds_end) VALUES(2103, 1649, 24992, 28074, 2100, 2122);
INSERT INTO lba.sub_play (play_id, seconds_da_start, player_made_id, team_made_id, game_made_id, player_suffered_id, team_suffered_id, game_suffered_id, shot_id, turnover_id, foul_id, rebound_defensive_01, rebound_offensive_01, assist_01, blocks_01, time_out_01, x, y)VALUES(28074, 22, 7049, 1655, 24992, NULL, NULL, NULL, 3, NULL, NULL, '', '', '', '', '', 14, 4);
INSERT INTO lba.sub_play (play_id, seconds_da_start, player_made_id, team_made_id, game_made_id, player_suffered_id, team_suffered_id, game_suffered_id, shot_id, turnover_id, foul_id, rebound_defensive_01, rebound_offensive_01, assist_01, blocks_01, time_out_01, x, y)VALUES(28074, 22, 7447, 1655, 24992, NULL, NULL, NULL, NULL, NULL, NULL, '', '', '1', '', '', 14, 4);

INSERT INTO play(id, game_id, seconds_start, seconds_end, quarter, attack_home_01, score_home, score_guest)VALUES(28075, 24992, 2122, 2144, 4, '0', 67, 60);
INSERT INTO player_team_game_play(player_id, team_id, game_id, play_id, seconds_start, seconds_end) VALUES(6320, 1655, 24992, 28075, 2122, 2144);
INSERT INTO player_team_game_play(player_id, team_id, game_id, play_id, seconds_start, seconds_end) VALUES(7447, 1655, 24992, 28075, 2122, 2144);
INSERT INTO player_team_game_play(player_id, team_id, game_id, play_id, seconds_start, seconds_end) VALUES(7049, 1655, 24992, 28075, 2122, 2144);
INSERT INTO player_team_game_play(player_id, team_id, game_id, play_id, seconds_start, seconds_end) VALUES(7450, 1655, 24992, 28075, 2122, 2144);
INSERT INTO player_team_game_play(player_id, team_id, game_id, play_id, seconds_start, seconds_end) VALUES(378, 1655, 24992, 28075, 2122, 2144);
INSERT INTO player_team_game_play(player_id, team_id, game_id, play_id, seconds_start, seconds_end) VALUES(2103, 1649, 24992, 28075, 2122, 2144);
INSERT INTO player_team_game_play(player_id, team_id, game_id, play_id, seconds_start, seconds_end) VALUES(7015, 1649, 24992, 28075, 2122, 2144);
INSERT INTO player_team_game_play(player_id, team_id, game_id, play_id, seconds_start, seconds_end) VALUES(3176, 1649, 24992, 28075, 2122, 2144);
INSERT INTO player_team_game_play(player_id, team_id, game_id, play_id, seconds_start, seconds_end) VALUES(6138, 1649, 24992, 28075, 2122, 2144);
INSERT INTO player_team_game_play(player_id, team_id, game_id, play_id, seconds_start, seconds_end) VALUES(7406, 1649, 24992, 28075, 2122, 2144);
UPDATE player_team_game_play SET seconds_end = 2126 WHERE player_id = 7450 AND game_id = 24992 AND play_id = 28075;
INSERT INTO player_team_game_play(player_id, team_id, game_id, play_id, seconds_start, seconds_end) VALUES(7448, 1655, 24992, 28075, 2126, 2144);
INSERT INTO lba.sub_play (play_id, seconds_da_start, player_made_id, team_made_id, game_made_id, player_suffered_id, team_suffered_id, game_suffered_id, shot_id, turnover_id, foul_id, rebound_defensive_01, rebound_offensive_01, assist_01, blocks_01, time_out_01, x, y)VALUES(28075, 22, 7406, 1649, 24992, NULL, NULL, NULL, 4, NULL, NULL, '', '', '', '', '', 81, 9);
INSERT INTO lba.sub_play (play_id, seconds_da_start, player_made_id, team_made_id, game_made_id, player_suffered_id, team_suffered_id, game_suffered_id, shot_id, turnover_id, foul_id, rebound_defensive_01, rebound_offensive_01, assist_01, blocks_01, time_out_01, x, y)VALUES(28075, 22, 7049, 1655, 24992, NULL, NULL, NULL, NULL, NULL, NULL, '1', '', '', '', '', 81, 9);

INSERT INTO play(id, game_id, seconds_start, seconds_end, quarter, attack_home_01, score_home, score_guest)VALUES(28076, 24992, 2144, 2155, 4, '1', 67, 60);
INSERT INTO player_team_game_play(player_id, team_id, game_id, play_id, seconds_start, seconds_end) VALUES(6320, 1655, 24992, 28076, 2144, 2155);
INSERT INTO player_team_game_play(player_id, team_id, game_id, play_id, seconds_start, seconds_end) VALUES(7447, 1655, 24992, 28076, 2144, 2155);
INSERT INTO player_team_game_play(player_id, team_id, game_id, play_id, seconds_start, seconds_end) VALUES(7448, 1655, 24992, 28076, 2144, 2155);
INSERT INTO player_team_game_play(player_id, team_id, game_id, play_id, seconds_start, seconds_end) VALUES(7049, 1655, 24992, 28076, 2144, 2155);
INSERT INTO player_team_game_play(player_id, team_id, game_id, play_id, seconds_start, seconds_end) VALUES(378, 1655, 24992, 28076, 2144, 2155);
INSERT INTO player_team_game_play(player_id, team_id, game_id, play_id, seconds_start, seconds_end) VALUES(2103, 1649, 24992, 28076, 2144, 2155);
INSERT INTO player_team_game_play(player_id, team_id, game_id, play_id, seconds_start, seconds_end) VALUES(7015, 1649, 24992, 28076, 2144, 2155);
INSERT INTO player_team_game_play(player_id, team_id, game_id, play_id, seconds_start, seconds_end) VALUES(3176, 1649, 24992, 28076, 2144, 2155);
INSERT INTO player_team_game_play(player_id, team_id, game_id, play_id, seconds_start, seconds_end) VALUES(6138, 1649, 24992, 28076, 2144, 2155);
INSERT INTO player_team_game_play(player_id, team_id, game_id, play_id, seconds_start, seconds_end) VALUES(7406, 1649, 24992, 28076, 2144, 2155);
INSERT INTO lba.sub_play (play_id, seconds_da_start, player_made_id, team_made_id, game_made_id, player_suffered_id, team_suffered_id, game_suffered_id, shot_id, turnover_id, foul_id, rebound_defensive_01, rebound_offensive_01, assist_01, blocks_01, time_out_01, x, y)VALUES(28076, 11, 7049, 1655, 24992, 7015, 1649, 24992, NULL, 1, NULL, '', '', '', '', '', 7, 66);

INSERT INTO play(id, game_id, seconds_start, seconds_end, quarter, attack_home_01, score_home, score_guest)VALUES(28077, 24992, 2155, 2162, 4, '0', 67, 60);
INSERT INTO player_team_game_play(player_id, team_id, game_id, play_id, seconds_start, seconds_end) VALUES(6320, 1655, 24992, 28077, 2155, 2162);
INSERT INTO player_team_game_play(player_id, team_id, game_id, play_id, seconds_start, seconds_end) VALUES(7447, 1655, 24992, 28077, 2155, 2162);
INSERT INTO player_team_game_play(player_id, team_id, game_id, play_id, seconds_start, seconds_end) VALUES(7448, 1655, 24992, 28077, 2155, 2162);
INSERT INTO player_team_game_play(player_id, team_id, game_id, play_id, seconds_start, seconds_end) VALUES(7049, 1655, 24992, 28077, 2155, 2162);
INSERT INTO player_team_game_play(player_id, team_id, game_id, play_id, seconds_start, seconds_end) VALUES(378, 1655, 24992, 28077, 2155, 2162);
INSERT INTO player_team_game_play(player_id, team_id, game_id, play_id, seconds_start, seconds_end) VALUES(2103, 1649, 24992, 28077, 2155, 2162);
INSERT INTO player_team_game_play(player_id, team_id, game_id, play_id, seconds_start, seconds_end) VALUES(7015, 1649, 24992, 28077, 2155, 2162);
INSERT INTO player_team_game_play(player_id, team_id, game_id, play_id, seconds_start, seconds_end) VALUES(3176, 1649, 24992, 28077, 2155, 2162);
INSERT INTO player_team_game_play(player_id, team_id, game_id, play_id, seconds_start, seconds_end) VALUES(6138, 1649, 24992, 28077, 2155, 2162);
INSERT INTO player_team_game_play(player_id, team_id, game_id, play_id, seconds_start, seconds_end) VALUES(7406, 1649, 24992, 28077, 2155, 2162);
INSERT INTO lba.sub_play (play_id, seconds_da_start, player_made_id, team_made_id, game_made_id, player_suffered_id, team_suffered_id, game_suffered_id, shot_id, turnover_id, foul_id, rebound_defensive_01, rebound_offensive_01, assist_01, blocks_01, time_out_01, x, y)VALUES(28077, 7, 3176, 1649, 24992, NULL, NULL, NULL, 2, NULL, NULL, '', '', '', '', '', 95, 56);
INSERT INTO lba.sub_play (play_id, seconds_da_start, player_made_id, team_made_id, game_made_id, player_suffered_id, team_suffered_id, game_suffered_id, shot_id, turnover_id, foul_id, rebound_defensive_01, rebound_offensive_01, assist_01, blocks_01, time_out_01, x, y)VALUES(28077, 7, 378, 1655, 24992, NULL, NULL, NULL, NULL, NULL, NULL, '1', '', '', '', '', 95, 56);

INSERT INTO play(id, game_id, seconds_start, seconds_end, quarter, attack_home_01, score_home, score_guest)VALUES(28078, 24992, 2162, 2187, 4, '1', 67, 60);
INSERT INTO player_team_game_play(player_id, team_id, game_id, play_id, seconds_start, seconds_end) VALUES(6320, 1655, 24992, 28078, 2162, 2187);
INSERT INTO player_team_game_play(player_id, team_id, game_id, play_id, seconds_start, seconds_end) VALUES(7447, 1655, 24992, 28078, 2162, 2187);
INSERT INTO player_team_game_play(player_id, team_id, game_id, play_id, seconds_start, seconds_end) VALUES(7448, 1655, 24992, 28078, 2162, 2187);
INSERT INTO player_team_game_play(player_id, team_id, game_id, play_id, seconds_start, seconds_end) VALUES(7049, 1655, 24992, 28078, 2162, 2187);
INSERT INTO player_team_game_play(player_id, team_id, game_id, play_id, seconds_start, seconds_end) VALUES(378, 1655, 24992, 28078, 2162, 2187);
INSERT INTO player_team_game_play(player_id, team_id, game_id, play_id, seconds_start, seconds_end) VALUES(2103, 1649, 24992, 28078, 2162, 2187);
INSERT INTO player_team_game_play(player_id, team_id, game_id, play_id, seconds_start, seconds_end) VALUES(7015, 1649, 24992, 28078, 2162, 2187);
INSERT INTO player_team_game_play(player_id, team_id, game_id, play_id, seconds_start, seconds_end) VALUES(3176, 1649, 24992, 28078, 2162, 2187);
INSERT INTO player_team_game_play(player_id, team_id, game_id, play_id, seconds_start, seconds_end) VALUES(6138, 1649, 24992, 28078, 2162, 2187);
INSERT INTO player_team_game_play(player_id, team_id, game_id, play_id, seconds_start, seconds_end) VALUES(7406, 1649, 24992, 28078, 2162, 2187);
INSERT INTO lba.sub_play (play_id, seconds_da_start, player_made_id, team_made_id, game_made_id, player_suffered_id, team_suffered_id, game_suffered_id, shot_id, turnover_id, foul_id, rebound_defensive_01, rebound_offensive_01, assist_01, blocks_01, time_out_01, x, y)VALUES(28078, 25, 378, 1655, 24992, NULL, NULL, NULL, 2, NULL, NULL, '', '', '', '', '', 14, 49);
INSERT INTO lba.sub_play (play_id, seconds_da_start, player_made_id, team_made_id, game_made_id, player_suffered_id, team_suffered_id, game_suffered_id, shot_id, turnover_id, foul_id, rebound_defensive_01, rebound_offensive_01, assist_01, blocks_01, time_out_01, x, y)VALUES(28078, 25, 7015, 1649, 24992, NULL, NULL, NULL, NULL, NULL, NULL, '1', '', '', '', '', 14, 49);

INSERT INTO play(id, game_id, seconds_start, seconds_end, quarter, attack_home_01, score_home, score_guest)VALUES(28079, 24992, 2187, 2194, 4, '0', 67, 62);
INSERT INTO player_team_game_play(player_id, team_id, game_id, play_id, seconds_start, seconds_end) VALUES(6320, 1655, 24992, 28079, 2187, 2194);
INSERT INTO player_team_game_play(player_id, team_id, game_id, play_id, seconds_start, seconds_end) VALUES(7447, 1655, 24992, 28079, 2187, 2194);
INSERT INTO player_team_game_play(player_id, team_id, game_id, play_id, seconds_start, seconds_end) VALUES(7448, 1655, 24992, 28079, 2187, 2194);
INSERT INTO player_team_game_play(player_id, team_id, game_id, play_id, seconds_start, seconds_end) VALUES(7049, 1655, 24992, 28079, 2187, 2194);
INSERT INTO player_team_game_play(player_id, team_id, game_id, play_id, seconds_start, seconds_end) VALUES(378, 1655, 24992, 28079, 2187, 2194);
INSERT INTO player_team_game_play(player_id, team_id, game_id, play_id, seconds_start, seconds_end) VALUES(2103, 1649, 24992, 28079, 2187, 2194);
INSERT INTO player_team_game_play(player_id, team_id, game_id, play_id, seconds_start, seconds_end) VALUES(7015, 1649, 24992, 28079, 2187, 2194);
INSERT INTO player_team_game_play(player_id, team_id, game_id, play_id, seconds_start, seconds_end) VALUES(3176, 1649, 24992, 28079, 2187, 2194);
INSERT INTO player_team_game_play(player_id, team_id, game_id, play_id, seconds_start, seconds_end) VALUES(6138, 1649, 24992, 28079, 2187, 2194);
INSERT INTO player_team_game_play(player_id, team_id, game_id, play_id, seconds_start, seconds_end) VALUES(7406, 1649, 24992, 28079, 2187, 2194);
UPDATE player_team_game_play SET seconds_end = 2194 WHERE player_id = 6138 AND game_id = 24992 AND play_id = 28079;
INSERT INTO player_team_game_play(player_id, team_id, game_id, play_id, seconds_start, seconds_end) VALUES(5150, 1649, 24992, 28079, 2194, 2194);
INSERT INTO lba.sub_play (play_id, seconds_da_start, player_made_id, team_made_id, game_made_id, player_suffered_id, team_suffered_id, game_suffered_id, shot_id, turnover_id, foul_id, rebound_defensive_01, rebound_offensive_01, assist_01, blocks_01, time_out_01, x, y)VALUES(28079, 7, 378, 1655, 24992, 7015, 1649, 24992, NULL, NULL, 4, '', '', '', '', '', 93, 45);
INSERT INTO lba.sub_play (play_id, seconds_da_start, player_made_id, team_made_id, game_made_id, player_suffered_id, team_suffered_id, game_suffered_id, shot_id, turnover_id, foul_id, rebound_defensive_01, rebound_offensive_01, assist_01, blocks_01, time_out_01, x, y)VALUES(28079, 7, 7015, 1649, 24992, NULL, NULL, NULL, 5, NULL, NULL, '', '', '', '', '', NULL, NULL);
INSERT INTO lba.sub_play (play_id, seconds_da_start, player_made_id, team_made_id, game_made_id, player_suffered_id, team_suffered_id, game_suffered_id, shot_id, turnover_id, foul_id, rebound_defensive_01, rebound_offensive_01, assist_01, blocks_01, time_out_01, x, y)VALUES(28079, 7, 7015, 1649, 24992, NULL, NULL, NULL, 5, NULL, NULL, '', '', '', '', '', NULL, NULL);

INSERT INTO play(id, game_id, seconds_start, seconds_end, quarter, attack_home_01, score_home, score_guest)VALUES(28080, 24992, 2194, 2229, 4, '1', 67, 62);
INSERT INTO player_team_game_play(player_id, team_id, game_id, play_id, seconds_start, seconds_end) VALUES(6320, 1655, 24992, 28080, 2194, 2229);
INSERT INTO player_team_game_play(player_id, team_id, game_id, play_id, seconds_start, seconds_end) VALUES(7447, 1655, 24992, 28080, 2194, 2229);
INSERT INTO player_team_game_play(player_id, team_id, game_id, play_id, seconds_start, seconds_end) VALUES(7448, 1655, 24992, 28080, 2194, 2229);
INSERT INTO player_team_game_play(player_id, team_id, game_id, play_id, seconds_start, seconds_end) VALUES(7049, 1655, 24992, 28080, 2194, 2229);
INSERT INTO player_team_game_play(player_id, team_id, game_id, play_id, seconds_start, seconds_end) VALUES(378, 1655, 24992, 28080, 2194, 2229);
INSERT INTO player_team_game_play(player_id, team_id, game_id, play_id, seconds_start, seconds_end) VALUES(2103, 1649, 24992, 28080, 2194, 2229);
INSERT INTO player_team_game_play(player_id, team_id, game_id, play_id, seconds_start, seconds_end) VALUES(7015, 1649, 24992, 28080, 2194, 2229);
INSERT INTO player_team_game_play(player_id, team_id, game_id, play_id, seconds_start, seconds_end) VALUES(3176, 1649, 24992, 28080, 2194, 2229);
INSERT INTO player_team_game_play(player_id, team_id, game_id, play_id, seconds_start, seconds_end) VALUES(6138, 1649, 24992, 28080, 2194, 2229);
INSERT INTO player_team_game_play(player_id, team_id, game_id, play_id, seconds_start, seconds_end) VALUES(7406, 1649, 24992, 28080, 2194, 2229);
UPDATE player_team_game_play SET seconds_end = 2194 WHERE player_id = 6138 AND game_id = 24992 AND play_id = 28080;
INSERT INTO player_team_game_play(player_id, team_id, game_id, play_id, seconds_start, seconds_end) VALUES(5150, 1649, 24992, 28080, 2194, 2229);
INSERT INTO lba.sub_play (play_id, seconds_da_start, player_made_id, team_made_id, game_made_id, player_suffered_id, team_suffered_id, game_suffered_id, shot_id, turnover_id, foul_id, rebound_defensive_01, rebound_offensive_01, assist_01, blocks_01, time_out_01, x, y)VALUES(28080, 19, 7015, 1649, 24992, 7448, 1655, 24992, NULL, NULL, 1, '', '', '', '', '', 26, 35);

INSERT INTO play(id, game_id, seconds_start, seconds_end, quarter, attack_home_01, score_home, score_guest)VALUES(28081, 24992, 2229, 2245, 4, '0', 67, 64);
INSERT INTO player_team_game_play(player_id, team_id, game_id, play_id, seconds_start, seconds_end) VALUES(6320, 1655, 24992, 28081, 2229, 2245);
INSERT INTO player_team_game_play(player_id, team_id, game_id, play_id, seconds_start, seconds_end) VALUES(7447, 1655, 24992, 28081, 2229, 2245);
INSERT INTO player_team_game_play(player_id, team_id, game_id, play_id, seconds_start, seconds_end) VALUES(7448, 1655, 24992, 28081, 2229, 2245);
INSERT INTO player_team_game_play(player_id, team_id, game_id, play_id, seconds_start, seconds_end) VALUES(7049, 1655, 24992, 28081, 2229, 2245);
INSERT INTO player_team_game_play(player_id, team_id, game_id, play_id, seconds_start, seconds_end) VALUES(378, 1655, 24992, 28081, 2229, 2245);
INSERT INTO player_team_game_play(player_id, team_id, game_id, play_id, seconds_start, seconds_end) VALUES(2103, 1649, 24992, 28081, 2229, 2245);
INSERT INTO player_team_game_play(player_id, team_id, game_id, play_id, seconds_start, seconds_end) VALUES(7015, 1649, 24992, 28081, 2229, 2245);
INSERT INTO player_team_game_play(player_id, team_id, game_id, play_id, seconds_start, seconds_end) VALUES(3176, 1649, 24992, 28081, 2229, 2245);
INSERT INTO player_team_game_play(player_id, team_id, game_id, play_id, seconds_start, seconds_end) VALUES(5150, 1649, 24992, 28081, 2229, 2245);
INSERT INTO player_team_game_play(player_id, team_id, game_id, play_id, seconds_start, seconds_end) VALUES(7406, 1649, 24992, 28081, 2229, 2245);
INSERT INTO lba.sub_play (play_id, seconds_da_start, player_made_id, team_made_id, game_made_id, player_suffered_id, team_suffered_id, game_suffered_id, shot_id, turnover_id, foul_id, rebound_defensive_01, rebound_offensive_01, assist_01, blocks_01, time_out_01, x, y)VALUES(28081, 13, 7406, 1649, 24992, NULL, NULL, NULL, 4, NULL, NULL, '', '', '', '', '', 70, 68);
INSERT INTO lba.sub_play (play_id, seconds_da_start, player_made_id, team_made_id, game_made_id, player_suffered_id, team_suffered_id, game_suffered_id, shot_id, turnover_id, foul_id, rebound_defensive_01, rebound_offensive_01, assist_01, blocks_01, time_out_01, x, y)VALUES(28081, 13, 3176, 1649, 24992, NULL, NULL, NULL, NULL, NULL, NULL, '', '1', '', '', '', 70, 68);
INSERT INTO lba.sub_play (play_id, seconds_da_start, player_made_id, team_made_id, game_made_id, player_suffered_id, team_suffered_id, game_suffered_id, shot_id, turnover_id, foul_id, rebound_defensive_01, rebound_offensive_01, assist_01, blocks_01, time_out_01, x, y)VALUES(28081, 16, 6320, 1655, 24992, 3176, 1649, 24992, NULL, NULL, 1, '', '', '', '', '', 86, 51);
INSERT INTO lba.sub_play (play_id, seconds_da_start, player_made_id, team_made_id, game_made_id, player_suffered_id, team_suffered_id, game_suffered_id, shot_id, turnover_id, foul_id, rebound_defensive_01, rebound_offensive_01, assist_01, blocks_01, time_out_01, x, y)VALUES(28081, 16, 3176, 1649, 24992, NULL, NULL, NULL, 5, NULL, NULL, '', '', '', '', '', NULL, NULL);
INSERT INTO lba.sub_play (play_id, seconds_da_start, player_made_id, team_made_id, game_made_id, player_suffered_id, team_suffered_id, game_suffered_id, shot_id, turnover_id, foul_id, rebound_defensive_01, rebound_offensive_01, assist_01, blocks_01, time_out_01, x, y)VALUES(28081, 16, 3176, 1649, 24992, NULL, NULL, NULL, 5, NULL, NULL, '', '', '', '', '', NULL, NULL);

INSERT INTO play(id, game_id, seconds_start, seconds_end, quarter, attack_home_01, score_home, score_guest)VALUES(28082, 24992, 2245, 2271, 4, '1', 67, 64);
INSERT INTO player_team_game_play(player_id, team_id, game_id, play_id, seconds_start, seconds_end) VALUES(6320, 1655, 24992, 28082, 2245, 2271);
INSERT INTO player_team_game_play(player_id, team_id, game_id, play_id, seconds_start, seconds_end) VALUES(7447, 1655, 24992, 28082, 2245, 2271);
INSERT INTO player_team_game_play(player_id, team_id, game_id, play_id, seconds_start, seconds_end) VALUES(7448, 1655, 24992, 28082, 2245, 2271);
INSERT INTO player_team_game_play(player_id, team_id, game_id, play_id, seconds_start, seconds_end) VALUES(7049, 1655, 24992, 28082, 2245, 2271);
INSERT INTO player_team_game_play(player_id, team_id, game_id, play_id, seconds_start, seconds_end) VALUES(378, 1655, 24992, 28082, 2245, 2271);
INSERT INTO player_team_game_play(player_id, team_id, game_id, play_id, seconds_start, seconds_end) VALUES(2103, 1649, 24992, 28082, 2245, 2271);
INSERT INTO player_team_game_play(player_id, team_id, game_id, play_id, seconds_start, seconds_end) VALUES(7015, 1649, 24992, 28082, 2245, 2271);
INSERT INTO player_team_game_play(player_id, team_id, game_id, play_id, seconds_start, seconds_end) VALUES(3176, 1649, 24992, 28082, 2245, 2271);
INSERT INTO player_team_game_play(player_id, team_id, game_id, play_id, seconds_start, seconds_end) VALUES(5150, 1649, 24992, 28082, 2245, 2271);
INSERT INTO player_team_game_play(player_id, team_id, game_id, play_id, seconds_start, seconds_end) VALUES(7406, 1649, 24992, 28082, 2245, 2271);
INSERT INTO lba.sub_play (play_id, seconds_da_start, player_made_id, team_made_id, game_made_id, player_suffered_id, team_suffered_id, game_suffered_id, shot_id, turnover_id, foul_id, rebound_defensive_01, rebound_offensive_01, assist_01, blocks_01, time_out_01, x, y)VALUES(28082, 26, 7447, 1655, 24992, NULL, NULL, NULL, 2, NULL, NULL, '', '', '', '', '', 5, 30);
INSERT INTO lba.sub_play (play_id, seconds_da_start, player_made_id, team_made_id, game_made_id, player_suffered_id, team_suffered_id, game_suffered_id, shot_id, turnover_id, foul_id, rebound_defensive_01, rebound_offensive_01, assist_01, blocks_01, time_out_01, x, y)VALUES(28082, 26, 7015, 1649, 24992, NULL, NULL, NULL, NULL, NULL, NULL, '1', '', '', '', '', 5, 30);

INSERT INTO play(id, game_id, seconds_start, seconds_end, quarter, attack_home_01, score_home, score_guest)VALUES(28083, 24992, 2271, 2288, 4, '0', 67, 67);
INSERT INTO player_team_game_play(player_id, team_id, game_id, play_id, seconds_start, seconds_end) VALUES(6320, 1655, 24992, 28083, 2271, 2288);
INSERT INTO player_team_game_play(player_id, team_id, game_id, play_id, seconds_start, seconds_end) VALUES(7447, 1655, 24992, 28083, 2271, 2288);
INSERT INTO player_team_game_play(player_id, team_id, game_id, play_id, seconds_start, seconds_end) VALUES(7448, 1655, 24992, 28083, 2271, 2288);
INSERT INTO player_team_game_play(player_id, team_id, game_id, play_id, seconds_start, seconds_end) VALUES(7049, 1655, 24992, 28083, 2271, 2288);
INSERT INTO player_team_game_play(player_id, team_id, game_id, play_id, seconds_start, seconds_end) VALUES(378, 1655, 24992, 28083, 2271, 2288);
INSERT INTO player_team_game_play(player_id, team_id, game_id, play_id, seconds_start, seconds_end) VALUES(2103, 1649, 24992, 28083, 2271, 2288);
INSERT INTO player_team_game_play(player_id, team_id, game_id, play_id, seconds_start, seconds_end) VALUES(7015, 1649, 24992, 28083, 2271, 2288);
INSERT INTO player_team_game_play(player_id, team_id, game_id, play_id, seconds_start, seconds_end) VALUES(3176, 1649, 24992, 28083, 2271, 2288);
INSERT INTO player_team_game_play(player_id, team_id, game_id, play_id, seconds_start, seconds_end) VALUES(5150, 1649, 24992, 28083, 2271, 2288);
INSERT INTO player_team_game_play(player_id, team_id, game_id, play_id, seconds_start, seconds_end) VALUES(7406, 1649, 24992, 28083, 2271, 2288);
UPDATE player_team_game_play SET seconds_end = 2288 WHERE player_id = 6320 AND game_id = 24992 AND play_id = 28083;
INSERT INTO player_team_game_play(player_id, team_id, game_id, play_id, seconds_start, seconds_end) VALUES(7450, 1655, 24992, 28083, 2288, 2288);
INSERT INTO lba.sub_play (play_id, seconds_da_start, player_made_id, team_made_id, game_made_id, player_suffered_id, team_suffered_id, game_suffered_id, shot_id, turnover_id, foul_id, rebound_defensive_01, rebound_offensive_01, assist_01, blocks_01, time_out_01, x, y)VALUES(28083, 17, 7015, 1649, 24992, NULL, NULL, NULL, 3, NULL, NULL, '', '', '', '', '', 71, 77);
INSERT INTO lba.sub_play (play_id, seconds_da_start, player_made_id, team_made_id, game_made_id, player_suffered_id, team_suffered_id, game_suffered_id, shot_id, turnover_id, foul_id, rebound_defensive_01, rebound_offensive_01, assist_01, blocks_01, time_out_01, x, y)VALUES(28083, 17, 7406, 1649, 24992, NULL, NULL, NULL, NULL, NULL, NULL, '', '', '1', '', '', 71, 77);

INSERT INTO play(id, game_id, seconds_start, seconds_end, quarter, attack_home_01, score_home, score_guest)VALUES(28084, 24992, 2288, 2309, 4, '1', 67, 67);
INSERT INTO player_team_game_play(player_id, team_id, game_id, play_id, seconds_start, seconds_end) VALUES(6320, 1655, 24992, 28084, 2288, 2309);
INSERT INTO player_team_game_play(player_id, team_id, game_id, play_id, seconds_start, seconds_end) VALUES(7447, 1655, 24992, 28084, 2288, 2309);
INSERT INTO player_team_game_play(player_id, team_id, game_id, play_id, seconds_start, seconds_end) VALUES(7448, 1655, 24992, 28084, 2288, 2309);
INSERT INTO player_team_game_play(player_id, team_id, game_id, play_id, seconds_start, seconds_end) VALUES(7049, 1655, 24992, 28084, 2288, 2309);
INSERT INTO player_team_game_play(player_id, team_id, game_id, play_id, seconds_start, seconds_end) VALUES(378, 1655, 24992, 28084, 2288, 2309);
INSERT INTO player_team_game_play(player_id, team_id, game_id, play_id, seconds_start, seconds_end) VALUES(2103, 1649, 24992, 28084, 2288, 2309);
INSERT INTO player_team_game_play(player_id, team_id, game_id, play_id, seconds_start, seconds_end) VALUES(7015, 1649, 24992, 28084, 2288, 2309);
INSERT INTO player_team_game_play(player_id, team_id, game_id, play_id, seconds_start, seconds_end) VALUES(3176, 1649, 24992, 28084, 2288, 2309);
INSERT INTO player_team_game_play(player_id, team_id, game_id, play_id, seconds_start, seconds_end) VALUES(5150, 1649, 24992, 28084, 2288, 2309);
INSERT INTO player_team_game_play(player_id, team_id, game_id, play_id, seconds_start, seconds_end) VALUES(7406, 1649, 24992, 28084, 2288, 2309);
UPDATE player_team_game_play SET seconds_end = 2288 WHERE player_id = 6320 AND game_id = 24992 AND play_id = 28084;
INSERT INTO player_team_game_play(player_id, team_id, game_id, play_id, seconds_start, seconds_end) VALUES(7450, 1655, 24992, 28084, 2288, 2309);
INSERT INTO lba.sub_play (play_id, seconds_da_start, player_made_id, team_made_id, game_made_id, player_suffered_id, team_suffered_id, game_suffered_id, shot_id, turnover_id, foul_id, rebound_defensive_01, rebound_offensive_01, assist_01, blocks_01, time_out_01, x, y)VALUES(28084, 21, 7049, 1655, 24992, NULL, NULL, NULL, 4, NULL, NULL, '', '', '', '', '', 29, 25);
INSERT INTO lba.sub_play (play_id, seconds_da_start, player_made_id, team_made_id, game_made_id, player_suffered_id, team_suffered_id, game_suffered_id, shot_id, turnover_id, foul_id, rebound_defensive_01, rebound_offensive_01, assist_01, blocks_01, time_out_01, x, y)VALUES(28084, 21, 7406, 1649, 24992, NULL, NULL, NULL, NULL, NULL, NULL, '1', '', '', '', '', 29, 25);

INSERT INTO play(id, game_id, seconds_start, seconds_end, quarter, attack_home_01, score_home, score_guest)VALUES(28085, 24992, 2309, 2331, 4, '0', 67, 67);
INSERT INTO player_team_game_play(player_id, team_id, game_id, play_id, seconds_start, seconds_end) VALUES(7447, 1655, 24992, 28085, 2309, 2331);
INSERT INTO player_team_game_play(player_id, team_id, game_id, play_id, seconds_start, seconds_end) VALUES(7448, 1655, 24992, 28085, 2309, 2331);
INSERT INTO player_team_game_play(player_id, team_id, game_id, play_id, seconds_start, seconds_end) VALUES(7049, 1655, 24992, 28085, 2309, 2331);
INSERT INTO player_team_game_play(player_id, team_id, game_id, play_id, seconds_start, seconds_end) VALUES(7450, 1655, 24992, 28085, 2309, 2331);
INSERT INTO player_team_game_play(player_id, team_id, game_id, play_id, seconds_start, seconds_end) VALUES(378, 1655, 24992, 28085, 2309, 2331);
INSERT INTO player_team_game_play(player_id, team_id, game_id, play_id, seconds_start, seconds_end) VALUES(2103, 1649, 24992, 28085, 2309, 2331);
INSERT INTO player_team_game_play(player_id, team_id, game_id, play_id, seconds_start, seconds_end) VALUES(7015, 1649, 24992, 28085, 2309, 2331);
INSERT INTO player_team_game_play(player_id, team_id, game_id, play_id, seconds_start, seconds_end) VALUES(3176, 1649, 24992, 28085, 2309, 2331);
INSERT INTO player_team_game_play(player_id, team_id, game_id, play_id, seconds_start, seconds_end) VALUES(5150, 1649, 24992, 28085, 2309, 2331);
INSERT INTO player_team_game_play(player_id, team_id, game_id, play_id, seconds_start, seconds_end) VALUES(7406, 1649, 24992, 28085, 2309, 2331);
INSERT INTO lba.sub_play (play_id, seconds_da_start, player_made_id, team_made_id, game_made_id, player_suffered_id, team_suffered_id, game_suffered_id, shot_id, turnover_id, foul_id, rebound_defensive_01, rebound_offensive_01, assist_01, blocks_01, time_out_01, x, y)VALUES(28085, 22, 5150, 1649, 24992, NULL, NULL, NULL, 4, NULL, NULL, '', '', '', '', '', 82, 8);
INSERT INTO lba.sub_play (play_id, seconds_da_start, player_made_id, team_made_id, game_made_id, player_suffered_id, team_suffered_id, game_suffered_id, shot_id, turnover_id, foul_id, rebound_defensive_01, rebound_offensive_01, assist_01, blocks_01, time_out_01, x, y)VALUES(28085, 22, 378, 1655, 24992, NULL, NULL, NULL, NULL, NULL, NULL, '1', '', '', '', '', 82, 8);

INSERT INTO play(id, game_id, seconds_start, seconds_end, quarter, attack_home_01, score_home, score_guest)VALUES(28086, 24992, 2331, 2354, 4, '1', 67, 67);
INSERT INTO player_team_game_play(player_id, team_id, game_id, play_id, seconds_start, seconds_end) VALUES(7447, 1655, 24992, 28086, 2331, 2354);
INSERT INTO player_team_game_play(player_id, team_id, game_id, play_id, seconds_start, seconds_end) VALUES(7448, 1655, 24992, 28086, 2331, 2354);
INSERT INTO player_team_game_play(player_id, team_id, game_id, play_id, seconds_start, seconds_end) VALUES(7049, 1655, 24992, 28086, 2331, 2354);
INSERT INTO player_team_game_play(player_id, team_id, game_id, play_id, seconds_start, seconds_end) VALUES(7450, 1655, 24992, 28086, 2331, 2354);
INSERT INTO player_team_game_play(player_id, team_id, game_id, play_id, seconds_start, seconds_end) VALUES(378, 1655, 24992, 28086, 2331, 2354);
INSERT INTO player_team_game_play(player_id, team_id, game_id, play_id, seconds_start, seconds_end) VALUES(2103, 1649, 24992, 28086, 2331, 2354);
INSERT INTO player_team_game_play(player_id, team_id, game_id, play_id, seconds_start, seconds_end) VALUES(7015, 1649, 24992, 28086, 2331, 2354);
INSERT INTO player_team_game_play(player_id, team_id, game_id, play_id, seconds_start, seconds_end) VALUES(3176, 1649, 24992, 28086, 2331, 2354);
INSERT INTO player_team_game_play(player_id, team_id, game_id, play_id, seconds_start, seconds_end) VALUES(5150, 1649, 24992, 28086, 2331, 2354);
INSERT INTO player_team_game_play(player_id, team_id, game_id, play_id, seconds_start, seconds_end) VALUES(7406, 1649, 24992, 28086, 2331, 2354);
INSERT INTO lba.sub_play (play_id, seconds_da_start, player_made_id, team_made_id, game_made_id, player_suffered_id, team_suffered_id, game_suffered_id, shot_id, turnover_id, foul_id, rebound_defensive_01, rebound_offensive_01, assist_01, blocks_01, time_out_01, x, y)VALUES(28086, 23, 7049, 1655, 24992, NULL, NULL, NULL, 4, NULL, NULL, '', '', '', '', '', 25, 85);
INSERT INTO lba.sub_play (play_id, seconds_da_start, player_made_id, team_made_id, game_made_id, player_suffered_id, team_suffered_id, game_suffered_id, shot_id, turnover_id, foul_id, rebound_defensive_01, rebound_offensive_01, assist_01, blocks_01, time_out_01, x, y)VALUES(28086, 23, 5150, 1649, 24992, NULL, NULL, NULL, NULL, NULL, NULL, '1', '', '', '', '', 25, 85);

INSERT INTO play(id, game_id, seconds_start, seconds_end, quarter, attack_home_01, score_home, score_guest)VALUES(28087, 24992, 2354, 2373, 4, '0', 67, 67);
INSERT INTO player_team_game_play(player_id, team_id, game_id, play_id, seconds_start, seconds_end) VALUES(7447, 1655, 24992, 28087, 2354, 2373);
INSERT INTO player_team_game_play(player_id, team_id, game_id, play_id, seconds_start, seconds_end) VALUES(7448, 1655, 24992, 28087, 2354, 2373);
INSERT INTO player_team_game_play(player_id, team_id, game_id, play_id, seconds_start, seconds_end) VALUES(7049, 1655, 24992, 28087, 2354, 2373);
INSERT INTO player_team_game_play(player_id, team_id, game_id, play_id, seconds_start, seconds_end) VALUES(7450, 1655, 24992, 28087, 2354, 2373);
INSERT INTO player_team_game_play(player_id, team_id, game_id, play_id, seconds_start, seconds_end) VALUES(378, 1655, 24992, 28087, 2354, 2373);
INSERT INTO player_team_game_play(player_id, team_id, game_id, play_id, seconds_start, seconds_end) VALUES(2103, 1649, 24992, 28087, 2354, 2373);
INSERT INTO player_team_game_play(player_id, team_id, game_id, play_id, seconds_start, seconds_end) VALUES(7015, 1649, 24992, 28087, 2354, 2373);
INSERT INTO player_team_game_play(player_id, team_id, game_id, play_id, seconds_start, seconds_end) VALUES(3176, 1649, 24992, 28087, 2354, 2373);
INSERT INTO player_team_game_play(player_id, team_id, game_id, play_id, seconds_start, seconds_end) VALUES(5150, 1649, 24992, 28087, 2354, 2373);
INSERT INTO player_team_game_play(player_id, team_id, game_id, play_id, seconds_start, seconds_end) VALUES(7406, 1649, 24992, 28087, 2354, 2373);
INSERT INTO lba.sub_play (play_id, seconds_da_start, player_made_id, team_made_id, game_made_id, player_suffered_id, team_suffered_id, game_suffered_id, shot_id, turnover_id, foul_id, rebound_defensive_01, rebound_offensive_01, assist_01, blocks_01, time_out_01, x, y)VALUES(28087, 19, 7015, 1649, 24992, NULL, NULL, NULL, 2, NULL, NULL, '', '', '', '', '', 94, 48);
INSERT INTO lba.sub_play (play_id, seconds_da_start, player_made_id, team_made_id, game_made_id, player_suffered_id, team_suffered_id, game_suffered_id, shot_id, turnover_id, foul_id, rebound_defensive_01, rebound_offensive_01, assist_01, blocks_01, time_out_01, x, y)VALUES(28087, 19, 7049, 1655, 24992, NULL, NULL, NULL, NULL, NULL, NULL, '1', '', '', '', '', 94, 48);

INSERT INTO play(id, game_id, seconds_start, seconds_end, quarter, attack_home_01, score_home, score_guest)VALUES(28088, 24992, 2373, 2396, 4, '1', 67, 67);
INSERT INTO player_team_game_play(player_id, team_id, game_id, play_id, seconds_start, seconds_end) VALUES(7447, 1655, 24992, 28088, 2373, 2396);
INSERT INTO player_team_game_play(player_id, team_id, game_id, play_id, seconds_start, seconds_end) VALUES(7448, 1655, 24992, 28088, 2373, 2396);
INSERT INTO player_team_game_play(player_id, team_id, game_id, play_id, seconds_start, seconds_end) VALUES(7049, 1655, 24992, 28088, 2373, 2396);
INSERT INTO player_team_game_play(player_id, team_id, game_id, play_id, seconds_start, seconds_end) VALUES(7450, 1655, 24992, 28088, 2373, 2396);
INSERT INTO player_team_game_play(player_id, team_id, game_id, play_id, seconds_start, seconds_end) VALUES(378, 1655, 24992, 28088, 2373, 2396);
INSERT INTO player_team_game_play(player_id, team_id, game_id, play_id, seconds_start, seconds_end) VALUES(2103, 1649, 24992, 28088, 2373, 2396);
INSERT INTO player_team_game_play(player_id, team_id, game_id, play_id, seconds_start, seconds_end) VALUES(7015, 1649, 24992, 28088, 2373, 2396);
INSERT INTO player_team_game_play(player_id, team_id, game_id, play_id, seconds_start, seconds_end) VALUES(3176, 1649, 24992, 28088, 2373, 2396);
INSERT INTO player_team_game_play(player_id, team_id, game_id, play_id, seconds_start, seconds_end) VALUES(5150, 1649, 24992, 28088, 2373, 2396);
INSERT INTO player_team_game_play(player_id, team_id, game_id, play_id, seconds_start, seconds_end) VALUES(7406, 1649, 24992, 28088, 2373, 2396);
INSERT INTO lba.sub_play (play_id, seconds_da_start, player_made_id, team_made_id, game_made_id, player_suffered_id, team_suffered_id, game_suffered_id, shot_id, turnover_id, foul_id, rebound_defensive_01, rebound_offensive_01, assist_01, blocks_01, time_out_01, x, y)VALUES(28088, 3, 7406, 1649, 24992, 7049, 1655, 24992, NULL, NULL, 1, '', '', '', '', '', 41, 53);
INSERT INTO lba.sub_play (play_id, seconds_da_start, player_made_id, team_made_id, game_made_id, player_suffered_id, team_suffered_id, game_suffered_id, shot_id, turnover_id, foul_id, rebound_defensive_01, rebound_offensive_01, assist_01, blocks_01, time_out_01, x, y)VALUES(28088, 23, 7448, 1655, 24992, NULL, NULL, NULL, 4, NULL, NULL, '', '', '', '', '', 33, 50);
INSERT INTO lba.sub_play (play_id, seconds_da_start, player_made_id, team_made_id, game_made_id, player_suffered_id, team_suffered_id, game_suffered_id, shot_id, turnover_id, foul_id, rebound_defensive_01, rebound_offensive_01, assist_01, blocks_01, time_out_01, x, y)VALUES(28088, 23, 7015, 1649, 24992, NULL, NULL, NULL, NULL, NULL, NULL, '1', '', '', '', '', 33, 50);

INSERT INTO play(id, game_id, seconds_start, seconds_end, quarter, attack_home_01, score_home, score_guest)VALUES(28089, 24992, 2396, 2397, 4, '0', 67, 67);
INSERT INTO player_team_game_play(player_id, team_id, game_id, play_id, seconds_start, seconds_end) VALUES(7447, 1655, 24992, 28089, 2396, 2397);
INSERT INTO player_team_game_play(player_id, team_id, game_id, play_id, seconds_start, seconds_end) VALUES(7448, 1655, 24992, 28089, 2396, 2397);
INSERT INTO player_team_game_play(player_id, team_id, game_id, play_id, seconds_start, seconds_end) VALUES(7049, 1655, 24992, 28089, 2396, 2397);
INSERT INTO player_team_game_play(player_id, team_id, game_id, play_id, seconds_start, seconds_end) VALUES(7450, 1655, 24992, 28089, 2396, 2397);
INSERT INTO player_team_game_play(player_id, team_id, game_id, play_id, seconds_start, seconds_end) VALUES(378, 1655, 24992, 28089, 2396, 2397);
INSERT INTO player_team_game_play(player_id, team_id, game_id, play_id, seconds_start, seconds_end) VALUES(2103, 1649, 24992, 28089, 2396, 2397);
INSERT INTO player_team_game_play(player_id, team_id, game_id, play_id, seconds_start, seconds_end) VALUES(7015, 1649, 24992, 28089, 2396, 2397);
INSERT INTO player_team_game_play(player_id, team_id, game_id, play_id, seconds_start, seconds_end) VALUES(3176, 1649, 24992, 28089, 2396, 2397);
INSERT INTO player_team_game_play(player_id, team_id, game_id, play_id, seconds_start, seconds_end) VALUES(5150, 1649, 24992, 28089, 2396, 2397);
INSERT INTO player_team_game_play(player_id, team_id, game_id, play_id, seconds_start, seconds_end) VALUES(7406, 1649, 24992, 28089, 2396, 2397);
INSERT INTO lba.sub_play (play_id, seconds_da_start, player_made_id, team_made_id, game_made_id, player_suffered_id, team_suffered_id, game_suffered_id, shot_id, turnover_id, foul_id, rebound_defensive_01, rebound_offensive_01, assist_01, blocks_01, time_out_01, x, y)VALUES(28089, 1, 7015, 1649, 24992, 7447, 1655, 24992, NULL, 2, NULL, '', '', '', '', '', 15, 51);

INSERT INTO play(id, game_id, seconds_start, seconds_end, quarter, attack_home_01, score_home, score_guest)VALUES(28090, 24992, 2397, 2400, 4, '1', 70, 67);
INSERT INTO player_team_game_play(player_id, team_id, game_id, play_id, seconds_start, seconds_end) VALUES(7447, 1655, 24992, 28090, 2397, 2400);
INSERT INTO player_team_game_play(player_id, team_id, game_id, play_id, seconds_start, seconds_end) VALUES(7448, 1655, 24992, 28090, 2397, 2400);
INSERT INTO player_team_game_play(player_id, team_id, game_id, play_id, seconds_start, seconds_end) VALUES(7049, 1655, 24992, 28090, 2397, 2400);
INSERT INTO player_team_game_play(player_id, team_id, game_id, play_id, seconds_start, seconds_end) VALUES(7450, 1655, 24992, 28090, 2397, 2400);
INSERT INTO player_team_game_play(player_id, team_id, game_id, play_id, seconds_start, seconds_end) VALUES(378, 1655, 24992, 28090, 2397, 2400);
INSERT INTO player_team_game_play(player_id, team_id, game_id, play_id, seconds_start, seconds_end) VALUES(2103, 1649, 24992, 28090, 2397, 2400);
INSERT INTO player_team_game_play(player_id, team_id, game_id, play_id, seconds_start, seconds_end) VALUES(7015, 1649, 24992, 28090, 2397, 2400);
INSERT INTO player_team_game_play(player_id, team_id, game_id, play_id, seconds_start, seconds_end) VALUES(3176, 1649, 24992, 28090, 2397, 2400);
INSERT INTO player_team_game_play(player_id, team_id, game_id, play_id, seconds_start, seconds_end) VALUES(5150, 1649, 24992, 28090, 2397, 2400);
INSERT INTO player_team_game_play(player_id, team_id, game_id, play_id, seconds_start, seconds_end) VALUES(7406, 1649, 24992, 28090, 2397, 2400);
INSERT INTO lba.sub_play (play_id, seconds_da_start, player_made_id, team_made_id, game_made_id, player_suffered_id, team_suffered_id, game_suffered_id, shot_id, turnover_id, foul_id, rebound_defensive_01, rebound_offensive_01, assist_01, blocks_01, time_out_01, x, y)VALUES(28090, 0, 7447, 1655, 24992, NULL, NULL, NULL, 3, NULL, NULL, '', '', '', '', '', 16, 95);

INSERT INTO game (id, league_year_id, type_game_id, team_home_id, team_guest_id, team_home_points, team_guest_points, date_hours_utc, referee_1_id, referee_2_id, referee_3_id) VALUES (24998, 1, 1, 1649, 1655, 107, 79, 1747939500000, 1, 2, 3);
INSERT INTO lba.player_team_game(player_id, team_id, game_id) VALUES(378, 1655, 24998);
INSERT INTO lba.player_team_game(player_id, team_id, game_id) VALUES(1775, 1649, 24998);
INSERT INTO lba.player_team_game(player_id, team_id, game_id) VALUES(2103, 1649, 24998);
INSERT INTO lba.player_team_game(player_id, team_id, game_id) VALUES(2148, 1655, 24998);
INSERT INTO lba.player_team_game(player_id, team_id, game_id) VALUES(3176, 1649, 24998);
INSERT INTO lba.player_team_game(player_id, team_id, game_id) VALUES(4692, 1649, 24998);
INSERT INTO lba.player_team_game(player_id, team_id, game_id) VALUES(5150, 1649, 24998);
INSERT INTO lba.player_team_game(player_id, team_id, game_id) VALUES(6138, 1649, 24998);
INSERT INTO lba.player_team_game(player_id, team_id, game_id) VALUES(6186, 1649, 24998);
INSERT INTO lba.player_team_game(player_id, team_id, game_id) VALUES(6320, 1655, 24998);
INSERT INTO lba.player_team_game(player_id, team_id, game_id) VALUES(6719, 1655, 24998);
INSERT INTO lba.player_team_game(player_id, team_id, game_id) VALUES(7015, 1649, 24998);
INSERT INTO lba.player_team_game(player_id, team_id, game_id) VALUES(7049, 1655, 24998);
INSERT INTO lba.player_team_game(player_id, team_id, game_id) VALUES(7404, 1649, 24998);
INSERT INTO lba.player_team_game(player_id, team_id, game_id) VALUES(7405, 1649, 24998);
INSERT INTO lba.player_team_game(player_id, team_id, game_id) VALUES(7406, 1649, 24998);
INSERT INTO lba.player_team_game(player_id, team_id, game_id) VALUES(7447, 1655, 24998);
INSERT INTO lba.player_team_game(player_id, team_id, game_id) VALUES(7448, 1655, 24998);
INSERT INTO lba.player_team_game(player_id, team_id, game_id) VALUES(7449, 1655, 24998);
INSERT INTO lba.player_team_game(player_id, team_id, game_id) VALUES(7450, 1655, 24998);
INSERT INTO lba.player_team_game(player_id, team_id, game_id) VALUES(7452, 1655, 24998);
INSERT INTO lba.player_team_game(player_id, team_id, game_id) VALUES(7596, 1655, 24998);
INSERT INTO play(id, game_id, seconds_start, seconds_end, quarter, attack_home_01, score_home, score_guest)VALUES(28091, 24998, 0, 21, 1, '0', 0, 3);
INSERT INTO player_team_game_play(player_id, team_id, game_id, play_id, seconds_start, seconds_end) VALUES(7015, 1649, 24998, 28091, 0, 21);
INSERT INTO player_team_game_play(player_id, team_id, game_id, play_id, seconds_start, seconds_end) VALUES(3176, 1649, 24998, 28091, 0, 21);
INSERT INTO player_team_game_play(player_id, team_id, game_id, play_id, seconds_start, seconds_end) VALUES(7406, 1649, 24998, 28091, 0, 21);
INSERT INTO player_team_game_play(player_id, team_id, game_id, play_id, seconds_start, seconds_end) VALUES(6138, 1649, 24998, 28091, 0, 21);
INSERT INTO player_team_game_play(player_id, team_id, game_id, play_id, seconds_start, seconds_end) VALUES(5150, 1649, 24998, 28091, 0, 21);
INSERT INTO player_team_game_play(player_id, team_id, game_id, play_id, seconds_start, seconds_end) VALUES(7049, 1655, 24998, 28091, 0, 21);
INSERT INTO player_team_game_play(player_id, team_id, game_id, play_id, seconds_start, seconds_end) VALUES(7447, 1655, 24998, 28091, 0, 21);
INSERT INTO player_team_game_play(player_id, team_id, game_id, play_id, seconds_start, seconds_end) VALUES(7449, 1655, 24998, 28091, 0, 21);
INSERT INTO player_team_game_play(player_id, team_id, game_id, play_id, seconds_start, seconds_end) VALUES(7450, 1655, 24998, 28091, 0, 21);
INSERT INTO player_team_game_play(player_id, team_id, game_id, play_id, seconds_start, seconds_end) VALUES(6719, 1655, 24998, 28091, 0, 21);
INSERT INTO lba.sub_play (play_id, seconds_da_start, player_made_id, team_made_id, game_made_id, player_suffered_id, team_suffered_id, game_suffered_id, shot_id, turnover_id, foul_id, rebound_defensive_01, rebound_offensive_01, assist_01, blocks_01, time_out_01, x, y)VALUES(28091, 10, 5150, 1649, 24998, 7447, 1655, 24998, NULL, NULL, 1, '', '', '', '', '', 31, 40);
INSERT INTO lba.sub_play (play_id, seconds_da_start, player_made_id, team_made_id, game_made_id, player_suffered_id, team_suffered_id, game_suffered_id, shot_id, turnover_id, foul_id, rebound_defensive_01, rebound_offensive_01, assist_01, blocks_01, time_out_01, x, y)VALUES(28091, 21, 7447, 1655, 24998, NULL, NULL, NULL, 3, NULL, NULL, '', '', '', '', '', 5, 97);
INSERT INTO lba.sub_play (play_id, seconds_da_start, player_made_id, team_made_id, game_made_id, player_suffered_id, team_suffered_id, game_suffered_id, shot_id, turnover_id, foul_id, rebound_defensive_01, rebound_offensive_01, assist_01, blocks_01, time_out_01, x, y)VALUES(28091, 21, 7049, 1655, 24998, NULL, NULL, NULL, NULL, NULL, NULL, '', '', '1', '', '', 5, 97);

INSERT INTO play(id, game_id, seconds_start, seconds_end, quarter, attack_home_01, score_home, score_guest)VALUES(28092, 24998, 21, 36, 1, '1', 2, 3);
INSERT INTO player_team_game_play(player_id, team_id, game_id, play_id, seconds_start, seconds_end) VALUES(7015, 1649, 24998, 28092, 21, 36);
INSERT INTO player_team_game_play(player_id, team_id, game_id, play_id, seconds_start, seconds_end) VALUES(3176, 1649, 24998, 28092, 21, 36);
INSERT INTO player_team_game_play(player_id, team_id, game_id, play_id, seconds_start, seconds_end) VALUES(7406, 1649, 24998, 28092, 21, 36);
INSERT INTO player_team_game_play(player_id, team_id, game_id, play_id, seconds_start, seconds_end) VALUES(6138, 1649, 24998, 28092, 21, 36);
INSERT INTO player_team_game_play(player_id, team_id, game_id, play_id, seconds_start, seconds_end) VALUES(5150, 1649, 24998, 28092, 21, 36);
INSERT INTO player_team_game_play(player_id, team_id, game_id, play_id, seconds_start, seconds_end) VALUES(7049, 1655, 24998, 28092, 21, 36);
INSERT INTO player_team_game_play(player_id, team_id, game_id, play_id, seconds_start, seconds_end) VALUES(7447, 1655, 24998, 28092, 21, 36);
INSERT INTO player_team_game_play(player_id, team_id, game_id, play_id, seconds_start, seconds_end) VALUES(7449, 1655, 24998, 28092, 21, 36);
INSERT INTO player_team_game_play(player_id, team_id, game_id, play_id, seconds_start, seconds_end) VALUES(7450, 1655, 24998, 28092, 21, 36);
INSERT INTO player_team_game_play(player_id, team_id, game_id, play_id, seconds_start, seconds_end) VALUES(6719, 1655, 24998, 28092, 21, 36);
INSERT INTO lba.sub_play (play_id, seconds_da_start, player_made_id, team_made_id, game_made_id, player_suffered_id, team_suffered_id, game_suffered_id, shot_id, turnover_id, foul_id, rebound_defensive_01, rebound_offensive_01, assist_01, blocks_01, time_out_01, x, y)VALUES(28092, 15, 3176, 1649, 24998, NULL, NULL, NULL, 1, NULL, NULL, '', '', '', '', '', 85, 54);
INSERT INTO lba.sub_play (play_id, seconds_da_start, player_made_id, team_made_id, game_made_id, player_suffered_id, team_suffered_id, game_suffered_id, shot_id, turnover_id, foul_id, rebound_defensive_01, rebound_offensive_01, assist_01, blocks_01, time_out_01, x, y)VALUES(28092, 15, 7015, 1649, 24998, NULL, NULL, NULL, NULL, NULL, NULL, '', '', '1', '', '', 85, 54);

INSERT INTO play(id, game_id, seconds_start, seconds_end, quarter, attack_home_01, score_home, score_guest)VALUES(28093, 24998, 36, 59, 1, '0', 2, 3);
INSERT INTO player_team_game_play(player_id, team_id, game_id, play_id, seconds_start, seconds_end) VALUES(7015, 1649, 24998, 28093, 36, 59);
INSERT INTO player_team_game_play(player_id, team_id, game_id, play_id, seconds_start, seconds_end) VALUES(3176, 1649, 24998, 28093, 36, 59);
INSERT INTO player_team_game_play(player_id, team_id, game_id, play_id, seconds_start, seconds_end) VALUES(7406, 1649, 24998, 28093, 36, 59);
INSERT INTO player_team_game_play(player_id, team_id, game_id, play_id, seconds_start, seconds_end) VALUES(6138, 1649, 24998, 28093, 36, 59);
INSERT INTO player_team_game_play(player_id, team_id, game_id, play_id, seconds_start, seconds_end) VALUES(5150, 1649, 24998, 28093, 36, 59);
INSERT INTO player_team_game_play(player_id, team_id, game_id, play_id, seconds_start, seconds_end) VALUES(7049, 1655, 24998, 28093, 36, 59);
INSERT INTO player_team_game_play(player_id, team_id, game_id, play_id, seconds_start, seconds_end) VALUES(7447, 1655, 24998, 28093, 36, 59);
INSERT INTO player_team_game_play(player_id, team_id, game_id, play_id, seconds_start, seconds_end) VALUES(7449, 1655, 24998, 28093, 36, 59);
INSERT INTO player_team_game_play(player_id, team_id, game_id, play_id, seconds_start, seconds_end) VALUES(7450, 1655, 24998, 28093, 36, 59);
INSERT INTO player_team_game_play(player_id, team_id, game_id, play_id, seconds_start, seconds_end) VALUES(6719, 1655, 24998, 28093, 36, 59);
INSERT INTO lba.sub_play (play_id, seconds_da_start, player_made_id, team_made_id, game_made_id, player_suffered_id, team_suffered_id, game_suffered_id, shot_id, turnover_id, foul_id, rebound_defensive_01, rebound_offensive_01, assist_01, blocks_01, time_out_01, x, y)VALUES(28093, 23, 7450, 1655, 24998, NULL, NULL, NULL, 2, NULL, NULL, '', '', '', '', '', 21, 57);
INSERT INTO lba.sub_play (play_id, seconds_da_start, player_made_id, team_made_id, game_made_id, player_suffered_id, team_suffered_id, game_suffered_id, shot_id, turnover_id, foul_id, rebound_defensive_01, rebound_offensive_01, assist_01, blocks_01, time_out_01, x, y)VALUES(28093, 23, 3176, 1649, 24998, NULL, NULL, NULL, NULL, NULL, NULL, '1', '', '', '', '', 21, 57);

INSERT INTO play(id, game_id, seconds_start, seconds_end, quarter, attack_home_01, score_home, score_guest)VALUES(28094, 24998, 59, 70, 1, '1', 2, 3);
INSERT INTO player_team_game_play(player_id, team_id, game_id, play_id, seconds_start, seconds_end) VALUES(7015, 1649, 24998, 28094, 59, 70);
INSERT INTO player_team_game_play(player_id, team_id, game_id, play_id, seconds_start, seconds_end) VALUES(3176, 1649, 24998, 28094, 59, 70);
INSERT INTO player_team_game_play(player_id, team_id, game_id, play_id, seconds_start, seconds_end) VALUES(7406, 1649, 24998, 28094, 59, 70);
INSERT INTO player_team_game_play(player_id, team_id, game_id, play_id, seconds_start, seconds_end) VALUES(6138, 1649, 24998, 28094, 59, 70);
INSERT INTO player_team_game_play(player_id, team_id, game_id, play_id, seconds_start, seconds_end) VALUES(5150, 1649, 24998, 28094, 59, 70);
INSERT INTO player_team_game_play(player_id, team_id, game_id, play_id, seconds_start, seconds_end) VALUES(7049, 1655, 24998, 28094, 59, 70);
INSERT INTO player_team_game_play(player_id, team_id, game_id, play_id, seconds_start, seconds_end) VALUES(7447, 1655, 24998, 28094, 59, 70);
INSERT INTO player_team_game_play(player_id, team_id, game_id, play_id, seconds_start, seconds_end) VALUES(7449, 1655, 24998, 28094, 59, 70);
INSERT INTO player_team_game_play(player_id, team_id, game_id, play_id, seconds_start, seconds_end) VALUES(7450, 1655, 24998, 28094, 59, 70);
INSERT INTO player_team_game_play(player_id, team_id, game_id, play_id, seconds_start, seconds_end) VALUES(6719, 1655, 24998, 28094, 59, 70);
INSERT INTO lba.sub_play (play_id, seconds_da_start, player_made_id, team_made_id, game_made_id, player_suffered_id, team_suffered_id, game_suffered_id, shot_id, turnover_id, foul_id, rebound_defensive_01, rebound_offensive_01, assist_01, blocks_01, time_out_01, x, y)VALUES(28094, 11, 7015, 1649, 24998, NULL, NULL, NULL, 4, NULL, NULL, '', '', '', '', '', 67, 64);
INSERT INTO lba.sub_play (play_id, seconds_da_start, player_made_id, team_made_id, game_made_id, player_suffered_id, team_suffered_id, game_suffered_id, shot_id, turnover_id, foul_id, rebound_defensive_01, rebound_offensive_01, assist_01, blocks_01, time_out_01, x, y)VALUES(28094, 11, 7049, 1655, 24998, NULL, NULL, NULL, NULL, NULL, NULL, '1', '', '', '', '', 67, 64);

INSERT INTO play(id, game_id, seconds_start, seconds_end, quarter, attack_home_01, score_home, score_guest)VALUES(28095, 24998, 70, 83, 1, '0', 2, 3);
INSERT INTO player_team_game_play(player_id, team_id, game_id, play_id, seconds_start, seconds_end) VALUES(7015, 1649, 24998, 28095, 70, 83);
INSERT INTO player_team_game_play(player_id, team_id, game_id, play_id, seconds_start, seconds_end) VALUES(3176, 1649, 24998, 28095, 70, 83);
INSERT INTO player_team_game_play(player_id, team_id, game_id, play_id, seconds_start, seconds_end) VALUES(7406, 1649, 24998, 28095, 70, 83);
INSERT INTO player_team_game_play(player_id, team_id, game_id, play_id, seconds_start, seconds_end) VALUES(6138, 1649, 24998, 28095, 70, 83);
INSERT INTO player_team_game_play(player_id, team_id, game_id, play_id, seconds_start, seconds_end) VALUES(5150, 1649, 24998, 28095, 70, 83);
INSERT INTO player_team_game_play(player_id, team_id, game_id, play_id, seconds_start, seconds_end) VALUES(7049, 1655, 24998, 28095, 70, 83);
INSERT INTO player_team_game_play(player_id, team_id, game_id, play_id, seconds_start, seconds_end) VALUES(7447, 1655, 24998, 28095, 70, 83);
INSERT INTO player_team_game_play(player_id, team_id, game_id, play_id, seconds_start, seconds_end) VALUES(7449, 1655, 24998, 28095, 70, 83);
INSERT INTO player_team_game_play(player_id, team_id, game_id, play_id, seconds_start, seconds_end) VALUES(7450, 1655, 24998, 28095, 70, 83);
INSERT INTO player_team_game_play(player_id, team_id, game_id, play_id, seconds_start, seconds_end) VALUES(6719, 1655, 24998, 28095, 70, 83);
INSERT INTO lba.sub_play (play_id, seconds_da_start, player_made_id, team_made_id, game_made_id, player_suffered_id, team_suffered_id, game_suffered_id, shot_id, turnover_id, foul_id, rebound_defensive_01, rebound_offensive_01, assist_01, blocks_01, time_out_01, x, y)VALUES(28095, 13, 7049, 1655, 24998, NULL, NULL, NULL, NULL, 1, NULL, '', '', '', '', '', 22, 93);

INSERT INTO play(id, game_id, seconds_start, seconds_end, quarter, attack_home_01, score_home, score_guest)VALUES(28096, 24998, 83, 111, 1, '1', 4, 3);
INSERT INTO player_team_game_play(player_id, team_id, game_id, play_id, seconds_start, seconds_end) VALUES(7015, 1649, 24998, 28096, 83, 111);
INSERT INTO player_team_game_play(player_id, team_id, game_id, play_id, seconds_start, seconds_end) VALUES(3176, 1649, 24998, 28096, 83, 111);
INSERT INTO player_team_game_play(player_id, team_id, game_id, play_id, seconds_start, seconds_end) VALUES(7406, 1649, 24998, 28096, 83, 111);
INSERT INTO player_team_game_play(player_id, team_id, game_id, play_id, seconds_start, seconds_end) VALUES(6138, 1649, 24998, 28096, 83, 111);
INSERT INTO player_team_game_play(player_id, team_id, game_id, play_id, seconds_start, seconds_end) VALUES(5150, 1649, 24998, 28096, 83, 111);
INSERT INTO player_team_game_play(player_id, team_id, game_id, play_id, seconds_start, seconds_end) VALUES(7049, 1655, 24998, 28096, 83, 111);
INSERT INTO player_team_game_play(player_id, team_id, game_id, play_id, seconds_start, seconds_end) VALUES(7447, 1655, 24998, 28096, 83, 111);
INSERT INTO player_team_game_play(player_id, team_id, game_id, play_id, seconds_start, seconds_end) VALUES(7449, 1655, 24998, 28096, 83, 111);
INSERT INTO player_team_game_play(player_id, team_id, game_id, play_id, seconds_start, seconds_end) VALUES(7450, 1655, 24998, 28096, 83, 111);
INSERT INTO player_team_game_play(player_id, team_id, game_id, play_id, seconds_start, seconds_end) VALUES(6719, 1655, 24998, 28096, 83, 111);
INSERT INTO lba.sub_play (play_id, seconds_da_start, player_made_id, team_made_id, game_made_id, player_suffered_id, team_suffered_id, game_suffered_id, shot_id, turnover_id, foul_id, rebound_defensive_01, rebound_offensive_01, assist_01, blocks_01, time_out_01, x, y)VALUES(28096, 22, 7015, 1649, 24998, NULL, NULL, NULL, 2, NULL, NULL, '', '', '', '', '', 84, 64);
INSERT INTO lba.sub_play (play_id, seconds_da_start, player_made_id, team_made_id, game_made_id, player_suffered_id, team_suffered_id, game_suffered_id, shot_id, turnover_id, foul_id, rebound_defensive_01, rebound_offensive_01, assist_01, blocks_01, time_out_01, x, y)VALUES(28096, 22, 3176, 1649, 24998, NULL, NULL, NULL, NULL, NULL, NULL, '', '1', '', '', '', 84, 64);
INSERT INTO lba.sub_play (play_id, seconds_da_start, player_made_id, team_made_id, game_made_id, player_suffered_id, team_suffered_id, game_suffered_id, shot_id, turnover_id, foul_id, rebound_defensive_01, rebound_offensive_01, assist_01, blocks_01, time_out_01, x, y)VALUES(28096, 28, 5150, 1649, 24998, NULL, NULL, NULL, 1, NULL, NULL, '', '', '', '', '', 92, 49);
INSERT INTO lba.sub_play (play_id, seconds_da_start, player_made_id, team_made_id, game_made_id, player_suffered_id, team_suffered_id, game_suffered_id, shot_id, turnover_id, foul_id, rebound_defensive_01, rebound_offensive_01, assist_01, blocks_01, time_out_01, x, y)VALUES(28096, 28, 3176, 1649, 24998, NULL, NULL, NULL, NULL, NULL, NULL, '', '', '1', '', '', 92, 49);

INSERT INTO play(id, game_id, seconds_start, seconds_end, quarter, attack_home_01, score_home, score_guest)VALUES(28097, 24998, 111, 120, 1, '0', 4, 3);
INSERT INTO player_team_game_play(player_id, team_id, game_id, play_id, seconds_start, seconds_end) VALUES(7015, 1649, 24998, 28097, 111, 120);
INSERT INTO player_team_game_play(player_id, team_id, game_id, play_id, seconds_start, seconds_end) VALUES(3176, 1649, 24998, 28097, 111, 120);
INSERT INTO player_team_game_play(player_id, team_id, game_id, play_id, seconds_start, seconds_end) VALUES(7406, 1649, 24998, 28097, 111, 120);
INSERT INTO player_team_game_play(player_id, team_id, game_id, play_id, seconds_start, seconds_end) VALUES(6138, 1649, 24998, 28097, 111, 120);
INSERT INTO player_team_game_play(player_id, team_id, game_id, play_id, seconds_start, seconds_end) VALUES(5150, 1649, 24998, 28097, 111, 120);
INSERT INTO player_team_game_play(player_id, team_id, game_id, play_id, seconds_start, seconds_end) VALUES(7049, 1655, 24998, 28097, 111, 120);
INSERT INTO player_team_game_play(player_id, team_id, game_id, play_id, seconds_start, seconds_end) VALUES(7447, 1655, 24998, 28097, 111, 120);
INSERT INTO player_team_game_play(player_id, team_id, game_id, play_id, seconds_start, seconds_end) VALUES(7449, 1655, 24998, 28097, 111, 120);
INSERT INTO player_team_game_play(player_id, team_id, game_id, play_id, seconds_start, seconds_end) VALUES(7450, 1655, 24998, 28097, 111, 120);
INSERT INTO player_team_game_play(player_id, team_id, game_id, play_id, seconds_start, seconds_end) VALUES(6719, 1655, 24998, 28097, 111, 120);
INSERT INTO lba.sub_play (play_id, seconds_da_start, player_made_id, team_made_id, game_made_id, player_suffered_id, team_suffered_id, game_suffered_id, shot_id, turnover_id, foul_id, rebound_defensive_01, rebound_offensive_01, assist_01, blocks_01, time_out_01, x, y)VALUES(28097, 9, 7450, 1655, 24998, NULL, NULL, NULL, 4, NULL, NULL, '', '', '', '', '', 23, 14);

INSERT INTO play(id, game_id, seconds_start, seconds_end, quarter, attack_home_01, score_home, score_guest)VALUES(28098, 24998, 120, 146, 1, '1', 4, 3);
INSERT INTO player_team_game_play(player_id, team_id, game_id, play_id, seconds_start, seconds_end) VALUES(7015, 1649, 24998, 28098, 120, 146);
INSERT INTO player_team_game_play(player_id, team_id, game_id, play_id, seconds_start, seconds_end) VALUES(3176, 1649, 24998, 28098, 120, 146);
INSERT INTO player_team_game_play(player_id, team_id, game_id, play_id, seconds_start, seconds_end) VALUES(7406, 1649, 24998, 28098, 120, 146);
INSERT INTO player_team_game_play(player_id, team_id, game_id, play_id, seconds_start, seconds_end) VALUES(6138, 1649, 24998, 28098, 120, 146);
INSERT INTO player_team_game_play(player_id, team_id, game_id, play_id, seconds_start, seconds_end) VALUES(5150, 1649, 24998, 28098, 120, 146);
INSERT INTO player_team_game_play(player_id, team_id, game_id, play_id, seconds_start, seconds_end) VALUES(7049, 1655, 24998, 28098, 120, 146);
INSERT INTO player_team_game_play(player_id, team_id, game_id, play_id, seconds_start, seconds_end) VALUES(7447, 1655, 24998, 28098, 120, 146);
INSERT INTO player_team_game_play(player_id, team_id, game_id, play_id, seconds_start, seconds_end) VALUES(7449, 1655, 24998, 28098, 120, 146);
INSERT INTO player_team_game_play(player_id, team_id, game_id, play_id, seconds_start, seconds_end) VALUES(7450, 1655, 24998, 28098, 120, 146);
INSERT INTO player_team_game_play(player_id, team_id, game_id, play_id, seconds_start, seconds_end) VALUES(6719, 1655, 24998, 28098, 120, 146);
INSERT INTO lba.sub_play (play_id, seconds_da_start, player_made_id, team_made_id, game_made_id, player_suffered_id, team_suffered_id, game_suffered_id, shot_id, turnover_id, foul_id, rebound_defensive_01, rebound_offensive_01, assist_01, blocks_01, time_out_01, x, y)VALUES(28098, 26, 7015, 1649, 24998, 7447, 1655, 24998, NULL, 2, NULL, '', '', '', '', '', 88, 59);

INSERT INTO play(id, game_id, seconds_start, seconds_end, quarter, attack_home_01, score_home, score_guest)VALUES(28099, 24998, 146, 162, 1, '0', 4, 3);
INSERT INTO player_team_game_play(player_id, team_id, game_id, play_id, seconds_start, seconds_end) VALUES(7015, 1649, 24998, 28099, 146, 162);
INSERT INTO player_team_game_play(player_id, team_id, game_id, play_id, seconds_start, seconds_end) VALUES(3176, 1649, 24998, 28099, 146, 162);
INSERT INTO player_team_game_play(player_id, team_id, game_id, play_id, seconds_start, seconds_end) VALUES(7406, 1649, 24998, 28099, 146, 162);
INSERT INTO player_team_game_play(player_id, team_id, game_id, play_id, seconds_start, seconds_end) VALUES(6138, 1649, 24998, 28099, 146, 162);
INSERT INTO player_team_game_play(player_id, team_id, game_id, play_id, seconds_start, seconds_end) VALUES(5150, 1649, 24998, 28099, 146, 162);
INSERT INTO player_team_game_play(player_id, team_id, game_id, play_id, seconds_start, seconds_end) VALUES(7049, 1655, 24998, 28099, 146, 162);
INSERT INTO player_team_game_play(player_id, team_id, game_id, play_id, seconds_start, seconds_end) VALUES(7447, 1655, 24998, 28099, 146, 162);
INSERT INTO player_team_game_play(player_id, team_id, game_id, play_id, seconds_start, seconds_end) VALUES(7449, 1655, 24998, 28099, 146, 162);
INSERT INTO player_team_game_play(player_id, team_id, game_id, play_id, seconds_start, seconds_end) VALUES(7450, 1655, 24998, 28099, 146, 162);
INSERT INTO player_team_game_play(player_id, team_id, game_id, play_id, seconds_start, seconds_end) VALUES(6719, 1655, 24998, 28099, 146, 162);
INSERT INTO lba.sub_play (play_id, seconds_da_start, player_made_id, team_made_id, game_made_id, player_suffered_id, team_suffered_id, game_suffered_id, shot_id, turnover_id, foul_id, rebound_defensive_01, rebound_offensive_01, assist_01, blocks_01, time_out_01, x, y)VALUES(28099, 16, 7447, 1655, 24998, NULL, NULL, NULL, 4, NULL, NULL, '', '', '', '', '', 27, 82);
INSERT INTO lba.sub_play (play_id, seconds_da_start, player_made_id, team_made_id, game_made_id, player_suffered_id, team_suffered_id, game_suffered_id, shot_id, turnover_id, foul_id, rebound_defensive_01, rebound_offensive_01, assist_01, blocks_01, time_out_01, x, y)VALUES(28099, 16, 7406, 1649, 24998, NULL, NULL, NULL, NULL, NULL, NULL, '1', '', '', '', '', 27, 82);

INSERT INTO play(id, game_id, seconds_start, seconds_end, quarter, attack_home_01, score_home, score_guest)VALUES(28100, 24998, 162, 182, 1, '1', 7, 3);
INSERT INTO player_team_game_play(player_id, team_id, game_id, play_id, seconds_start, seconds_end) VALUES(7015, 1649, 24998, 28100, 162, 182);
INSERT INTO player_team_game_play(player_id, team_id, game_id, play_id, seconds_start, seconds_end) VALUES(3176, 1649, 24998, 28100, 162, 182);
INSERT INTO player_team_game_play(player_id, team_id, game_id, play_id, seconds_start, seconds_end) VALUES(7406, 1649, 24998, 28100, 162, 182);
INSERT INTO player_team_game_play(player_id, team_id, game_id, play_id, seconds_start, seconds_end) VALUES(6138, 1649, 24998, 28100, 162, 182);
INSERT INTO player_team_game_play(player_id, team_id, game_id, play_id, seconds_start, seconds_end) VALUES(5150, 1649, 24998, 28100, 162, 182);
INSERT INTO player_team_game_play(player_id, team_id, game_id, play_id, seconds_start, seconds_end) VALUES(7049, 1655, 24998, 28100, 162, 182);
INSERT INTO player_team_game_play(player_id, team_id, game_id, play_id, seconds_start, seconds_end) VALUES(7447, 1655, 24998, 28100, 162, 182);
INSERT INTO player_team_game_play(player_id, team_id, game_id, play_id, seconds_start, seconds_end) VALUES(7449, 1655, 24998, 28100, 162, 182);
INSERT INTO player_team_game_play(player_id, team_id, game_id, play_id, seconds_start, seconds_end) VALUES(7450, 1655, 24998, 28100, 162, 182);
INSERT INTO player_team_game_play(player_id, team_id, game_id, play_id, seconds_start, seconds_end) VALUES(6719, 1655, 24998, 28100, 162, 182);
UPDATE player_team_game_play SET seconds_end = 173 WHERE player_id = 7450 AND game_id = 24998 AND play_id = 28100;
UPDATE player_team_game_play SET seconds_end = 173 WHERE player_id = 6719 AND game_id = 24998 AND play_id = 28100;
INSERT INTO player_team_game_play(player_id, team_id, game_id, play_id, seconds_start, seconds_end) VALUES(6320, 1655, 24998, 28100, 173, 182);
INSERT INTO player_team_game_play(player_id, team_id, game_id, play_id, seconds_start, seconds_end) VALUES(378, 1655, 24998, 28100, 173, 182);
INSERT INTO lba.sub_play (play_id, seconds_da_start, player_made_id, team_made_id, game_made_id, player_suffered_id, team_suffered_id, game_suffered_id, shot_id, turnover_id, foul_id, rebound_defensive_01, rebound_offensive_01, assist_01, blocks_01, time_out_01, x, y)VALUES(28100, 11, 6719, 1655, 24998, 5150, 1649, 24998, NULL, NULL, 1, '', '', '', '', '', 69, 49);
INSERT INTO lba.sub_play (play_id, seconds_da_start, player_made_id, team_made_id, game_made_id, player_suffered_id, team_suffered_id, game_suffered_id, shot_id, turnover_id, foul_id, rebound_defensive_01, rebound_offensive_01, assist_01, blocks_01, time_out_01, x, y)VALUES(28100, 20, 7406, 1649, 24998, NULL, NULL, NULL, 3, NULL, NULL, '', '', '', '', '', 77, 89);
INSERT INTO lba.sub_play (play_id, seconds_da_start, player_made_id, team_made_id, game_made_id, player_suffered_id, team_suffered_id, game_suffered_id, shot_id, turnover_id, foul_id, rebound_defensive_01, rebound_offensive_01, assist_01, blocks_01, time_out_01, x, y)VALUES(28100, 20, 6138, 1649, 24998, NULL, NULL, NULL, NULL, NULL, NULL, '', '', '1', '', '', 77, 89);

INSERT INTO play(id, game_id, seconds_start, seconds_end, quarter, attack_home_01, score_home, score_guest)VALUES(28101, 24998, 182, 201, 1, '0', 7, 4);
INSERT INTO player_team_game_play(player_id, team_id, game_id, play_id, seconds_start, seconds_end) VALUES(7015, 1649, 24998, 28101, 182, 201);
INSERT INTO player_team_game_play(player_id, team_id, game_id, play_id, seconds_start, seconds_end) VALUES(3176, 1649, 24998, 28101, 182, 201);
INSERT INTO player_team_game_play(player_id, team_id, game_id, play_id, seconds_start, seconds_end) VALUES(7406, 1649, 24998, 28101, 182, 201);
INSERT INTO player_team_game_play(player_id, team_id, game_id, play_id, seconds_start, seconds_end) VALUES(6138, 1649, 24998, 28101, 182, 201);
INSERT INTO player_team_game_play(player_id, team_id, game_id, play_id, seconds_start, seconds_end) VALUES(5150, 1649, 24998, 28101, 182, 201);
INSERT INTO player_team_game_play(player_id, team_id, game_id, play_id, seconds_start, seconds_end) VALUES(7049, 1655, 24998, 28101, 182, 201);
INSERT INTO player_team_game_play(player_id, team_id, game_id, play_id, seconds_start, seconds_end) VALUES(6320, 1655, 24998, 28101, 182, 201);
INSERT INTO player_team_game_play(player_id, team_id, game_id, play_id, seconds_start, seconds_end) VALUES(7447, 1655, 24998, 28101, 182, 201);
INSERT INTO player_team_game_play(player_id, team_id, game_id, play_id, seconds_start, seconds_end) VALUES(7449, 1655, 24998, 28101, 182, 201);
INSERT INTO player_team_game_play(player_id, team_id, game_id, play_id, seconds_start, seconds_end) VALUES(378, 1655, 24998, 28101, 182, 201);
INSERT INTO lba.sub_play (play_id, seconds_da_start, player_made_id, team_made_id, game_made_id, player_suffered_id, team_suffered_id, game_suffered_id, shot_id, turnover_id, foul_id, rebound_defensive_01, rebound_offensive_01, assist_01, blocks_01, time_out_01, x, y)VALUES(28101, 19, 7015, 1649, 24998, 6320, 1655, 24998, NULL, NULL, 4, '', '', '', '', '', 10, 61);
INSERT INTO lba.sub_play (play_id, seconds_da_start, player_made_id, team_made_id, game_made_id, player_suffered_id, team_suffered_id, game_suffered_id, shot_id, turnover_id, foul_id, rebound_defensive_01, rebound_offensive_01, assist_01, blocks_01, time_out_01, x, y)VALUES(28101, 19, 6320, 1655, 24998, NULL, NULL, NULL, 5, NULL, NULL, '', '', '', '', '', NULL, NULL);

INSERT INTO play(id, game_id, seconds_start, seconds_end, quarter, attack_home_01, score_home, score_guest)VALUES(28102, 24998, 201, 201, 1, '0', 7, 4);
INSERT INTO player_team_game_play(player_id, team_id, game_id, play_id, seconds_start, seconds_end) VALUES(7015, 1649, 24998, 28102, 201, 201);
INSERT INTO player_team_game_play(player_id, team_id, game_id, play_id, seconds_start, seconds_end) VALUES(3176, 1649, 24998, 28102, 201, 201);
INSERT INTO player_team_game_play(player_id, team_id, game_id, play_id, seconds_start, seconds_end) VALUES(7406, 1649, 24998, 28102, 201, 201);
INSERT INTO player_team_game_play(player_id, team_id, game_id, play_id, seconds_start, seconds_end) VALUES(6138, 1649, 24998, 28102, 201, 201);
INSERT INTO player_team_game_play(player_id, team_id, game_id, play_id, seconds_start, seconds_end) VALUES(5150, 1649, 24998, 28102, 201, 201);
INSERT INTO player_team_game_play(player_id, team_id, game_id, play_id, seconds_start, seconds_end) VALUES(7049, 1655, 24998, 28102, 201, 201);
INSERT INTO player_team_game_play(player_id, team_id, game_id, play_id, seconds_start, seconds_end) VALUES(6320, 1655, 24998, 28102, 201, 201);
INSERT INTO player_team_game_play(player_id, team_id, game_id, play_id, seconds_start, seconds_end) VALUES(7447, 1655, 24998, 28102, 201, 201);
INSERT INTO player_team_game_play(player_id, team_id, game_id, play_id, seconds_start, seconds_end) VALUES(7449, 1655, 24998, 28102, 201, 201);
INSERT INTO player_team_game_play(player_id, team_id, game_id, play_id, seconds_start, seconds_end) VALUES(378, 1655, 24998, 28102, 201, 201);
INSERT INTO lba.sub_play (play_id, seconds_da_start, player_made_id, team_made_id, game_made_id, player_suffered_id, team_suffered_id, game_suffered_id, shot_id, turnover_id, foul_id, rebound_defensive_01, rebound_offensive_01, assist_01, blocks_01, time_out_01, x, y)VALUES(28102, 0, 6320, 1655, 24998, NULL, NULL, NULL, 6, NULL, NULL, '', '', '', '', '', NULL, NULL);
INSERT INTO lba.sub_play (play_id, seconds_da_start, player_made_id, team_made_id, game_made_id, player_suffered_id, team_suffered_id, game_suffered_id, shot_id, turnover_id, foul_id, rebound_defensive_01, rebound_offensive_01, assist_01, blocks_01, time_out_01, x, y)VALUES(28102, 0, 7406, 1649, 24998, NULL, NULL, NULL, NULL, NULL, NULL, '1', '', '', '', '', NULL, NULL);

INSERT INTO play(id, game_id, seconds_start, seconds_end, quarter, attack_home_01, score_home, score_guest)VALUES(28103, 24998, 201, 218, 1, '1', 7, 4);
INSERT INTO player_team_game_play(player_id, team_id, game_id, play_id, seconds_start, seconds_end) VALUES(7015, 1649, 24998, 28103, 201, 218);
INSERT INTO player_team_game_play(player_id, team_id, game_id, play_id, seconds_start, seconds_end) VALUES(3176, 1649, 24998, 28103, 201, 218);
INSERT INTO player_team_game_play(player_id, team_id, game_id, play_id, seconds_start, seconds_end) VALUES(7406, 1649, 24998, 28103, 201, 218);
INSERT INTO player_team_game_play(player_id, team_id, game_id, play_id, seconds_start, seconds_end) VALUES(6138, 1649, 24998, 28103, 201, 218);
INSERT INTO player_team_game_play(player_id, team_id, game_id, play_id, seconds_start, seconds_end) VALUES(5150, 1649, 24998, 28103, 201, 218);
INSERT INTO player_team_game_play(player_id, team_id, game_id, play_id, seconds_start, seconds_end) VALUES(7049, 1655, 24998, 28103, 201, 218);
INSERT INTO player_team_game_play(player_id, team_id, game_id, play_id, seconds_start, seconds_end) VALUES(6320, 1655, 24998, 28103, 201, 218);
INSERT INTO player_team_game_play(player_id, team_id, game_id, play_id, seconds_start, seconds_end) VALUES(7447, 1655, 24998, 28103, 201, 218);
INSERT INTO player_team_game_play(player_id, team_id, game_id, play_id, seconds_start, seconds_end) VALUES(7449, 1655, 24998, 28103, 201, 218);
INSERT INTO player_team_game_play(player_id, team_id, game_id, play_id, seconds_start, seconds_end) VALUES(378, 1655, 24998, 28103, 201, 218);
INSERT INTO lba.sub_play (play_id, seconds_da_start, player_made_id, team_made_id, game_made_id, player_suffered_id, team_suffered_id, game_suffered_id, shot_id, turnover_id, foul_id, rebound_defensive_01, rebound_offensive_01, assist_01, blocks_01, time_out_01, x, y)VALUES(28103, 17, 6138, 1649, 24998, 7049, 1655, 24998, NULL, 2, NULL, '', '', '', '', '', 84, 84);

INSERT INTO play(id, game_id, seconds_start, seconds_end, quarter, attack_home_01, score_home, score_guest)VALUES(28104, 24998, 218, 235, 1, '0', 7, 6);
INSERT INTO player_team_game_play(player_id, team_id, game_id, play_id, seconds_start, seconds_end) VALUES(7015, 1649, 24998, 28104, 218, 235);
INSERT INTO player_team_game_play(player_id, team_id, game_id, play_id, seconds_start, seconds_end) VALUES(3176, 1649, 24998, 28104, 218, 235);
INSERT INTO player_team_game_play(player_id, team_id, game_id, play_id, seconds_start, seconds_end) VALUES(7406, 1649, 24998, 28104, 218, 235);
INSERT INTO player_team_game_play(player_id, team_id, game_id, play_id, seconds_start, seconds_end) VALUES(6138, 1649, 24998, 28104, 218, 235);
INSERT INTO player_team_game_play(player_id, team_id, game_id, play_id, seconds_start, seconds_end) VALUES(5150, 1649, 24998, 28104, 218, 235);
INSERT INTO player_team_game_play(player_id, team_id, game_id, play_id, seconds_start, seconds_end) VALUES(7049, 1655, 24998, 28104, 218, 235);
INSERT INTO player_team_game_play(player_id, team_id, game_id, play_id, seconds_start, seconds_end) VALUES(6320, 1655, 24998, 28104, 218, 235);
INSERT INTO player_team_game_play(player_id, team_id, game_id, play_id, seconds_start, seconds_end) VALUES(7447, 1655, 24998, 28104, 218, 235);
INSERT INTO player_team_game_play(player_id, team_id, game_id, play_id, seconds_start, seconds_end) VALUES(7449, 1655, 24998, 28104, 218, 235);
INSERT INTO player_team_game_play(player_id, team_id, game_id, play_id, seconds_start, seconds_end) VALUES(378, 1655, 24998, 28104, 218, 235);
INSERT INTO lba.sub_play (play_id, seconds_da_start, player_made_id, team_made_id, game_made_id, player_suffered_id, team_suffered_id, game_suffered_id, shot_id, turnover_id, foul_id, rebound_defensive_01, rebound_offensive_01, assist_01, blocks_01, time_out_01, x, y)VALUES(28104, 17, 7447, 1655, 24998, NULL, NULL, NULL, 1, NULL, NULL, '', '', '', '', '', 7, 52);
INSERT INTO lba.sub_play (play_id, seconds_da_start, player_made_id, team_made_id, game_made_id, player_suffered_id, team_suffered_id, game_suffered_id, shot_id, turnover_id, foul_id, rebound_defensive_01, rebound_offensive_01, assist_01, blocks_01, time_out_01, x, y)VALUES(28104, 17, 7049, 1655, 24998, NULL, NULL, NULL, NULL, NULL, NULL, '', '', '1', '', '', 7, 52);

INSERT INTO play(id, game_id, seconds_start, seconds_end, quarter, attack_home_01, score_home, score_guest)VALUES(28105, 24998, 235, 247, 1, '1', 9, 6);
INSERT INTO player_team_game_play(player_id, team_id, game_id, play_id, seconds_start, seconds_end) VALUES(7015, 1649, 24998, 28105, 235, 247);
INSERT INTO player_team_game_play(player_id, team_id, game_id, play_id, seconds_start, seconds_end) VALUES(3176, 1649, 24998, 28105, 235, 247);
INSERT INTO player_team_game_play(player_id, team_id, game_id, play_id, seconds_start, seconds_end) VALUES(7406, 1649, 24998, 28105, 235, 247);
INSERT INTO player_team_game_play(player_id, team_id, game_id, play_id, seconds_start, seconds_end) VALUES(6138, 1649, 24998, 28105, 235, 247);
INSERT INTO player_team_game_play(player_id, team_id, game_id, play_id, seconds_start, seconds_end) VALUES(5150, 1649, 24998, 28105, 235, 247);
INSERT INTO player_team_game_play(player_id, team_id, game_id, play_id, seconds_start, seconds_end) VALUES(7049, 1655, 24998, 28105, 235, 247);
INSERT INTO player_team_game_play(player_id, team_id, game_id, play_id, seconds_start, seconds_end) VALUES(6320, 1655, 24998, 28105, 235, 247);
INSERT INTO player_team_game_play(player_id, team_id, game_id, play_id, seconds_start, seconds_end) VALUES(7447, 1655, 24998, 28105, 235, 247);
INSERT INTO player_team_game_play(player_id, team_id, game_id, play_id, seconds_start, seconds_end) VALUES(7449, 1655, 24998, 28105, 235, 247);
INSERT INTO player_team_game_play(player_id, team_id, game_id, play_id, seconds_start, seconds_end) VALUES(378, 1655, 24998, 28105, 235, 247);
INSERT INTO lba.sub_play (play_id, seconds_da_start, player_made_id, team_made_id, game_made_id, player_suffered_id, team_suffered_id, game_suffered_id, shot_id, turnover_id, foul_id, rebound_defensive_01, rebound_offensive_01, assist_01, blocks_01, time_out_01, x, y)VALUES(28105, 12, 5150, 1649, 24998, NULL, NULL, NULL, 1, NULL, NULL, '', '', '', '', '', 92, 47);
INSERT INTO lba.sub_play (play_id, seconds_da_start, player_made_id, team_made_id, game_made_id, player_suffered_id, team_suffered_id, game_suffered_id, shot_id, turnover_id, foul_id, rebound_defensive_01, rebound_offensive_01, assist_01, blocks_01, time_out_01, x, y)VALUES(28105, 12, 3176, 1649, 24998, NULL, NULL, NULL, NULL, NULL, NULL, '', '', '1', '', '', 92, 47);

INSERT INTO play(id, game_id, seconds_start, seconds_end, quarter, attack_home_01, score_home, score_guest)VALUES(28106, 24998, 247, 259, 1, '0', 9, 6);
INSERT INTO player_team_game_play(player_id, team_id, game_id, play_id, seconds_start, seconds_end) VALUES(7015, 1649, 24998, 28106, 247, 259);
INSERT INTO player_team_game_play(player_id, team_id, game_id, play_id, seconds_start, seconds_end) VALUES(3176, 1649, 24998, 28106, 247, 259);
INSERT INTO player_team_game_play(player_id, team_id, game_id, play_id, seconds_start, seconds_end) VALUES(7406, 1649, 24998, 28106, 247, 259);
INSERT INTO player_team_game_play(player_id, team_id, game_id, play_id, seconds_start, seconds_end) VALUES(6138, 1649, 24998, 28106, 247, 259);
INSERT INTO player_team_game_play(player_id, team_id, game_id, play_id, seconds_start, seconds_end) VALUES(5150, 1649, 24998, 28106, 247, 259);
INSERT INTO player_team_game_play(player_id, team_id, game_id, play_id, seconds_start, seconds_end) VALUES(7049, 1655, 24998, 28106, 247, 259);
INSERT INTO player_team_game_play(player_id, team_id, game_id, play_id, seconds_start, seconds_end) VALUES(6320, 1655, 24998, 28106, 247, 259);
INSERT INTO player_team_game_play(player_id, team_id, game_id, play_id, seconds_start, seconds_end) VALUES(7447, 1655, 24998, 28106, 247, 259);
INSERT INTO player_team_game_play(player_id, team_id, game_id, play_id, seconds_start, seconds_end) VALUES(7449, 1655, 24998, 28106, 247, 259);
INSERT INTO player_team_game_play(player_id, team_id, game_id, play_id, seconds_start, seconds_end) VALUES(378, 1655, 24998, 28106, 247, 259);
UPDATE player_team_game_play SET seconds_end = 259 WHERE player_id = 7049 AND game_id = 24998 AND play_id = 28106;
INSERT INTO player_team_game_play(player_id, team_id, game_id, play_id, seconds_start, seconds_end) VALUES(7448, 1655, 24998, 28106, 259, 259);
INSERT INTO lba.sub_play (play_id, seconds_da_start, player_made_id, team_made_id, game_made_id, player_suffered_id, team_suffered_id, game_suffered_id, shot_id, turnover_id, foul_id, rebound_defensive_01, rebound_offensive_01, assist_01, blocks_01, time_out_01, x, y)VALUES(28106, 12, 7049, 1655, 24998, NULL, NULL, NULL, 2, NULL, NULL, '', '', '', '', '', 8, 56);
INSERT INTO lba.sub_play (play_id, seconds_da_start, player_made_id, team_made_id, game_made_id, player_suffered_id, team_suffered_id, game_suffered_id, shot_id, turnover_id, foul_id, rebound_defensive_01, rebound_offensive_01, assist_01, blocks_01, time_out_01, x, y)VALUES(28106, 12, 7406, 1649, 24998, 7049, 1655, 24998, NULL, NULL, NULL, '', '', '', '1', '', 8, 56);
INSERT INTO lba.sub_play (play_id, seconds_da_start, player_made_id, team_made_id, game_made_id, player_suffered_id, team_suffered_id, game_suffered_id, shot_id, turnover_id, foul_id, rebound_defensive_01, rebound_offensive_01, assist_01, blocks_01, time_out_01, x, y)VALUES(28106, 12, 3176, 1649, 24998, NULL, NULL, NULL, NULL, NULL, NULL, '1', '', '', '', '', 8, 56);

INSERT INTO play(id, game_id, seconds_start, seconds_end, quarter, attack_home_01, score_home, score_guest)VALUES(28107, 24998, 259, 262, 1, '1', 9, 6);
INSERT INTO player_team_game_play(player_id, team_id, game_id, play_id, seconds_start, seconds_end) VALUES(7015, 1649, 24998, 28107, 259, 262);
INSERT INTO player_team_game_play(player_id, team_id, game_id, play_id, seconds_start, seconds_end) VALUES(3176, 1649, 24998, 28107, 259, 262);
INSERT INTO player_team_game_play(player_id, team_id, game_id, play_id, seconds_start, seconds_end) VALUES(7406, 1649, 24998, 28107, 259, 262);
INSERT INTO player_team_game_play(player_id, team_id, game_id, play_id, seconds_start, seconds_end) VALUES(6138, 1649, 24998, 28107, 259, 262);
INSERT INTO player_team_game_play(player_id, team_id, game_id, play_id, seconds_start, seconds_end) VALUES(5150, 1649, 24998, 28107, 259, 262);
INSERT INTO player_team_game_play(player_id, team_id, game_id, play_id, seconds_start, seconds_end) VALUES(7049, 1655, 24998, 28107, 259, 262);
INSERT INTO player_team_game_play(player_id, team_id, game_id, play_id, seconds_start, seconds_end) VALUES(6320, 1655, 24998, 28107, 259, 262);
INSERT INTO player_team_game_play(player_id, team_id, game_id, play_id, seconds_start, seconds_end) VALUES(7447, 1655, 24998, 28107, 259, 262);
INSERT INTO player_team_game_play(player_id, team_id, game_id, play_id, seconds_start, seconds_end) VALUES(7449, 1655, 24998, 28107, 259, 262);
INSERT INTO player_team_game_play(player_id, team_id, game_id, play_id, seconds_start, seconds_end) VALUES(378, 1655, 24998, 28107, 259, 262);
UPDATE player_team_game_play SET seconds_end = 259 WHERE player_id = 7049 AND game_id = 24998 AND play_id = 28107;
INSERT INTO player_team_game_play(player_id, team_id, game_id, play_id, seconds_start, seconds_end) VALUES(7448, 1655, 24998, 28107, 259, 262);
INSERT INTO lba.sub_play (play_id, seconds_da_start, player_made_id, team_made_id, game_made_id, player_suffered_id, team_suffered_id, game_suffered_id, shot_id, turnover_id, foul_id, rebound_defensive_01, rebound_offensive_01, assist_01, blocks_01, time_out_01, x, y)VALUES(28107, 0, 7449, 1655, 24998, 3176, 1649, 24998, NULL, NULL, 1, '', '', '', '', '', 29, 59);
INSERT INTO lba.sub_play (play_id, seconds_da_start, player_made_id, team_made_id, game_made_id, player_suffered_id, team_suffered_id, game_suffered_id, shot_id, turnover_id, foul_id, rebound_defensive_01, rebound_offensive_01, assist_01, blocks_01, time_out_01, x, y)VALUES(28107, 3, 7015, 1649, 24998, NULL, NULL, NULL, 2, NULL, NULL, '', '', '', '', '', 86, 65);
INSERT INTO lba.sub_play (play_id, seconds_da_start, player_made_id, team_made_id, game_made_id, player_suffered_id, team_suffered_id, game_suffered_id, shot_id, turnover_id, foul_id, rebound_defensive_01, rebound_offensive_01, assist_01, blocks_01, time_out_01, x, y)VALUES(28107, 3, 378, 1655, 24998, NULL, NULL, NULL, NULL, NULL, NULL, '1', '', '', '', '', 86, 65);

INSERT INTO play(id, game_id, seconds_start, seconds_end, quarter, attack_home_01, score_home, score_guest)VALUES(28108, 24998, 262, 293, 1, '0', 9, 6);
INSERT INTO player_team_game_play(player_id, team_id, game_id, play_id, seconds_start, seconds_end) VALUES(7015, 1649, 24998, 28108, 262, 293);
INSERT INTO player_team_game_play(player_id, team_id, game_id, play_id, seconds_start, seconds_end) VALUES(3176, 1649, 24998, 28108, 262, 293);
INSERT INTO player_team_game_play(player_id, team_id, game_id, play_id, seconds_start, seconds_end) VALUES(7406, 1649, 24998, 28108, 262, 293);
INSERT INTO player_team_game_play(player_id, team_id, game_id, play_id, seconds_start, seconds_end) VALUES(6138, 1649, 24998, 28108, 262, 293);
INSERT INTO player_team_game_play(player_id, team_id, game_id, play_id, seconds_start, seconds_end) VALUES(5150, 1649, 24998, 28108, 262, 293);
INSERT INTO player_team_game_play(player_id, team_id, game_id, play_id, seconds_start, seconds_end) VALUES(6320, 1655, 24998, 28108, 262, 293);
INSERT INTO player_team_game_play(player_id, team_id, game_id, play_id, seconds_start, seconds_end) VALUES(7447, 1655, 24998, 28108, 262, 293);
INSERT INTO player_team_game_play(player_id, team_id, game_id, play_id, seconds_start, seconds_end) VALUES(7448, 1655, 24998, 28108, 262, 293);
INSERT INTO player_team_game_play(player_id, team_id, game_id, play_id, seconds_start, seconds_end) VALUES(7449, 1655, 24998, 28108, 262, 293);
INSERT INTO player_team_game_play(player_id, team_id, game_id, play_id, seconds_start, seconds_end) VALUES(378, 1655, 24998, 28108, 262, 293);
INSERT INTO lba.sub_play (play_id, seconds_da_start, player_made_id, team_made_id, game_made_id, player_suffered_id, team_suffered_id, game_suffered_id, shot_id, turnover_id, foul_id, rebound_defensive_01, rebound_offensive_01, assist_01, blocks_01, time_out_01, x, y)VALUES(28108, 31, 7447, 1655, 24998, NULL, NULL, NULL, 2, NULL, NULL, '', '', '', '', '', 12, 57);
INSERT INTO lba.sub_play (play_id, seconds_da_start, player_made_id, team_made_id, game_made_id, player_suffered_id, team_suffered_id, game_suffered_id, shot_id, turnover_id, foul_id, rebound_defensive_01, rebound_offensive_01, assist_01, blocks_01, time_out_01, x, y)VALUES(28108, 31, 7015, 1649, 24998, 7447, 1655, 24998, NULL, NULL, NULL, '', '', '', '1', '', 12, 57);
INSERT INTO lba.sub_play (play_id, seconds_da_start, player_made_id, team_made_id, game_made_id, player_suffered_id, team_suffered_id, game_suffered_id, shot_id, turnover_id, foul_id, rebound_defensive_01, rebound_offensive_01, assist_01, blocks_01, time_out_01, x, y)VALUES(28108, 31, 7406, 1649, 24998, NULL, NULL, NULL, NULL, NULL, NULL, '1', '', '', '', '', 12, 57);

INSERT INTO play(id, game_id, seconds_start, seconds_end, quarter, attack_home_01, score_home, score_guest)VALUES(28109, 24998, 293, 305, 1, '1', 9, 6);
INSERT INTO player_team_game_play(player_id, team_id, game_id, play_id, seconds_start, seconds_end) VALUES(7015, 1649, 24998, 28109, 293, 305);
INSERT INTO player_team_game_play(player_id, team_id, game_id, play_id, seconds_start, seconds_end) VALUES(3176, 1649, 24998, 28109, 293, 305);
INSERT INTO player_team_game_play(player_id, team_id, game_id, play_id, seconds_start, seconds_end) VALUES(7406, 1649, 24998, 28109, 293, 305);
INSERT INTO player_team_game_play(player_id, team_id, game_id, play_id, seconds_start, seconds_end) VALUES(6138, 1649, 24998, 28109, 293, 305);
INSERT INTO player_team_game_play(player_id, team_id, game_id, play_id, seconds_start, seconds_end) VALUES(5150, 1649, 24998, 28109, 293, 305);
INSERT INTO player_team_game_play(player_id, team_id, game_id, play_id, seconds_start, seconds_end) VALUES(6320, 1655, 24998, 28109, 293, 305);
INSERT INTO player_team_game_play(player_id, team_id, game_id, play_id, seconds_start, seconds_end) VALUES(7447, 1655, 24998, 28109, 293, 305);
INSERT INTO player_team_game_play(player_id, team_id, game_id, play_id, seconds_start, seconds_end) VALUES(7448, 1655, 24998, 28109, 293, 305);
INSERT INTO player_team_game_play(player_id, team_id, game_id, play_id, seconds_start, seconds_end) VALUES(7449, 1655, 24998, 28109, 293, 305);
INSERT INTO player_team_game_play(player_id, team_id, game_id, play_id, seconds_start, seconds_end) VALUES(378, 1655, 24998, 28109, 293, 305);
UPDATE player_team_game_play SET seconds_end = 304 WHERE player_id = 7449 AND game_id = 24998 AND play_id = 28109;
INSERT INTO player_team_game_play(player_id, team_id, game_id, play_id, seconds_start, seconds_end) VALUES(7450, 1655, 24998, 28109, 304, 305);
INSERT INTO lba.sub_play (play_id, seconds_da_start, player_made_id, team_made_id, game_made_id, player_suffered_id, team_suffered_id, game_suffered_id, shot_id, turnover_id, foul_id, rebound_defensive_01, rebound_offensive_01, assist_01, blocks_01, time_out_01, x, y)VALUES(28109, 11, 7447, 1655, 24998, 3176, 1649, 24998, NULL, NULL, 1, '', '', '', '', '', 91, 31);
INSERT INTO lba.sub_play (play_id, seconds_da_start, player_made_id, team_made_id, game_made_id, player_suffered_id, team_suffered_id, game_suffered_id, shot_id, turnover_id, foul_id, rebound_defensive_01, rebound_offensive_01, assist_01, blocks_01, time_out_01, x, y)VALUES(28109, 12, 3176, 1649, 24998, 6320, 1655, 24998, NULL, 1, NULL, '', '', '', '', '', 96, 39);

INSERT INTO play(id, game_id, seconds_start, seconds_end, quarter, attack_home_01, score_home, score_guest)VALUES(28110, 24998, 305, 309, 1, '0', 9, 7);
INSERT INTO player_team_game_play(player_id, team_id, game_id, play_id, seconds_start, seconds_end) VALUES(7015, 1649, 24998, 28110, 305, 309);
INSERT INTO player_team_game_play(player_id, team_id, game_id, play_id, seconds_start, seconds_end) VALUES(3176, 1649, 24998, 28110, 305, 309);
INSERT INTO player_team_game_play(player_id, team_id, game_id, play_id, seconds_start, seconds_end) VALUES(7406, 1649, 24998, 28110, 305, 309);
INSERT INTO player_team_game_play(player_id, team_id, game_id, play_id, seconds_start, seconds_end) VALUES(6138, 1649, 24998, 28110, 305, 309);
INSERT INTO player_team_game_play(player_id, team_id, game_id, play_id, seconds_start, seconds_end) VALUES(5150, 1649, 24998, 28110, 305, 309);
INSERT INTO player_team_game_play(player_id, team_id, game_id, play_id, seconds_start, seconds_end) VALUES(7450, 1655, 24998, 28110, 305, 309);
INSERT INTO player_team_game_play(player_id, team_id, game_id, play_id, seconds_start, seconds_end) VALUES(6320, 1655, 24998, 28110, 305, 309);
INSERT INTO player_team_game_play(player_id, team_id, game_id, play_id, seconds_start, seconds_end) VALUES(7447, 1655, 24998, 28110, 305, 309);
INSERT INTO player_team_game_play(player_id, team_id, game_id, play_id, seconds_start, seconds_end) VALUES(7448, 1655, 24998, 28110, 305, 309);
INSERT INTO player_team_game_play(player_id, team_id, game_id, play_id, seconds_start, seconds_end) VALUES(378, 1655, 24998, 28110, 305, 309);
INSERT INTO lba.sub_play (play_id, seconds_da_start, player_made_id, team_made_id, game_made_id, player_suffered_id, team_suffered_id, game_suffered_id, shot_id, turnover_id, foul_id, rebound_defensive_01, rebound_offensive_01, assist_01, blocks_01, time_out_01, x, y)VALUES(28110, 4, 7406, 1649, 24998, 6320, 1655, 24998, NULL, NULL, 4, '', '', '', '', '', 14, 58);
INSERT INTO lba.sub_play (play_id, seconds_da_start, player_made_id, team_made_id, game_made_id, player_suffered_id, team_suffered_id, game_suffered_id, shot_id, turnover_id, foul_id, rebound_defensive_01, rebound_offensive_01, assist_01, blocks_01, time_out_01, x, y)VALUES(28110, 4, 6320, 1655, 24998, NULL, NULL, NULL, 6, NULL, NULL, '', '', '', '', '', NULL, NULL);
INSERT INTO lba.sub_play (play_id, seconds_da_start, player_made_id, team_made_id, game_made_id, player_suffered_id, team_suffered_id, game_suffered_id, shot_id, turnover_id, foul_id, rebound_defensive_01, rebound_offensive_01, assist_01, blocks_01, time_out_01, x, y)VALUES(28110, 4, 6320, 1655, 24998, NULL, NULL, NULL, 5, NULL, NULL, '', '', '', '', '', NULL, NULL);

INSERT INTO play(id, game_id, seconds_start, seconds_end, quarter, attack_home_01, score_home, score_guest)VALUES(28111, 24998, 309, 327, 1, '1', 11, 7);
INSERT INTO player_team_game_play(player_id, team_id, game_id, play_id, seconds_start, seconds_end) VALUES(7015, 1649, 24998, 28111, 309, 327);
INSERT INTO player_team_game_play(player_id, team_id, game_id, play_id, seconds_start, seconds_end) VALUES(3176, 1649, 24998, 28111, 309, 327);
INSERT INTO player_team_game_play(player_id, team_id, game_id, play_id, seconds_start, seconds_end) VALUES(7406, 1649, 24998, 28111, 309, 327);
INSERT INTO player_team_game_play(player_id, team_id, game_id, play_id, seconds_start, seconds_end) VALUES(6138, 1649, 24998, 28111, 309, 327);
INSERT INTO player_team_game_play(player_id, team_id, game_id, play_id, seconds_start, seconds_end) VALUES(5150, 1649, 24998, 28111, 309, 327);
INSERT INTO player_team_game_play(player_id, team_id, game_id, play_id, seconds_start, seconds_end) VALUES(7450, 1655, 24998, 28111, 309, 327);
INSERT INTO player_team_game_play(player_id, team_id, game_id, play_id, seconds_start, seconds_end) VALUES(6320, 1655, 24998, 28111, 309, 327);
INSERT INTO player_team_game_play(player_id, team_id, game_id, play_id, seconds_start, seconds_end) VALUES(7447, 1655, 24998, 28111, 309, 327);
INSERT INTO player_team_game_play(player_id, team_id, game_id, play_id, seconds_start, seconds_end) VALUES(7448, 1655, 24998, 28111, 309, 327);
INSERT INTO player_team_game_play(player_id, team_id, game_id, play_id, seconds_start, seconds_end) VALUES(378, 1655, 24998, 28111, 309, 327);
INSERT INTO lba.sub_play (play_id, seconds_da_start, player_made_id, team_made_id, game_made_id, player_suffered_id, team_suffered_id, game_suffered_id, shot_id, turnover_id, foul_id, rebound_defensive_01, rebound_offensive_01, assist_01, blocks_01, time_out_01, x, y)VALUES(28111, 18, 5150, 1649, 24998, NULL, NULL, NULL, 2, NULL, NULL, '', '', '', '', '', 90, 45);
INSERT INTO lba.sub_play (play_id, seconds_da_start, player_made_id, team_made_id, game_made_id, player_suffered_id, team_suffered_id, game_suffered_id, shot_id, turnover_id, foul_id, rebound_defensive_01, rebound_offensive_01, assist_01, blocks_01, time_out_01, x, y)VALUES(28111, 18, 7450, 1655, 24998, 5150, 1649, 24998, NULL, NULL, NULL, '', '', '', '1', '', 90, 45);
INSERT INTO lba.sub_play (play_id, seconds_da_start, player_made_id, team_made_id, game_made_id, player_suffered_id, team_suffered_id, game_suffered_id, shot_id, turnover_id, foul_id, rebound_defensive_01, rebound_offensive_01, assist_01, blocks_01, time_out_01, x, y)VALUES(28111, 18, 3176, 1649, 24998, NULL, NULL, NULL, NULL, NULL, NULL, '', '1', '', '', '', 90, 45);
INSERT INTO lba.sub_play (play_id, seconds_da_start, player_made_id, team_made_id, game_made_id, player_suffered_id, team_suffered_id, game_suffered_id, shot_id, turnover_id, foul_id, rebound_defensive_01, rebound_offensive_01, assist_01, blocks_01, time_out_01, x, y)VALUES(28111, 18, 3176, 1649, 24998, NULL, NULL, NULL, 1, NULL, NULL, '', '', '', '', '', 90, 45);

INSERT INTO play(id, game_id, seconds_start, seconds_end, quarter, attack_home_01, score_home, score_guest)VALUES(28112, 24998, 327, 348, 1, '0', 11, 9);
INSERT INTO player_team_game_play(player_id, team_id, game_id, play_id, seconds_start, seconds_end) VALUES(7015, 1649, 24998, 28112, 327, 348);
INSERT INTO player_team_game_play(player_id, team_id, game_id, play_id, seconds_start, seconds_end) VALUES(3176, 1649, 24998, 28112, 327, 348);
INSERT INTO player_team_game_play(player_id, team_id, game_id, play_id, seconds_start, seconds_end) VALUES(7406, 1649, 24998, 28112, 327, 348);
INSERT INTO player_team_game_play(player_id, team_id, game_id, play_id, seconds_start, seconds_end) VALUES(6138, 1649, 24998, 28112, 327, 348);
INSERT INTO player_team_game_play(player_id, team_id, game_id, play_id, seconds_start, seconds_end) VALUES(5150, 1649, 24998, 28112, 327, 348);
INSERT INTO player_team_game_play(player_id, team_id, game_id, play_id, seconds_start, seconds_end) VALUES(7450, 1655, 24998, 28112, 327, 348);
INSERT INTO player_team_game_play(player_id, team_id, game_id, play_id, seconds_start, seconds_end) VALUES(6320, 1655, 24998, 28112, 327, 348);
INSERT INTO player_team_game_play(player_id, team_id, game_id, play_id, seconds_start, seconds_end) VALUES(7447, 1655, 24998, 28112, 327, 348);
INSERT INTO player_team_game_play(player_id, team_id, game_id, play_id, seconds_start, seconds_end) VALUES(7448, 1655, 24998, 28112, 327, 348);
INSERT INTO player_team_game_play(player_id, team_id, game_id, play_id, seconds_start, seconds_end) VALUES(378, 1655, 24998, 28112, 327, 348);
INSERT INTO lba.sub_play (play_id, seconds_da_start, player_made_id, team_made_id, game_made_id, player_suffered_id, team_suffered_id, game_suffered_id, shot_id, turnover_id, foul_id, rebound_defensive_01, rebound_offensive_01, assist_01, blocks_01, time_out_01, x, y)VALUES(28112, 21, 7450, 1655, 24998, NULL, NULL, NULL, 1, NULL, NULL, '', '', '', '', '', 11, 75);

INSERT INTO play(id, game_id, seconds_start, seconds_end, quarter, attack_home_01, score_home, score_guest)VALUES(28113, 24998, 348, 377, 1, '0', 13, 11);
INSERT INTO player_team_game_play(player_id, team_id, game_id, play_id, seconds_start, seconds_end) VALUES(7015, 1649, 24998, 28113, 348, 377);
INSERT INTO player_team_game_play(player_id, team_id, game_id, play_id, seconds_start, seconds_end) VALUES(3176, 1649, 24998, 28113, 348, 377);
INSERT INTO player_team_game_play(player_id, team_id, game_id, play_id, seconds_start, seconds_end) VALUES(7406, 1649, 24998, 28113, 348, 377);
INSERT INTO player_team_game_play(player_id, team_id, game_id, play_id, seconds_start, seconds_end) VALUES(6138, 1649, 24998, 28113, 348, 377);
INSERT INTO player_team_game_play(player_id, team_id, game_id, play_id, seconds_start, seconds_end) VALUES(5150, 1649, 24998, 28113, 348, 377);
INSERT INTO player_team_game_play(player_id, team_id, game_id, play_id, seconds_start, seconds_end) VALUES(7450, 1655, 24998, 28113, 348, 377);
INSERT INTO player_team_game_play(player_id, team_id, game_id, play_id, seconds_start, seconds_end) VALUES(6320, 1655, 24998, 28113, 348, 377);
INSERT INTO player_team_game_play(player_id, team_id, game_id, play_id, seconds_start, seconds_end) VALUES(7447, 1655, 24998, 28113, 348, 377);
INSERT INTO player_team_game_play(player_id, team_id, game_id, play_id, seconds_start, seconds_end) VALUES(7448, 1655, 24998, 28113, 348, 377);
INSERT INTO player_team_game_play(player_id, team_id, game_id, play_id, seconds_start, seconds_end) VALUES(378, 1655, 24998, 28113, 348, 377);
UPDATE player_team_game_play SET seconds_end = 377 WHERE player_id = 6138 AND game_id = 24998 AND play_id = 28113;
UPDATE player_team_game_play SET seconds_end = 377 WHERE player_id = 7015 AND game_id = 24998 AND play_id = 28113;
INSERT INTO player_team_game_play(player_id, team_id, game_id, play_id, seconds_start, seconds_end) VALUES(1775, 1649, 24998, 28113, 377, 377);
INSERT INTO player_team_game_play(player_id, team_id, game_id, play_id, seconds_start, seconds_end) VALUES(2103, 1649, 24998, 28113, 377, 377);
UPDATE player_team_game_play SET seconds_end = 377 WHERE player_id = 7447 AND game_id = 24998 AND play_id = 28113;
INSERT INTO player_team_game_play(player_id, team_id, game_id, play_id, seconds_start, seconds_end) VALUES(2148, 1655, 24998, 28113, 377, 377);
INSERT INTO lba.sub_play (play_id, seconds_da_start, player_made_id, team_made_id, game_made_id, player_suffered_id, team_suffered_id, game_suffered_id, shot_id, turnover_id, foul_id, rebound_defensive_01, rebound_offensive_01, assist_01, blocks_01, time_out_01, x, y)VALUES(28113, 15, 6138, 1649, 24998, NULL, NULL, NULL, 1, NULL, NULL, '', '', '', '', '', 91, 47);
INSERT INTO lba.sub_play (play_id, seconds_da_start, player_made_id, team_made_id, game_made_id, player_suffered_id, team_suffered_id, game_suffered_id, shot_id, turnover_id, foul_id, rebound_defensive_01, rebound_offensive_01, assist_01, blocks_01, time_out_01, x, y)VALUES(28113, 29, 6138, 1649, 24998, 7448, 1655, 24998, NULL, NULL, 4, '', '', '', '', '', 10, 39);
INSERT INTO lba.sub_play (play_id, seconds_da_start, player_made_id, team_made_id, game_made_id, player_suffered_id, team_suffered_id, game_suffered_id, shot_id, turnover_id, foul_id, rebound_defensive_01, rebound_offensive_01, assist_01, blocks_01, time_out_01, x, y)VALUES(28113, 29, 7448, 1655, 24998, NULL, NULL, NULL, 5, NULL, NULL, '', '', '', '', '', NULL, NULL);
INSERT INTO lba.sub_play (play_id, seconds_da_start, player_made_id, team_made_id, game_made_id, player_suffered_id, team_suffered_id, game_suffered_id, shot_id, turnover_id, foul_id, rebound_defensive_01, rebound_offensive_01, assist_01, blocks_01, time_out_01, x, y)VALUES(28113, 29, 7448, 1655, 24998, NULL, NULL, NULL, 5, NULL, NULL, '', '', '', '', '', NULL, NULL);

INSERT INTO play(id, game_id, seconds_start, seconds_end, quarter, attack_home_01, score_home, score_guest)VALUES(28114, 24998, 377, 390, 1, '1', 14, 11);
INSERT INTO player_team_game_play(player_id, team_id, game_id, play_id, seconds_start, seconds_end) VALUES(7015, 1649, 24998, 28114, 377, 390);
INSERT INTO player_team_game_play(player_id, team_id, game_id, play_id, seconds_start, seconds_end) VALUES(3176, 1649, 24998, 28114, 377, 390);
INSERT INTO player_team_game_play(player_id, team_id, game_id, play_id, seconds_start, seconds_end) VALUES(7406, 1649, 24998, 28114, 377, 390);
INSERT INTO player_team_game_play(player_id, team_id, game_id, play_id, seconds_start, seconds_end) VALUES(6138, 1649, 24998, 28114, 377, 390);
INSERT INTO player_team_game_play(player_id, team_id, game_id, play_id, seconds_start, seconds_end) VALUES(5150, 1649, 24998, 28114, 377, 390);
INSERT INTO player_team_game_play(player_id, team_id, game_id, play_id, seconds_start, seconds_end) VALUES(7450, 1655, 24998, 28114, 377, 390);
INSERT INTO player_team_game_play(player_id, team_id, game_id, play_id, seconds_start, seconds_end) VALUES(6320, 1655, 24998, 28114, 377, 390);
INSERT INTO player_team_game_play(player_id, team_id, game_id, play_id, seconds_start, seconds_end) VALUES(7447, 1655, 24998, 28114, 377, 390);
INSERT INTO player_team_game_play(player_id, team_id, game_id, play_id, seconds_start, seconds_end) VALUES(7448, 1655, 24998, 28114, 377, 390);
INSERT INTO player_team_game_play(player_id, team_id, game_id, play_id, seconds_start, seconds_end) VALUES(378, 1655, 24998, 28114, 377, 390);
UPDATE player_team_game_play SET seconds_end = 377 WHERE player_id = 6138 AND game_id = 24998 AND play_id = 28114;
UPDATE player_team_game_play SET seconds_end = 377 WHERE player_id = 7015 AND game_id = 24998 AND play_id = 28114;
INSERT INTO player_team_game_play(player_id, team_id, game_id, play_id, seconds_start, seconds_end) VALUES(1775, 1649, 24998, 28114, 377, 390);
INSERT INTO player_team_game_play(player_id, team_id, game_id, play_id, seconds_start, seconds_end) VALUES(2103, 1649, 24998, 28114, 377, 390);
UPDATE player_team_game_play SET seconds_end = 377 WHERE player_id = 7447 AND game_id = 24998 AND play_id = 28114;
INSERT INTO player_team_game_play(player_id, team_id, game_id, play_id, seconds_start, seconds_end) VALUES(2148, 1655, 24998, 28114, 377, 390);
UPDATE player_team_game_play SET seconds_end = 390 WHERE player_id = 7406 AND game_id = 24998 AND play_id = 28114;
INSERT INTO player_team_game_play(player_id, team_id, game_id, play_id, seconds_start, seconds_end) VALUES(7404, 1649, 24998, 28114, 390, 390);
INSERT INTO lba.sub_play (play_id, seconds_da_start, player_made_id, team_made_id, game_made_id, player_suffered_id, team_suffered_id, game_suffered_id, shot_id, turnover_id, foul_id, rebound_defensive_01, rebound_offensive_01, assist_01, blocks_01, time_out_01, x, y)VALUES(28114, 13, 2148, 1655, 24998, 5150, 1649, 24998, NULL, NULL, 4, '', '', '', '', '', 90, 62);
INSERT INTO lba.sub_play (play_id, seconds_da_start, player_made_id, team_made_id, game_made_id, player_suffered_id, team_suffered_id, game_suffered_id, shot_id, turnover_id, foul_id, rebound_defensive_01, rebound_offensive_01, assist_01, blocks_01, time_out_01, x, y)VALUES(28114, 13, 5150, 1649, 24998, NULL, NULL, NULL, 6, NULL, NULL, '', '', '', '', '', NULL, NULL);
INSERT INTO lba.sub_play (play_id, seconds_da_start, player_made_id, team_made_id, game_made_id, player_suffered_id, team_suffered_id, game_suffered_id, shot_id, turnover_id, foul_id, rebound_defensive_01, rebound_offensive_01, assist_01, blocks_01, time_out_01, x, y)VALUES(28114, 13, 5150, 1649, 24998, NULL, NULL, NULL, 5, NULL, NULL, '', '', '', '', '', NULL, NULL);

INSERT INTO play(id, game_id, seconds_start, seconds_end, quarter, attack_home_01, score_home, score_guest)VALUES(28115, 24998, 390, 412, 1, '0', 14, 11);
INSERT INTO player_team_game_play(player_id, team_id, game_id, play_id, seconds_start, seconds_end) VALUES(3176, 1649, 24998, 28115, 390, 412);
INSERT INTO player_team_game_play(player_id, team_id, game_id, play_id, seconds_start, seconds_end) VALUES(7406, 1649, 24998, 28115, 390, 412);
INSERT INTO player_team_game_play(player_id, team_id, game_id, play_id, seconds_start, seconds_end) VALUES(1775, 1649, 24998, 28115, 390, 412);
INSERT INTO player_team_game_play(player_id, team_id, game_id, play_id, seconds_start, seconds_end) VALUES(2103, 1649, 24998, 28115, 390, 412);
INSERT INTO player_team_game_play(player_id, team_id, game_id, play_id, seconds_start, seconds_end) VALUES(5150, 1649, 24998, 28115, 390, 412);
INSERT INTO player_team_game_play(player_id, team_id, game_id, play_id, seconds_start, seconds_end) VALUES(6320, 1655, 24998, 28115, 390, 412);
INSERT INTO player_team_game_play(player_id, team_id, game_id, play_id, seconds_start, seconds_end) VALUES(2148, 1655, 24998, 28115, 390, 412);
INSERT INTO player_team_game_play(player_id, team_id, game_id, play_id, seconds_start, seconds_end) VALUES(7448, 1655, 24998, 28115, 390, 412);
INSERT INTO player_team_game_play(player_id, team_id, game_id, play_id, seconds_start, seconds_end) VALUES(7450, 1655, 24998, 28115, 390, 412);
INSERT INTO player_team_game_play(player_id, team_id, game_id, play_id, seconds_start, seconds_end) VALUES(378, 1655, 24998, 28115, 390, 412);
UPDATE player_team_game_play SET seconds_end = 390 WHERE player_id = 7406 AND game_id = 24998 AND play_id = 28115;
INSERT INTO player_team_game_play(player_id, team_id, game_id, play_id, seconds_start, seconds_end) VALUES(7404, 1649, 24998, 28115, 390, 412);
INSERT INTO lba.sub_play (play_id, seconds_da_start, player_made_id, team_made_id, game_made_id, player_suffered_id, team_suffered_id, game_suffered_id, shot_id, turnover_id, foul_id, rebound_defensive_01, rebound_offensive_01, assist_01, blocks_01, time_out_01, x, y)VALUES(28115, 22, 2148, 1655, 24998, NULL, NULL, NULL, 4, NULL, NULL, '', '', '', '', '', 15, 97);
INSERT INTO lba.sub_play (play_id, seconds_da_start, player_made_id, team_made_id, game_made_id, player_suffered_id, team_suffered_id, game_suffered_id, shot_id, turnover_id, foul_id, rebound_defensive_01, rebound_offensive_01, assist_01, blocks_01, time_out_01, x, y)VALUES(28115, 22, 3176, 1649, 24998, NULL, NULL, NULL, NULL, NULL, NULL, '1', '', '', '', '', 15, 97);

INSERT INTO play(id, game_id, seconds_start, seconds_end, quarter, attack_home_01, score_home, score_guest)VALUES(28116, 24998, 412, 425, 1, '1', 16, 11);
INSERT INTO player_team_game_play(player_id, team_id, game_id, play_id, seconds_start, seconds_end) VALUES(3176, 1649, 24998, 28116, 412, 425);
INSERT INTO player_team_game_play(player_id, team_id, game_id, play_id, seconds_start, seconds_end) VALUES(7404, 1649, 24998, 28116, 412, 425);
INSERT INTO player_team_game_play(player_id, team_id, game_id, play_id, seconds_start, seconds_end) VALUES(1775, 1649, 24998, 28116, 412, 425);
INSERT INTO player_team_game_play(player_id, team_id, game_id, play_id, seconds_start, seconds_end) VALUES(2103, 1649, 24998, 28116, 412, 425);
INSERT INTO player_team_game_play(player_id, team_id, game_id, play_id, seconds_start, seconds_end) VALUES(5150, 1649, 24998, 28116, 412, 425);
INSERT INTO player_team_game_play(player_id, team_id, game_id, play_id, seconds_start, seconds_end) VALUES(6320, 1655, 24998, 28116, 412, 425);
INSERT INTO player_team_game_play(player_id, team_id, game_id, play_id, seconds_start, seconds_end) VALUES(2148, 1655, 24998, 28116, 412, 425);
INSERT INTO player_team_game_play(player_id, team_id, game_id, play_id, seconds_start, seconds_end) VALUES(7448, 1655, 24998, 28116, 412, 425);
INSERT INTO player_team_game_play(player_id, team_id, game_id, play_id, seconds_start, seconds_end) VALUES(7450, 1655, 24998, 28116, 412, 425);
INSERT INTO player_team_game_play(player_id, team_id, game_id, play_id, seconds_start, seconds_end) VALUES(378, 1655, 24998, 28116, 412, 425);
INSERT INTO lba.sub_play (play_id, seconds_da_start, player_made_id, team_made_id, game_made_id, player_suffered_id, team_suffered_id, game_suffered_id, shot_id, turnover_id, foul_id, rebound_defensive_01, rebound_offensive_01, assist_01, blocks_01, time_out_01, x, y)VALUES(28116, 13, 3176, 1649, 24998, NULL, NULL, NULL, 1, NULL, NULL, '', '', '', '', '', 92, 28);
INSERT INTO lba.sub_play (play_id, seconds_da_start, player_made_id, team_made_id, game_made_id, player_suffered_id, team_suffered_id, game_suffered_id, shot_id, turnover_id, foul_id, rebound_defensive_01, rebound_offensive_01, assist_01, blocks_01, time_out_01, x, y)VALUES(28116, 13, 5150, 1649, 24998, NULL, NULL, NULL, NULL, NULL, NULL, '', '', '1', '', '', 92, 28);

INSERT INTO play(id, game_id, seconds_start, seconds_end, quarter, attack_home_01, score_home, score_guest)VALUES(28117, 24998, 425, 444, 1, '0', 16, 12);
INSERT INTO player_team_game_play(player_id, team_id, game_id, play_id, seconds_start, seconds_end) VALUES(3176, 1649, 24998, 28117, 425, 444);
INSERT INTO player_team_game_play(player_id, team_id, game_id, play_id, seconds_start, seconds_end) VALUES(7404, 1649, 24998, 28117, 425, 444);
INSERT INTO player_team_game_play(player_id, team_id, game_id, play_id, seconds_start, seconds_end) VALUES(1775, 1649, 24998, 28117, 425, 444);
INSERT INTO player_team_game_play(player_id, team_id, game_id, play_id, seconds_start, seconds_end) VALUES(2103, 1649, 24998, 28117, 425, 444);
INSERT INTO player_team_game_play(player_id, team_id, game_id, play_id, seconds_start, seconds_end) VALUES(5150, 1649, 24998, 28117, 425, 444);
INSERT INTO player_team_game_play(player_id, team_id, game_id, play_id, seconds_start, seconds_end) VALUES(6320, 1655, 24998, 28117, 425, 444);
INSERT INTO player_team_game_play(player_id, team_id, game_id, play_id, seconds_start, seconds_end) VALUES(2148, 1655, 24998, 28117, 425, 444);
INSERT INTO player_team_game_play(player_id, team_id, game_id, play_id, seconds_start, seconds_end) VALUES(7448, 1655, 24998, 28117, 425, 444);
INSERT INTO player_team_game_play(player_id, team_id, game_id, play_id, seconds_start, seconds_end) VALUES(7450, 1655, 24998, 28117, 425, 444);
INSERT INTO player_team_game_play(player_id, team_id, game_id, play_id, seconds_start, seconds_end) VALUES(378, 1655, 24998, 28117, 425, 444);
UPDATE player_team_game_play SET seconds_end = 444 WHERE player_id = 5150 AND game_id = 24998 AND play_id = 28117;
INSERT INTO player_team_game_play(player_id, team_id, game_id, play_id, seconds_start, seconds_end) VALUES(7405, 1649, 24998, 28117, 444, 444);
INSERT INTO lba.sub_play (play_id, seconds_da_start, player_made_id, team_made_id, game_made_id, player_suffered_id, team_suffered_id, game_suffered_id, shot_id, turnover_id, foul_id, rebound_defensive_01, rebound_offensive_01, assist_01, blocks_01, time_out_01, x, y)VALUES(28117, 19, 5150, 1649, 24998, 2148, 1655, 24998, NULL, NULL, 4, '', '', '', '', '', 15, 54);
INSERT INTO lba.sub_play (play_id, seconds_da_start, player_made_id, team_made_id, game_made_id, player_suffered_id, team_suffered_id, game_suffered_id, shot_id, turnover_id, foul_id, rebound_defensive_01, rebound_offensive_01, assist_01, blocks_01, time_out_01, x, y)VALUES(28117, 19, 2148, 1655, 24998, NULL, NULL, NULL, 6, NULL, NULL, '', '', '', '', '', NULL, NULL);
INSERT INTO lba.sub_play (play_id, seconds_da_start, player_made_id, team_made_id, game_made_id, player_suffered_id, team_suffered_id, game_suffered_id, shot_id, turnover_id, foul_id, rebound_defensive_01, rebound_offensive_01, assist_01, blocks_01, time_out_01, x, y)VALUES(28117, 19, 2148, 1655, 24998, NULL, NULL, NULL, 5, NULL, NULL, '', '', '', '', '', NULL, NULL);
INSERT INTO lba.sub_play (play_id, seconds_da_start, player_made_id, team_made_id, game_made_id, player_suffered_id, team_suffered_id, game_suffered_id, shot_id, turnover_id, foul_id, rebound_defensive_01, rebound_offensive_01, assist_01, blocks_01, time_out_01, x, y)VALUES(28117, 19, 7450, 1655, 24998, NULL, NULL, NULL, NULL, NULL, NULL, '', '', '1', '', '', NULL, NULL);

INSERT INTO play(id, game_id, seconds_start, seconds_end, quarter, attack_home_01, score_home, score_guest)VALUES(28118, 24998, 444, 458, 1, '1', 18, 12);
INSERT INTO player_team_game_play(player_id, team_id, game_id, play_id, seconds_start, seconds_end) VALUES(3176, 1649, 24998, 28118, 444, 458);
INSERT INTO player_team_game_play(player_id, team_id, game_id, play_id, seconds_start, seconds_end) VALUES(7404, 1649, 24998, 28118, 444, 458);
INSERT INTO player_team_game_play(player_id, team_id, game_id, play_id, seconds_start, seconds_end) VALUES(1775, 1649, 24998, 28118, 444, 458);
INSERT INTO player_team_game_play(player_id, team_id, game_id, play_id, seconds_start, seconds_end) VALUES(2103, 1649, 24998, 28118, 444, 458);
INSERT INTO player_team_game_play(player_id, team_id, game_id, play_id, seconds_start, seconds_end) VALUES(5150, 1649, 24998, 28118, 444, 458);
INSERT INTO player_team_game_play(player_id, team_id, game_id, play_id, seconds_start, seconds_end) VALUES(6320, 1655, 24998, 28118, 444, 458);
INSERT INTO player_team_game_play(player_id, team_id, game_id, play_id, seconds_start, seconds_end) VALUES(2148, 1655, 24998, 28118, 444, 458);
INSERT INTO player_team_game_play(player_id, team_id, game_id, play_id, seconds_start, seconds_end) VALUES(7448, 1655, 24998, 28118, 444, 458);
INSERT INTO player_team_game_play(player_id, team_id, game_id, play_id, seconds_start, seconds_end) VALUES(7450, 1655, 24998, 28118, 444, 458);
INSERT INTO player_team_game_play(player_id, team_id, game_id, play_id, seconds_start, seconds_end) VALUES(378, 1655, 24998, 28118, 444, 458);
UPDATE player_team_game_play SET seconds_end = 444 WHERE player_id = 5150 AND game_id = 24998 AND play_id = 28118;
INSERT INTO player_team_game_play(player_id, team_id, game_id, play_id, seconds_start, seconds_end) VALUES(7405, 1649, 24998, 28118, 444, 458);
INSERT INTO lba.sub_play (play_id, seconds_da_start, player_made_id, team_made_id, game_made_id, player_suffered_id, team_suffered_id, game_suffered_id, shot_id, turnover_id, foul_id, rebound_defensive_01, rebound_offensive_01, assist_01, blocks_01, time_out_01, x, y)VALUES(28118, 14, 7404, 1649, 24998, NULL, NULL, NULL, 1, NULL, NULL, '', '', '', '', '', 87, 55);

INSERT INTO play(id, game_id, seconds_start, seconds_end, quarter, attack_home_01, score_home, score_guest)VALUES(28119, 24998, 458, 478, 1, '0', 18, 12);
INSERT INTO player_team_game_play(player_id, team_id, game_id, play_id, seconds_start, seconds_end) VALUES(3176, 1649, 24998, 28119, 458, 478);
INSERT INTO player_team_game_play(player_id, team_id, game_id, play_id, seconds_start, seconds_end) VALUES(7404, 1649, 24998, 28119, 458, 478);
INSERT INTO player_team_game_play(player_id, team_id, game_id, play_id, seconds_start, seconds_end) VALUES(7405, 1649, 24998, 28119, 458, 478);
INSERT INTO player_team_game_play(player_id, team_id, game_id, play_id, seconds_start, seconds_end) VALUES(1775, 1649, 24998, 28119, 458, 478);
INSERT INTO player_team_game_play(player_id, team_id, game_id, play_id, seconds_start, seconds_end) VALUES(2103, 1649, 24998, 28119, 458, 478);
INSERT INTO player_team_game_play(player_id, team_id, game_id, play_id, seconds_start, seconds_end) VALUES(6320, 1655, 24998, 28119, 458, 478);
INSERT INTO player_team_game_play(player_id, team_id, game_id, play_id, seconds_start, seconds_end) VALUES(2148, 1655, 24998, 28119, 458, 478);
INSERT INTO player_team_game_play(player_id, team_id, game_id, play_id, seconds_start, seconds_end) VALUES(7448, 1655, 24998, 28119, 458, 478);
INSERT INTO player_team_game_play(player_id, team_id, game_id, play_id, seconds_start, seconds_end) VALUES(7450, 1655, 24998, 28119, 458, 478);
INSERT INTO player_team_game_play(player_id, team_id, game_id, play_id, seconds_start, seconds_end) VALUES(378, 1655, 24998, 28119, 458, 478);
INSERT INTO lba.sub_play (play_id, seconds_da_start, player_made_id, team_made_id, game_made_id, player_suffered_id, team_suffered_id, game_suffered_id, shot_id, turnover_id, foul_id, rebound_defensive_01, rebound_offensive_01, assist_01, blocks_01, time_out_01, x, y)VALUES(28119, 20, 2148, 1655, 24998, NULL, NULL, NULL, 4, NULL, NULL, '', '', '', '', '', 5, 98);
INSERT INTO lba.sub_play (play_id, seconds_da_start, player_made_id, team_made_id, game_made_id, player_suffered_id, team_suffered_id, game_suffered_id, shot_id, turnover_id, foul_id, rebound_defensive_01, rebound_offensive_01, assist_01, blocks_01, time_out_01, x, y)VALUES(28119, 20, 2103, 1649, 24998, NULL, NULL, NULL, NULL, NULL, NULL, '1', '', '', '', '', 5, 98);

INSERT INTO play(id, game_id, seconds_start, seconds_end, quarter, attack_home_01, score_home, score_guest)VALUES(28120, 24998, 478, 491, 1, '1', 18, 12);
INSERT INTO player_team_game_play(player_id, team_id, game_id, play_id, seconds_start, seconds_end) VALUES(3176, 1649, 24998, 28120, 478, 491);
INSERT INTO player_team_game_play(player_id, team_id, game_id, play_id, seconds_start, seconds_end) VALUES(7404, 1649, 24998, 28120, 478, 491);
INSERT INTO player_team_game_play(player_id, team_id, game_id, play_id, seconds_start, seconds_end) VALUES(7405, 1649, 24998, 28120, 478, 491);
INSERT INTO player_team_game_play(player_id, team_id, game_id, play_id, seconds_start, seconds_end) VALUES(1775, 1649, 24998, 28120, 478, 491);
INSERT INTO player_team_game_play(player_id, team_id, game_id, play_id, seconds_start, seconds_end) VALUES(2103, 1649, 24998, 28120, 478, 491);
INSERT INTO player_team_game_play(player_id, team_id, game_id, play_id, seconds_start, seconds_end) VALUES(6320, 1655, 24998, 28120, 478, 491);
INSERT INTO player_team_game_play(player_id, team_id, game_id, play_id, seconds_start, seconds_end) VALUES(2148, 1655, 24998, 28120, 478, 491);
INSERT INTO player_team_game_play(player_id, team_id, game_id, play_id, seconds_start, seconds_end) VALUES(7448, 1655, 24998, 28120, 478, 491);
INSERT INTO player_team_game_play(player_id, team_id, game_id, play_id, seconds_start, seconds_end) VALUES(7450, 1655, 24998, 28120, 478, 491);
INSERT INTO player_team_game_play(player_id, team_id, game_id, play_id, seconds_start, seconds_end) VALUES(378, 1655, 24998, 28120, 478, 491);
UPDATE player_team_game_play SET seconds_end = 491 WHERE player_id = 6320 AND game_id = 24998 AND play_id = 28120;
UPDATE player_team_game_play SET seconds_end = 491 WHERE player_id = 2148 AND game_id = 24998 AND play_id = 28120;
INSERT INTO player_team_game_play(player_id, team_id, game_id, play_id, seconds_start, seconds_end) VALUES(7049, 1655, 24998, 28120, 491, 491);
INSERT INTO player_team_game_play(player_id, team_id, game_id, play_id, seconds_start, seconds_end) VALUES(7447, 1655, 24998, 28120, 491, 491);
INSERT INTO lba.sub_play (play_id, seconds_da_start, player_made_id, team_made_id, game_made_id, player_suffered_id, team_suffered_id, game_suffered_id, shot_id, turnover_id, foul_id, rebound_defensive_01, rebound_offensive_01, assist_01, blocks_01, time_out_01, x, y)VALUES(28120, 13, 7404, 1649, 24998, NULL, NULL, NULL, NULL, 2, NULL, '', '', '', '', '', 80, 96);

INSERT INTO play(id, game_id, seconds_start, seconds_end, quarter, attack_home_01, score_home, score_guest)VALUES(28121, 24998, 491, 501, 1, '0', 18, 14);
INSERT INTO player_team_game_play(player_id, team_id, game_id, play_id, seconds_start, seconds_end) VALUES(3176, 1649, 24998, 28121, 491, 501);
INSERT INTO player_team_game_play(player_id, team_id, game_id, play_id, seconds_start, seconds_end) VALUES(7404, 1649, 24998, 28121, 491, 501);
INSERT INTO player_team_game_play(player_id, team_id, game_id, play_id, seconds_start, seconds_end) VALUES(7405, 1649, 24998, 28121, 491, 501);
INSERT INTO player_team_game_play(player_id, team_id, game_id, play_id, seconds_start, seconds_end) VALUES(1775, 1649, 24998, 28121, 491, 501);
INSERT INTO player_team_game_play(player_id, team_id, game_id, play_id, seconds_start, seconds_end) VALUES(2103, 1649, 24998, 28121, 491, 501);
INSERT INTO player_team_game_play(player_id, team_id, game_id, play_id, seconds_start, seconds_end) VALUES(6320, 1655, 24998, 28121, 491, 501);
INSERT INTO player_team_game_play(player_id, team_id, game_id, play_id, seconds_start, seconds_end) VALUES(2148, 1655, 24998, 28121, 491, 501);
INSERT INTO player_team_game_play(player_id, team_id, game_id, play_id, seconds_start, seconds_end) VALUES(7448, 1655, 24998, 28121, 491, 501);
INSERT INTO player_team_game_play(player_id, team_id, game_id, play_id, seconds_start, seconds_end) VALUES(7450, 1655, 24998, 28121, 491, 501);
INSERT INTO player_team_game_play(player_id, team_id, game_id, play_id, seconds_start, seconds_end) VALUES(378, 1655, 24998, 28121, 491, 501);
UPDATE player_team_game_play SET seconds_end = 491 WHERE player_id = 6320 AND game_id = 24998 AND play_id = 28121;
UPDATE player_team_game_play SET seconds_end = 491 WHERE player_id = 2148 AND game_id = 24998 AND play_id = 28121;
INSERT INTO player_team_game_play(player_id, team_id, game_id, play_id, seconds_start, seconds_end) VALUES(7049, 1655, 24998, 28121, 491, 501);
INSERT INTO player_team_game_play(player_id, team_id, game_id, play_id, seconds_start, seconds_end) VALUES(7447, 1655, 24998, 28121, 491, 501);
INSERT INTO lba.sub_play (play_id, seconds_da_start, player_made_id, team_made_id, game_made_id, player_suffered_id, team_suffered_id, game_suffered_id, shot_id, turnover_id, foul_id, rebound_defensive_01, rebound_offensive_01, assist_01, blocks_01, time_out_01, x, y)VALUES(28121, 10, 7448, 1655, 24998, NULL, NULL, NULL, 1, NULL, NULL, '', '', '', '', '', 11, 50);

INSERT INTO play(id, game_id, seconds_start, seconds_end, quarter, attack_home_01, score_home, score_guest)VALUES(28122, 24998, 501, 523, 1, '1', 21, 14);
INSERT INTO player_team_game_play(player_id, team_id, game_id, play_id, seconds_start, seconds_end) VALUES(3176, 1649, 24998, 28122, 501, 523);
INSERT INTO player_team_game_play(player_id, team_id, game_id, play_id, seconds_start, seconds_end) VALUES(7404, 1649, 24998, 28122, 501, 523);
INSERT INTO player_team_game_play(player_id, team_id, game_id, play_id, seconds_start, seconds_end) VALUES(7405, 1649, 24998, 28122, 501, 523);
INSERT INTO player_team_game_play(player_id, team_id, game_id, play_id, seconds_start, seconds_end) VALUES(1775, 1649, 24998, 28122, 501, 523);
INSERT INTO player_team_game_play(player_id, team_id, game_id, play_id, seconds_start, seconds_end) VALUES(2103, 1649, 24998, 28122, 501, 523);
INSERT INTO player_team_game_play(player_id, team_id, game_id, play_id, seconds_start, seconds_end) VALUES(7447, 1655, 24998, 28122, 501, 523);
INSERT INTO player_team_game_play(player_id, team_id, game_id, play_id, seconds_start, seconds_end) VALUES(7448, 1655, 24998, 28122, 501, 523);
INSERT INTO player_team_game_play(player_id, team_id, game_id, play_id, seconds_start, seconds_end) VALUES(7049, 1655, 24998, 28122, 501, 523);
INSERT INTO player_team_game_play(player_id, team_id, game_id, play_id, seconds_start, seconds_end) VALUES(7450, 1655, 24998, 28122, 501, 523);
INSERT INTO player_team_game_play(player_id, team_id, game_id, play_id, seconds_start, seconds_end) VALUES(378, 1655, 24998, 28122, 501, 523);
INSERT INTO lba.sub_play (play_id, seconds_da_start, player_made_id, team_made_id, game_made_id, player_suffered_id, team_suffered_id, game_suffered_id, shot_id, turnover_id, foul_id, rebound_defensive_01, rebound_offensive_01, assist_01, blocks_01, time_out_01, x, y)VALUES(28122, 22, 2103, 1649, 24998, NULL, NULL, NULL, 3, NULL, NULL, '', '', '', '', '', 77, 89);
INSERT INTO lba.sub_play (play_id, seconds_da_start, player_made_id, team_made_id, game_made_id, player_suffered_id, team_suffered_id, game_suffered_id, shot_id, turnover_id, foul_id, rebound_defensive_01, rebound_offensive_01, assist_01, blocks_01, time_out_01, x, y)VALUES(28122, 22, 1775, 1649, 24998, NULL, NULL, NULL, NULL, NULL, NULL, '', '', '1', '', '', 77, 89);

INSERT INTO play(id, game_id, seconds_start, seconds_end, quarter, attack_home_01, score_home, score_guest)VALUES(28123, 24998, 523, 539, 1, '0', 21, 16);
INSERT INTO player_team_game_play(player_id, team_id, game_id, play_id, seconds_start, seconds_end) VALUES(3176, 1649, 24998, 28123, 523, 539);
INSERT INTO player_team_game_play(player_id, team_id, game_id, play_id, seconds_start, seconds_end) VALUES(7404, 1649, 24998, 28123, 523, 539);
INSERT INTO player_team_game_play(player_id, team_id, game_id, play_id, seconds_start, seconds_end) VALUES(7405, 1649, 24998, 28123, 523, 539);
INSERT INTO player_team_game_play(player_id, team_id, game_id, play_id, seconds_start, seconds_end) VALUES(1775, 1649, 24998, 28123, 523, 539);
INSERT INTO player_team_game_play(player_id, team_id, game_id, play_id, seconds_start, seconds_end) VALUES(2103, 1649, 24998, 28123, 523, 539);
INSERT INTO player_team_game_play(player_id, team_id, game_id, play_id, seconds_start, seconds_end) VALUES(7447, 1655, 24998, 28123, 523, 539);
INSERT INTO player_team_game_play(player_id, team_id, game_id, play_id, seconds_start, seconds_end) VALUES(7448, 1655, 24998, 28123, 523, 539);
INSERT INTO player_team_game_play(player_id, team_id, game_id, play_id, seconds_start, seconds_end) VALUES(7049, 1655, 24998, 28123, 523, 539);
INSERT INTO player_team_game_play(player_id, team_id, game_id, play_id, seconds_start, seconds_end) VALUES(7450, 1655, 24998, 28123, 523, 539);
INSERT INTO player_team_game_play(player_id, team_id, game_id, play_id, seconds_start, seconds_end) VALUES(378, 1655, 24998, 28123, 523, 539);
UPDATE player_team_game_play SET seconds_end = 539 WHERE player_id = 3176 AND game_id = 24998 AND play_id = 28123;
INSERT INTO player_team_game_play(player_id, team_id, game_id, play_id, seconds_start, seconds_end) VALUES(4692, 1649, 24998, 28123, 539, 539);
INSERT INTO lba.sub_play (play_id, seconds_da_start, player_made_id, team_made_id, game_made_id, player_suffered_id, team_suffered_id, game_suffered_id, shot_id, turnover_id, foul_id, rebound_defensive_01, rebound_offensive_01, assist_01, blocks_01, time_out_01, x, y)VALUES(28123, 16, 7404, 1649, 24998, 7450, 1655, 24998, NULL, NULL, 1, '', '', '', '', '', 10, 31);
INSERT INTO lba.sub_play (play_id, seconds_da_start, player_made_id, team_made_id, game_made_id, player_suffered_id, team_suffered_id, game_suffered_id, shot_id, turnover_id, foul_id, rebound_defensive_01, rebound_offensive_01, assist_01, blocks_01, time_out_01, x, y)VALUES(28123, 16, 7450, 1655, 24998, NULL, NULL, NULL, 5, NULL, NULL, '', '', '', '', '', NULL, NULL);
INSERT INTO lba.sub_play (play_id, seconds_da_start, player_made_id, team_made_id, game_made_id, player_suffered_id, team_suffered_id, game_suffered_id, shot_id, turnover_id, foul_id, rebound_defensive_01, rebound_offensive_01, assist_01, blocks_01, time_out_01, x, y)VALUES(28123, 16, 7450, 1655, 24998, NULL, NULL, NULL, 5, NULL, NULL, '', '', '', '', '', NULL, NULL);

INSERT INTO play(id, game_id, seconds_start, seconds_end, quarter, attack_home_01, score_home, score_guest)VALUES(28124, 24998, 539, 558, 1, '1', 21, 16);
INSERT INTO player_team_game_play(player_id, team_id, game_id, play_id, seconds_start, seconds_end) VALUES(3176, 1649, 24998, 28124, 539, 558);
INSERT INTO player_team_game_play(player_id, team_id, game_id, play_id, seconds_start, seconds_end) VALUES(7404, 1649, 24998, 28124, 539, 558);
INSERT INTO player_team_game_play(player_id, team_id, game_id, play_id, seconds_start, seconds_end) VALUES(7405, 1649, 24998, 28124, 539, 558);
INSERT INTO player_team_game_play(player_id, team_id, game_id, play_id, seconds_start, seconds_end) VALUES(1775, 1649, 24998, 28124, 539, 558);
INSERT INTO player_team_game_play(player_id, team_id, game_id, play_id, seconds_start, seconds_end) VALUES(2103, 1649, 24998, 28124, 539, 558);
INSERT INTO player_team_game_play(player_id, team_id, game_id, play_id, seconds_start, seconds_end) VALUES(7447, 1655, 24998, 28124, 539, 558);
INSERT INTO player_team_game_play(player_id, team_id, game_id, play_id, seconds_start, seconds_end) VALUES(7448, 1655, 24998, 28124, 539, 558);
INSERT INTO player_team_game_play(player_id, team_id, game_id, play_id, seconds_start, seconds_end) VALUES(7049, 1655, 24998, 28124, 539, 558);
INSERT INTO player_team_game_play(player_id, team_id, game_id, play_id, seconds_start, seconds_end) VALUES(7450, 1655, 24998, 28124, 539, 558);
INSERT INTO player_team_game_play(player_id, team_id, game_id, play_id, seconds_start, seconds_end) VALUES(378, 1655, 24998, 28124, 539, 558);
UPDATE player_team_game_play SET seconds_end = 539 WHERE player_id = 3176 AND game_id = 24998 AND play_id = 28124;
INSERT INTO player_team_game_play(player_id, team_id, game_id, play_id, seconds_start, seconds_end) VALUES(4692, 1649, 24998, 28124, 539, 558);
INSERT INTO lba.sub_play (play_id, seconds_da_start, player_made_id, team_made_id, game_made_id, player_suffered_id, team_suffered_id, game_suffered_id, shot_id, turnover_id, foul_id, rebound_defensive_01, rebound_offensive_01, assist_01, blocks_01, time_out_01, x, y)VALUES(28124, 19, 7405, 1649, 24998, NULL, NULL, NULL, NULL, 4, NULL, '', '', '', '', '', 84, 59);

INSERT INTO play(id, game_id, seconds_start, seconds_end, quarter, attack_home_01, score_home, score_guest)VALUES(28125, 24998, 558, 590, 1, '0', 21, 19);
INSERT INTO player_team_game_play(player_id, team_id, game_id, play_id, seconds_start, seconds_end) VALUES(4692, 1649, 24998, 28125, 558, 590);
INSERT INTO player_team_game_play(player_id, team_id, game_id, play_id, seconds_start, seconds_end) VALUES(2103, 1649, 24998, 28125, 558, 590);
INSERT INTO player_team_game_play(player_id, team_id, game_id, play_id, seconds_start, seconds_end) VALUES(7404, 1649, 24998, 28125, 558, 590);
INSERT INTO player_team_game_play(player_id, team_id, game_id, play_id, seconds_start, seconds_end) VALUES(7405, 1649, 24998, 28125, 558, 590);
INSERT INTO player_team_game_play(player_id, team_id, game_id, play_id, seconds_start, seconds_end) VALUES(1775, 1649, 24998, 28125, 558, 590);
INSERT INTO player_team_game_play(player_id, team_id, game_id, play_id, seconds_start, seconds_end) VALUES(7447, 1655, 24998, 28125, 558, 590);
INSERT INTO player_team_game_play(player_id, team_id, game_id, play_id, seconds_start, seconds_end) VALUES(7448, 1655, 24998, 28125, 558, 590);
INSERT INTO player_team_game_play(player_id, team_id, game_id, play_id, seconds_start, seconds_end) VALUES(7049, 1655, 24998, 28125, 558, 590);
INSERT INTO player_team_game_play(player_id, team_id, game_id, play_id, seconds_start, seconds_end) VALUES(7450, 1655, 24998, 28125, 558, 590);
INSERT INTO player_team_game_play(player_id, team_id, game_id, play_id, seconds_start, seconds_end) VALUES(378, 1655, 24998, 28125, 558, 590);
INSERT INTO lba.sub_play (play_id, seconds_da_start, player_made_id, team_made_id, game_made_id, player_suffered_id, team_suffered_id, game_suffered_id, shot_id, turnover_id, foul_id, rebound_defensive_01, rebound_offensive_01, assist_01, blocks_01, time_out_01, x, y)VALUES(28125, 22, 7448, 1655, 24998, NULL, NULL, NULL, 4, NULL, NULL, '', '', '', '', '', 37, 73);
INSERT INTO lba.sub_play (play_id, seconds_da_start, player_made_id, team_made_id, game_made_id, player_suffered_id, team_suffered_id, game_suffered_id, shot_id, turnover_id, foul_id, rebound_defensive_01, rebound_offensive_01, assist_01, blocks_01, time_out_01, x, y)VALUES(28125, 22, 378, 1655, 24998, NULL, NULL, NULL, NULL, NULL, NULL, '', '1', '', '', '', 37, 73);
INSERT INTO lba.sub_play (play_id, seconds_da_start, player_made_id, team_made_id, game_made_id, player_suffered_id, team_suffered_id, game_suffered_id, shot_id, turnover_id, foul_id, rebound_defensive_01, rebound_offensive_01, assist_01, blocks_01, time_out_01, x, y)VALUES(28125, 32, 7448, 1655, 24998, NULL, NULL, NULL, 3, NULL, NULL, '', '', '', '', '', 30, 72);
INSERT INTO lba.sub_play (play_id, seconds_da_start, player_made_id, team_made_id, game_made_id, player_suffered_id, team_suffered_id, game_suffered_id, shot_id, turnover_id, foul_id, rebound_defensive_01, rebound_offensive_01, assist_01, blocks_01, time_out_01, x, y)VALUES(28125, 32, 378, 1655, 24998, NULL, NULL, NULL, NULL, NULL, NULL, '', '', '1', '', '', 30, 72);

INSERT INTO play(id, game_id, seconds_start, seconds_end, quarter, attack_home_01, score_home, score_guest)VALUES(28126, 24998, 590, 611, 2, '1', 24, 19);
INSERT INTO player_team_game_play(player_id, team_id, game_id, play_id, seconds_start, seconds_end) VALUES(4692, 1649, 24998, 28126, 590, 611);
INSERT INTO player_team_game_play(player_id, team_id, game_id, play_id, seconds_start, seconds_end) VALUES(2103, 1649, 24998, 28126, 590, 611);
INSERT INTO player_team_game_play(player_id, team_id, game_id, play_id, seconds_start, seconds_end) VALUES(7404, 1649, 24998, 28126, 590, 611);
INSERT INTO player_team_game_play(player_id, team_id, game_id, play_id, seconds_start, seconds_end) VALUES(7405, 1649, 24998, 28126, 590, 611);
INSERT INTO player_team_game_play(player_id, team_id, game_id, play_id, seconds_start, seconds_end) VALUES(1775, 1649, 24998, 28126, 590, 611);
INSERT INTO player_team_game_play(player_id, team_id, game_id, play_id, seconds_start, seconds_end) VALUES(7447, 1655, 24998, 28126, 590, 611);
INSERT INTO player_team_game_play(player_id, team_id, game_id, play_id, seconds_start, seconds_end) VALUES(7448, 1655, 24998, 28126, 590, 611);
INSERT INTO player_team_game_play(player_id, team_id, game_id, play_id, seconds_start, seconds_end) VALUES(7049, 1655, 24998, 28126, 590, 611);
INSERT INTO player_team_game_play(player_id, team_id, game_id, play_id, seconds_start, seconds_end) VALUES(7450, 1655, 24998, 28126, 590, 611);
INSERT INTO player_team_game_play(player_id, team_id, game_id, play_id, seconds_start, seconds_end) VALUES(378, 1655, 24998, 28126, 590, 611);
UPDATE player_team_game_play SET seconds_end = 611 WHERE player_id = 7404 AND game_id = 24998 AND play_id = 28126;
UPDATE player_team_game_play SET seconds_end = 611 WHERE player_id = 1775 AND game_id = 24998 AND play_id = 28126;
INSERT INTO player_team_game_play(player_id, team_id, game_id, play_id, seconds_start, seconds_end) VALUES(7406, 1649, 24998, 28126, 611, 611);
INSERT INTO player_team_game_play(player_id, team_id, game_id, play_id, seconds_start, seconds_end) VALUES(7015, 1649, 24998, 28126, 611, 611);
INSERT INTO lba.sub_play (play_id, seconds_da_start, player_made_id, team_made_id, game_made_id, player_suffered_id, team_suffered_id, game_suffered_id, shot_id, turnover_id, foul_id, rebound_defensive_01, rebound_offensive_01, assist_01, blocks_01, time_out_01, x, y)VALUES(28126, 9, 4692, 1649, 24998, NULL, NULL, NULL, 3, NULL, NULL, '', '', '', '', '', 74, 83);
INSERT INTO lba.sub_play (play_id, seconds_da_start, player_made_id, team_made_id, game_made_id, player_suffered_id, team_suffered_id, game_suffered_id, shot_id, turnover_id, foul_id, rebound_defensive_01, rebound_offensive_01, assist_01, blocks_01, time_out_01, x, y)VALUES(28126, 21, 7404, 1649, 24998, 378, 1655, 24998, NULL, NULL, 7, '', '', '', '', '', 70, 60);
INSERT INTO lba.sub_play (play_id, seconds_da_start, player_made_id, team_made_id, game_made_id, player_suffered_id, team_suffered_id, game_suffered_id, shot_id, turnover_id, foul_id, rebound_defensive_01, rebound_offensive_01, assist_01, blocks_01, time_out_01, x, y)VALUES(28126, 21, 7404, 1649, 24998, NULL, NULL, NULL, NULL, 13, NULL, '', '', '', '', '', 70, 60);

INSERT INTO play(id, game_id, seconds_start, seconds_end, quarter, attack_home_01, score_home, score_guest)VALUES(28127, 24998, 611, 633, 2, '0', 24, 22);
INSERT INTO player_team_game_play(player_id, team_id, game_id, play_id, seconds_start, seconds_end) VALUES(4692, 1649, 24998, 28127, 611, 633);
INSERT INTO player_team_game_play(player_id, team_id, game_id, play_id, seconds_start, seconds_end) VALUES(2103, 1649, 24998, 28127, 611, 633);
INSERT INTO player_team_game_play(player_id, team_id, game_id, play_id, seconds_start, seconds_end) VALUES(7404, 1649, 24998, 28127, 611, 633);
INSERT INTO player_team_game_play(player_id, team_id, game_id, play_id, seconds_start, seconds_end) VALUES(7405, 1649, 24998, 28127, 611, 633);
INSERT INTO player_team_game_play(player_id, team_id, game_id, play_id, seconds_start, seconds_end) VALUES(1775, 1649, 24998, 28127, 611, 633);
INSERT INTO player_team_game_play(player_id, team_id, game_id, play_id, seconds_start, seconds_end) VALUES(7447, 1655, 24998, 28127, 611, 633);
INSERT INTO player_team_game_play(player_id, team_id, game_id, play_id, seconds_start, seconds_end) VALUES(7448, 1655, 24998, 28127, 611, 633);
INSERT INTO player_team_game_play(player_id, team_id, game_id, play_id, seconds_start, seconds_end) VALUES(7049, 1655, 24998, 28127, 611, 633);
INSERT INTO player_team_game_play(player_id, team_id, game_id, play_id, seconds_start, seconds_end) VALUES(7450, 1655, 24998, 28127, 611, 633);
INSERT INTO player_team_game_play(player_id, team_id, game_id, play_id, seconds_start, seconds_end) VALUES(378, 1655, 24998, 28127, 611, 633);
UPDATE player_team_game_play SET seconds_end = 611 WHERE player_id = 7404 AND game_id = 24998 AND play_id = 28127;
UPDATE player_team_game_play SET seconds_end = 611 WHERE player_id = 1775 AND game_id = 24998 AND play_id = 28127;
INSERT INTO player_team_game_play(player_id, team_id, game_id, play_id, seconds_start, seconds_end) VALUES(7406, 1649, 24998, 28127, 611, 633);
INSERT INTO player_team_game_play(player_id, team_id, game_id, play_id, seconds_start, seconds_end) VALUES(7015, 1649, 24998, 28127, 611, 633);
INSERT INTO lba.sub_play (play_id, seconds_da_start, player_made_id, team_made_id, game_made_id, player_suffered_id, team_suffered_id, game_suffered_id, shot_id, turnover_id, foul_id, rebound_defensive_01, rebound_offensive_01, assist_01, blocks_01, time_out_01, x, y)VALUES(28127, 22, 7049, 1655, 24998, NULL, NULL, NULL, 3, NULL, NULL, '', '', '', '', '', 25, 15);
INSERT INTO lba.sub_play (play_id, seconds_da_start, player_made_id, team_made_id, game_made_id, player_suffered_id, team_suffered_id, game_suffered_id, shot_id, turnover_id, foul_id, rebound_defensive_01, rebound_offensive_01, assist_01, blocks_01, time_out_01, x, y)VALUES(28127, 22, 7447, 1655, 24998, NULL, NULL, NULL, NULL, NULL, NULL, '', '', '1', '', '', 25, 15);

INSERT INTO play(id, game_id, seconds_start, seconds_end, quarter, attack_home_01, score_home, score_guest)VALUES(28128, 24998, 633, 651, 2, '1', 24, 22);
INSERT INTO player_team_game_play(player_id, team_id, game_id, play_id, seconds_start, seconds_end) VALUES(4692, 1649, 24998, 28128, 633, 651);
INSERT INTO player_team_game_play(player_id, team_id, game_id, play_id, seconds_start, seconds_end) VALUES(2103, 1649, 24998, 28128, 633, 651);
INSERT INTO player_team_game_play(player_id, team_id, game_id, play_id, seconds_start, seconds_end) VALUES(7015, 1649, 24998, 28128, 633, 651);
INSERT INTO player_team_game_play(player_id, team_id, game_id, play_id, seconds_start, seconds_end) VALUES(7405, 1649, 24998, 28128, 633, 651);
INSERT INTO player_team_game_play(player_id, team_id, game_id, play_id, seconds_start, seconds_end) VALUES(7406, 1649, 24998, 28128, 633, 651);
INSERT INTO player_team_game_play(player_id, team_id, game_id, play_id, seconds_start, seconds_end) VALUES(7447, 1655, 24998, 28128, 633, 651);
INSERT INTO player_team_game_play(player_id, team_id, game_id, play_id, seconds_start, seconds_end) VALUES(7448, 1655, 24998, 28128, 633, 651);
INSERT INTO player_team_game_play(player_id, team_id, game_id, play_id, seconds_start, seconds_end) VALUES(7049, 1655, 24998, 28128, 633, 651);
INSERT INTO player_team_game_play(player_id, team_id, game_id, play_id, seconds_start, seconds_end) VALUES(7450, 1655, 24998, 28128, 633, 651);
INSERT INTO player_team_game_play(player_id, team_id, game_id, play_id, seconds_start, seconds_end) VALUES(378, 1655, 24998, 28128, 633, 651);
INSERT INTO lba.sub_play (play_id, seconds_da_start, player_made_id, team_made_id, game_made_id, player_suffered_id, team_suffered_id, game_suffered_id, shot_id, turnover_id, foul_id, rebound_defensive_01, rebound_offensive_01, assist_01, blocks_01, time_out_01, x, y)VALUES(28128, 18, 7406, 1649, 24998, NULL, NULL, NULL, 4, NULL, NULL, '', '', '', '', '', 80, 7);
INSERT INTO lba.sub_play (play_id, seconds_da_start, player_made_id, team_made_id, game_made_id, player_suffered_id, team_suffered_id, game_suffered_id, shot_id, turnover_id, foul_id, rebound_defensive_01, rebound_offensive_01, assist_01, blocks_01, time_out_01, x, y)VALUES(28128, 18, 7448, 1655, 24998, NULL, NULL, NULL, NULL, NULL, NULL, '1', '', '', '', '', 80, 7);

INSERT INTO play(id, game_id, seconds_start, seconds_end, quarter, attack_home_01, score_home, score_guest)VALUES(28129, 24998, 651, 661, 2, '0', 24, 25);
INSERT INTO player_team_game_play(player_id, team_id, game_id, play_id, seconds_start, seconds_end) VALUES(4692, 1649, 24998, 28129, 651, 661);
INSERT INTO player_team_game_play(player_id, team_id, game_id, play_id, seconds_start, seconds_end) VALUES(2103, 1649, 24998, 28129, 651, 661);
INSERT INTO player_team_game_play(player_id, team_id, game_id, play_id, seconds_start, seconds_end) VALUES(7015, 1649, 24998, 28129, 651, 661);
INSERT INTO player_team_game_play(player_id, team_id, game_id, play_id, seconds_start, seconds_end) VALUES(7405, 1649, 24998, 28129, 651, 661);
INSERT INTO player_team_game_play(player_id, team_id, game_id, play_id, seconds_start, seconds_end) VALUES(7406, 1649, 24998, 28129, 651, 661);
INSERT INTO player_team_game_play(player_id, team_id, game_id, play_id, seconds_start, seconds_end) VALUES(7447, 1655, 24998, 28129, 651, 661);
INSERT INTO player_team_game_play(player_id, team_id, game_id, play_id, seconds_start, seconds_end) VALUES(7448, 1655, 24998, 28129, 651, 661);
INSERT INTO player_team_game_play(player_id, team_id, game_id, play_id, seconds_start, seconds_end) VALUES(7049, 1655, 24998, 28129, 651, 661);
INSERT INTO player_team_game_play(player_id, team_id, game_id, play_id, seconds_start, seconds_end) VALUES(7450, 1655, 24998, 28129, 651, 661);
INSERT INTO player_team_game_play(player_id, team_id, game_id, play_id, seconds_start, seconds_end) VALUES(378, 1655, 24998, 28129, 651, 661);
INSERT INTO lba.sub_play (play_id, seconds_da_start, player_made_id, team_made_id, game_made_id, player_suffered_id, team_suffered_id, game_suffered_id, shot_id, turnover_id, foul_id, rebound_defensive_01, rebound_offensive_01, assist_01, blocks_01, time_out_01, x, y)VALUES(28129, 10, 7450, 1655, 24998, NULL, NULL, NULL, 3, NULL, NULL, '', '', '', '', '', 33, 48);

INSERT INTO play(id, game_id, seconds_start, seconds_end, quarter, attack_home_01, score_home, score_guest)VALUES(28130, 24998, 661, 693, 2, '0', 26, 27);
INSERT INTO player_team_game_play(player_id, team_id, game_id, play_id, seconds_start, seconds_end) VALUES(4692, 1649, 24998, 28130, 661, 693);
INSERT INTO player_team_game_play(player_id, team_id, game_id, play_id, seconds_start, seconds_end) VALUES(2103, 1649, 24998, 28130, 661, 693);
INSERT INTO player_team_game_play(player_id, team_id, game_id, play_id, seconds_start, seconds_end) VALUES(7015, 1649, 24998, 28130, 661, 693);
INSERT INTO player_team_game_play(player_id, team_id, game_id, play_id, seconds_start, seconds_end) VALUES(7405, 1649, 24998, 28130, 661, 693);
INSERT INTO player_team_game_play(player_id, team_id, game_id, play_id, seconds_start, seconds_end) VALUES(7406, 1649, 24998, 28130, 661, 693);
INSERT INTO player_team_game_play(player_id, team_id, game_id, play_id, seconds_start, seconds_end) VALUES(7447, 1655, 24998, 28130, 661, 693);
INSERT INTO player_team_game_play(player_id, team_id, game_id, play_id, seconds_start, seconds_end) VALUES(7448, 1655, 24998, 28130, 661, 693);
INSERT INTO player_team_game_play(player_id, team_id, game_id, play_id, seconds_start, seconds_end) VALUES(7049, 1655, 24998, 28130, 661, 693);
INSERT INTO player_team_game_play(player_id, team_id, game_id, play_id, seconds_start, seconds_end) VALUES(7450, 1655, 24998, 28130, 661, 693);
INSERT INTO player_team_game_play(player_id, team_id, game_id, play_id, seconds_start, seconds_end) VALUES(378, 1655, 24998, 28130, 661, 693);
INSERT INTO lba.sub_play (play_id, seconds_da_start, player_made_id, team_made_id, game_made_id, player_suffered_id, team_suffered_id, game_suffered_id, shot_id, turnover_id, foul_id, rebound_defensive_01, rebound_offensive_01, assist_01, blocks_01, time_out_01, x, y)VALUES(28130, 11, 4692, 1649, 24998, NULL, NULL, NULL, 1, NULL, NULL, '', '', '', '', '', 93, 51);
INSERT INTO lba.sub_play (play_id, seconds_da_start, player_made_id, team_made_id, game_made_id, player_suffered_id, team_suffered_id, game_suffered_id, shot_id, turnover_id, foul_id, rebound_defensive_01, rebound_offensive_01, assist_01, blocks_01, time_out_01, x, y)VALUES(28130, 32, 2103, 1649, 24998, 378, 1655, 24998, NULL, NULL, 4, '', '', '', '', '', 8, 39);
INSERT INTO lba.sub_play (play_id, seconds_da_start, player_made_id, team_made_id, game_made_id, player_suffered_id, team_suffered_id, game_suffered_id, shot_id, turnover_id, foul_id, rebound_defensive_01, rebound_offensive_01, assist_01, blocks_01, time_out_01, x, y)VALUES(28130, 32, 378, 1655, 24998, NULL, NULL, NULL, 5, NULL, NULL, '', '', '', '', '', NULL, NULL);
INSERT INTO lba.sub_play (play_id, seconds_da_start, player_made_id, team_made_id, game_made_id, player_suffered_id, team_suffered_id, game_suffered_id, shot_id, turnover_id, foul_id, rebound_defensive_01, rebound_offensive_01, assist_01, blocks_01, time_out_01, x, y)VALUES(28130, 32, 378, 1655, 24998, NULL, NULL, NULL, 5, NULL, NULL, '', '', '', '', '', NULL, NULL);
INSERT INTO lba.sub_play (play_id, seconds_da_start, player_made_id, team_made_id, game_made_id, player_suffered_id, team_suffered_id, game_suffered_id, shot_id, turnover_id, foul_id, rebound_defensive_01, rebound_offensive_01, assist_01, blocks_01, time_out_01, x, y)VALUES(28130, 32, 7447, 1655, 24998, NULL, NULL, NULL, NULL, NULL, NULL, '', '', '1', '', '', NULL, NULL);

INSERT INTO play(id, game_id, seconds_start, seconds_end, quarter, attack_home_01, score_home, score_guest)VALUES(28131, 24998, 693, 734, 2, '0', 28, 29);
INSERT INTO player_team_game_play(player_id, team_id, game_id, play_id, seconds_start, seconds_end) VALUES(4692, 1649, 24998, 28131, 693, 734);
INSERT INTO player_team_game_play(player_id, team_id, game_id, play_id, seconds_start, seconds_end) VALUES(2103, 1649, 24998, 28131, 693, 734);
INSERT INTO player_team_game_play(player_id, team_id, game_id, play_id, seconds_start, seconds_end) VALUES(7015, 1649, 24998, 28131, 693, 734);
INSERT INTO player_team_game_play(player_id, team_id, game_id, play_id, seconds_start, seconds_end) VALUES(7405, 1649, 24998, 28131, 693, 734);
INSERT INTO player_team_game_play(player_id, team_id, game_id, play_id, seconds_start, seconds_end) VALUES(7406, 1649, 24998, 28131, 693, 734);
INSERT INTO player_team_game_play(player_id, team_id, game_id, play_id, seconds_start, seconds_end) VALUES(7447, 1655, 24998, 28131, 693, 734);
INSERT INTO player_team_game_play(player_id, team_id, game_id, play_id, seconds_start, seconds_end) VALUES(7448, 1655, 24998, 28131, 693, 734);
INSERT INTO player_team_game_play(player_id, team_id, game_id, play_id, seconds_start, seconds_end) VALUES(7049, 1655, 24998, 28131, 693, 734);
INSERT INTO player_team_game_play(player_id, team_id, game_id, play_id, seconds_start, seconds_end) VALUES(7450, 1655, 24998, 28131, 693, 734);
INSERT INTO player_team_game_play(player_id, team_id, game_id, play_id, seconds_start, seconds_end) VALUES(378, 1655, 24998, 28131, 693, 734);
UPDATE player_team_game_play SET seconds_end = 709 WHERE player_id = 7448 AND game_id = 24998 AND play_id = 28131;
UPDATE player_team_game_play SET seconds_end = 709 WHERE player_id = 378 AND game_id = 24998 AND play_id = 28131;
INSERT INTO player_team_game_play(player_id, team_id, game_id, play_id, seconds_start, seconds_end) VALUES(6320, 1655, 24998, 28131, 709, 734);
INSERT INTO player_team_game_play(player_id, team_id, game_id, play_id, seconds_start, seconds_end) VALUES(7449, 1655, 24998, 28131, 709, 734);
UPDATE player_team_game_play SET seconds_end = 734 WHERE player_id = 2103 AND game_id = 24998 AND play_id = 28131;
INSERT INTO player_team_game_play(player_id, team_id, game_id, play_id, seconds_start, seconds_end) VALUES(6138, 1649, 24998, 28131, 734, 734);
INSERT INTO lba.sub_play (play_id, seconds_da_start, player_made_id, team_made_id, game_made_id, player_suffered_id, team_suffered_id, game_suffered_id, shot_id, turnover_id, foul_id, rebound_defensive_01, rebound_offensive_01, assist_01, blocks_01, time_out_01, x, y)VALUES(28131, 16, 378, 1655, 24998, 7015, 1649, 24998, NULL, NULL, 1, '', '', '', '', '', 90, 32);
INSERT INTO lba.sub_play (play_id, seconds_da_start, player_made_id, team_made_id, game_made_id, player_suffered_id, team_suffered_id, game_suffered_id, shot_id, turnover_id, foul_id, rebound_defensive_01, rebound_offensive_01, assist_01, blocks_01, time_out_01, x, y)VALUES(28131, 27, 2103, 1649, 24998, NULL, NULL, NULL, 4, NULL, NULL, '', '', '', '', '', 71, 74);
INSERT INTO lba.sub_play (play_id, seconds_da_start, player_made_id, team_made_id, game_made_id, player_suffered_id, team_suffered_id, game_suffered_id, shot_id, turnover_id, foul_id, rebound_defensive_01, rebound_offensive_01, assist_01, blocks_01, time_out_01, x, y)VALUES(28131, 27, 4692, 1649, 24998, NULL, NULL, NULL, NULL, NULL, NULL, '', '1', '', '', '', 71, 74);
INSERT INTO lba.sub_play (play_id, seconds_da_start, player_made_id, team_made_id, game_made_id, player_suffered_id, team_suffered_id, game_suffered_id, shot_id, turnover_id, foul_id, rebound_defensive_01, rebound_offensive_01, assist_01, blocks_01, time_out_01, x, y)VALUES(28131, 27, 4692, 1649, 24998, NULL, NULL, NULL, 1, NULL, NULL, '', '', '', '', '', 71, 74);
INSERT INTO lba.sub_play (play_id, seconds_da_start, player_made_id, team_made_id, game_made_id, player_suffered_id, team_suffered_id, game_suffered_id, shot_id, turnover_id, foul_id, rebound_defensive_01, rebound_offensive_01, assist_01, blocks_01, time_out_01, x, y)VALUES(28131, 41, 4692, 1649, 24998, 7049, 1655, 24998, NULL, NULL, 4, '', '', '', '', '', 11, 63);
INSERT INTO lba.sub_play (play_id, seconds_da_start, player_made_id, team_made_id, game_made_id, player_suffered_id, team_suffered_id, game_suffered_id, shot_id, turnover_id, foul_id, rebound_defensive_01, rebound_offensive_01, assist_01, blocks_01, time_out_01, x, y)VALUES(28131, 41, 7049, 1655, 24998, NULL, NULL, NULL, 5, NULL, NULL, '', '', '', '', '', NULL, NULL);
INSERT INTO lba.sub_play (play_id, seconds_da_start, player_made_id, team_made_id, game_made_id, player_suffered_id, team_suffered_id, game_suffered_id, shot_id, turnover_id, foul_id, rebound_defensive_01, rebound_offensive_01, assist_01, blocks_01, time_out_01, x, y)VALUES(28131, 41, 7049, 1655, 24998, NULL, NULL, NULL, 5, NULL, NULL, '', '', '', '', '', NULL, NULL);

INSERT INTO play(id, game_id, seconds_start, seconds_end, quarter, attack_home_01, score_home, score_guest)VALUES(28132, 24998, 734, 757, 2, '0', 30, 29);
INSERT INTO player_team_game_play(player_id, team_id, game_id, play_id, seconds_start, seconds_end) VALUES(4692, 1649, 24998, 28132, 734, 757);
INSERT INTO player_team_game_play(player_id, team_id, game_id, play_id, seconds_start, seconds_end) VALUES(2103, 1649, 24998, 28132, 734, 757);
INSERT INTO player_team_game_play(player_id, team_id, game_id, play_id, seconds_start, seconds_end) VALUES(7015, 1649, 24998, 28132, 734, 757);
INSERT INTO player_team_game_play(player_id, team_id, game_id, play_id, seconds_start, seconds_end) VALUES(7405, 1649, 24998, 28132, 734, 757);
INSERT INTO player_team_game_play(player_id, team_id, game_id, play_id, seconds_start, seconds_end) VALUES(7406, 1649, 24998, 28132, 734, 757);
INSERT INTO player_team_game_play(player_id, team_id, game_id, play_id, seconds_start, seconds_end) VALUES(6320, 1655, 24998, 28132, 734, 757);
INSERT INTO player_team_game_play(player_id, team_id, game_id, play_id, seconds_start, seconds_end) VALUES(7449, 1655, 24998, 28132, 734, 757);
INSERT INTO player_team_game_play(player_id, team_id, game_id, play_id, seconds_start, seconds_end) VALUES(7447, 1655, 24998, 28132, 734, 757);
INSERT INTO player_team_game_play(player_id, team_id, game_id, play_id, seconds_start, seconds_end) VALUES(7049, 1655, 24998, 28132, 734, 757);
INSERT INTO player_team_game_play(player_id, team_id, game_id, play_id, seconds_start, seconds_end) VALUES(7450, 1655, 24998, 28132, 734, 757);
UPDATE player_team_game_play SET seconds_end = 734 WHERE player_id = 2103 AND game_id = 24998 AND play_id = 28132;
INSERT INTO player_team_game_play(player_id, team_id, game_id, play_id, seconds_start, seconds_end) VALUES(6138, 1649, 24998, 28132, 734, 757);
INSERT INTO lba.sub_play (play_id, seconds_da_start, player_made_id, team_made_id, game_made_id, player_suffered_id, team_suffered_id, game_suffered_id, shot_id, turnover_id, foul_id, rebound_defensive_01, rebound_offensive_01, assist_01, blocks_01, time_out_01, x, y)VALUES(28132, 16, 7015, 1649, 24998, NULL, NULL, NULL, 1, NULL, NULL, '', '', '', '', '', 94, 49);
INSERT INTO lba.sub_play (play_id, seconds_da_start, player_made_id, team_made_id, game_made_id, player_suffered_id, team_suffered_id, game_suffered_id, shot_id, turnover_id, foul_id, rebound_defensive_01, rebound_offensive_01, assist_01, blocks_01, time_out_01, x, y)VALUES(28132, 23, 7447, 1655, 24998, 4692, 1649, 24998, NULL, NULL, 7, '', '', '', '', '', 19, 41);
INSERT INTO lba.sub_play (play_id, seconds_da_start, player_made_id, team_made_id, game_made_id, player_suffered_id, team_suffered_id, game_suffered_id, shot_id, turnover_id, foul_id, rebound_defensive_01, rebound_offensive_01, assist_01, blocks_01, time_out_01, x, y)VALUES(28132, 23, 7447, 1655, 24998, NULL, NULL, NULL, NULL, 13, NULL, '', '', '', '', '', 19, 41);

INSERT INTO play(id, game_id, seconds_start, seconds_end, quarter, attack_home_01, score_home, score_guest)VALUES(28133, 24998, 757, 766, 2, '1', 33, 29);
INSERT INTO player_team_game_play(player_id, team_id, game_id, play_id, seconds_start, seconds_end) VALUES(4692, 1649, 24998, 28133, 757, 766);
INSERT INTO player_team_game_play(player_id, team_id, game_id, play_id, seconds_start, seconds_end) VALUES(7015, 1649, 24998, 28133, 757, 766);
INSERT INTO player_team_game_play(player_id, team_id, game_id, play_id, seconds_start, seconds_end) VALUES(6138, 1649, 24998, 28133, 757, 766);
INSERT INTO player_team_game_play(player_id, team_id, game_id, play_id, seconds_start, seconds_end) VALUES(7405, 1649, 24998, 28133, 757, 766);
INSERT INTO player_team_game_play(player_id, team_id, game_id, play_id, seconds_start, seconds_end) VALUES(7406, 1649, 24998, 28133, 757, 766);
INSERT INTO player_team_game_play(player_id, team_id, game_id, play_id, seconds_start, seconds_end) VALUES(6320, 1655, 24998, 28133, 757, 766);
INSERT INTO player_team_game_play(player_id, team_id, game_id, play_id, seconds_start, seconds_end) VALUES(7449, 1655, 24998, 28133, 757, 766);
INSERT INTO player_team_game_play(player_id, team_id, game_id, play_id, seconds_start, seconds_end) VALUES(7447, 1655, 24998, 28133, 757, 766);
INSERT INTO player_team_game_play(player_id, team_id, game_id, play_id, seconds_start, seconds_end) VALUES(7049, 1655, 24998, 28133, 757, 766);
INSERT INTO player_team_game_play(player_id, team_id, game_id, play_id, seconds_start, seconds_end) VALUES(7450, 1655, 24998, 28133, 757, 766);
INSERT INTO lba.sub_play (play_id, seconds_da_start, player_made_id, team_made_id, game_made_id, player_suffered_id, team_suffered_id, game_suffered_id, shot_id, turnover_id, foul_id, rebound_defensive_01, rebound_offensive_01, assist_01, blocks_01, time_out_01, x, y)VALUES(28133, 9, 4692, 1649, 24998, NULL, NULL, NULL, 3, NULL, NULL, '', '', '', '', '', 68, 54);
INSERT INTO lba.sub_play (play_id, seconds_da_start, player_made_id, team_made_id, game_made_id, player_suffered_id, team_suffered_id, game_suffered_id, shot_id, turnover_id, foul_id, rebound_defensive_01, rebound_offensive_01, assist_01, blocks_01, time_out_01, x, y)VALUES(28133, 9, 6138, 1649, 24998, NULL, NULL, NULL, NULL, NULL, NULL, '', '', '1', '', '', 68, 54);

INSERT INTO play(id, game_id, seconds_start, seconds_end, quarter, attack_home_01, score_home, score_guest)VALUES(28134, 24998, 766, 793, 2, '0', 33, 29);
INSERT INTO player_team_game_play(player_id, team_id, game_id, play_id, seconds_start, seconds_end) VALUES(4692, 1649, 24998, 28134, 766, 793);
INSERT INTO player_team_game_play(player_id, team_id, game_id, play_id, seconds_start, seconds_end) VALUES(7015, 1649, 24998, 28134, 766, 793);
INSERT INTO player_team_game_play(player_id, team_id, game_id, play_id, seconds_start, seconds_end) VALUES(6138, 1649, 24998, 28134, 766, 793);
INSERT INTO player_team_game_play(player_id, team_id, game_id, play_id, seconds_start, seconds_end) VALUES(7405, 1649, 24998, 28134, 766, 793);
INSERT INTO player_team_game_play(player_id, team_id, game_id, play_id, seconds_start, seconds_end) VALUES(7406, 1649, 24998, 28134, 766, 793);
INSERT INTO player_team_game_play(player_id, team_id, game_id, play_id, seconds_start, seconds_end) VALUES(6320, 1655, 24998, 28134, 766, 793);
INSERT INTO player_team_game_play(player_id, team_id, game_id, play_id, seconds_start, seconds_end) VALUES(7449, 1655, 24998, 28134, 766, 793);
INSERT INTO player_team_game_play(player_id, team_id, game_id, play_id, seconds_start, seconds_end) VALUES(7447, 1655, 24998, 28134, 766, 793);
INSERT INTO player_team_game_play(player_id, team_id, game_id, play_id, seconds_start, seconds_end) VALUES(7049, 1655, 24998, 28134, 766, 793);
INSERT INTO player_team_game_play(player_id, team_id, game_id, play_id, seconds_start, seconds_end) VALUES(7450, 1655, 24998, 28134, 766, 793);
INSERT INTO lba.sub_play (play_id, seconds_da_start, player_made_id, team_made_id, game_made_id, player_suffered_id, team_suffered_id, game_suffered_id, shot_id, turnover_id, foul_id, rebound_defensive_01, rebound_offensive_01, assist_01, blocks_01, time_out_01, x, y)VALUES(28134, 27, 6320, 1655, 24998, NULL, NULL, NULL, 2, NULL, NULL, '', '', '', '', '', 9, 21);
INSERT INTO lba.sub_play (play_id, seconds_da_start, player_made_id, team_made_id, game_made_id, player_suffered_id, team_suffered_id, game_suffered_id, shot_id, turnover_id, foul_id, rebound_defensive_01, rebound_offensive_01, assist_01, blocks_01, time_out_01, x, y)VALUES(28134, 27, 7405, 1649, 24998, NULL, NULL, NULL, NULL, NULL, NULL, '1', '', '', '', '', 9, 21);

INSERT INTO play(id, game_id, seconds_start, seconds_end, quarter, attack_home_01, score_home, score_guest)VALUES(28135, 24998, 793, 801, 2, '1', 35, 29);
INSERT INTO player_team_game_play(player_id, team_id, game_id, play_id, seconds_start, seconds_end) VALUES(4692, 1649, 24998, 28135, 793, 801);
INSERT INTO player_team_game_play(player_id, team_id, game_id, play_id, seconds_start, seconds_end) VALUES(7015, 1649, 24998, 28135, 793, 801);
INSERT INTO player_team_game_play(player_id, team_id, game_id, play_id, seconds_start, seconds_end) VALUES(6138, 1649, 24998, 28135, 793, 801);
INSERT INTO player_team_game_play(player_id, team_id, game_id, play_id, seconds_start, seconds_end) VALUES(7405, 1649, 24998, 28135, 793, 801);
INSERT INTO player_team_game_play(player_id, team_id, game_id, play_id, seconds_start, seconds_end) VALUES(7406, 1649, 24998, 28135, 793, 801);
INSERT INTO player_team_game_play(player_id, team_id, game_id, play_id, seconds_start, seconds_end) VALUES(6320, 1655, 24998, 28135, 793, 801);
INSERT INTO player_team_game_play(player_id, team_id, game_id, play_id, seconds_start, seconds_end) VALUES(7449, 1655, 24998, 28135, 793, 801);
INSERT INTO player_team_game_play(player_id, team_id, game_id, play_id, seconds_start, seconds_end) VALUES(7447, 1655, 24998, 28135, 793, 801);
INSERT INTO player_team_game_play(player_id, team_id, game_id, play_id, seconds_start, seconds_end) VALUES(7049, 1655, 24998, 28135, 793, 801);
INSERT INTO player_team_game_play(player_id, team_id, game_id, play_id, seconds_start, seconds_end) VALUES(7450, 1655, 24998, 28135, 793, 801);
UPDATE player_team_game_play SET seconds_end = 801 WHERE player_id = 7447 AND game_id = 24998 AND play_id = 28135;
INSERT INTO player_team_game_play(player_id, team_id, game_id, play_id, seconds_start, seconds_end) VALUES(7448, 1655, 24998, 28135, 801, 801);
INSERT INTO lba.sub_play (play_id, seconds_da_start, player_made_id, team_made_id, game_made_id, player_suffered_id, team_suffered_id, game_suffered_id, shot_id, turnover_id, foul_id, rebound_defensive_01, rebound_offensive_01, assist_01, blocks_01, time_out_01, x, y)VALUES(28135, 8, 7405, 1649, 24998, NULL, NULL, NULL, 1, NULL, NULL, '', '', '', '', '', 81, 42);

INSERT INTO play(id, game_id, seconds_start, seconds_end, quarter, attack_home_01, score_home, score_guest)VALUES(28136, 24998, 801, 823, 2, '0', 35, 32);
INSERT INTO player_team_game_play(player_id, team_id, game_id, play_id, seconds_start, seconds_end) VALUES(4692, 1649, 24998, 28136, 801, 823);
INSERT INTO player_team_game_play(player_id, team_id, game_id, play_id, seconds_start, seconds_end) VALUES(7015, 1649, 24998, 28136, 801, 823);
INSERT INTO player_team_game_play(player_id, team_id, game_id, play_id, seconds_start, seconds_end) VALUES(6138, 1649, 24998, 28136, 801, 823);
INSERT INTO player_team_game_play(player_id, team_id, game_id, play_id, seconds_start, seconds_end) VALUES(7405, 1649, 24998, 28136, 801, 823);
INSERT INTO player_team_game_play(player_id, team_id, game_id, play_id, seconds_start, seconds_end) VALUES(7406, 1649, 24998, 28136, 801, 823);
INSERT INTO player_team_game_play(player_id, team_id, game_id, play_id, seconds_start, seconds_end) VALUES(6320, 1655, 24998, 28136, 801, 823);
INSERT INTO player_team_game_play(player_id, team_id, game_id, play_id, seconds_start, seconds_end) VALUES(7449, 1655, 24998, 28136, 801, 823);
INSERT INTO player_team_game_play(player_id, team_id, game_id, play_id, seconds_start, seconds_end) VALUES(7447, 1655, 24998, 28136, 801, 823);
INSERT INTO player_team_game_play(player_id, team_id, game_id, play_id, seconds_start, seconds_end) VALUES(7049, 1655, 24998, 28136, 801, 823);
INSERT INTO player_team_game_play(player_id, team_id, game_id, play_id, seconds_start, seconds_end) VALUES(7450, 1655, 24998, 28136, 801, 823);
UPDATE player_team_game_play SET seconds_end = 801 WHERE player_id = 7447 AND game_id = 24998 AND play_id = 28136;
INSERT INTO player_team_game_play(player_id, team_id, game_id, play_id, seconds_start, seconds_end) VALUES(7448, 1655, 24998, 28136, 801, 823);
INSERT INTO lba.sub_play (play_id, seconds_da_start, player_made_id, team_made_id, game_made_id, player_suffered_id, team_suffered_id, game_suffered_id, shot_id, turnover_id, foul_id, rebound_defensive_01, rebound_offensive_01, assist_01, blocks_01, time_out_01, x, y)VALUES(28136, 22, 7450, 1655, 24998, NULL, NULL, NULL, 3, NULL, NULL, '', '', '', '', '', 26, 81);
INSERT INTO lba.sub_play (play_id, seconds_da_start, player_made_id, team_made_id, game_made_id, player_suffered_id, team_suffered_id, game_suffered_id, shot_id, turnover_id, foul_id, rebound_defensive_01, rebound_offensive_01, assist_01, blocks_01, time_out_01, x, y)VALUES(28136, 22, 7448, 1655, 24998, NULL, NULL, NULL, NULL, NULL, NULL, '', '', '1', '', '', 26, 81);

INSERT INTO play(id, game_id, seconds_start, seconds_end, quarter, attack_home_01, score_home, score_guest)VALUES(28137, 24998, 823, 853, 2, '0', 37, 33);
INSERT INTO player_team_game_play(player_id, team_id, game_id, play_id, seconds_start, seconds_end) VALUES(4692, 1649, 24998, 28137, 823, 853);
INSERT INTO player_team_game_play(player_id, team_id, game_id, play_id, seconds_start, seconds_end) VALUES(7015, 1649, 24998, 28137, 823, 853);
INSERT INTO player_team_game_play(player_id, team_id, game_id, play_id, seconds_start, seconds_end) VALUES(6138, 1649, 24998, 28137, 823, 853);
INSERT INTO player_team_game_play(player_id, team_id, game_id, play_id, seconds_start, seconds_end) VALUES(7405, 1649, 24998, 28137, 823, 853);
INSERT INTO player_team_game_play(player_id, team_id, game_id, play_id, seconds_start, seconds_end) VALUES(7406, 1649, 24998, 28137, 823, 853);
INSERT INTO player_team_game_play(player_id, team_id, game_id, play_id, seconds_start, seconds_end) VALUES(6320, 1655, 24998, 28137, 823, 853);
INSERT INTO player_team_game_play(player_id, team_id, game_id, play_id, seconds_start, seconds_end) VALUES(7449, 1655, 24998, 28137, 823, 853);
INSERT INTO player_team_game_play(player_id, team_id, game_id, play_id, seconds_start, seconds_end) VALUES(7448, 1655, 24998, 28137, 823, 853);
INSERT INTO player_team_game_play(player_id, team_id, game_id, play_id, seconds_start, seconds_end) VALUES(7049, 1655, 24998, 28137, 823, 853);
INSERT INTO player_team_game_play(player_id, team_id, game_id, play_id, seconds_start, seconds_end) VALUES(7450, 1655, 24998, 28137, 823, 853);
UPDATE player_team_game_play SET seconds_end = 853 WHERE player_id = 4692 AND game_id = 24998 AND play_id = 28137;
INSERT INTO player_team_game_play(player_id, team_id, game_id, play_id, seconds_start, seconds_end) VALUES(3176, 1649, 24998, 28137, 853, 853);
INSERT INTO lba.sub_play (play_id, seconds_da_start, player_made_id, team_made_id, game_made_id, player_suffered_id, team_suffered_id, game_suffered_id, shot_id, turnover_id, foul_id, rebound_defensive_01, rebound_offensive_01, assist_01, blocks_01, time_out_01, x, y)VALUES(28137, 25, 7406, 1649, 24998, NULL, NULL, NULL, 1, NULL, NULL, '', '', '', '', '', 92, 50);
INSERT INTO lba.sub_play (play_id, seconds_da_start, player_made_id, team_made_id, game_made_id, player_suffered_id, team_suffered_id, game_suffered_id, shot_id, turnover_id, foul_id, rebound_defensive_01, rebound_offensive_01, assist_01, blocks_01, time_out_01, x, y)VALUES(28137, 30, 4692, 1649, 24998, 6320, 1655, 24998, NULL, NULL, 4, '', '', '', '', '', 9, 50);
INSERT INTO lba.sub_play (play_id, seconds_da_start, player_made_id, team_made_id, game_made_id, player_suffered_id, team_suffered_id, game_suffered_id, shot_id, turnover_id, foul_id, rebound_defensive_01, rebound_offensive_01, assist_01, blocks_01, time_out_01, x, y)VALUES(28137, 30, 6320, 1655, 24998, NULL, NULL, NULL, 6, NULL, NULL, '', '', '', '', '', NULL, NULL);
INSERT INTO lba.sub_play (play_id, seconds_da_start, player_made_id, team_made_id, game_made_id, player_suffered_id, team_suffered_id, game_suffered_id, shot_id, turnover_id, foul_id, rebound_defensive_01, rebound_offensive_01, assist_01, blocks_01, time_out_01, x, y)VALUES(28137, 30, 6320, 1655, 24998, NULL, NULL, NULL, 5, NULL, NULL, '', '', '', '', '', NULL, NULL);

INSERT INTO play(id, game_id, seconds_start, seconds_end, quarter, attack_home_01, score_home, score_guest)VALUES(28138, 24998, 853, 871, 2, '1', 37, 33);
INSERT INTO player_team_game_play(player_id, team_id, game_id, play_id, seconds_start, seconds_end) VALUES(4692, 1649, 24998, 28138, 853, 871);
INSERT INTO player_team_game_play(player_id, team_id, game_id, play_id, seconds_start, seconds_end) VALUES(7015, 1649, 24998, 28138, 853, 871);
INSERT INTO player_team_game_play(player_id, team_id, game_id, play_id, seconds_start, seconds_end) VALUES(6138, 1649, 24998, 28138, 853, 871);
INSERT INTO player_team_game_play(player_id, team_id, game_id, play_id, seconds_start, seconds_end) VALUES(7405, 1649, 24998, 28138, 853, 871);
INSERT INTO player_team_game_play(player_id, team_id, game_id, play_id, seconds_start, seconds_end) VALUES(7406, 1649, 24998, 28138, 853, 871);
INSERT INTO player_team_game_play(player_id, team_id, game_id, play_id, seconds_start, seconds_end) VALUES(6320, 1655, 24998, 28138, 853, 871);
INSERT INTO player_team_game_play(player_id, team_id, game_id, play_id, seconds_start, seconds_end) VALUES(7449, 1655, 24998, 28138, 853, 871);
INSERT INTO player_team_game_play(player_id, team_id, game_id, play_id, seconds_start, seconds_end) VALUES(7448, 1655, 24998, 28138, 853, 871);
INSERT INTO player_team_game_play(player_id, team_id, game_id, play_id, seconds_start, seconds_end) VALUES(7049, 1655, 24998, 28138, 853, 871);
INSERT INTO player_team_game_play(player_id, team_id, game_id, play_id, seconds_start, seconds_end) VALUES(7450, 1655, 24998, 28138, 853, 871);
UPDATE player_team_game_play SET seconds_end = 853 WHERE player_id = 4692 AND game_id = 24998 AND play_id = 28138;
INSERT INTO player_team_game_play(player_id, team_id, game_id, play_id, seconds_start, seconds_end) VALUES(3176, 1649, 24998, 28138, 853, 871);
INSERT INTO lba.sub_play (play_id, seconds_da_start, player_made_id, team_made_id, game_made_id, player_suffered_id, team_suffered_id, game_suffered_id, shot_id, turnover_id, foul_id, rebound_defensive_01, rebound_offensive_01, assist_01, blocks_01, time_out_01, x, y)VALUES(28138, 18, 6138, 1649, 24998, NULL, NULL, NULL, 4, NULL, NULL, '', '', '', '', '', 80, 91);
INSERT INTO lba.sub_play (play_id, seconds_da_start, player_made_id, team_made_id, game_made_id, player_suffered_id, team_suffered_id, game_suffered_id, shot_id, turnover_id, foul_id, rebound_defensive_01, rebound_offensive_01, assist_01, blocks_01, time_out_01, x, y)VALUES(28138, 18, 7449, 1655, 24998, NULL, NULL, NULL, NULL, NULL, NULL, '1', '', '', '', '', 80, 91);

INSERT INTO play(id, game_id, seconds_start, seconds_end, quarter, attack_home_01, score_home, score_guest)VALUES(28139, 24998, 871, 882, 2, '0', 37, 33);
INSERT INTO player_team_game_play(player_id, team_id, game_id, play_id, seconds_start, seconds_end) VALUES(7015, 1649, 24998, 28139, 871, 882);
INSERT INTO player_team_game_play(player_id, team_id, game_id, play_id, seconds_start, seconds_end) VALUES(3176, 1649, 24998, 28139, 871, 882);
INSERT INTO player_team_game_play(player_id, team_id, game_id, play_id, seconds_start, seconds_end) VALUES(6138, 1649, 24998, 28139, 871, 882);
INSERT INTO player_team_game_play(player_id, team_id, game_id, play_id, seconds_start, seconds_end) VALUES(7405, 1649, 24998, 28139, 871, 882);
INSERT INTO player_team_game_play(player_id, team_id, game_id, play_id, seconds_start, seconds_end) VALUES(7406, 1649, 24998, 28139, 871, 882);
INSERT INTO player_team_game_play(player_id, team_id, game_id, play_id, seconds_start, seconds_end) VALUES(6320, 1655, 24998, 28139, 871, 882);
INSERT INTO player_team_game_play(player_id, team_id, game_id, play_id, seconds_start, seconds_end) VALUES(7449, 1655, 24998, 28139, 871, 882);
INSERT INTO player_team_game_play(player_id, team_id, game_id, play_id, seconds_start, seconds_end) VALUES(7448, 1655, 24998, 28139, 871, 882);
INSERT INTO player_team_game_play(player_id, team_id, game_id, play_id, seconds_start, seconds_end) VALUES(7049, 1655, 24998, 28139, 871, 882);
INSERT INTO player_team_game_play(player_id, team_id, game_id, play_id, seconds_start, seconds_end) VALUES(7450, 1655, 24998, 28139, 871, 882);
INSERT INTO lba.sub_play (play_id, seconds_da_start, player_made_id, team_made_id, game_made_id, player_suffered_id, team_suffered_id, game_suffered_id, shot_id, turnover_id, foul_id, rebound_defensive_01, rebound_offensive_01, assist_01, blocks_01, time_out_01, x, y)VALUES(28139, 11, 7450, 1655, 24998, NULL, NULL, NULL, 4, NULL, NULL, '', '', '', '', '', 29, 21);
INSERT INTO lba.sub_play (play_id, seconds_da_start, player_made_id, team_made_id, game_made_id, player_suffered_id, team_suffered_id, game_suffered_id, shot_id, turnover_id, foul_id, rebound_defensive_01, rebound_offensive_01, assist_01, blocks_01, time_out_01, x, y)VALUES(28139, 11, 6138, 1649, 24998, NULL, NULL, NULL, NULL, NULL, NULL, '1', '', '', '', '', 29, 21);

INSERT INTO play(id, game_id, seconds_start, seconds_end, quarter, attack_home_01, score_home, score_guest)VALUES(28140, 24998, 882, 892, 2, '1', 40, 33);
INSERT INTO player_team_game_play(player_id, team_id, game_id, play_id, seconds_start, seconds_end) VALUES(7015, 1649, 24998, 28140, 882, 892);
INSERT INTO player_team_game_play(player_id, team_id, game_id, play_id, seconds_start, seconds_end) VALUES(3176, 1649, 24998, 28140, 882, 892);
INSERT INTO player_team_game_play(player_id, team_id, game_id, play_id, seconds_start, seconds_end) VALUES(6138, 1649, 24998, 28140, 882, 892);
INSERT INTO player_team_game_play(player_id, team_id, game_id, play_id, seconds_start, seconds_end) VALUES(7405, 1649, 24998, 28140, 882, 892);
INSERT INTO player_team_game_play(player_id, team_id, game_id, play_id, seconds_start, seconds_end) VALUES(7406, 1649, 24998, 28140, 882, 892);
INSERT INTO player_team_game_play(player_id, team_id, game_id, play_id, seconds_start, seconds_end) VALUES(6320, 1655, 24998, 28140, 882, 892);
INSERT INTO player_team_game_play(player_id, team_id, game_id, play_id, seconds_start, seconds_end) VALUES(7449, 1655, 24998, 28140, 882, 892);
INSERT INTO player_team_game_play(player_id, team_id, game_id, play_id, seconds_start, seconds_end) VALUES(7448, 1655, 24998, 28140, 882, 892);
INSERT INTO player_team_game_play(player_id, team_id, game_id, play_id, seconds_start, seconds_end) VALUES(7049, 1655, 24998, 28140, 882, 892);
INSERT INTO player_team_game_play(player_id, team_id, game_id, play_id, seconds_start, seconds_end) VALUES(7450, 1655, 24998, 28140, 882, 892);
INSERT INTO lba.sub_play (play_id, seconds_da_start, player_made_id, team_made_id, game_made_id, player_suffered_id, team_suffered_id, game_suffered_id, shot_id, turnover_id, foul_id, rebound_defensive_01, rebound_offensive_01, assist_01, blocks_01, time_out_01, x, y)VALUES(28140, 10, 7015, 1649, 24998, NULL, NULL, NULL, 3, NULL, NULL, '', '', '', '', '', 72, 22);
INSERT INTO lba.sub_play (play_id, seconds_da_start, player_made_id, team_made_id, game_made_id, player_suffered_id, team_suffered_id, game_suffered_id, shot_id, turnover_id, foul_id, rebound_defensive_01, rebound_offensive_01, assist_01, blocks_01, time_out_01, x, y)VALUES(28140, 10, 6138, 1649, 24998, NULL, NULL, NULL, NULL, NULL, NULL, '', '', '1', '', '', 72, 22);

INSERT INTO play(id, game_id, seconds_start, seconds_end, quarter, attack_home_01, score_home, score_guest)VALUES(28141, 24998, 892, 906, 2, '0', 40, 36);
INSERT INTO player_team_game_play(player_id, team_id, game_id, play_id, seconds_start, seconds_end) VALUES(7015, 1649, 24998, 28141, 892, 906);
INSERT INTO player_team_game_play(player_id, team_id, game_id, play_id, seconds_start, seconds_end) VALUES(3176, 1649, 24998, 28141, 892, 906);
INSERT INTO player_team_game_play(player_id, team_id, game_id, play_id, seconds_start, seconds_end) VALUES(6138, 1649, 24998, 28141, 892, 906);
INSERT INTO player_team_game_play(player_id, team_id, game_id, play_id, seconds_start, seconds_end) VALUES(7405, 1649, 24998, 28141, 892, 906);
INSERT INTO player_team_game_play(player_id, team_id, game_id, play_id, seconds_start, seconds_end) VALUES(7406, 1649, 24998, 28141, 892, 906);
INSERT INTO player_team_game_play(player_id, team_id, game_id, play_id, seconds_start, seconds_end) VALUES(6320, 1655, 24998, 28141, 892, 906);
INSERT INTO player_team_game_play(player_id, team_id, game_id, play_id, seconds_start, seconds_end) VALUES(7449, 1655, 24998, 28141, 892, 906);
INSERT INTO player_team_game_play(player_id, team_id, game_id, play_id, seconds_start, seconds_end) VALUES(7448, 1655, 24998, 28141, 892, 906);
INSERT INTO player_team_game_play(player_id, team_id, game_id, play_id, seconds_start, seconds_end) VALUES(7049, 1655, 24998, 28141, 892, 906);
INSERT INTO player_team_game_play(player_id, team_id, game_id, play_id, seconds_start, seconds_end) VALUES(7450, 1655, 24998, 28141, 892, 906);
UPDATE player_team_game_play SET seconds_end = 906 WHERE player_id = 7405 AND game_id = 24998 AND play_id = 28141;
INSERT INTO player_team_game_play(player_id, team_id, game_id, play_id, seconds_start, seconds_end) VALUES(5150, 1649, 24998, 28141, 906, 906);
UPDATE player_team_game_play SET seconds_end = 906 WHERE player_id = 7450 AND game_id = 24998 AND play_id = 28141;
INSERT INTO player_team_game_play(player_id, team_id, game_id, play_id, seconds_start, seconds_end) VALUES(378, 1655, 24998, 28141, 906, 906);
INSERT INTO lba.sub_play (play_id, seconds_da_start, player_made_id, team_made_id, game_made_id, player_suffered_id, team_suffered_id, game_suffered_id, shot_id, turnover_id, foul_id, rebound_defensive_01, rebound_offensive_01, assist_01, blocks_01, time_out_01, x, y)VALUES(28141, 14, 7450, 1655, 24998, NULL, NULL, NULL, 1, NULL, NULL, '', '', '', '', '', 10, 48);
INSERT INTO lba.sub_play (play_id, seconds_da_start, player_made_id, team_made_id, game_made_id, player_suffered_id, team_suffered_id, game_suffered_id, shot_id, turnover_id, foul_id, rebound_defensive_01, rebound_offensive_01, assist_01, blocks_01, time_out_01, x, y)VALUES(28141, 14, 7405, 1649, 24998, 7450, 1655, 24998, NULL, NULL, 4, '', '', '', '', '', 10, 48);
INSERT INTO lba.sub_play (play_id, seconds_da_start, player_made_id, team_made_id, game_made_id, player_suffered_id, team_suffered_id, game_suffered_id, shot_id, turnover_id, foul_id, rebound_defensive_01, rebound_offensive_01, assist_01, blocks_01, time_out_01, x, y)VALUES(28141, 14, 7450, 1655, 24998, NULL, NULL, NULL, 5, NULL, NULL, '', '', '', '', '', NULL, NULL);

INSERT INTO play(id, game_id, seconds_start, seconds_end, quarter, attack_home_01, score_home, score_guest)VALUES(28142, 24998, 906, 915, 2, '1', 40, 36);
INSERT INTO player_team_game_play(player_id, team_id, game_id, play_id, seconds_start, seconds_end) VALUES(7015, 1649, 24998, 28142, 906, 915);
INSERT INTO player_team_game_play(player_id, team_id, game_id, play_id, seconds_start, seconds_end) VALUES(3176, 1649, 24998, 28142, 906, 915);
INSERT INTO player_team_game_play(player_id, team_id, game_id, play_id, seconds_start, seconds_end) VALUES(6138, 1649, 24998, 28142, 906, 915);
INSERT INTO player_team_game_play(player_id, team_id, game_id, play_id, seconds_start, seconds_end) VALUES(7405, 1649, 24998, 28142, 906, 915);
INSERT INTO player_team_game_play(player_id, team_id, game_id, play_id, seconds_start, seconds_end) VALUES(7406, 1649, 24998, 28142, 906, 915);
INSERT INTO player_team_game_play(player_id, team_id, game_id, play_id, seconds_start, seconds_end) VALUES(6320, 1655, 24998, 28142, 906, 915);
INSERT INTO player_team_game_play(player_id, team_id, game_id, play_id, seconds_start, seconds_end) VALUES(7449, 1655, 24998, 28142, 906, 915);
INSERT INTO player_team_game_play(player_id, team_id, game_id, play_id, seconds_start, seconds_end) VALUES(7448, 1655, 24998, 28142, 906, 915);
INSERT INTO player_team_game_play(player_id, team_id, game_id, play_id, seconds_start, seconds_end) VALUES(7049, 1655, 24998, 28142, 906, 915);
INSERT INTO player_team_game_play(player_id, team_id, game_id, play_id, seconds_start, seconds_end) VALUES(7450, 1655, 24998, 28142, 906, 915);
UPDATE player_team_game_play SET seconds_end = 906 WHERE player_id = 7405 AND game_id = 24998 AND play_id = 28142;
INSERT INTO player_team_game_play(player_id, team_id, game_id, play_id, seconds_start, seconds_end) VALUES(5150, 1649, 24998, 28142, 906, 915);
UPDATE player_team_game_play SET seconds_end = 906 WHERE player_id = 7450 AND game_id = 24998 AND play_id = 28142;
INSERT INTO player_team_game_play(player_id, team_id, game_id, play_id, seconds_start, seconds_end) VALUES(378, 1655, 24998, 28142, 906, 915);
INSERT INTO lba.sub_play (play_id, seconds_da_start, player_made_id, team_made_id, game_made_id, player_suffered_id, team_suffered_id, game_suffered_id, shot_id, turnover_id, foul_id, rebound_defensive_01, rebound_offensive_01, assist_01, blocks_01, time_out_01, x, y)VALUES(28142, 9, 7406, 1649, 24998, NULL, NULL, NULL, NULL, 2, NULL, '', '', '', '', '', 63, 11);

INSERT INTO play(id, game_id, seconds_start, seconds_end, quarter, attack_home_01, score_home, score_guest)VALUES(28143, 24998, 915, 940, 2, '0', 40, 36);
INSERT INTO player_team_game_play(player_id, team_id, game_id, play_id, seconds_start, seconds_end) VALUES(7015, 1649, 24998, 28143, 915, 940);
INSERT INTO player_team_game_play(player_id, team_id, game_id, play_id, seconds_start, seconds_end) VALUES(3176, 1649, 24998, 28143, 915, 940);
INSERT INTO player_team_game_play(player_id, team_id, game_id, play_id, seconds_start, seconds_end) VALUES(5150, 1649, 24998, 28143, 915, 940);
INSERT INTO player_team_game_play(player_id, team_id, game_id, play_id, seconds_start, seconds_end) VALUES(6138, 1649, 24998, 28143, 915, 940);
INSERT INTO player_team_game_play(player_id, team_id, game_id, play_id, seconds_start, seconds_end) VALUES(7406, 1649, 24998, 28143, 915, 940);
INSERT INTO player_team_game_play(player_id, team_id, game_id, play_id, seconds_start, seconds_end) VALUES(6320, 1655, 24998, 28143, 915, 940);
INSERT INTO player_team_game_play(player_id, team_id, game_id, play_id, seconds_start, seconds_end) VALUES(7449, 1655, 24998, 28143, 915, 940);
INSERT INTO player_team_game_play(player_id, team_id, game_id, play_id, seconds_start, seconds_end) VALUES(7448, 1655, 24998, 28143, 915, 940);
INSERT INTO player_team_game_play(player_id, team_id, game_id, play_id, seconds_start, seconds_end) VALUES(7049, 1655, 24998, 28143, 915, 940);
INSERT INTO player_team_game_play(player_id, team_id, game_id, play_id, seconds_start, seconds_end) VALUES(378, 1655, 24998, 28143, 915, 940);
INSERT INTO lba.sub_play (play_id, seconds_da_start, player_made_id, team_made_id, game_made_id, player_suffered_id, team_suffered_id, game_suffered_id, shot_id, turnover_id, foul_id, rebound_defensive_01, rebound_offensive_01, assist_01, blocks_01, time_out_01, x, y)VALUES(28143, 25, 7449, 1655, 24998, 7406, 1649, 24998, NULL, 1, NULL, '', '', '', '', '', 15, 57);

INSERT INTO play(id, game_id, seconds_start, seconds_end, quarter, attack_home_01, score_home, score_guest)VALUES(28144, 24998, 940, 949, 2, '1', 43, 36);
INSERT INTO player_team_game_play(player_id, team_id, game_id, play_id, seconds_start, seconds_end) VALUES(7015, 1649, 24998, 28144, 940, 949);
INSERT INTO player_team_game_play(player_id, team_id, game_id, play_id, seconds_start, seconds_end) VALUES(3176, 1649, 24998, 28144, 940, 949);
INSERT INTO player_team_game_play(player_id, team_id, game_id, play_id, seconds_start, seconds_end) VALUES(5150, 1649, 24998, 28144, 940, 949);
INSERT INTO player_team_game_play(player_id, team_id, game_id, play_id, seconds_start, seconds_end) VALUES(6138, 1649, 24998, 28144, 940, 949);
INSERT INTO player_team_game_play(player_id, team_id, game_id, play_id, seconds_start, seconds_end) VALUES(7406, 1649, 24998, 28144, 940, 949);
INSERT INTO player_team_game_play(player_id, team_id, game_id, play_id, seconds_start, seconds_end) VALUES(6320, 1655, 24998, 28144, 940, 949);
INSERT INTO player_team_game_play(player_id, team_id, game_id, play_id, seconds_start, seconds_end) VALUES(7449, 1655, 24998, 28144, 940, 949);
INSERT INTO player_team_game_play(player_id, team_id, game_id, play_id, seconds_start, seconds_end) VALUES(7448, 1655, 24998, 28144, 940, 949);
INSERT INTO player_team_game_play(player_id, team_id, game_id, play_id, seconds_start, seconds_end) VALUES(7049, 1655, 24998, 28144, 940, 949);
INSERT INTO player_team_game_play(player_id, team_id, game_id, play_id, seconds_start, seconds_end) VALUES(378, 1655, 24998, 28144, 940, 949);
INSERT INTO lba.sub_play (play_id, seconds_da_start, player_made_id, team_made_id, game_made_id, player_suffered_id, team_suffered_id, game_suffered_id, shot_id, turnover_id, foul_id, rebound_defensive_01, rebound_offensive_01, assist_01, blocks_01, time_out_01, x, y)VALUES(28144, 9, 7015, 1649, 24998, NULL, NULL, NULL, 3, NULL, NULL, '', '', '', '', '', 74, 83);
INSERT INTO lba.sub_play (play_id, seconds_da_start, player_made_id, team_made_id, game_made_id, player_suffered_id, team_suffered_id, game_suffered_id, shot_id, turnover_id, foul_id, rebound_defensive_01, rebound_offensive_01, assist_01, blocks_01, time_out_01, x, y)VALUES(28144, 9, 5150, 1649, 24998, NULL, NULL, NULL, NULL, NULL, NULL, '', '', '1', '', '', 74, 83);

INSERT INTO play(id, game_id, seconds_start, seconds_end, quarter, attack_home_01, score_home, score_guest)VALUES(28145, 24998, 949, 963, 2, '0', 43, 38);
INSERT INTO player_team_game_play(player_id, team_id, game_id, play_id, seconds_start, seconds_end) VALUES(7015, 1649, 24998, 28145, 949, 963);
INSERT INTO player_team_game_play(player_id, team_id, game_id, play_id, seconds_start, seconds_end) VALUES(3176, 1649, 24998, 28145, 949, 963);
INSERT INTO player_team_game_play(player_id, team_id, game_id, play_id, seconds_start, seconds_end) VALUES(5150, 1649, 24998, 28145, 949, 963);
INSERT INTO player_team_game_play(player_id, team_id, game_id, play_id, seconds_start, seconds_end) VALUES(6138, 1649, 24998, 28145, 949, 963);
INSERT INTO player_team_game_play(player_id, team_id, game_id, play_id, seconds_start, seconds_end) VALUES(7406, 1649, 24998, 28145, 949, 963);
INSERT INTO player_team_game_play(player_id, team_id, game_id, play_id, seconds_start, seconds_end) VALUES(6320, 1655, 24998, 28145, 949, 963);
INSERT INTO player_team_game_play(player_id, team_id, game_id, play_id, seconds_start, seconds_end) VALUES(7449, 1655, 24998, 28145, 949, 963);
INSERT INTO player_team_game_play(player_id, team_id, game_id, play_id, seconds_start, seconds_end) VALUES(7448, 1655, 24998, 28145, 949, 963);
INSERT INTO player_team_game_play(player_id, team_id, game_id, play_id, seconds_start, seconds_end) VALUES(7049, 1655, 24998, 28145, 949, 963);
INSERT INTO player_team_game_play(player_id, team_id, game_id, play_id, seconds_start, seconds_end) VALUES(378, 1655, 24998, 28145, 949, 963);
INSERT INTO lba.sub_play (play_id, seconds_da_start, player_made_id, team_made_id, game_made_id, player_suffered_id, team_suffered_id, game_suffered_id, shot_id, turnover_id, foul_id, rebound_defensive_01, rebound_offensive_01, assist_01, blocks_01, time_out_01, x, y)VALUES(28145, 14, 7449, 1655, 24998, NULL, NULL, NULL, 1, NULL, NULL, '', '', '', '', '', 9, 57);
INSERT INTO lba.sub_play (play_id, seconds_da_start, player_made_id, team_made_id, game_made_id, player_suffered_id, team_suffered_id, game_suffered_id, shot_id, turnover_id, foul_id, rebound_defensive_01, rebound_offensive_01, assist_01, blocks_01, time_out_01, x, y)VALUES(28145, 14, 7049, 1655, 24998, NULL, NULL, NULL, NULL, NULL, NULL, '', '', '1', '', '', 9, 57);

INSERT INTO play(id, game_id, seconds_start, seconds_end, quarter, attack_home_01, score_home, score_guest)VALUES(28146, 24998, 963, 984, 2, '1', 46, 38);
INSERT INTO player_team_game_play(player_id, team_id, game_id, play_id, seconds_start, seconds_end) VALUES(7015, 1649, 24998, 28146, 963, 984);
INSERT INTO player_team_game_play(player_id, team_id, game_id, play_id, seconds_start, seconds_end) VALUES(3176, 1649, 24998, 28146, 963, 984);
INSERT INTO player_team_game_play(player_id, team_id, game_id, play_id, seconds_start, seconds_end) VALUES(5150, 1649, 24998, 28146, 963, 984);
INSERT INTO player_team_game_play(player_id, team_id, game_id, play_id, seconds_start, seconds_end) VALUES(6138, 1649, 24998, 28146, 963, 984);
INSERT INTO player_team_game_play(player_id, team_id, game_id, play_id, seconds_start, seconds_end) VALUES(7406, 1649, 24998, 28146, 963, 984);
INSERT INTO player_team_game_play(player_id, team_id, game_id, play_id, seconds_start, seconds_end) VALUES(6320, 1655, 24998, 28146, 963, 984);
INSERT INTO player_team_game_play(player_id, team_id, game_id, play_id, seconds_start, seconds_end) VALUES(7449, 1655, 24998, 28146, 963, 984);
INSERT INTO player_team_game_play(player_id, team_id, game_id, play_id, seconds_start, seconds_end) VALUES(7448, 1655, 24998, 28146, 963, 984);
INSERT INTO player_team_game_play(player_id, team_id, game_id, play_id, seconds_start, seconds_end) VALUES(7049, 1655, 24998, 28146, 963, 984);
INSERT INTO player_team_game_play(player_id, team_id, game_id, play_id, seconds_start, seconds_end) VALUES(378, 1655, 24998, 28146, 963, 984);
INSERT INTO lba.sub_play (play_id, seconds_da_start, player_made_id, team_made_id, game_made_id, player_suffered_id, team_suffered_id, game_suffered_id, shot_id, turnover_id, foul_id, rebound_defensive_01, rebound_offensive_01, assist_01, blocks_01, time_out_01, x, y)VALUES(28146, 21, 7015, 1649, 24998, NULL, NULL, NULL, 3, NULL, NULL, '', '', '', '', '', 66, 68);
INSERT INTO lba.sub_play (play_id, seconds_da_start, player_made_id, team_made_id, game_made_id, player_suffered_id, team_suffered_id, game_suffered_id, shot_id, turnover_id, foul_id, rebound_defensive_01, rebound_offensive_01, assist_01, blocks_01, time_out_01, x, y)VALUES(28146, 21, 7406, 1649, 24998, NULL, NULL, NULL, NULL, NULL, NULL, '', '', '1', '', '', 66, 68);

INSERT INTO play(id, game_id, seconds_start, seconds_end, quarter, attack_home_01, score_home, score_guest)VALUES(28147, 24998, 984, 991, 2, '0', 46, 40);
INSERT INTO player_team_game_play(player_id, team_id, game_id, play_id, seconds_start, seconds_end) VALUES(7015, 1649, 24998, 28147, 984, 991);
INSERT INTO player_team_game_play(player_id, team_id, game_id, play_id, seconds_start, seconds_end) VALUES(3176, 1649, 24998, 28147, 984, 991);
INSERT INTO player_team_game_play(player_id, team_id, game_id, play_id, seconds_start, seconds_end) VALUES(5150, 1649, 24998, 28147, 984, 991);
INSERT INTO player_team_game_play(player_id, team_id, game_id, play_id, seconds_start, seconds_end) VALUES(6138, 1649, 24998, 28147, 984, 991);
INSERT INTO player_team_game_play(player_id, team_id, game_id, play_id, seconds_start, seconds_end) VALUES(7406, 1649, 24998, 28147, 984, 991);
INSERT INTO player_team_game_play(player_id, team_id, game_id, play_id, seconds_start, seconds_end) VALUES(6320, 1655, 24998, 28147, 984, 991);
INSERT INTO player_team_game_play(player_id, team_id, game_id, play_id, seconds_start, seconds_end) VALUES(7449, 1655, 24998, 28147, 984, 991);
INSERT INTO player_team_game_play(player_id, team_id, game_id, play_id, seconds_start, seconds_end) VALUES(7448, 1655, 24998, 28147, 984, 991);
INSERT INTO player_team_game_play(player_id, team_id, game_id, play_id, seconds_start, seconds_end) VALUES(7049, 1655, 24998, 28147, 984, 991);
INSERT INTO player_team_game_play(player_id, team_id, game_id, play_id, seconds_start, seconds_end) VALUES(378, 1655, 24998, 28147, 984, 991);
UPDATE player_team_game_play SET seconds_end = 991 WHERE player_id = 7406 AND game_id = 24998 AND play_id = 28147;
INSERT INTO player_team_game_play(player_id, team_id, game_id, play_id, seconds_start, seconds_end) VALUES(7404, 1649, 24998, 28147, 991, 991);
UPDATE player_team_game_play SET seconds_end = 991 WHERE player_id = 7049 AND game_id = 24998 AND play_id = 28147;
INSERT INTO player_team_game_play(player_id, team_id, game_id, play_id, seconds_start, seconds_end) VALUES(2148, 1655, 24998, 28147, 991, 991);
INSERT INTO lba.sub_play (play_id, seconds_da_start, player_made_id, team_made_id, game_made_id, player_suffered_id, team_suffered_id, game_suffered_id, shot_id, turnover_id, foul_id, rebound_defensive_01, rebound_offensive_01, assist_01, blocks_01, time_out_01, x, y)VALUES(28147, 7, 7406, 1649, 24998, 6320, 1655, 24998, NULL, NULL, 1, '', '', '', '', '', 33, 24);
INSERT INTO lba.sub_play (play_id, seconds_da_start, player_made_id, team_made_id, game_made_id, player_suffered_id, team_suffered_id, game_suffered_id, shot_id, turnover_id, foul_id, rebound_defensive_01, rebound_offensive_01, assist_01, blocks_01, time_out_01, x, y)VALUES(28147, 7, 6320, 1655, 24998, NULL, NULL, NULL, 5, NULL, NULL, '', '', '', '', '', NULL, NULL);
INSERT INTO lba.sub_play (play_id, seconds_da_start, player_made_id, team_made_id, game_made_id, player_suffered_id, team_suffered_id, game_suffered_id, shot_id, turnover_id, foul_id, rebound_defensive_01, rebound_offensive_01, assist_01, blocks_01, time_out_01, x, y)VALUES(28147, 7, 6320, 1655, 24998, NULL, NULL, NULL, 5, NULL, NULL, '', '', '', '', '', NULL, NULL);

INSERT INTO play(id, game_id, seconds_start, seconds_end, quarter, attack_home_01, score_home, score_guest)VALUES(28148, 24998, 991, 1003, 2, '1', 46, 40);
INSERT INTO player_team_game_play(player_id, team_id, game_id, play_id, seconds_start, seconds_end) VALUES(7015, 1649, 24998, 28148, 991, 1003);
INSERT INTO player_team_game_play(player_id, team_id, game_id, play_id, seconds_start, seconds_end) VALUES(3176, 1649, 24998, 28148, 991, 1003);
INSERT INTO player_team_game_play(player_id, team_id, game_id, play_id, seconds_start, seconds_end) VALUES(5150, 1649, 24998, 28148, 991, 1003);
INSERT INTO player_team_game_play(player_id, team_id, game_id, play_id, seconds_start, seconds_end) VALUES(6138, 1649, 24998, 28148, 991, 1003);
INSERT INTO player_team_game_play(player_id, team_id, game_id, play_id, seconds_start, seconds_end) VALUES(7406, 1649, 24998, 28148, 991, 1003);
INSERT INTO player_team_game_play(player_id, team_id, game_id, play_id, seconds_start, seconds_end) VALUES(6320, 1655, 24998, 28148, 991, 1003);
INSERT INTO player_team_game_play(player_id, team_id, game_id, play_id, seconds_start, seconds_end) VALUES(7449, 1655, 24998, 28148, 991, 1003);
INSERT INTO player_team_game_play(player_id, team_id, game_id, play_id, seconds_start, seconds_end) VALUES(7448, 1655, 24998, 28148, 991, 1003);
INSERT INTO player_team_game_play(player_id, team_id, game_id, play_id, seconds_start, seconds_end) VALUES(7049, 1655, 24998, 28148, 991, 1003);
INSERT INTO player_team_game_play(player_id, team_id, game_id, play_id, seconds_start, seconds_end) VALUES(378, 1655, 24998, 28148, 991, 1003);
UPDATE player_team_game_play SET seconds_end = 991 WHERE player_id = 7406 AND game_id = 24998 AND play_id = 28148;
INSERT INTO player_team_game_play(player_id, team_id, game_id, play_id, seconds_start, seconds_end) VALUES(7404, 1649, 24998, 28148, 991, 1003);
UPDATE player_team_game_play SET seconds_end = 991 WHERE player_id = 7049 AND game_id = 24998 AND play_id = 28148;
INSERT INTO player_team_game_play(player_id, team_id, game_id, play_id, seconds_start, seconds_end) VALUES(2148, 1655, 24998, 28148, 991, 1003);
INSERT INTO lba.sub_play (play_id, seconds_da_start, player_made_id, team_made_id, game_made_id, player_suffered_id, team_suffered_id, game_suffered_id, shot_id, turnover_id, foul_id, rebound_defensive_01, rebound_offensive_01, assist_01, blocks_01, time_out_01, x, y)VALUES(28148, 12, 7015, 1649, 24998, NULL, NULL, NULL, 4, NULL, NULL, '', '', '', '', '', 70, 83);
INSERT INTO lba.sub_play (play_id, seconds_da_start, player_made_id, team_made_id, game_made_id, player_suffered_id, team_suffered_id, game_suffered_id, shot_id, turnover_id, foul_id, rebound_defensive_01, rebound_offensive_01, assist_01, blocks_01, time_out_01, x, y)VALUES(28148, 12, 7449, 1655, 24998, NULL, NULL, NULL, NULL, NULL, NULL, '1', '', '', '', '', 70, 83);

INSERT INTO play(id, game_id, seconds_start, seconds_end, quarter, attack_home_01, score_home, score_guest)VALUES(28149, 24998, 1003, 1012, 2, '0', 46, 42);
INSERT INTO player_team_game_play(player_id, team_id, game_id, play_id, seconds_start, seconds_end) VALUES(7015, 1649, 24998, 28149, 1003, 1012);
INSERT INTO player_team_game_play(player_id, team_id, game_id, play_id, seconds_start, seconds_end) VALUES(3176, 1649, 24998, 28149, 1003, 1012);
INSERT INTO player_team_game_play(player_id, team_id, game_id, play_id, seconds_start, seconds_end) VALUES(6138, 1649, 24998, 28149, 1003, 1012);
INSERT INTO player_team_game_play(player_id, team_id, game_id, play_id, seconds_start, seconds_end) VALUES(7404, 1649, 24998, 28149, 1003, 1012);
INSERT INTO player_team_game_play(player_id, team_id, game_id, play_id, seconds_start, seconds_end) VALUES(5150, 1649, 24998, 28149, 1003, 1012);
INSERT INTO player_team_game_play(player_id, team_id, game_id, play_id, seconds_start, seconds_end) VALUES(6320, 1655, 24998, 28149, 1003, 1012);
INSERT INTO player_team_game_play(player_id, team_id, game_id, play_id, seconds_start, seconds_end) VALUES(2148, 1655, 24998, 28149, 1003, 1012);
INSERT INTO player_team_game_play(player_id, team_id, game_id, play_id, seconds_start, seconds_end) VALUES(7448, 1655, 24998, 28149, 1003, 1012);
INSERT INTO player_team_game_play(player_id, team_id, game_id, play_id, seconds_start, seconds_end) VALUES(7449, 1655, 24998, 28149, 1003, 1012);
INSERT INTO player_team_game_play(player_id, team_id, game_id, play_id, seconds_start, seconds_end) VALUES(378, 1655, 24998, 28149, 1003, 1012);
INSERT INTO lba.sub_play (play_id, seconds_da_start, player_made_id, team_made_id, game_made_id, player_suffered_id, team_suffered_id, game_suffered_id, shot_id, turnover_id, foul_id, rebound_defensive_01, rebound_offensive_01, assist_01, blocks_01, time_out_01, x, y)VALUES(28149, 9, 7448, 1655, 24998, NULL, NULL, NULL, 2, NULL, NULL, '', '', '', '', '', 7, 46);
INSERT INTO lba.sub_play (play_id, seconds_da_start, player_made_id, team_made_id, game_made_id, player_suffered_id, team_suffered_id, game_suffered_id, shot_id, turnover_id, foul_id, rebound_defensive_01, rebound_offensive_01, assist_01, blocks_01, time_out_01, x, y)VALUES(28149, 9, 378, 1655, 24998, NULL, NULL, NULL, NULL, NULL, NULL, '', '1', '', '', '', 7, 46);
INSERT INTO lba.sub_play (play_id, seconds_da_start, player_made_id, team_made_id, game_made_id, player_suffered_id, team_suffered_id, game_suffered_id, shot_id, turnover_id, foul_id, rebound_defensive_01, rebound_offensive_01, assist_01, blocks_01, time_out_01, x, y)VALUES(28149, 9, 378, 1655, 24998, NULL, NULL, NULL, 1, NULL, NULL, '', '', '', '', '', 7, 46);

INSERT INTO play(id, game_id, seconds_start, seconds_end, quarter, attack_home_01, score_home, score_guest)VALUES(28150, 24998, 1012, 1031, 2, '1', 49, 42);
INSERT INTO player_team_game_play(player_id, team_id, game_id, play_id, seconds_start, seconds_end) VALUES(7015, 1649, 24998, 28150, 1012, 1031);
INSERT INTO player_team_game_play(player_id, team_id, game_id, play_id, seconds_start, seconds_end) VALUES(3176, 1649, 24998, 28150, 1012, 1031);
INSERT INTO player_team_game_play(player_id, team_id, game_id, play_id, seconds_start, seconds_end) VALUES(6138, 1649, 24998, 28150, 1012, 1031);
INSERT INTO player_team_game_play(player_id, team_id, game_id, play_id, seconds_start, seconds_end) VALUES(7404, 1649, 24998, 28150, 1012, 1031);
INSERT INTO player_team_game_play(player_id, team_id, game_id, play_id, seconds_start, seconds_end) VALUES(5150, 1649, 24998, 28150, 1012, 1031);
INSERT INTO player_team_game_play(player_id, team_id, game_id, play_id, seconds_start, seconds_end) VALUES(6320, 1655, 24998, 28150, 1012, 1031);
INSERT INTO player_team_game_play(player_id, team_id, game_id, play_id, seconds_start, seconds_end) VALUES(2148, 1655, 24998, 28150, 1012, 1031);
INSERT INTO player_team_game_play(player_id, team_id, game_id, play_id, seconds_start, seconds_end) VALUES(7448, 1655, 24998, 28150, 1012, 1031);
INSERT INTO player_team_game_play(player_id, team_id, game_id, play_id, seconds_start, seconds_end) VALUES(7449, 1655, 24998, 28150, 1012, 1031);
INSERT INTO player_team_game_play(player_id, team_id, game_id, play_id, seconds_start, seconds_end) VALUES(378, 1655, 24998, 28150, 1012, 1031);
INSERT INTO lba.sub_play (play_id, seconds_da_start, player_made_id, team_made_id, game_made_id, player_suffered_id, team_suffered_id, game_suffered_id, shot_id, turnover_id, foul_id, rebound_defensive_01, rebound_offensive_01, assist_01, blocks_01, time_out_01, x, y)VALUES(28150, 19, 5150, 1649, 24998, NULL, NULL, NULL, 3, NULL, NULL, '', '', '', '', '', 69, 29);

INSERT INTO play(id, game_id, seconds_start, seconds_end, quarter, attack_home_01, score_home, score_guest)VALUES(28151, 24998, 1031, 1045, 2, '0', 49, 44);
INSERT INTO player_team_game_play(player_id, team_id, game_id, play_id, seconds_start, seconds_end) VALUES(7015, 1649, 24998, 28151, 1031, 1045);
INSERT INTO player_team_game_play(player_id, team_id, game_id, play_id, seconds_start, seconds_end) VALUES(3176, 1649, 24998, 28151, 1031, 1045);
INSERT INTO player_team_game_play(player_id, team_id, game_id, play_id, seconds_start, seconds_end) VALUES(6138, 1649, 24998, 28151, 1031, 1045);
INSERT INTO player_team_game_play(player_id, team_id, game_id, play_id, seconds_start, seconds_end) VALUES(7404, 1649, 24998, 28151, 1031, 1045);
INSERT INTO player_team_game_play(player_id, team_id, game_id, play_id, seconds_start, seconds_end) VALUES(5150, 1649, 24998, 28151, 1031, 1045);
INSERT INTO player_team_game_play(player_id, team_id, game_id, play_id, seconds_start, seconds_end) VALUES(6320, 1655, 24998, 28151, 1031, 1045);
INSERT INTO player_team_game_play(player_id, team_id, game_id, play_id, seconds_start, seconds_end) VALUES(2148, 1655, 24998, 28151, 1031, 1045);
INSERT INTO player_team_game_play(player_id, team_id, game_id, play_id, seconds_start, seconds_end) VALUES(7448, 1655, 24998, 28151, 1031, 1045);
INSERT INTO player_team_game_play(player_id, team_id, game_id, play_id, seconds_start, seconds_end) VALUES(7449, 1655, 24998, 28151, 1031, 1045);
INSERT INTO player_team_game_play(player_id, team_id, game_id, play_id, seconds_start, seconds_end) VALUES(378, 1655, 24998, 28151, 1031, 1045);
INSERT INTO lba.sub_play (play_id, seconds_da_start, player_made_id, team_made_id, game_made_id, player_suffered_id, team_suffered_id, game_suffered_id, shot_id, turnover_id, foul_id, rebound_defensive_01, rebound_offensive_01, assist_01, blocks_01, time_out_01, x, y)VALUES(28151, 14, 6320, 1655, 24998, NULL, NULL, NULL, 1, NULL, NULL, '', '', '', '', '', 5, 57);

INSERT INTO play(id, game_id, seconds_start, seconds_end, quarter, attack_home_01, score_home, score_guest)VALUES(28152, 24998, 1045, 1065, 2, '1', 52, 44);
INSERT INTO player_team_game_play(player_id, team_id, game_id, play_id, seconds_start, seconds_end) VALUES(7015, 1649, 24998, 28152, 1045, 1065);
INSERT INTO player_team_game_play(player_id, team_id, game_id, play_id, seconds_start, seconds_end) VALUES(3176, 1649, 24998, 28152, 1045, 1065);
INSERT INTO player_team_game_play(player_id, team_id, game_id, play_id, seconds_start, seconds_end) VALUES(6138, 1649, 24998, 28152, 1045, 1065);
INSERT INTO player_team_game_play(player_id, team_id, game_id, play_id, seconds_start, seconds_end) VALUES(7404, 1649, 24998, 28152, 1045, 1065);
INSERT INTO player_team_game_play(player_id, team_id, game_id, play_id, seconds_start, seconds_end) VALUES(5150, 1649, 24998, 28152, 1045, 1065);
INSERT INTO player_team_game_play(player_id, team_id, game_id, play_id, seconds_start, seconds_end) VALUES(6320, 1655, 24998, 28152, 1045, 1065);
INSERT INTO player_team_game_play(player_id, team_id, game_id, play_id, seconds_start, seconds_end) VALUES(2148, 1655, 24998, 28152, 1045, 1065);
INSERT INTO player_team_game_play(player_id, team_id, game_id, play_id, seconds_start, seconds_end) VALUES(7448, 1655, 24998, 28152, 1045, 1065);
INSERT INTO player_team_game_play(player_id, team_id, game_id, play_id, seconds_start, seconds_end) VALUES(7449, 1655, 24998, 28152, 1045, 1065);
INSERT INTO player_team_game_play(player_id, team_id, game_id, play_id, seconds_start, seconds_end) VALUES(378, 1655, 24998, 28152, 1045, 1065);
INSERT INTO lba.sub_play (play_id, seconds_da_start, player_made_id, team_made_id, game_made_id, player_suffered_id, team_suffered_id, game_suffered_id, shot_id, turnover_id, foul_id, rebound_defensive_01, rebound_offensive_01, assist_01, blocks_01, time_out_01, x, y)VALUES(28152, 20, 5150, 1649, 24998, NULL, NULL, NULL, 3, NULL, NULL, '', '', '', '', '', 93, 97);
INSERT INTO lba.sub_play (play_id, seconds_da_start, player_made_id, team_made_id, game_made_id, player_suffered_id, team_suffered_id, game_suffered_id, shot_id, turnover_id, foul_id, rebound_defensive_01, rebound_offensive_01, assist_01, blocks_01, time_out_01, x, y)VALUES(28152, 20, 7015, 1649, 24998, NULL, NULL, NULL, NULL, NULL, NULL, '', '', '1', '', '', 93, 97);

INSERT INTO play(id, game_id, seconds_start, seconds_end, quarter, attack_home_01, score_home, score_guest)VALUES(28153, 24998, 1065, 1085, 2, '0', 52, 44);
INSERT INTO player_team_game_play(player_id, team_id, game_id, play_id, seconds_start, seconds_end) VALUES(7015, 1649, 24998, 28153, 1065, 1085);
INSERT INTO player_team_game_play(player_id, team_id, game_id, play_id, seconds_start, seconds_end) VALUES(3176, 1649, 24998, 28153, 1065, 1085);
INSERT INTO player_team_game_play(player_id, team_id, game_id, play_id, seconds_start, seconds_end) VALUES(6138, 1649, 24998, 28153, 1065, 1085);
INSERT INTO player_team_game_play(player_id, team_id, game_id, play_id, seconds_start, seconds_end) VALUES(7404, 1649, 24998, 28153, 1065, 1085);
INSERT INTO player_team_game_play(player_id, team_id, game_id, play_id, seconds_start, seconds_end) VALUES(5150, 1649, 24998, 28153, 1065, 1085);
INSERT INTO player_team_game_play(player_id, team_id, game_id, play_id, seconds_start, seconds_end) VALUES(6320, 1655, 24998, 28153, 1065, 1085);
INSERT INTO player_team_game_play(player_id, team_id, game_id, play_id, seconds_start, seconds_end) VALUES(2148, 1655, 24998, 28153, 1065, 1085);
INSERT INTO player_team_game_play(player_id, team_id, game_id, play_id, seconds_start, seconds_end) VALUES(7448, 1655, 24998, 28153, 1065, 1085);
INSERT INTO player_team_game_play(player_id, team_id, game_id, play_id, seconds_start, seconds_end) VALUES(7449, 1655, 24998, 28153, 1065, 1085);
INSERT INTO player_team_game_play(player_id, team_id, game_id, play_id, seconds_start, seconds_end) VALUES(378, 1655, 24998, 28153, 1065, 1085);
INSERT INTO lba.sub_play (play_id, seconds_da_start, player_made_id, team_made_id, game_made_id, player_suffered_id, team_suffered_id, game_suffered_id, shot_id, turnover_id, foul_id, rebound_defensive_01, rebound_offensive_01, assist_01, blocks_01, time_out_01, x, y)VALUES(28153, 20, 378, 1655, 24998, NULL, NULL, NULL, 2, NULL, NULL, '', '', '', '', '', 23, 54);
INSERT INTO lba.sub_play (play_id, seconds_da_start, player_made_id, team_made_id, game_made_id, player_suffered_id, team_suffered_id, game_suffered_id, shot_id, turnover_id, foul_id, rebound_defensive_01, rebound_offensive_01, assist_01, blocks_01, time_out_01, x, y)VALUES(28153, 20, 5150, 1649, 24998, NULL, NULL, NULL, NULL, NULL, NULL, '1', '', '', '', '', 23, 54);

INSERT INTO play(id, game_id, seconds_start, seconds_end, quarter, attack_home_01, score_home, score_guest)VALUES(28154, 24998, 1085, 1095, 2, '1', 52, 44);
INSERT INTO player_team_game_play(player_id, team_id, game_id, play_id, seconds_start, seconds_end) VALUES(7015, 1649, 24998, 28154, 1085, 1095);
INSERT INTO player_team_game_play(player_id, team_id, game_id, play_id, seconds_start, seconds_end) VALUES(3176, 1649, 24998, 28154, 1085, 1095);
INSERT INTO player_team_game_play(player_id, team_id, game_id, play_id, seconds_start, seconds_end) VALUES(6138, 1649, 24998, 28154, 1085, 1095);
INSERT INTO player_team_game_play(player_id, team_id, game_id, play_id, seconds_start, seconds_end) VALUES(7404, 1649, 24998, 28154, 1085, 1095);
INSERT INTO player_team_game_play(player_id, team_id, game_id, play_id, seconds_start, seconds_end) VALUES(5150, 1649, 24998, 28154, 1085, 1095);
INSERT INTO player_team_game_play(player_id, team_id, game_id, play_id, seconds_start, seconds_end) VALUES(6320, 1655, 24998, 28154, 1085, 1095);
INSERT INTO player_team_game_play(player_id, team_id, game_id, play_id, seconds_start, seconds_end) VALUES(2148, 1655, 24998, 28154, 1085, 1095);
INSERT INTO player_team_game_play(player_id, team_id, game_id, play_id, seconds_start, seconds_end) VALUES(7448, 1655, 24998, 28154, 1085, 1095);
INSERT INTO player_team_game_play(player_id, team_id, game_id, play_id, seconds_start, seconds_end) VALUES(7449, 1655, 24998, 28154, 1085, 1095);
INSERT INTO player_team_game_play(player_id, team_id, game_id, play_id, seconds_start, seconds_end) VALUES(378, 1655, 24998, 28154, 1085, 1095);
INSERT INTO lba.sub_play (play_id, seconds_da_start, player_made_id, team_made_id, game_made_id, player_suffered_id, team_suffered_id, game_suffered_id, shot_id, turnover_id, foul_id, rebound_defensive_01, rebound_offensive_01, assist_01, blocks_01, time_out_01, x, y)VALUES(28154, 10, 7404, 1649, 24998, NULL, NULL, NULL, 4, NULL, NULL, '', '', '', '', '', 93, 3);
INSERT INTO lba.sub_play (play_id, seconds_da_start, player_made_id, team_made_id, game_made_id, player_suffered_id, team_suffered_id, game_suffered_id, shot_id, turnover_id, foul_id, rebound_defensive_01, rebound_offensive_01, assist_01, blocks_01, time_out_01, x, y)VALUES(28154, 10, 2148, 1655, 24998, NULL, NULL, NULL, NULL, NULL, NULL, '1', '', '', '', '', 93, 3);

INSERT INTO play(id, game_id, seconds_start, seconds_end, quarter, attack_home_01, score_home, score_guest)VALUES(28155, 24998, 1095, 1101, 2, '0', 52, 47);
INSERT INTO player_team_game_play(player_id, team_id, game_id, play_id, seconds_start, seconds_end) VALUES(7015, 1649, 24998, 28155, 1095, 1101);
INSERT INTO player_team_game_play(player_id, team_id, game_id, play_id, seconds_start, seconds_end) VALUES(3176, 1649, 24998, 28155, 1095, 1101);
INSERT INTO player_team_game_play(player_id, team_id, game_id, play_id, seconds_start, seconds_end) VALUES(6138, 1649, 24998, 28155, 1095, 1101);
INSERT INTO player_team_game_play(player_id, team_id, game_id, play_id, seconds_start, seconds_end) VALUES(7404, 1649, 24998, 28155, 1095, 1101);
INSERT INTO player_team_game_play(player_id, team_id, game_id, play_id, seconds_start, seconds_end) VALUES(5150, 1649, 24998, 28155, 1095, 1101);
INSERT INTO player_team_game_play(player_id, team_id, game_id, play_id, seconds_start, seconds_end) VALUES(6320, 1655, 24998, 28155, 1095, 1101);
INSERT INTO player_team_game_play(player_id, team_id, game_id, play_id, seconds_start, seconds_end) VALUES(2148, 1655, 24998, 28155, 1095, 1101);
INSERT INTO player_team_game_play(player_id, team_id, game_id, play_id, seconds_start, seconds_end) VALUES(7448, 1655, 24998, 28155, 1095, 1101);
INSERT INTO player_team_game_play(player_id, team_id, game_id, play_id, seconds_start, seconds_end) VALUES(7449, 1655, 24998, 28155, 1095, 1101);
INSERT INTO player_team_game_play(player_id, team_id, game_id, play_id, seconds_start, seconds_end) VALUES(378, 1655, 24998, 28155, 1095, 1101);
INSERT INTO lba.sub_play (play_id, seconds_da_start, player_made_id, team_made_id, game_made_id, player_suffered_id, team_suffered_id, game_suffered_id, shot_id, turnover_id, foul_id, rebound_defensive_01, rebound_offensive_01, assist_01, blocks_01, time_out_01, x, y)VALUES(28155, 6, 7448, 1655, 24998, NULL, NULL, NULL, 3, NULL, NULL, '', '', '', '', '', 30, 33);
INSERT INTO lba.sub_play (play_id, seconds_da_start, player_made_id, team_made_id, game_made_id, player_suffered_id, team_suffered_id, game_suffered_id, shot_id, turnover_id, foul_id, rebound_defensive_01, rebound_offensive_01, assist_01, blocks_01, time_out_01, x, y)VALUES(28155, 6, 2148, 1655, 24998, NULL, NULL, NULL, NULL, NULL, NULL, '', '', '1', '', '', 30, 33);

INSERT INTO play(id, game_id, seconds_start, seconds_end, quarter, attack_home_01, score_home, score_guest)VALUES(28156, 24998, 1101, 1123, 2, '1', 54, 47);
INSERT INTO player_team_game_play(player_id, team_id, game_id, play_id, seconds_start, seconds_end) VALUES(7015, 1649, 24998, 28156, 1101, 1123);
INSERT INTO player_team_game_play(player_id, team_id, game_id, play_id, seconds_start, seconds_end) VALUES(3176, 1649, 24998, 28156, 1101, 1123);
INSERT INTO player_team_game_play(player_id, team_id, game_id, play_id, seconds_start, seconds_end) VALUES(6138, 1649, 24998, 28156, 1101, 1123);
INSERT INTO player_team_game_play(player_id, team_id, game_id, play_id, seconds_start, seconds_end) VALUES(7404, 1649, 24998, 28156, 1101, 1123);
INSERT INTO player_team_game_play(player_id, team_id, game_id, play_id, seconds_start, seconds_end) VALUES(5150, 1649, 24998, 28156, 1101, 1123);
INSERT INTO player_team_game_play(player_id, team_id, game_id, play_id, seconds_start, seconds_end) VALUES(6320, 1655, 24998, 28156, 1101, 1123);
INSERT INTO player_team_game_play(player_id, team_id, game_id, play_id, seconds_start, seconds_end) VALUES(2148, 1655, 24998, 28156, 1101, 1123);
INSERT INTO player_team_game_play(player_id, team_id, game_id, play_id, seconds_start, seconds_end) VALUES(7448, 1655, 24998, 28156, 1101, 1123);
INSERT INTO player_team_game_play(player_id, team_id, game_id, play_id, seconds_start, seconds_end) VALUES(7449, 1655, 24998, 28156, 1101, 1123);
INSERT INTO player_team_game_play(player_id, team_id, game_id, play_id, seconds_start, seconds_end) VALUES(378, 1655, 24998, 28156, 1101, 1123);
UPDATE player_team_game_play SET seconds_end = 1121 WHERE player_id = 6138 AND game_id = 24998 AND play_id = 28156;
UPDATE player_team_game_play SET seconds_end = 1121 WHERE player_id = 7015 AND game_id = 24998 AND play_id = 28156;
INSERT INTO player_team_game_play(player_id, team_id, game_id, play_id, seconds_start, seconds_end) VALUES(1775, 1649, 24998, 28156, 1121, 1123);
INSERT INTO player_team_game_play(player_id, team_id, game_id, play_id, seconds_start, seconds_end) VALUES(2103, 1649, 24998, 28156, 1121, 1123);
UPDATE player_team_game_play SET seconds_end = 1121 WHERE player_id = 6320 AND game_id = 24998 AND play_id = 28156;
UPDATE player_team_game_play SET seconds_end = 1121 WHERE player_id = 7449 AND game_id = 24998 AND play_id = 28156;
INSERT INTO player_team_game_play(player_id, team_id, game_id, play_id, seconds_start, seconds_end) VALUES(7049, 1655, 24998, 28156, 1121, 1123);
INSERT INTO player_team_game_play(player_id, team_id, game_id, play_id, seconds_start, seconds_end) VALUES(7450, 1655, 24998, 28156, 1121, 1123);
INSERT INTO lba.sub_play (play_id, seconds_da_start, player_made_id, team_made_id, game_made_id, player_suffered_id, team_suffered_id, game_suffered_id, shot_id, turnover_id, foul_id, rebound_defensive_01, rebound_offensive_01, assist_01, blocks_01, time_out_01, x, y)VALUES(28156, 22, 5150, 1649, 24998, NULL, NULL, NULL, 1, NULL, NULL, '', '', '', '', '', 93, 45);
INSERT INTO lba.sub_play (play_id, seconds_da_start, player_made_id, team_made_id, game_made_id, player_suffered_id, team_suffered_id, game_suffered_id, shot_id, turnover_id, foul_id, rebound_defensive_01, rebound_offensive_01, assist_01, blocks_01, time_out_01, x, y)VALUES(28156, 22, 2103, 1649, 24998, NULL, NULL, NULL, NULL, NULL, NULL, '', '', '1', '', '', 93, 45);

INSERT INTO play(id, game_id, seconds_start, seconds_end, quarter, attack_home_01, score_home, score_guest)VALUES(28157, 24998, 1123, 1141, 2, '0', 54, 47);
INSERT INTO player_team_game_play(player_id, team_id, game_id, play_id, seconds_start, seconds_end) VALUES(2103, 1649, 24998, 28157, 1123, 1141);
INSERT INTO player_team_game_play(player_id, team_id, game_id, play_id, seconds_start, seconds_end) VALUES(3176, 1649, 24998, 28157, 1123, 1141);
INSERT INTO player_team_game_play(player_id, team_id, game_id, play_id, seconds_start, seconds_end) VALUES(7404, 1649, 24998, 28157, 1123, 1141);
INSERT INTO player_team_game_play(player_id, team_id, game_id, play_id, seconds_start, seconds_end) VALUES(5150, 1649, 24998, 28157, 1123, 1141);
INSERT INTO player_team_game_play(player_id, team_id, game_id, play_id, seconds_start, seconds_end) VALUES(1775, 1649, 24998, 28157, 1123, 1141);
INSERT INTO player_team_game_play(player_id, team_id, game_id, play_id, seconds_start, seconds_end) VALUES(2148, 1655, 24998, 28157, 1123, 1141);
INSERT INTO player_team_game_play(player_id, team_id, game_id, play_id, seconds_start, seconds_end) VALUES(7448, 1655, 24998, 28157, 1123, 1141);
INSERT INTO player_team_game_play(player_id, team_id, game_id, play_id, seconds_start, seconds_end) VALUES(7049, 1655, 24998, 28157, 1123, 1141);
INSERT INTO player_team_game_play(player_id, team_id, game_id, play_id, seconds_start, seconds_end) VALUES(7450, 1655, 24998, 28157, 1123, 1141);
INSERT INTO player_team_game_play(player_id, team_id, game_id, play_id, seconds_start, seconds_end) VALUES(378, 1655, 24998, 28157, 1123, 1141);
INSERT INTO lba.sub_play (play_id, seconds_da_start, player_made_id, team_made_id, game_made_id, player_suffered_id, team_suffered_id, game_suffered_id, shot_id, turnover_id, foul_id, rebound_defensive_01, rebound_offensive_01, assist_01, blocks_01, time_out_01, x, y)VALUES(28157, 18, 7450, 1655, 24998, NULL, NULL, NULL, 4, NULL, NULL, '', '', '', '', '', 34, 51);
INSERT INTO lba.sub_play (play_id, seconds_da_start, player_made_id, team_made_id, game_made_id, player_suffered_id, team_suffered_id, game_suffered_id, shot_id, turnover_id, foul_id, rebound_defensive_01, rebound_offensive_01, assist_01, blocks_01, time_out_01, x, y)VALUES(28157, 18, 3176, 1649, 24998, NULL, NULL, NULL, NULL, NULL, NULL, '1', '', '', '', '', 34, 51);

INSERT INTO play(id, game_id, seconds_start, seconds_end, quarter, attack_home_01, score_home, score_guest)VALUES(28158, 24998, 1141, 1181, 2, '1', 56, 47);
INSERT INTO player_team_game_play(player_id, team_id, game_id, play_id, seconds_start, seconds_end) VALUES(2103, 1649, 24998, 28158, 1141, 1181);
INSERT INTO player_team_game_play(player_id, team_id, game_id, play_id, seconds_start, seconds_end) VALUES(3176, 1649, 24998, 28158, 1141, 1181);
INSERT INTO player_team_game_play(player_id, team_id, game_id, play_id, seconds_start, seconds_end) VALUES(7404, 1649, 24998, 28158, 1141, 1181);
INSERT INTO player_team_game_play(player_id, team_id, game_id, play_id, seconds_start, seconds_end) VALUES(5150, 1649, 24998, 28158, 1141, 1181);
INSERT INTO player_team_game_play(player_id, team_id, game_id, play_id, seconds_start, seconds_end) VALUES(1775, 1649, 24998, 28158, 1141, 1181);
INSERT INTO player_team_game_play(player_id, team_id, game_id, play_id, seconds_start, seconds_end) VALUES(2148, 1655, 24998, 28158, 1141, 1181);
INSERT INTO player_team_game_play(player_id, team_id, game_id, play_id, seconds_start, seconds_end) VALUES(7448, 1655, 24998, 28158, 1141, 1181);
INSERT INTO player_team_game_play(player_id, team_id, game_id, play_id, seconds_start, seconds_end) VALUES(7049, 1655, 24998, 28158, 1141, 1181);
INSERT INTO player_team_game_play(player_id, team_id, game_id, play_id, seconds_start, seconds_end) VALUES(7450, 1655, 24998, 28158, 1141, 1181);
INSERT INTO player_team_game_play(player_id, team_id, game_id, play_id, seconds_start, seconds_end) VALUES(378, 1655, 24998, 28158, 1141, 1181);
UPDATE player_team_game_play SET seconds_end = 1172 WHERE player_id = 7450 AND game_id = 24998 AND play_id = 28158;
INSERT INTO player_team_game_play(player_id, team_id, game_id, play_id, seconds_start, seconds_end) VALUES(6320, 1655, 24998, 28158, 1172, 1181);
INSERT INTO lba.sub_play (play_id, seconds_da_start, player_made_id, team_made_id, game_made_id, player_suffered_id, team_suffered_id, game_suffered_id, shot_id, turnover_id, foul_id, rebound_defensive_01, rebound_offensive_01, assist_01, blocks_01, time_out_01, x, y)VALUES(28158, 6, 7448, 1655, 24998, 2103, 1649, 24998, NULL, NULL, 1, '', '', '', '', '', 71, 79);
INSERT INTO lba.sub_play (play_id, seconds_da_start, player_made_id, team_made_id, game_made_id, player_suffered_id, team_suffered_id, game_suffered_id, shot_id, turnover_id, foul_id, rebound_defensive_01, rebound_offensive_01, assist_01, blocks_01, time_out_01, x, y)VALUES(28158, 22, 5150, 1649, 24998, NULL, NULL, NULL, 2, NULL, NULL, '', '', '', '', '', 85, 50);
INSERT INTO lba.sub_play (play_id, seconds_da_start, player_made_id, team_made_id, game_made_id, player_suffered_id, team_suffered_id, game_suffered_id, shot_id, turnover_id, foul_id, rebound_defensive_01, rebound_offensive_01, assist_01, blocks_01, time_out_01, x, y)VALUES(28158, 31, 7450, 1655, 24998, 3176, 1649, 24998, NULL, NULL, 1, '', '', '', '', '', 93, 70);
INSERT INTO lba.sub_play (play_id, seconds_da_start, player_made_id, team_made_id, game_made_id, player_suffered_id, team_suffered_id, game_suffered_id, shot_id, turnover_id, foul_id, rebound_defensive_01, rebound_offensive_01, assist_01, blocks_01, time_out_01, x, y)VALUES(28158, 40, 5150, 1649, 24998, NULL, NULL, NULL, 1, NULL, NULL, '', '', '', '', '', 94, 56);

INSERT INTO play(id, game_id, seconds_start, seconds_end, quarter, attack_home_01, score_home, score_guest)VALUES(28159, 24998, 1181, 1223, 3, '0', 56, 47);
INSERT INTO player_team_game_play(player_id, team_id, game_id, play_id, seconds_start, seconds_end) VALUES(2103, 1649, 24998, 28159, 1181, 1223);
INSERT INTO player_team_game_play(player_id, team_id, game_id, play_id, seconds_start, seconds_end) VALUES(3176, 1649, 24998, 28159, 1181, 1223);
INSERT INTO player_team_game_play(player_id, team_id, game_id, play_id, seconds_start, seconds_end) VALUES(7404, 1649, 24998, 28159, 1181, 1223);
INSERT INTO player_team_game_play(player_id, team_id, game_id, play_id, seconds_start, seconds_end) VALUES(5150, 1649, 24998, 28159, 1181, 1223);
INSERT INTO player_team_game_play(player_id, team_id, game_id, play_id, seconds_start, seconds_end) VALUES(1775, 1649, 24998, 28159, 1181, 1223);
INSERT INTO player_team_game_play(player_id, team_id, game_id, play_id, seconds_start, seconds_end) VALUES(6320, 1655, 24998, 28159, 1181, 1223);
INSERT INTO player_team_game_play(player_id, team_id, game_id, play_id, seconds_start, seconds_end) VALUES(2148, 1655, 24998, 28159, 1181, 1223);
INSERT INTO player_team_game_play(player_id, team_id, game_id, play_id, seconds_start, seconds_end) VALUES(7448, 1655, 24998, 28159, 1181, 1223);
INSERT INTO player_team_game_play(player_id, team_id, game_id, play_id, seconds_start, seconds_end) VALUES(7049, 1655, 24998, 28159, 1181, 1223);
INSERT INTO player_team_game_play(player_id, team_id, game_id, play_id, seconds_start, seconds_end) VALUES(378, 1655, 24998, 28159, 1181, 1223);
UPDATE player_team_game_play SET seconds_end = 1200 WHERE player_id = 1775 AND game_id = 24998 AND play_id = 28159;
UPDATE player_team_game_play SET seconds_end = 1200 WHERE player_id = 7404 AND game_id = 24998 AND play_id = 28159;
UPDATE player_team_game_play SET seconds_end = 1200 WHERE player_id = 2103 AND game_id = 24998 AND play_id = 28159;
INSERT INTO player_team_game_play(player_id, team_id, game_id, play_id, seconds_start, seconds_end) VALUES(6138, 1649, 24998, 28159, 1200, 1223);
INSERT INTO player_team_game_play(player_id, team_id, game_id, play_id, seconds_start, seconds_end) VALUES(7406, 1649, 24998, 28159, 1200, 1223);
INSERT INTO player_team_game_play(player_id, team_id, game_id, play_id, seconds_start, seconds_end) VALUES(7015, 1649, 24998, 28159, 1200, 1223);
UPDATE player_team_game_play SET seconds_end = 1200 WHERE player_id = 6320 AND game_id = 24998 AND play_id = 28159;
UPDATE player_team_game_play SET seconds_end = 1200 WHERE player_id = 7448 AND game_id = 24998 AND play_id = 28159;
UPDATE player_team_game_play SET seconds_end = 1200 WHERE player_id = 378 AND game_id = 24998 AND play_id = 28159;
UPDATE player_team_game_play SET seconds_end = 1200 WHERE player_id = 2148 AND game_id = 24998 AND play_id = 28159;
INSERT INTO player_team_game_play(player_id, team_id, game_id, play_id, seconds_start, seconds_end) VALUES(7449, 1655, 24998, 28159, 1200, 1223);
INSERT INTO player_team_game_play(player_id, team_id, game_id, play_id, seconds_start, seconds_end) VALUES(7450, 1655, 24998, 28159, 1200, 1223);
INSERT INTO player_team_game_play(player_id, team_id, game_id, play_id, seconds_start, seconds_end) VALUES(6719, 1655, 24998, 28159, 1200, 1223);
INSERT INTO player_team_game_play(player_id, team_id, game_id, play_id, seconds_start, seconds_end) VALUES(7447, 1655, 24998, 28159, 1200, 1223);
INSERT INTO lba.sub_play (play_id, seconds_da_start, player_made_id, team_made_id, game_made_id, player_suffered_id, team_suffered_id, game_suffered_id, shot_id, turnover_id, foul_id, rebound_defensive_01, rebound_offensive_01, assist_01, blocks_01, time_out_01, x, y)VALUES(28159, 18, 7049, 1655, 24998, NULL, NULL, NULL, 4, NULL, NULL, '', '', '', '', '', 29, 85);
INSERT INTO lba.sub_play (play_id, seconds_da_start, player_made_id, team_made_id, game_made_id, player_suffered_id, team_suffered_id, game_suffered_id, shot_id, turnover_id, foul_id, rebound_defensive_01, rebound_offensive_01, assist_01, blocks_01, time_out_01, x, y)VALUES(28159, 27, 3176, 1649, 24998, 7450, 1655, 24998, NULL, NULL, 1, '', '', '', '', '', 70, 60);
INSERT INTO lba.sub_play (play_id, seconds_da_start, player_made_id, team_made_id, game_made_id, player_suffered_id, team_suffered_id, game_suffered_id, shot_id, turnover_id, foul_id, rebound_defensive_01, rebound_offensive_01, assist_01, blocks_01, time_out_01, x, y)VALUES(28159, 42, 7450, 1655, 24998, NULL, NULL, NULL, 2, NULL, NULL, '', '', '', '', '', 77, 74);
INSERT INTO lba.sub_play (play_id, seconds_da_start, player_made_id, team_made_id, game_made_id, player_suffered_id, team_suffered_id, game_suffered_id, shot_id, turnover_id, foul_id, rebound_defensive_01, rebound_offensive_01, assist_01, blocks_01, time_out_01, x, y)VALUES(28159, 42, 3176, 1649, 24998, NULL, NULL, NULL, NULL, NULL, NULL, '1', '', '', '', '', 77, 74);

INSERT INTO play(id, game_id, seconds_start, seconds_end, quarter, attack_home_01, score_home, score_guest)VALUES(28160, 24998, 1223, 1236, 3, '1', 59, 47);
INSERT INTO player_team_game_play(player_id, team_id, game_id, play_id, seconds_start, seconds_end) VALUES(7015, 1649, 24998, 28160, 1223, 1236);
INSERT INTO player_team_game_play(player_id, team_id, game_id, play_id, seconds_start, seconds_end) VALUES(3176, 1649, 24998, 28160, 1223, 1236);
INSERT INTO player_team_game_play(player_id, team_id, game_id, play_id, seconds_start, seconds_end) VALUES(5150, 1649, 24998, 28160, 1223, 1236);
INSERT INTO player_team_game_play(player_id, team_id, game_id, play_id, seconds_start, seconds_end) VALUES(6138, 1649, 24998, 28160, 1223, 1236);
INSERT INTO player_team_game_play(player_id, team_id, game_id, play_id, seconds_start, seconds_end) VALUES(7406, 1649, 24998, 28160, 1223, 1236);
INSERT INTO player_team_game_play(player_id, team_id, game_id, play_id, seconds_start, seconds_end) VALUES(7449, 1655, 24998, 28160, 1223, 1236);
INSERT INTO player_team_game_play(player_id, team_id, game_id, play_id, seconds_start, seconds_end) VALUES(7447, 1655, 24998, 28160, 1223, 1236);
INSERT INTO player_team_game_play(player_id, team_id, game_id, play_id, seconds_start, seconds_end) VALUES(7049, 1655, 24998, 28160, 1223, 1236);
INSERT INTO player_team_game_play(player_id, team_id, game_id, play_id, seconds_start, seconds_end) VALUES(7450, 1655, 24998, 28160, 1223, 1236);
INSERT INTO player_team_game_play(player_id, team_id, game_id, play_id, seconds_start, seconds_end) VALUES(6719, 1655, 24998, 28160, 1223, 1236);
INSERT INTO lba.sub_play (play_id, seconds_da_start, player_made_id, team_made_id, game_made_id, player_suffered_id, team_suffered_id, game_suffered_id, shot_id, turnover_id, foul_id, rebound_defensive_01, rebound_offensive_01, assist_01, blocks_01, time_out_01, x, y)VALUES(28160, 13, 3176, 1649, 24998, NULL, NULL, NULL, 3, NULL, NULL, '', '', '', '', '', 32, 50);
INSERT INTO lba.sub_play (play_id, seconds_da_start, player_made_id, team_made_id, game_made_id, player_suffered_id, team_suffered_id, game_suffered_id, shot_id, turnover_id, foul_id, rebound_defensive_01, rebound_offensive_01, assist_01, blocks_01, time_out_01, x, y)VALUES(28160, 13, 7406, 1649, 24998, NULL, NULL, NULL, NULL, NULL, NULL, '', '', '1', '', '', 32, 50);

INSERT INTO play(id, game_id, seconds_start, seconds_end, quarter, attack_home_01, score_home, score_guest)VALUES(28161, 24998, 1236, 1274, 3, '0', 59, 47);
INSERT INTO player_team_game_play(player_id, team_id, game_id, play_id, seconds_start, seconds_end) VALUES(7015, 1649, 24998, 28161, 1236, 1274);
INSERT INTO player_team_game_play(player_id, team_id, game_id, play_id, seconds_start, seconds_end) VALUES(3176, 1649, 24998, 28161, 1236, 1274);
INSERT INTO player_team_game_play(player_id, team_id, game_id, play_id, seconds_start, seconds_end) VALUES(5150, 1649, 24998, 28161, 1236, 1274);
INSERT INTO player_team_game_play(player_id, team_id, game_id, play_id, seconds_start, seconds_end) VALUES(6138, 1649, 24998, 28161, 1236, 1274);
INSERT INTO player_team_game_play(player_id, team_id, game_id, play_id, seconds_start, seconds_end) VALUES(7406, 1649, 24998, 28161, 1236, 1274);
INSERT INTO player_team_game_play(player_id, team_id, game_id, play_id, seconds_start, seconds_end) VALUES(7449, 1655, 24998, 28161, 1236, 1274);
INSERT INTO player_team_game_play(player_id, team_id, game_id, play_id, seconds_start, seconds_end) VALUES(7447, 1655, 24998, 28161, 1236, 1274);
INSERT INTO player_team_game_play(player_id, team_id, game_id, play_id, seconds_start, seconds_end) VALUES(7049, 1655, 24998, 28161, 1236, 1274);
INSERT INTO player_team_game_play(player_id, team_id, game_id, play_id, seconds_start, seconds_end) VALUES(7450, 1655, 24998, 28161, 1236, 1274);
INSERT INTO player_team_game_play(player_id, team_id, game_id, play_id, seconds_start, seconds_end) VALUES(6719, 1655, 24998, 28161, 1236, 1274);
INSERT INTO lba.sub_play (play_id, seconds_da_start, player_made_id, team_made_id, game_made_id, player_suffered_id, team_suffered_id, game_suffered_id, shot_id, turnover_id, foul_id, rebound_defensive_01, rebound_offensive_01, assist_01, blocks_01, time_out_01, x, y)VALUES(28161, 28, 7447, 1655, 24998, NULL, NULL, NULL, 4, NULL, NULL, '', '', '', '', '', 94, 4);
INSERT INTO lba.sub_play (play_id, seconds_da_start, player_made_id, team_made_id, game_made_id, player_suffered_id, team_suffered_id, game_suffered_id, shot_id, turnover_id, foul_id, rebound_defensive_01, rebound_offensive_01, assist_01, blocks_01, time_out_01, x, y)VALUES(28161, 28, 6719, 1655, 24998, NULL, NULL, NULL, NULL, NULL, NULL, '', '1', '', '', '', 94, 4);
INSERT INTO lba.sub_play (play_id, seconds_da_start, player_made_id, team_made_id, game_made_id, player_suffered_id, team_suffered_id, game_suffered_id, shot_id, turnover_id, foul_id, rebound_defensive_01, rebound_offensive_01, assist_01, blocks_01, time_out_01, x, y)VALUES(28161, 38, 7450, 1655, 24998, 5150, 1649, 24998, NULL, NULL, 7, '', '', '', '', '', 91, 33);
INSERT INTO lba.sub_play (play_id, seconds_da_start, player_made_id, team_made_id, game_made_id, player_suffered_id, team_suffered_id, game_suffered_id, shot_id, turnover_id, foul_id, rebound_defensive_01, rebound_offensive_01, assist_01, blocks_01, time_out_01, x, y)VALUES(28161, 38, 7450, 1655, 24998, NULL, NULL, NULL, NULL, 13, NULL, '', '', '', '', '', 91, 33);

INSERT INTO play(id, game_id, seconds_start, seconds_end, quarter, attack_home_01, score_home, score_guest)VALUES(28162, 24998, 1274, 1300, 3, '1', 61, 47);
INSERT INTO player_team_game_play(player_id, team_id, game_id, play_id, seconds_start, seconds_end) VALUES(7015, 1649, 24998, 28162, 1274, 1300);
INSERT INTO player_team_game_play(player_id, team_id, game_id, play_id, seconds_start, seconds_end) VALUES(3176, 1649, 24998, 28162, 1274, 1300);
INSERT INTO player_team_game_play(player_id, team_id, game_id, play_id, seconds_start, seconds_end) VALUES(5150, 1649, 24998, 28162, 1274, 1300);
INSERT INTO player_team_game_play(player_id, team_id, game_id, play_id, seconds_start, seconds_end) VALUES(6138, 1649, 24998, 28162, 1274, 1300);
INSERT INTO player_team_game_play(player_id, team_id, game_id, play_id, seconds_start, seconds_end) VALUES(7406, 1649, 24998, 28162, 1274, 1300);
INSERT INTO player_team_game_play(player_id, team_id, game_id, play_id, seconds_start, seconds_end) VALUES(7449, 1655, 24998, 28162, 1274, 1300);
INSERT INTO player_team_game_play(player_id, team_id, game_id, play_id, seconds_start, seconds_end) VALUES(7447, 1655, 24998, 28162, 1274, 1300);
INSERT INTO player_team_game_play(player_id, team_id, game_id, play_id, seconds_start, seconds_end) VALUES(7049, 1655, 24998, 28162, 1274, 1300);
INSERT INTO player_team_game_play(player_id, team_id, game_id, play_id, seconds_start, seconds_end) VALUES(7450, 1655, 24998, 28162, 1274, 1300);
INSERT INTO player_team_game_play(player_id, team_id, game_id, play_id, seconds_start, seconds_end) VALUES(6719, 1655, 24998, 28162, 1274, 1300);
INSERT INTO lba.sub_play (play_id, seconds_da_start, player_made_id, team_made_id, game_made_id, player_suffered_id, team_suffered_id, game_suffered_id, shot_id, turnover_id, foul_id, rebound_defensive_01, rebound_offensive_01, assist_01, blocks_01, time_out_01, x, y)VALUES(28162, 26, 5150, 1649, 24998, NULL, NULL, NULL, 1, NULL, NULL, '', '', '', '', '', 15, 55);

INSERT INTO play(id, game_id, seconds_start, seconds_end, quarter, attack_home_01, score_home, score_guest)VALUES(28163, 24998, 1300, 1310, 3, '0', 61, 47);
INSERT INTO player_team_game_play(player_id, team_id, game_id, play_id, seconds_start, seconds_end) VALUES(7015, 1649, 24998, 28163, 1300, 1310);
INSERT INTO player_team_game_play(player_id, team_id, game_id, play_id, seconds_start, seconds_end) VALUES(3176, 1649, 24998, 28163, 1300, 1310);
INSERT INTO player_team_game_play(player_id, team_id, game_id, play_id, seconds_start, seconds_end) VALUES(5150, 1649, 24998, 28163, 1300, 1310);
INSERT INTO player_team_game_play(player_id, team_id, game_id, play_id, seconds_start, seconds_end) VALUES(6138, 1649, 24998, 28163, 1300, 1310);
INSERT INTO player_team_game_play(player_id, team_id, game_id, play_id, seconds_start, seconds_end) VALUES(7406, 1649, 24998, 28163, 1300, 1310);
INSERT INTO player_team_game_play(player_id, team_id, game_id, play_id, seconds_start, seconds_end) VALUES(7449, 1655, 24998, 28163, 1300, 1310);
INSERT INTO player_team_game_play(player_id, team_id, game_id, play_id, seconds_start, seconds_end) VALUES(7447, 1655, 24998, 28163, 1300, 1310);
INSERT INTO player_team_game_play(player_id, team_id, game_id, play_id, seconds_start, seconds_end) VALUES(7049, 1655, 24998, 28163, 1300, 1310);
INSERT INTO player_team_game_play(player_id, team_id, game_id, play_id, seconds_start, seconds_end) VALUES(7450, 1655, 24998, 28163, 1300, 1310);
INSERT INTO player_team_game_play(player_id, team_id, game_id, play_id, seconds_start, seconds_end) VALUES(6719, 1655, 24998, 28163, 1300, 1310);
UPDATE player_team_game_play SET seconds_end = 1303 WHERE player_id = 6719 AND game_id = 24998 AND play_id = 28163;
INSERT INTO player_team_game_play(player_id, team_id, game_id, play_id, seconds_start, seconds_end) VALUES(6320, 1655, 24998, 28163, 1303, 1310);
INSERT INTO lba.sub_play (play_id, seconds_da_start, player_made_id, team_made_id, game_made_id, player_suffered_id, team_suffered_id, game_suffered_id, shot_id, turnover_id, foul_id, rebound_defensive_01, rebound_offensive_01, assist_01, blocks_01, time_out_01, x, y)VALUES(28163, 10, 7450, 1655, 24998, NULL, NULL, NULL, 4, NULL, NULL, '', '', '', '', '', 70, 31);
INSERT INTO lba.sub_play (play_id, seconds_da_start, player_made_id, team_made_id, game_made_id, player_suffered_id, team_suffered_id, game_suffered_id, shot_id, turnover_id, foul_id, rebound_defensive_01, rebound_offensive_01, assist_01, blocks_01, time_out_01, x, y)VALUES(28163, 10, 7406, 1649, 24998, NULL, NULL, NULL, NULL, NULL, NULL, '1', '', '', '', '', 70, 31);

INSERT INTO play(id, game_id, seconds_start, seconds_end, quarter, attack_home_01, score_home, score_guest)VALUES(28164, 24998, 1310, 1320, 3, '1', 63, 47);
INSERT INTO player_team_game_play(player_id, team_id, game_id, play_id, seconds_start, seconds_end) VALUES(7015, 1649, 24998, 28164, 1310, 1320);
INSERT INTO player_team_game_play(player_id, team_id, game_id, play_id, seconds_start, seconds_end) VALUES(3176, 1649, 24998, 28164, 1310, 1320);
INSERT INTO player_team_game_play(player_id, team_id, game_id, play_id, seconds_start, seconds_end) VALUES(5150, 1649, 24998, 28164, 1310, 1320);
INSERT INTO player_team_game_play(player_id, team_id, game_id, play_id, seconds_start, seconds_end) VALUES(6138, 1649, 24998, 28164, 1310, 1320);
INSERT INTO player_team_game_play(player_id, team_id, game_id, play_id, seconds_start, seconds_end) VALUES(7406, 1649, 24998, 28164, 1310, 1320);
INSERT INTO player_team_game_play(player_id, team_id, game_id, play_id, seconds_start, seconds_end) VALUES(6320, 1655, 24998, 28164, 1310, 1320);
INSERT INTO player_team_game_play(player_id, team_id, game_id, play_id, seconds_start, seconds_end) VALUES(7449, 1655, 24998, 28164, 1310, 1320);
INSERT INTO player_team_game_play(player_id, team_id, game_id, play_id, seconds_start, seconds_end) VALUES(7447, 1655, 24998, 28164, 1310, 1320);
INSERT INTO player_team_game_play(player_id, team_id, game_id, play_id, seconds_start, seconds_end) VALUES(7049, 1655, 24998, 28164, 1310, 1320);
INSERT INTO player_team_game_play(player_id, team_id, game_id, play_id, seconds_start, seconds_end) VALUES(7450, 1655, 24998, 28164, 1310, 1320);
INSERT INTO lba.sub_play (play_id, seconds_da_start, player_made_id, team_made_id, game_made_id, player_suffered_id, team_suffered_id, game_suffered_id, shot_id, turnover_id, foul_id, rebound_defensive_01, rebound_offensive_01, assist_01, blocks_01, time_out_01, x, y)VALUES(28164, 10, 7015, 1649, 24998, NULL, NULL, NULL, 1, NULL, NULL, '', '', '', '', '', 5, 44);
INSERT INTO lba.sub_play (play_id, seconds_da_start, player_made_id, team_made_id, game_made_id, player_suffered_id, team_suffered_id, game_suffered_id, shot_id, turnover_id, foul_id, rebound_defensive_01, rebound_offensive_01, assist_01, blocks_01, time_out_01, x, y)VALUES(28164, 10, 5150, 1649, 24998, NULL, NULL, NULL, NULL, NULL, NULL, '', '', '1', '', '', 5, 44);

INSERT INTO play(id, game_id, seconds_start, seconds_end, quarter, attack_home_01, score_home, score_guest)VALUES(28165, 24998, 1320, 1345, 3, '0', 63, 47);
INSERT INTO player_team_game_play(player_id, team_id, game_id, play_id, seconds_start, seconds_end) VALUES(7015, 1649, 24998, 28165, 1320, 1345);
INSERT INTO player_team_game_play(player_id, team_id, game_id, play_id, seconds_start, seconds_end) VALUES(3176, 1649, 24998, 28165, 1320, 1345);
INSERT INTO player_team_game_play(player_id, team_id, game_id, play_id, seconds_start, seconds_end) VALUES(5150, 1649, 24998, 28165, 1320, 1345);
INSERT INTO player_team_game_play(player_id, team_id, game_id, play_id, seconds_start, seconds_end) VALUES(6138, 1649, 24998, 28165, 1320, 1345);
INSERT INTO player_team_game_play(player_id, team_id, game_id, play_id, seconds_start, seconds_end) VALUES(7406, 1649, 24998, 28165, 1320, 1345);
INSERT INTO player_team_game_play(player_id, team_id, game_id, play_id, seconds_start, seconds_end) VALUES(6320, 1655, 24998, 28165, 1320, 1345);
INSERT INTO player_team_game_play(player_id, team_id, game_id, play_id, seconds_start, seconds_end) VALUES(7449, 1655, 24998, 28165, 1320, 1345);
INSERT INTO player_team_game_play(player_id, team_id, game_id, play_id, seconds_start, seconds_end) VALUES(7447, 1655, 24998, 28165, 1320, 1345);
INSERT INTO player_team_game_play(player_id, team_id, game_id, play_id, seconds_start, seconds_end) VALUES(7049, 1655, 24998, 28165, 1320, 1345);
INSERT INTO player_team_game_play(player_id, team_id, game_id, play_id, seconds_start, seconds_end) VALUES(7450, 1655, 24998, 28165, 1320, 1345);
INSERT INTO lba.sub_play (play_id, seconds_da_start, player_made_id, team_made_id, game_made_id, player_suffered_id, team_suffered_id, game_suffered_id, shot_id, turnover_id, foul_id, rebound_defensive_01, rebound_offensive_01, assist_01, blocks_01, time_out_01, x, y)VALUES(28165, 25, 7049, 1655, 24998, NULL, NULL, NULL, 2, NULL, NULL, '', '', '', '', '', 90, 57);
INSERT INTO lba.sub_play (play_id, seconds_da_start, player_made_id, team_made_id, game_made_id, player_suffered_id, team_suffered_id, game_suffered_id, shot_id, turnover_id, foul_id, rebound_defensive_01, rebound_offensive_01, assist_01, blocks_01, time_out_01, x, y)VALUES(28165, 25, 5150, 1649, 24998, NULL, NULL, NULL, NULL, NULL, NULL, '1', '', '', '', '', 90, 57);

INSERT INTO play(id, game_id, seconds_start, seconds_end, quarter, attack_home_01, score_home, score_guest)VALUES(28166, 24998, 1345, 1367, 3, '1', 63, 47);
INSERT INTO player_team_game_play(player_id, team_id, game_id, play_id, seconds_start, seconds_end) VALUES(7015, 1649, 24998, 28166, 1345, 1367);
INSERT INTO player_team_game_play(player_id, team_id, game_id, play_id, seconds_start, seconds_end) VALUES(3176, 1649, 24998, 28166, 1345, 1367);
INSERT INTO player_team_game_play(player_id, team_id, game_id, play_id, seconds_start, seconds_end) VALUES(5150, 1649, 24998, 28166, 1345, 1367);
INSERT INTO player_team_game_play(player_id, team_id, game_id, play_id, seconds_start, seconds_end) VALUES(6138, 1649, 24998, 28166, 1345, 1367);
INSERT INTO player_team_game_play(player_id, team_id, game_id, play_id, seconds_start, seconds_end) VALUES(7406, 1649, 24998, 28166, 1345, 1367);
INSERT INTO player_team_game_play(player_id, team_id, game_id, play_id, seconds_start, seconds_end) VALUES(6320, 1655, 24998, 28166, 1345, 1367);
INSERT INTO player_team_game_play(player_id, team_id, game_id, play_id, seconds_start, seconds_end) VALUES(7449, 1655, 24998, 28166, 1345, 1367);
INSERT INTO player_team_game_play(player_id, team_id, game_id, play_id, seconds_start, seconds_end) VALUES(7447, 1655, 24998, 28166, 1345, 1367);
INSERT INTO player_team_game_play(player_id, team_id, game_id, play_id, seconds_start, seconds_end) VALUES(7049, 1655, 24998, 28166, 1345, 1367);
INSERT INTO player_team_game_play(player_id, team_id, game_id, play_id, seconds_start, seconds_end) VALUES(7450, 1655, 24998, 28166, 1345, 1367);
INSERT INTO lba.sub_play (play_id, seconds_da_start, player_made_id, team_made_id, game_made_id, player_suffered_id, team_suffered_id, game_suffered_id, shot_id, turnover_id, foul_id, rebound_defensive_01, rebound_offensive_01, assist_01, blocks_01, time_out_01, x, y)VALUES(28166, 22, 3176, 1649, 24998, NULL, NULL, NULL, 2, NULL, NULL, '', '', '', '', '', 10, 37);
INSERT INTO lba.sub_play (play_id, seconds_da_start, player_made_id, team_made_id, game_made_id, player_suffered_id, team_suffered_id, game_suffered_id, shot_id, turnover_id, foul_id, rebound_defensive_01, rebound_offensive_01, assist_01, blocks_01, time_out_01, x, y)VALUES(28166, 22, 7049, 1655, 24998, NULL, NULL, NULL, NULL, NULL, NULL, '1', '', '', '', '', 10, 37);

INSERT INTO play(id, game_id, seconds_start, seconds_end, quarter, attack_home_01, score_home, score_guest)VALUES(28167, 24998, 1367, 1373, 3, '0', 63, 47);
INSERT INTO player_team_game_play(player_id, team_id, game_id, play_id, seconds_start, seconds_end) VALUES(7015, 1649, 24998, 28167, 1367, 1373);
INSERT INTO player_team_game_play(player_id, team_id, game_id, play_id, seconds_start, seconds_end) VALUES(3176, 1649, 24998, 28167, 1367, 1373);
INSERT INTO player_team_game_play(player_id, team_id, game_id, play_id, seconds_start, seconds_end) VALUES(5150, 1649, 24998, 28167, 1367, 1373);
INSERT INTO player_team_game_play(player_id, team_id, game_id, play_id, seconds_start, seconds_end) VALUES(6138, 1649, 24998, 28167, 1367, 1373);
INSERT INTO player_team_game_play(player_id, team_id, game_id, play_id, seconds_start, seconds_end) VALUES(7406, 1649, 24998, 28167, 1367, 1373);
INSERT INTO player_team_game_play(player_id, team_id, game_id, play_id, seconds_start, seconds_end) VALUES(6320, 1655, 24998, 28167, 1367, 1373);
INSERT INTO player_team_game_play(player_id, team_id, game_id, play_id, seconds_start, seconds_end) VALUES(7449, 1655, 24998, 28167, 1367, 1373);
INSERT INTO player_team_game_play(player_id, team_id, game_id, play_id, seconds_start, seconds_end) VALUES(7447, 1655, 24998, 28167, 1367, 1373);
INSERT INTO player_team_game_play(player_id, team_id, game_id, play_id, seconds_start, seconds_end) VALUES(7049, 1655, 24998, 28167, 1367, 1373);
INSERT INTO player_team_game_play(player_id, team_id, game_id, play_id, seconds_start, seconds_end) VALUES(7450, 1655, 24998, 28167, 1367, 1373);
INSERT INTO lba.sub_play (play_id, seconds_da_start, player_made_id, team_made_id, game_made_id, player_suffered_id, team_suffered_id, game_suffered_id, shot_id, turnover_id, foul_id, rebound_defensive_01, rebound_offensive_01, assist_01, blocks_01, time_out_01, x, y)VALUES(28167, 3, 7406, 1649, 24998, 7049, 1655, 24998, NULL, NULL, 1, '', '', '', '', '', 72, 79);
INSERT INTO lba.sub_play (play_id, seconds_da_start, player_made_id, team_made_id, game_made_id, player_suffered_id, team_suffered_id, game_suffered_id, shot_id, turnover_id, foul_id, rebound_defensive_01, rebound_offensive_01, assist_01, blocks_01, time_out_01, x, y)VALUES(28167, 6, 6320, 1655, 24998, NULL, NULL, NULL, 2, NULL, NULL, '', '', '', '', '', 89, 61);
INSERT INTO lba.sub_play (play_id, seconds_da_start, player_made_id, team_made_id, game_made_id, player_suffered_id, team_suffered_id, game_suffered_id, shot_id, turnover_id, foul_id, rebound_defensive_01, rebound_offensive_01, assist_01, blocks_01, time_out_01, x, y)VALUES(28167, 6, 7406, 1649, 24998, NULL, NULL, NULL, NULL, NULL, NULL, '1', '', '', '', '', 89, 61);

INSERT INTO play(id, game_id, seconds_start, seconds_end, quarter, attack_home_01, score_home, score_guest)VALUES(28168, 24998, 1373, 1384, 3, '1', 63, 47);
INSERT INTO player_team_game_play(player_id, team_id, game_id, play_id, seconds_start, seconds_end) VALUES(7015, 1649, 24998, 28168, 1373, 1384);
INSERT INTO player_team_game_play(player_id, team_id, game_id, play_id, seconds_start, seconds_end) VALUES(3176, 1649, 24998, 28168, 1373, 1384);
INSERT INTO player_team_game_play(player_id, team_id, game_id, play_id, seconds_start, seconds_end) VALUES(5150, 1649, 24998, 28168, 1373, 1384);
INSERT INTO player_team_game_play(player_id, team_id, game_id, play_id, seconds_start, seconds_end) VALUES(6138, 1649, 24998, 28168, 1373, 1384);
INSERT INTO player_team_game_play(player_id, team_id, game_id, play_id, seconds_start, seconds_end) VALUES(7406, 1649, 24998, 28168, 1373, 1384);
INSERT INTO player_team_game_play(player_id, team_id, game_id, play_id, seconds_start, seconds_end) VALUES(6320, 1655, 24998, 28168, 1373, 1384);
INSERT INTO player_team_game_play(player_id, team_id, game_id, play_id, seconds_start, seconds_end) VALUES(7449, 1655, 24998, 28168, 1373, 1384);
INSERT INTO player_team_game_play(player_id, team_id, game_id, play_id, seconds_start, seconds_end) VALUES(7447, 1655, 24998, 28168, 1373, 1384);
INSERT INTO player_team_game_play(player_id, team_id, game_id, play_id, seconds_start, seconds_end) VALUES(7049, 1655, 24998, 28168, 1373, 1384);
INSERT INTO player_team_game_play(player_id, team_id, game_id, play_id, seconds_start, seconds_end) VALUES(7450, 1655, 24998, 28168, 1373, 1384);
INSERT INTO lba.sub_play (play_id, seconds_da_start, player_made_id, team_made_id, game_made_id, player_suffered_id, team_suffered_id, game_suffered_id, shot_id, turnover_id, foul_id, rebound_defensive_01, rebound_offensive_01, assist_01, blocks_01, time_out_01, x, y)VALUES(28168, 11, 7406, 1649, 24998, NULL, NULL, NULL, 2, NULL, NULL, '', '', '', '', '', 9, 53);
INSERT INTO lba.sub_play (play_id, seconds_da_start, player_made_id, team_made_id, game_made_id, player_suffered_id, team_suffered_id, game_suffered_id, shot_id, turnover_id, foul_id, rebound_defensive_01, rebound_offensive_01, assist_01, blocks_01, time_out_01, x, y)VALUES(28168, 11, 7449, 1655, 24998, NULL, NULL, NULL, NULL, NULL, NULL, '1', '', '', '', '', 9, 53);

INSERT INTO play(id, game_id, seconds_start, seconds_end, quarter, attack_home_01, score_home, score_guest)VALUES(28169, 24998, 1384, 1397, 3, '0', 63, 49);
INSERT INTO player_team_game_play(player_id, team_id, game_id, play_id, seconds_start, seconds_end) VALUES(7015, 1649, 24998, 28169, 1384, 1397);
INSERT INTO player_team_game_play(player_id, team_id, game_id, play_id, seconds_start, seconds_end) VALUES(3176, 1649, 24998, 28169, 1384, 1397);
INSERT INTO player_team_game_play(player_id, team_id, game_id, play_id, seconds_start, seconds_end) VALUES(5150, 1649, 24998, 28169, 1384, 1397);
INSERT INTO player_team_game_play(player_id, team_id, game_id, play_id, seconds_start, seconds_end) VALUES(6138, 1649, 24998, 28169, 1384, 1397);
INSERT INTO player_team_game_play(player_id, team_id, game_id, play_id, seconds_start, seconds_end) VALUES(7406, 1649, 24998, 28169, 1384, 1397);
INSERT INTO player_team_game_play(player_id, team_id, game_id, play_id, seconds_start, seconds_end) VALUES(6320, 1655, 24998, 28169, 1384, 1397);
INSERT INTO player_team_game_play(player_id, team_id, game_id, play_id, seconds_start, seconds_end) VALUES(7449, 1655, 24998, 28169, 1384, 1397);
INSERT INTO player_team_game_play(player_id, team_id, game_id, play_id, seconds_start, seconds_end) VALUES(7447, 1655, 24998, 28169, 1384, 1397);
INSERT INTO player_team_game_play(player_id, team_id, game_id, play_id, seconds_start, seconds_end) VALUES(7049, 1655, 24998, 28169, 1384, 1397);
INSERT INTO player_team_game_play(player_id, team_id, game_id, play_id, seconds_start, seconds_end) VALUES(7450, 1655, 24998, 28169, 1384, 1397);
INSERT INTO lba.sub_play (play_id, seconds_da_start, player_made_id, team_made_id, game_made_id, player_suffered_id, team_suffered_id, game_suffered_id, shot_id, turnover_id, foul_id, rebound_defensive_01, rebound_offensive_01, assist_01, blocks_01, time_out_01, x, y)VALUES(28169, 4, 7015, 1649, 24998, 7049, 1655, 24998, NULL, NULL, 1, '', '', '', '', '', 61, 28);
INSERT INTO lba.sub_play (play_id, seconds_da_start, player_made_id, team_made_id, game_made_id, player_suffered_id, team_suffered_id, game_suffered_id, shot_id, turnover_id, foul_id, rebound_defensive_01, rebound_offensive_01, assist_01, blocks_01, time_out_01, x, y)VALUES(28169, 13, 7450, 1655, 24998, NULL, NULL, NULL, 1, NULL, NULL, '', '', '', '', '', 87, 62);
INSERT INTO lba.sub_play (play_id, seconds_da_start, player_made_id, team_made_id, game_made_id, player_suffered_id, team_suffered_id, game_suffered_id, shot_id, turnover_id, foul_id, rebound_defensive_01, rebound_offensive_01, assist_01, blocks_01, time_out_01, x, y)VALUES(28169, 13, 7049, 1655, 24998, NULL, NULL, NULL, NULL, NULL, NULL, '', '', '1', '', '', 87, 62);

INSERT INTO play(id, game_id, seconds_start, seconds_end, quarter, attack_home_01, score_home, score_guest)VALUES(28170, 24998, 1397, 1412, 3, '1', 65, 49);
INSERT INTO player_team_game_play(player_id, team_id, game_id, play_id, seconds_start, seconds_end) VALUES(7015, 1649, 24998, 28170, 1397, 1412);
INSERT INTO player_team_game_play(player_id, team_id, game_id, play_id, seconds_start, seconds_end) VALUES(3176, 1649, 24998, 28170, 1397, 1412);
INSERT INTO player_team_game_play(player_id, team_id, game_id, play_id, seconds_start, seconds_end) VALUES(5150, 1649, 24998, 28170, 1397, 1412);
INSERT INTO player_team_game_play(player_id, team_id, game_id, play_id, seconds_start, seconds_end) VALUES(6138, 1649, 24998, 28170, 1397, 1412);
INSERT INTO player_team_game_play(player_id, team_id, game_id, play_id, seconds_start, seconds_end) VALUES(7406, 1649, 24998, 28170, 1397, 1412);
INSERT INTO player_team_game_play(player_id, team_id, game_id, play_id, seconds_start, seconds_end) VALUES(6320, 1655, 24998, 28170, 1397, 1412);
INSERT INTO player_team_game_play(player_id, team_id, game_id, play_id, seconds_start, seconds_end) VALUES(7449, 1655, 24998, 28170, 1397, 1412);
INSERT INTO player_team_game_play(player_id, team_id, game_id, play_id, seconds_start, seconds_end) VALUES(7447, 1655, 24998, 28170, 1397, 1412);
INSERT INTO player_team_game_play(player_id, team_id, game_id, play_id, seconds_start, seconds_end) VALUES(7049, 1655, 24998, 28170, 1397, 1412);
INSERT INTO player_team_game_play(player_id, team_id, game_id, play_id, seconds_start, seconds_end) VALUES(7450, 1655, 24998, 28170, 1397, 1412);
INSERT INTO lba.sub_play (play_id, seconds_da_start, player_made_id, team_made_id, game_made_id, player_suffered_id, team_suffered_id, game_suffered_id, shot_id, turnover_id, foul_id, rebound_defensive_01, rebound_offensive_01, assist_01, blocks_01, time_out_01, x, y)VALUES(28170, 15, 6138, 1649, 24998, NULL, NULL, NULL, 1, NULL, NULL, '', '', '', '', '', 8, 55);

INSERT INTO play(id, game_id, seconds_start, seconds_end, quarter, attack_home_01, score_home, score_guest)VALUES(28171, 24998, 1412, 1442, 3, '1', 67, 51);
INSERT INTO player_team_game_play(player_id, team_id, game_id, play_id, seconds_start, seconds_end) VALUES(7015, 1649, 24998, 28171, 1412, 1442);
INSERT INTO player_team_game_play(player_id, team_id, game_id, play_id, seconds_start, seconds_end) VALUES(3176, 1649, 24998, 28171, 1412, 1442);
INSERT INTO player_team_game_play(player_id, team_id, game_id, play_id, seconds_start, seconds_end) VALUES(5150, 1649, 24998, 28171, 1412, 1442);
INSERT INTO player_team_game_play(player_id, team_id, game_id, play_id, seconds_start, seconds_end) VALUES(6138, 1649, 24998, 28171, 1412, 1442);
INSERT INTO player_team_game_play(player_id, team_id, game_id, play_id, seconds_start, seconds_end) VALUES(7406, 1649, 24998, 28171, 1412, 1442);
INSERT INTO player_team_game_play(player_id, team_id, game_id, play_id, seconds_start, seconds_end) VALUES(6320, 1655, 24998, 28171, 1412, 1442);
INSERT INTO player_team_game_play(player_id, team_id, game_id, play_id, seconds_start, seconds_end) VALUES(7449, 1655, 24998, 28171, 1412, 1442);
INSERT INTO player_team_game_play(player_id, team_id, game_id, play_id, seconds_start, seconds_end) VALUES(7447, 1655, 24998, 28171, 1412, 1442);
INSERT INTO player_team_game_play(player_id, team_id, game_id, play_id, seconds_start, seconds_end) VALUES(7049, 1655, 24998, 28171, 1412, 1442);
INSERT INTO player_team_game_play(player_id, team_id, game_id, play_id, seconds_start, seconds_end) VALUES(7450, 1655, 24998, 28171, 1412, 1442);
UPDATE player_team_game_play SET seconds_end = 1435 WHERE player_id = 7449 AND game_id = 24998 AND play_id = 28171;
UPDATE player_team_game_play SET seconds_end = 1435 WHERE player_id = 7049 AND game_id = 24998 AND play_id = 28171;
INSERT INTO player_team_game_play(player_id, team_id, game_id, play_id, seconds_start, seconds_end) VALUES(7448, 1655, 24998, 28171, 1435, 1442);
INSERT INTO player_team_game_play(player_id, team_id, game_id, play_id, seconds_start, seconds_end) VALUES(378, 1655, 24998, 28171, 1435, 1442);
INSERT INTO lba.sub_play (play_id, seconds_da_start, player_made_id, team_made_id, game_made_id, player_suffered_id, team_suffered_id, game_suffered_id, shot_id, turnover_id, foul_id, rebound_defensive_01, rebound_offensive_01, assist_01, blocks_01, time_out_01, x, y)VALUES(28171, 9, 7049, 1655, 24998, NULL, NULL, NULL, 1, NULL, NULL, '', '', '', '', '', 94, 54);
INSERT INTO lba.sub_play (play_id, seconds_da_start, player_made_id, team_made_id, game_made_id, player_suffered_id, team_suffered_id, game_suffered_id, shot_id, turnover_id, foul_id, rebound_defensive_01, rebound_offensive_01, assist_01, blocks_01, time_out_01, x, y)VALUES(28171, 23, 7049, 1655, 24998, 6138, 1649, 24998, NULL, NULL, 1, '', '', '', '', '', 15, 69);
INSERT INTO lba.sub_play (play_id, seconds_da_start, player_made_id, team_made_id, game_made_id, player_suffered_id, team_suffered_id, game_suffered_id, shot_id, turnover_id, foul_id, rebound_defensive_01, rebound_offensive_01, assist_01, blocks_01, time_out_01, x, y)VALUES(28171, 30, 7015, 1649, 24998, NULL, NULL, NULL, 1, NULL, NULL, '', '', '', '', '', 8, 42);
INSERT INTO lba.sub_play (play_id, seconds_da_start, player_made_id, team_made_id, game_made_id, player_suffered_id, team_suffered_id, game_suffered_id, shot_id, turnover_id, foul_id, rebound_defensive_01, rebound_offensive_01, assist_01, blocks_01, time_out_01, x, y)VALUES(28171, 30, 7406, 1649, 24998, NULL, NULL, NULL, NULL, NULL, NULL, '', '', '1', '', '', 8, 42);

INSERT INTO play(id, game_id, seconds_start, seconds_end, quarter, attack_home_01, score_home, score_guest)VALUES(28172, 24998, 1442, 1462, 3, '0', 67, 51);
INSERT INTO player_team_game_play(player_id, team_id, game_id, play_id, seconds_start, seconds_end) VALUES(7015, 1649, 24998, 28172, 1442, 1462);
INSERT INTO player_team_game_play(player_id, team_id, game_id, play_id, seconds_start, seconds_end) VALUES(3176, 1649, 24998, 28172, 1442, 1462);
INSERT INTO player_team_game_play(player_id, team_id, game_id, play_id, seconds_start, seconds_end) VALUES(5150, 1649, 24998, 28172, 1442, 1462);
INSERT INTO player_team_game_play(player_id, team_id, game_id, play_id, seconds_start, seconds_end) VALUES(6138, 1649, 24998, 28172, 1442, 1462);
INSERT INTO player_team_game_play(player_id, team_id, game_id, play_id, seconds_start, seconds_end) VALUES(7406, 1649, 24998, 28172, 1442, 1462);
INSERT INTO player_team_game_play(player_id, team_id, game_id, play_id, seconds_start, seconds_end) VALUES(6320, 1655, 24998, 28172, 1442, 1462);
INSERT INTO player_team_game_play(player_id, team_id, game_id, play_id, seconds_start, seconds_end) VALUES(7447, 1655, 24998, 28172, 1442, 1462);
INSERT INTO player_team_game_play(player_id, team_id, game_id, play_id, seconds_start, seconds_end) VALUES(7448, 1655, 24998, 28172, 1442, 1462);
INSERT INTO player_team_game_play(player_id, team_id, game_id, play_id, seconds_start, seconds_end) VALUES(7450, 1655, 24998, 28172, 1442, 1462);
INSERT INTO player_team_game_play(player_id, team_id, game_id, play_id, seconds_start, seconds_end) VALUES(378, 1655, 24998, 28172, 1442, 1462);
UPDATE player_team_game_play SET seconds_end = 1462 WHERE player_id = 7447 AND game_id = 24998 AND play_id = 28172;
INSERT INTO player_team_game_play(player_id, team_id, game_id, play_id, seconds_start, seconds_end) VALUES(7049, 1655, 24998, 28172, 1462, 1462);
INSERT INTO lba.sub_play (play_id, seconds_da_start, player_made_id, team_made_id, game_made_id, player_suffered_id, team_suffered_id, game_suffered_id, shot_id, turnover_id, foul_id, rebound_defensive_01, rebound_offensive_01, assist_01, blocks_01, time_out_01, x, y)VALUES(28172, 20, 7049, 1655, 24998, 5150, 1649, 24998, NULL, 1, NULL, '', '', '', '', '', 67, 30);

INSERT INTO play(id, game_id, seconds_start, seconds_end, quarter, attack_home_01, score_home, score_guest)VALUES(28173, 24998, 1462, 1464, 3, '1', 67, 51);
INSERT INTO player_team_game_play(player_id, team_id, game_id, play_id, seconds_start, seconds_end) VALUES(7015, 1649, 24998, 28173, 1462, 1464);
INSERT INTO player_team_game_play(player_id, team_id, game_id, play_id, seconds_start, seconds_end) VALUES(3176, 1649, 24998, 28173, 1462, 1464);
INSERT INTO player_team_game_play(player_id, team_id, game_id, play_id, seconds_start, seconds_end) VALUES(5150, 1649, 24998, 28173, 1462, 1464);
INSERT INTO player_team_game_play(player_id, team_id, game_id, play_id, seconds_start, seconds_end) VALUES(6138, 1649, 24998, 28173, 1462, 1464);
INSERT INTO player_team_game_play(player_id, team_id, game_id, play_id, seconds_start, seconds_end) VALUES(7406, 1649, 24998, 28173, 1462, 1464);
INSERT INTO player_team_game_play(player_id, team_id, game_id, play_id, seconds_start, seconds_end) VALUES(6320, 1655, 24998, 28173, 1462, 1464);
INSERT INTO player_team_game_play(player_id, team_id, game_id, play_id, seconds_start, seconds_end) VALUES(7447, 1655, 24998, 28173, 1462, 1464);
INSERT INTO player_team_game_play(player_id, team_id, game_id, play_id, seconds_start, seconds_end) VALUES(7448, 1655, 24998, 28173, 1462, 1464);
INSERT INTO player_team_game_play(player_id, team_id, game_id, play_id, seconds_start, seconds_end) VALUES(7450, 1655, 24998, 28173, 1462, 1464);
INSERT INTO player_team_game_play(player_id, team_id, game_id, play_id, seconds_start, seconds_end) VALUES(378, 1655, 24998, 28173, 1462, 1464);
UPDATE player_team_game_play SET seconds_end = 1462 WHERE player_id = 7447 AND game_id = 24998 AND play_id = 28173;
INSERT INTO player_team_game_play(player_id, team_id, game_id, play_id, seconds_start, seconds_end) VALUES(7049, 1655, 24998, 28173, 1462, 1464);
INSERT INTO lba.sub_play (play_id, seconds_da_start, player_made_id, team_made_id, game_made_id, player_suffered_id, team_suffered_id, game_suffered_id, shot_id, turnover_id, foul_id, rebound_defensive_01, rebound_offensive_01, assist_01, blocks_01, time_out_01, x, y)VALUES(28173, 2, 5150, 1649, 24998, NULL, NULL, NULL, NULL, 2, NULL, '', '', '', '', '', 12, 55);

INSERT INTO play(id, game_id, seconds_start, seconds_end, quarter, attack_home_01, score_home, score_guest)VALUES(28174, 24998, 1464, 1530, 3, '1', 67, 53);
INSERT INTO player_team_game_play(player_id, team_id, game_id, play_id, seconds_start, seconds_end) VALUES(7015, 1649, 24998, 28174, 1464, 1530);
INSERT INTO player_team_game_play(player_id, team_id, game_id, play_id, seconds_start, seconds_end) VALUES(3176, 1649, 24998, 28174, 1464, 1530);
INSERT INTO player_team_game_play(player_id, team_id, game_id, play_id, seconds_start, seconds_end) VALUES(5150, 1649, 24998, 28174, 1464, 1530);
INSERT INTO player_team_game_play(player_id, team_id, game_id, play_id, seconds_start, seconds_end) VALUES(6138, 1649, 24998, 28174, 1464, 1530);
INSERT INTO player_team_game_play(player_id, team_id, game_id, play_id, seconds_start, seconds_end) VALUES(7406, 1649, 24998, 28174, 1464, 1530);
INSERT INTO player_team_game_play(player_id, team_id, game_id, play_id, seconds_start, seconds_end) VALUES(6320, 1655, 24998, 28174, 1464, 1530);
INSERT INTO player_team_game_play(player_id, team_id, game_id, play_id, seconds_start, seconds_end) VALUES(7448, 1655, 24998, 28174, 1464, 1530);
INSERT INTO player_team_game_play(player_id, team_id, game_id, play_id, seconds_start, seconds_end) VALUES(7049, 1655, 24998, 28174, 1464, 1530);
INSERT INTO player_team_game_play(player_id, team_id, game_id, play_id, seconds_start, seconds_end) VALUES(7450, 1655, 24998, 28174, 1464, 1530);
INSERT INTO player_team_game_play(player_id, team_id, game_id, play_id, seconds_start, seconds_end) VALUES(378, 1655, 24998, 28174, 1464, 1530);
UPDATE player_team_game_play SET seconds_end = 1475 WHERE player_id = 7015 AND game_id = 24998 AND play_id = 28174;
INSERT INTO player_team_game_play(player_id, team_id, game_id, play_id, seconds_start, seconds_end) VALUES(1775, 1649, 24998, 28174, 1475, 1530);
UPDATE player_team_game_play SET seconds_end = 1475 WHERE player_id = 7049 AND game_id = 24998 AND play_id = 28174;
INSERT INTO player_team_game_play(player_id, team_id, game_id, play_id, seconds_start, seconds_end) VALUES(2148, 1655, 24998, 28174, 1475, 1530);
UPDATE player_team_game_play SET seconds_end = 1517 WHERE player_id = 3176 AND game_id = 24998 AND play_id = 28174;
UPDATE player_team_game_play SET seconds_end = 1517 WHERE player_id = 6138 AND game_id = 24998 AND play_id = 28174;
INSERT INTO player_team_game_play(player_id, team_id, game_id, play_id, seconds_start, seconds_end) VALUES(4692, 1649, 24998, 28174, 1517, 1530);
INSERT INTO player_team_game_play(player_id, team_id, game_id, play_id, seconds_start, seconds_end) VALUES(2103, 1649, 24998, 28174, 1517, 1530);
UPDATE player_team_game_play SET seconds_end = 1517 WHERE player_id = 7450 AND game_id = 24998 AND play_id = 28174;
INSERT INTO player_team_game_play(player_id, team_id, game_id, play_id, seconds_start, seconds_end) VALUES(7447, 1655, 24998, 28174, 1517, 1530);
INSERT INTO lba.sub_play (play_id, seconds_da_start, player_made_id, team_made_id, game_made_id, player_suffered_id, team_suffered_id, game_suffered_id, shot_id, turnover_id, foul_id, rebound_defensive_01, rebound_offensive_01, assist_01, blocks_01, time_out_01, x, y)VALUES(28174, 34, 7450, 1655, 24998, NULL, NULL, NULL, 1, NULL, NULL, '', '', '', '', '', 90, 51);
INSERT INTO lba.sub_play (play_id, seconds_da_start, player_made_id, team_made_id, game_made_id, player_suffered_id, team_suffered_id, game_suffered_id, shot_id, turnover_id, foul_id, rebound_defensive_01, rebound_offensive_01, assist_01, blocks_01, time_out_01, x, y)VALUES(28174, 53, 7450, 1655, 24998, 1775, 1649, 24998, NULL, NULL, 1, '', '', '', '', '', 14, 51);
INSERT INTO lba.sub_play (play_id, seconds_da_start, player_made_id, team_made_id, game_made_id, player_suffered_id, team_suffered_id, game_suffered_id, shot_id, turnover_id, foul_id, rebound_defensive_01, rebound_offensive_01, assist_01, blocks_01, time_out_01, x, y)VALUES(28174, 66, 5150, 1649, 24998, NULL, NULL, NULL, 4, NULL, NULL, '', '', '', '', '', 32, 75);
INSERT INTO lba.sub_play (play_id, seconds_da_start, player_made_id, team_made_id, game_made_id, player_suffered_id, team_suffered_id, game_suffered_id, shot_id, turnover_id, foul_id, rebound_defensive_01, rebound_offensive_01, assist_01, blocks_01, time_out_01, x, y)VALUES(28174, 66, 7447, 1655, 24998, NULL, NULL, NULL, NULL, NULL, NULL, '1', '', '', '', '', 32, 75);

INSERT INTO play(id, game_id, seconds_start, seconds_end, quarter, attack_home_01, score_home, score_guest)VALUES(28175, 24998, 1530, 1542, 3, '0', 67, 53);
INSERT INTO player_team_game_play(player_id, team_id, game_id, play_id, seconds_start, seconds_end) VALUES(4692, 1649, 24998, 28175, 1530, 1542);
INSERT INTO player_team_game_play(player_id, team_id, game_id, play_id, seconds_start, seconds_end) VALUES(2103, 1649, 24998, 28175, 1530, 1542);
INSERT INTO player_team_game_play(player_id, team_id, game_id, play_id, seconds_start, seconds_end) VALUES(5150, 1649, 24998, 28175, 1530, 1542);
INSERT INTO player_team_game_play(player_id, team_id, game_id, play_id, seconds_start, seconds_end) VALUES(7406, 1649, 24998, 28175, 1530, 1542);
INSERT INTO player_team_game_play(player_id, team_id, game_id, play_id, seconds_start, seconds_end) VALUES(1775, 1649, 24998, 28175, 1530, 1542);
INSERT INTO player_team_game_play(player_id, team_id, game_id, play_id, seconds_start, seconds_end) VALUES(6320, 1655, 24998, 28175, 1530, 1542);
INSERT INTO player_team_game_play(player_id, team_id, game_id, play_id, seconds_start, seconds_end) VALUES(2148, 1655, 24998, 28175, 1530, 1542);
INSERT INTO player_team_game_play(player_id, team_id, game_id, play_id, seconds_start, seconds_end) VALUES(7447, 1655, 24998, 28175, 1530, 1542);
INSERT INTO player_team_game_play(player_id, team_id, game_id, play_id, seconds_start, seconds_end) VALUES(7448, 1655, 24998, 28175, 1530, 1542);
INSERT INTO player_team_game_play(player_id, team_id, game_id, play_id, seconds_start, seconds_end) VALUES(378, 1655, 24998, 28175, 1530, 1542);
UPDATE player_team_game_play SET seconds_end = 1538 WHERE player_id = 5150 AND game_id = 24998 AND play_id = 28175;
INSERT INTO player_team_game_play(player_id, team_id, game_id, play_id, seconds_start, seconds_end) VALUES(7404, 1649, 24998, 28175, 1538, 1542);
INSERT INTO lba.sub_play (play_id, seconds_da_start, player_made_id, team_made_id, game_made_id, player_suffered_id, team_suffered_id, game_suffered_id, shot_id, turnover_id, foul_id, rebound_defensive_01, rebound_offensive_01, assist_01, blocks_01, time_out_01, x, y)VALUES(28175, 8, 7447, 1655, 24998, NULL, NULL, NULL, 2, NULL, NULL, '', '', '', '', '', 91, 45);
INSERT INTO lba.sub_play (play_id, seconds_da_start, player_made_id, team_made_id, game_made_id, player_suffered_id, team_suffered_id, game_suffered_id, shot_id, turnover_id, foul_id, rebound_defensive_01, rebound_offensive_01, assist_01, blocks_01, time_out_01, x, y)VALUES(28175, 8, 1775, 1649, 24998, 7447, 1655, 24998, NULL, NULL, NULL, '', '', '', '1', '', 91, 45);
INSERT INTO lba.sub_play (play_id, seconds_da_start, player_made_id, team_made_id, game_made_id, player_suffered_id, team_suffered_id, game_suffered_id, shot_id, turnover_id, foul_id, rebound_defensive_01, rebound_offensive_01, assist_01, blocks_01, time_out_01, x, y)VALUES(28175, 12, 7448, 1655, 24998, NULL, NULL, NULL, 4, NULL, NULL, '', '', '', '', '', 72, 77);
INSERT INTO lba.sub_play (play_id, seconds_da_start, player_made_id, team_made_id, game_made_id, player_suffered_id, team_suffered_id, game_suffered_id, shot_id, turnover_id, foul_id, rebound_defensive_01, rebound_offensive_01, assist_01, blocks_01, time_out_01, x, y)VALUES(28175, 12, 4692, 1649, 24998, NULL, NULL, NULL, NULL, NULL, NULL, '1', '', '', '', '', 72, 77);

INSERT INTO play(id, game_id, seconds_start, seconds_end, quarter, attack_home_01, score_home, score_guest)VALUES(28176, 24998, 1542, 1566, 3, '1', 70, 53);
INSERT INTO player_team_game_play(player_id, team_id, game_id, play_id, seconds_start, seconds_end) VALUES(4692, 1649, 24998, 28176, 1542, 1566);
INSERT INTO player_team_game_play(player_id, team_id, game_id, play_id, seconds_start, seconds_end) VALUES(2103, 1649, 24998, 28176, 1542, 1566);
INSERT INTO player_team_game_play(player_id, team_id, game_id, play_id, seconds_start, seconds_end) VALUES(7404, 1649, 24998, 28176, 1542, 1566);
INSERT INTO player_team_game_play(player_id, team_id, game_id, play_id, seconds_start, seconds_end) VALUES(7406, 1649, 24998, 28176, 1542, 1566);
INSERT INTO player_team_game_play(player_id, team_id, game_id, play_id, seconds_start, seconds_end) VALUES(1775, 1649, 24998, 28176, 1542, 1566);
INSERT INTO player_team_game_play(player_id, team_id, game_id, play_id, seconds_start, seconds_end) VALUES(6320, 1655, 24998, 28176, 1542, 1566);
INSERT INTO player_team_game_play(player_id, team_id, game_id, play_id, seconds_start, seconds_end) VALUES(2148, 1655, 24998, 28176, 1542, 1566);
INSERT INTO player_team_game_play(player_id, team_id, game_id, play_id, seconds_start, seconds_end) VALUES(7447, 1655, 24998, 28176, 1542, 1566);
INSERT INTO player_team_game_play(player_id, team_id, game_id, play_id, seconds_start, seconds_end) VALUES(7448, 1655, 24998, 28176, 1542, 1566);
INSERT INTO player_team_game_play(player_id, team_id, game_id, play_id, seconds_start, seconds_end) VALUES(378, 1655, 24998, 28176, 1542, 1566);
INSERT INTO lba.sub_play (play_id, seconds_da_start, player_made_id, team_made_id, game_made_id, player_suffered_id, team_suffered_id, game_suffered_id, shot_id, turnover_id, foul_id, rebound_defensive_01, rebound_offensive_01, assist_01, blocks_01, time_out_01, x, y)VALUES(28176, 24, 7406, 1649, 24998, NULL, NULL, NULL, 3, NULL, NULL, '', '', '', '', '', 33, 33);

INSERT INTO play(id, game_id, seconds_start, seconds_end, quarter, attack_home_01, score_home, score_guest)VALUES(28177, 24998, 1566, 1584, 3, '0', 70, 53);
INSERT INTO player_team_game_play(player_id, team_id, game_id, play_id, seconds_start, seconds_end) VALUES(4692, 1649, 24998, 28177, 1566, 1584);
INSERT INTO player_team_game_play(player_id, team_id, game_id, play_id, seconds_start, seconds_end) VALUES(2103, 1649, 24998, 28177, 1566, 1584);
INSERT INTO player_team_game_play(player_id, team_id, game_id, play_id, seconds_start, seconds_end) VALUES(7404, 1649, 24998, 28177, 1566, 1584);
INSERT INTO player_team_game_play(player_id, team_id, game_id, play_id, seconds_start, seconds_end) VALUES(7406, 1649, 24998, 28177, 1566, 1584);
INSERT INTO player_team_game_play(player_id, team_id, game_id, play_id, seconds_start, seconds_end) VALUES(1775, 1649, 24998, 28177, 1566, 1584);
INSERT INTO player_team_game_play(player_id, team_id, game_id, play_id, seconds_start, seconds_end) VALUES(6320, 1655, 24998, 28177, 1566, 1584);
INSERT INTO player_team_game_play(player_id, team_id, game_id, play_id, seconds_start, seconds_end) VALUES(2148, 1655, 24998, 28177, 1566, 1584);
INSERT INTO player_team_game_play(player_id, team_id, game_id, play_id, seconds_start, seconds_end) VALUES(7447, 1655, 24998, 28177, 1566, 1584);
INSERT INTO player_team_game_play(player_id, team_id, game_id, play_id, seconds_start, seconds_end) VALUES(7448, 1655, 24998, 28177, 1566, 1584);
INSERT INTO player_team_game_play(player_id, team_id, game_id, play_id, seconds_start, seconds_end) VALUES(378, 1655, 24998, 28177, 1566, 1584);
INSERT INTO lba.sub_play (play_id, seconds_da_start, player_made_id, team_made_id, game_made_id, player_suffered_id, team_suffered_id, game_suffered_id, shot_id, turnover_id, foul_id, rebound_defensive_01, rebound_offensive_01, assist_01, blocks_01, time_out_01, x, y)VALUES(28177, 18, 378, 1655, 24998, NULL, NULL, NULL, 2, NULL, NULL, '', '', '', '', '', 85, 19);
INSERT INTO lba.sub_play (play_id, seconds_da_start, player_made_id, team_made_id, game_made_id, player_suffered_id, team_suffered_id, game_suffered_id, shot_id, turnover_id, foul_id, rebound_defensive_01, rebound_offensive_01, assist_01, blocks_01, time_out_01, x, y)VALUES(28177, 18, 7406, 1649, 24998, NULL, NULL, NULL, NULL, NULL, NULL, '1', '', '', '', '', 85, 19);

INSERT INTO play(id, game_id, seconds_start, seconds_end, quarter, attack_home_01, score_home, score_guest)VALUES(28178, 24998, 1584, 1602, 3, '1', 72, 53);
INSERT INTO player_team_game_play(player_id, team_id, game_id, play_id, seconds_start, seconds_end) VALUES(4692, 1649, 24998, 28178, 1584, 1602);
INSERT INTO player_team_game_play(player_id, team_id, game_id, play_id, seconds_start, seconds_end) VALUES(2103, 1649, 24998, 28178, 1584, 1602);
INSERT INTO player_team_game_play(player_id, team_id, game_id, play_id, seconds_start, seconds_end) VALUES(7404, 1649, 24998, 28178, 1584, 1602);
INSERT INTO player_team_game_play(player_id, team_id, game_id, play_id, seconds_start, seconds_end) VALUES(7406, 1649, 24998, 28178, 1584, 1602);
INSERT INTO player_team_game_play(player_id, team_id, game_id, play_id, seconds_start, seconds_end) VALUES(1775, 1649, 24998, 28178, 1584, 1602);
INSERT INTO player_team_game_play(player_id, team_id, game_id, play_id, seconds_start, seconds_end) VALUES(6320, 1655, 24998, 28178, 1584, 1602);
INSERT INTO player_team_game_play(player_id, team_id, game_id, play_id, seconds_start, seconds_end) VALUES(2148, 1655, 24998, 28178, 1584, 1602);
INSERT INTO player_team_game_play(player_id, team_id, game_id, play_id, seconds_start, seconds_end) VALUES(7447, 1655, 24998, 28178, 1584, 1602);
INSERT INTO player_team_game_play(player_id, team_id, game_id, play_id, seconds_start, seconds_end) VALUES(7448, 1655, 24998, 28178, 1584, 1602);
INSERT INTO player_team_game_play(player_id, team_id, game_id, play_id, seconds_start, seconds_end) VALUES(378, 1655, 24998, 28178, 1584, 1602);
UPDATE player_team_game_play SET seconds_end = 1602 WHERE player_id = 7447 AND game_id = 24998 AND play_id = 28178;
INSERT INTO player_team_game_play(player_id, team_id, game_id, play_id, seconds_start, seconds_end) VALUES(7049, 1655, 24998, 28178, 1602, 1602);
INSERT INTO lba.sub_play (play_id, seconds_da_start, player_made_id, team_made_id, game_made_id, player_suffered_id, team_suffered_id, game_suffered_id, shot_id, turnover_id, foul_id, rebound_defensive_01, rebound_offensive_01, assist_01, blocks_01, time_out_01, x, y)VALUES(28178, 18, 2148, 1655, 24998, 2103, 1649, 24998, NULL, NULL, 4, '', '', '', '', '', 10, 31);
INSERT INTO lba.sub_play (play_id, seconds_da_start, player_made_id, team_made_id, game_made_id, player_suffered_id, team_suffered_id, game_suffered_id, shot_id, turnover_id, foul_id, rebound_defensive_01, rebound_offensive_01, assist_01, blocks_01, time_out_01, x, y)VALUES(28178, 18, 2103, 1649, 24998, NULL, NULL, NULL, 5, NULL, NULL, '', '', '', '', '', NULL, NULL);
INSERT INTO lba.sub_play (play_id, seconds_da_start, player_made_id, team_made_id, game_made_id, player_suffered_id, team_suffered_id, game_suffered_id, shot_id, turnover_id, foul_id, rebound_defensive_01, rebound_offensive_01, assist_01, blocks_01, time_out_01, x, y)VALUES(28178, 18, 2103, 1649, 24998, NULL, NULL, NULL, 5, NULL, NULL, '', '', '', '', '', NULL, NULL);

INSERT INTO play(id, game_id, seconds_start, seconds_end, quarter, attack_home_01, score_home, score_guest)VALUES(28179, 24998, 1602, 1629, 3, '0', 72, 53);
INSERT INTO player_team_game_play(player_id, team_id, game_id, play_id, seconds_start, seconds_end) VALUES(4692, 1649, 24998, 28179, 1602, 1629);
INSERT INTO player_team_game_play(player_id, team_id, game_id, play_id, seconds_start, seconds_end) VALUES(2103, 1649, 24998, 28179, 1602, 1629);
INSERT INTO player_team_game_play(player_id, team_id, game_id, play_id, seconds_start, seconds_end) VALUES(7404, 1649, 24998, 28179, 1602, 1629);
INSERT INTO player_team_game_play(player_id, team_id, game_id, play_id, seconds_start, seconds_end) VALUES(7406, 1649, 24998, 28179, 1602, 1629);
INSERT INTO player_team_game_play(player_id, team_id, game_id, play_id, seconds_start, seconds_end) VALUES(1775, 1649, 24998, 28179, 1602, 1629);
INSERT INTO player_team_game_play(player_id, team_id, game_id, play_id, seconds_start, seconds_end) VALUES(6320, 1655, 24998, 28179, 1602, 1629);
INSERT INTO player_team_game_play(player_id, team_id, game_id, play_id, seconds_start, seconds_end) VALUES(2148, 1655, 24998, 28179, 1602, 1629);
INSERT INTO player_team_game_play(player_id, team_id, game_id, play_id, seconds_start, seconds_end) VALUES(7447, 1655, 24998, 28179, 1602, 1629);
INSERT INTO player_team_game_play(player_id, team_id, game_id, play_id, seconds_start, seconds_end) VALUES(7448, 1655, 24998, 28179, 1602, 1629);
INSERT INTO player_team_game_play(player_id, team_id, game_id, play_id, seconds_start, seconds_end) VALUES(378, 1655, 24998, 28179, 1602, 1629);
UPDATE player_team_game_play SET seconds_end = 1602 WHERE player_id = 7447 AND game_id = 24998 AND play_id = 28179;
INSERT INTO player_team_game_play(player_id, team_id, game_id, play_id, seconds_start, seconds_end) VALUES(7049, 1655, 24998, 28179, 1602, 1629);
INSERT INTO lba.sub_play (play_id, seconds_da_start, player_made_id, team_made_id, game_made_id, player_suffered_id, team_suffered_id, game_suffered_id, shot_id, turnover_id, foul_id, rebound_defensive_01, rebound_offensive_01, assist_01, blocks_01, time_out_01, x, y)VALUES(28179, 12, 2103, 1649, 24998, 6320, 1655, 24998, NULL, NULL, 1, '', '', '', '', '', 88, 35);
INSERT INTO lba.sub_play (play_id, seconds_da_start, player_made_id, team_made_id, game_made_id, player_suffered_id, team_suffered_id, game_suffered_id, shot_id, turnover_id, foul_id, rebound_defensive_01, rebound_offensive_01, assist_01, blocks_01, time_out_01, x, y)VALUES(28179, 27, 2148, 1655, 24998, 4692, 1649, 24998, NULL, 2, NULL, '', '', '', '', '', 65, 48);

INSERT INTO play(id, game_id, seconds_start, seconds_end, quarter, attack_home_01, score_home, score_guest)VALUES(28180, 24998, 1629, 1635, 3, '1', 72, 53);
INSERT INTO player_team_game_play(player_id, team_id, game_id, play_id, seconds_start, seconds_end) VALUES(4692, 1649, 24998, 28180, 1629, 1635);
INSERT INTO player_team_game_play(player_id, team_id, game_id, play_id, seconds_start, seconds_end) VALUES(2103, 1649, 24998, 28180, 1629, 1635);
INSERT INTO player_team_game_play(player_id, team_id, game_id, play_id, seconds_start, seconds_end) VALUES(7404, 1649, 24998, 28180, 1629, 1635);
INSERT INTO player_team_game_play(player_id, team_id, game_id, play_id, seconds_start, seconds_end) VALUES(7406, 1649, 24998, 28180, 1629, 1635);
INSERT INTO player_team_game_play(player_id, team_id, game_id, play_id, seconds_start, seconds_end) VALUES(1775, 1649, 24998, 28180, 1629, 1635);
INSERT INTO player_team_game_play(player_id, team_id, game_id, play_id, seconds_start, seconds_end) VALUES(6320, 1655, 24998, 28180, 1629, 1635);
INSERT INTO player_team_game_play(player_id, team_id, game_id, play_id, seconds_start, seconds_end) VALUES(2148, 1655, 24998, 28180, 1629, 1635);
INSERT INTO player_team_game_play(player_id, team_id, game_id, play_id, seconds_start, seconds_end) VALUES(7448, 1655, 24998, 28180, 1629, 1635);
INSERT INTO player_team_game_play(player_id, team_id, game_id, play_id, seconds_start, seconds_end) VALUES(7049, 1655, 24998, 28180, 1629, 1635);
INSERT INTO player_team_game_play(player_id, team_id, game_id, play_id, seconds_start, seconds_end) VALUES(378, 1655, 24998, 28180, 1629, 1635);
INSERT INTO lba.sub_play (play_id, seconds_da_start, player_made_id, team_made_id, game_made_id, player_suffered_id, team_suffered_id, game_suffered_id, shot_id, turnover_id, foul_id, rebound_defensive_01, rebound_offensive_01, assist_01, blocks_01, time_out_01, x, y)VALUES(28180, 6, 1775, 1649, 24998, 2148, 1655, 24998, NULL, 2, NULL, '', '', '', '', '', 34, 33);

INSERT INTO play(id, game_id, seconds_start, seconds_end, quarter, attack_home_01, score_home, score_guest)VALUES(28181, 24998, 1635, 1638, 3, '0', 72, 53);
INSERT INTO player_team_game_play(player_id, team_id, game_id, play_id, seconds_start, seconds_end) VALUES(4692, 1649, 24998, 28181, 1635, 1638);
INSERT INTO player_team_game_play(player_id, team_id, game_id, play_id, seconds_start, seconds_end) VALUES(2103, 1649, 24998, 28181, 1635, 1638);
INSERT INTO player_team_game_play(player_id, team_id, game_id, play_id, seconds_start, seconds_end) VALUES(7404, 1649, 24998, 28181, 1635, 1638);
INSERT INTO player_team_game_play(player_id, team_id, game_id, play_id, seconds_start, seconds_end) VALUES(7406, 1649, 24998, 28181, 1635, 1638);
INSERT INTO player_team_game_play(player_id, team_id, game_id, play_id, seconds_start, seconds_end) VALUES(1775, 1649, 24998, 28181, 1635, 1638);
INSERT INTO player_team_game_play(player_id, team_id, game_id, play_id, seconds_start, seconds_end) VALUES(6320, 1655, 24998, 28181, 1635, 1638);
INSERT INTO player_team_game_play(player_id, team_id, game_id, play_id, seconds_start, seconds_end) VALUES(2148, 1655, 24998, 28181, 1635, 1638);
INSERT INTO player_team_game_play(player_id, team_id, game_id, play_id, seconds_start, seconds_end) VALUES(7448, 1655, 24998, 28181, 1635, 1638);
INSERT INTO player_team_game_play(player_id, team_id, game_id, play_id, seconds_start, seconds_end) VALUES(7049, 1655, 24998, 28181, 1635, 1638);
INSERT INTO player_team_game_play(player_id, team_id, game_id, play_id, seconds_start, seconds_end) VALUES(378, 1655, 24998, 28181, 1635, 1638);
INSERT INTO lba.sub_play (play_id, seconds_da_start, player_made_id, team_made_id, game_made_id, player_suffered_id, team_suffered_id, game_suffered_id, shot_id, turnover_id, foul_id, rebound_defensive_01, rebound_offensive_01, assist_01, blocks_01, time_out_01, x, y)VALUES(28181, 3, 6320, 1655, 24998, NULL, NULL, NULL, NULL, 1, NULL, '', '', '', '', '', 73, 75);

INSERT INTO play(id, game_id, seconds_start, seconds_end, quarter, attack_home_01, score_home, score_guest)VALUES(28182, 24998, 1638, 1648, 3, '1', 72, 53);
INSERT INTO player_team_game_play(player_id, team_id, game_id, play_id, seconds_start, seconds_end) VALUES(4692, 1649, 24998, 28182, 1638, 1648);
INSERT INTO player_team_game_play(player_id, team_id, game_id, play_id, seconds_start, seconds_end) VALUES(2103, 1649, 24998, 28182, 1638, 1648);
INSERT INTO player_team_game_play(player_id, team_id, game_id, play_id, seconds_start, seconds_end) VALUES(7404, 1649, 24998, 28182, 1638, 1648);
INSERT INTO player_team_game_play(player_id, team_id, game_id, play_id, seconds_start, seconds_end) VALUES(7406, 1649, 24998, 28182, 1638, 1648);
INSERT INTO player_team_game_play(player_id, team_id, game_id, play_id, seconds_start, seconds_end) VALUES(1775, 1649, 24998, 28182, 1638, 1648);
INSERT INTO player_team_game_play(player_id, team_id, game_id, play_id, seconds_start, seconds_end) VALUES(6320, 1655, 24998, 28182, 1638, 1648);
INSERT INTO player_team_game_play(player_id, team_id, game_id, play_id, seconds_start, seconds_end) VALUES(2148, 1655, 24998, 28182, 1638, 1648);
INSERT INTO player_team_game_play(player_id, team_id, game_id, play_id, seconds_start, seconds_end) VALUES(7448, 1655, 24998, 28182, 1638, 1648);
INSERT INTO player_team_game_play(player_id, team_id, game_id, play_id, seconds_start, seconds_end) VALUES(7049, 1655, 24998, 28182, 1638, 1648);
INSERT INTO player_team_game_play(player_id, team_id, game_id, play_id, seconds_start, seconds_end) VALUES(378, 1655, 24998, 28182, 1638, 1648);
INSERT INTO lba.sub_play (play_id, seconds_da_start, player_made_id, team_made_id, game_made_id, player_suffered_id, team_suffered_id, game_suffered_id, shot_id, turnover_id, foul_id, rebound_defensive_01, rebound_offensive_01, assist_01, blocks_01, time_out_01, x, y)VALUES(28182, 10, 2103, 1649, 24998, NULL, NULL, NULL, NULL, 1, NULL, '', '', '', '', '', 31, 74);

INSERT INTO play(id, game_id, seconds_start, seconds_end, quarter, attack_home_01, score_home, score_guest)VALUES(28183, 24998, 1648, 1656, 3, '0', 72, 53);
INSERT INTO player_team_game_play(player_id, team_id, game_id, play_id, seconds_start, seconds_end) VALUES(4692, 1649, 24998, 28183, 1648, 1656);
INSERT INTO player_team_game_play(player_id, team_id, game_id, play_id, seconds_start, seconds_end) VALUES(2103, 1649, 24998, 28183, 1648, 1656);
INSERT INTO player_team_game_play(player_id, team_id, game_id, play_id, seconds_start, seconds_end) VALUES(7404, 1649, 24998, 28183, 1648, 1656);
INSERT INTO player_team_game_play(player_id, team_id, game_id, play_id, seconds_start, seconds_end) VALUES(7406, 1649, 24998, 28183, 1648, 1656);
INSERT INTO player_team_game_play(player_id, team_id, game_id, play_id, seconds_start, seconds_end) VALUES(1775, 1649, 24998, 28183, 1648, 1656);
INSERT INTO player_team_game_play(player_id, team_id, game_id, play_id, seconds_start, seconds_end) VALUES(6320, 1655, 24998, 28183, 1648, 1656);
INSERT INTO player_team_game_play(player_id, team_id, game_id, play_id, seconds_start, seconds_end) VALUES(2148, 1655, 24998, 28183, 1648, 1656);
INSERT INTO player_team_game_play(player_id, team_id, game_id, play_id, seconds_start, seconds_end) VALUES(7448, 1655, 24998, 28183, 1648, 1656);
INSERT INTO player_team_game_play(player_id, team_id, game_id, play_id, seconds_start, seconds_end) VALUES(7049, 1655, 24998, 28183, 1648, 1656);
INSERT INTO player_team_game_play(player_id, team_id, game_id, play_id, seconds_start, seconds_end) VALUES(378, 1655, 24998, 28183, 1648, 1656);
INSERT INTO lba.sub_play (play_id, seconds_da_start, player_made_id, team_made_id, game_made_id, player_suffered_id, team_suffered_id, game_suffered_id, shot_id, turnover_id, foul_id, rebound_defensive_01, rebound_offensive_01, assist_01, blocks_01, time_out_01, x, y)VALUES(28183, 0, 2148, 1655, 24998, NULL, NULL, NULL, NULL, NULL, 2, '', '', '', '', '', 27, 90);
INSERT INTO lba.sub_play (play_id, seconds_da_start, player_made_id, team_made_id, game_made_id, player_suffered_id, team_suffered_id, game_suffered_id, shot_id, turnover_id, foul_id, rebound_defensive_01, rebound_offensive_01, assist_01, blocks_01, time_out_01, x, y)VALUES(28183, 0, 7404, 1649, 24998, NULL, NULL, NULL, NULL, NULL, 2, '', '', '', '', '', 18, 93);
INSERT INTO lba.sub_play (play_id, seconds_da_start, player_made_id, team_made_id, game_made_id, player_suffered_id, team_suffered_id, game_suffered_id, shot_id, turnover_id, foul_id, rebound_defensive_01, rebound_offensive_01, assist_01, blocks_01, time_out_01, x, y)VALUES(28183, 8, 2148, 1655, 24998, NULL, NULL, NULL, 2, NULL, NULL, '', '', '', '', '', 82, 59);
INSERT INTO lba.sub_play (play_id, seconds_da_start, player_made_id, team_made_id, game_made_id, player_suffered_id, team_suffered_id, game_suffered_id, shot_id, turnover_id, foul_id, rebound_defensive_01, rebound_offensive_01, assist_01, blocks_01, time_out_01, x, y)VALUES(28183, 8, 2103, 1649, 24998, 2148, 1655, 24998, NULL, NULL, NULL, '', '', '', '1', '', 82, 59);
INSERT INTO lba.sub_play (play_id, seconds_da_start, player_made_id, team_made_id, game_made_id, player_suffered_id, team_suffered_id, game_suffered_id, shot_id, turnover_id, foul_id, rebound_defensive_01, rebound_offensive_01, assist_01, blocks_01, time_out_01, x, y)VALUES(28183, 8, 2103, 1649, 24998, NULL, NULL, NULL, NULL, NULL, NULL, '1', '', '', '', '', 82, 59);

INSERT INTO play(id, game_id, seconds_start, seconds_end, quarter, attack_home_01, score_home, score_guest)VALUES(28184, 24998, 1656, 1678, 3, '1', 75, 53);
INSERT INTO player_team_game_play(player_id, team_id, game_id, play_id, seconds_start, seconds_end) VALUES(4692, 1649, 24998, 28184, 1656, 1678);
INSERT INTO player_team_game_play(player_id, team_id, game_id, play_id, seconds_start, seconds_end) VALUES(2103, 1649, 24998, 28184, 1656, 1678);
INSERT INTO player_team_game_play(player_id, team_id, game_id, play_id, seconds_start, seconds_end) VALUES(7404, 1649, 24998, 28184, 1656, 1678);
INSERT INTO player_team_game_play(player_id, team_id, game_id, play_id, seconds_start, seconds_end) VALUES(7406, 1649, 24998, 28184, 1656, 1678);
INSERT INTO player_team_game_play(player_id, team_id, game_id, play_id, seconds_start, seconds_end) VALUES(1775, 1649, 24998, 28184, 1656, 1678);
INSERT INTO player_team_game_play(player_id, team_id, game_id, play_id, seconds_start, seconds_end) VALUES(6320, 1655, 24998, 28184, 1656, 1678);
INSERT INTO player_team_game_play(player_id, team_id, game_id, play_id, seconds_start, seconds_end) VALUES(2148, 1655, 24998, 28184, 1656, 1678);
INSERT INTO player_team_game_play(player_id, team_id, game_id, play_id, seconds_start, seconds_end) VALUES(7448, 1655, 24998, 28184, 1656, 1678);
INSERT INTO player_team_game_play(player_id, team_id, game_id, play_id, seconds_start, seconds_end) VALUES(7049, 1655, 24998, 28184, 1656, 1678);
INSERT INTO player_team_game_play(player_id, team_id, game_id, play_id, seconds_start, seconds_end) VALUES(378, 1655, 24998, 28184, 1656, 1678);
UPDATE player_team_game_play SET seconds_end = 1678 WHERE player_id = 6320 AND game_id = 24998 AND play_id = 28184;
UPDATE player_team_game_play SET seconds_end = 1678 WHERE player_id = 2148 AND game_id = 24998 AND play_id = 28184;
INSERT INTO player_team_game_play(player_id, team_id, game_id, play_id, seconds_start, seconds_end) VALUES(7450, 1655, 24998, 28184, 1678, 1678);
INSERT INTO player_team_game_play(player_id, team_id, game_id, play_id, seconds_start, seconds_end) VALUES(7447, 1655, 24998, 28184, 1678, 1678);
INSERT INTO lba.sub_play (play_id, seconds_da_start, player_made_id, team_made_id, game_made_id, player_suffered_id, team_suffered_id, game_suffered_id, shot_id, turnover_id, foul_id, rebound_defensive_01, rebound_offensive_01, assist_01, blocks_01, time_out_01, x, y)VALUES(28184, 14, 1775, 1649, 24998, NULL, NULL, NULL, 2, NULL, NULL, '', '', '', '', '', 8, 38);
INSERT INTO lba.sub_play (play_id, seconds_da_start, player_made_id, team_made_id, game_made_id, player_suffered_id, team_suffered_id, game_suffered_id, shot_id, turnover_id, foul_id, rebound_defensive_01, rebound_offensive_01, assist_01, blocks_01, time_out_01, x, y)VALUES(28184, 14, 2103, 1649, 24998, NULL, NULL, NULL, NULL, NULL, NULL, '', '1', '', '', '', 8, 38);
INSERT INTO lba.sub_play (play_id, seconds_da_start, player_made_id, team_made_id, game_made_id, player_suffered_id, team_suffered_id, game_suffered_id, shot_id, turnover_id, foul_id, rebound_defensive_01, rebound_offensive_01, assist_01, blocks_01, time_out_01, x, y)VALUES(28184, 22, 7406, 1649, 24998, NULL, NULL, NULL, 3, NULL, NULL, '', '', '', '', '', 19, 7);
INSERT INTO lba.sub_play (play_id, seconds_da_start, player_made_id, team_made_id, game_made_id, player_suffered_id, team_suffered_id, game_suffered_id, shot_id, turnover_id, foul_id, rebound_defensive_01, rebound_offensive_01, assist_01, blocks_01, time_out_01, x, y)VALUES(28184, 22, 2103, 1649, 24998, NULL, NULL, NULL, NULL, NULL, NULL, '', '', '1', '', '', 19, 7);

INSERT INTO play(id, game_id, seconds_start, seconds_end, quarter, attack_home_01, score_home, score_guest)VALUES(28185, 24998, 1678, 1722, 3, '1', 77, 56);
INSERT INTO player_team_game_play(player_id, team_id, game_id, play_id, seconds_start, seconds_end) VALUES(4692, 1649, 24998, 28185, 1678, 1722);
INSERT INTO player_team_game_play(player_id, team_id, game_id, play_id, seconds_start, seconds_end) VALUES(2103, 1649, 24998, 28185, 1678, 1722);
INSERT INTO player_team_game_play(player_id, team_id, game_id, play_id, seconds_start, seconds_end) VALUES(7404, 1649, 24998, 28185, 1678, 1722);
INSERT INTO player_team_game_play(player_id, team_id, game_id, play_id, seconds_start, seconds_end) VALUES(7406, 1649, 24998, 28185, 1678, 1722);
INSERT INTO player_team_game_play(player_id, team_id, game_id, play_id, seconds_start, seconds_end) VALUES(1775, 1649, 24998, 28185, 1678, 1722);
INSERT INTO player_team_game_play(player_id, team_id, game_id, play_id, seconds_start, seconds_end) VALUES(6320, 1655, 24998, 28185, 1678, 1722);
INSERT INTO player_team_game_play(player_id, team_id, game_id, play_id, seconds_start, seconds_end) VALUES(2148, 1655, 24998, 28185, 1678, 1722);
INSERT INTO player_team_game_play(player_id, team_id, game_id, play_id, seconds_start, seconds_end) VALUES(7448, 1655, 24998, 28185, 1678, 1722);
INSERT INTO player_team_game_play(player_id, team_id, game_id, play_id, seconds_start, seconds_end) VALUES(7049, 1655, 24998, 28185, 1678, 1722);
INSERT INTO player_team_game_play(player_id, team_id, game_id, play_id, seconds_start, seconds_end) VALUES(378, 1655, 24998, 28185, 1678, 1722);
UPDATE player_team_game_play SET seconds_end = 1678 WHERE player_id = 6320 AND game_id = 24998 AND play_id = 28185;
UPDATE player_team_game_play SET seconds_end = 1678 WHERE player_id = 2148 AND game_id = 24998 AND play_id = 28185;
INSERT INTO player_team_game_play(player_id, team_id, game_id, play_id, seconds_start, seconds_end) VALUES(7450, 1655, 24998, 28185, 1678, 1722);
INSERT INTO player_team_game_play(player_id, team_id, game_id, play_id, seconds_start, seconds_end) VALUES(7447, 1655, 24998, 28185, 1678, 1722);
INSERT INTO lba.sub_play (play_id, seconds_da_start, player_made_id, team_made_id, game_made_id, player_suffered_id, team_suffered_id, game_suffered_id, shot_id, turnover_id, foul_id, rebound_defensive_01, rebound_offensive_01, assist_01, blocks_01, time_out_01, x, y)VALUES(28185, 21, 7447, 1655, 24998, NULL, NULL, NULL, 3, NULL, NULL, '', '', '', '', '', 75, 86);
INSERT INTO lba.sub_play (play_id, seconds_da_start, player_made_id, team_made_id, game_made_id, player_suffered_id, team_suffered_id, game_suffered_id, shot_id, turnover_id, foul_id, rebound_defensive_01, rebound_offensive_01, assist_01, blocks_01, time_out_01, x, y)VALUES(28185, 37, 7447, 1655, 24998, 7406, 1649, 24998, NULL, NULL, 4, '', '', '', '', '', 12, 59);
INSERT INTO lba.sub_play (play_id, seconds_da_start, player_made_id, team_made_id, game_made_id, player_suffered_id, team_suffered_id, game_suffered_id, shot_id, turnover_id, foul_id, rebound_defensive_01, rebound_offensive_01, assist_01, blocks_01, time_out_01, x, y)VALUES(28185, 38, 7406, 1649, 24998, NULL, NULL, NULL, 6, NULL, NULL, '', '', '', '', '', NULL, NULL);
INSERT INTO lba.sub_play (play_id, seconds_da_start, player_made_id, team_made_id, game_made_id, player_suffered_id, team_suffered_id, game_suffered_id, shot_id, turnover_id, foul_id, rebound_defensive_01, rebound_offensive_01, assist_01, blocks_01, time_out_01, x, y)VALUES(28185, 38, 7406, 1649, 24998, NULL, NULL, NULL, 6, NULL, NULL, '', '', '', '', '', NULL, NULL);
INSERT INTO lba.sub_play (play_id, seconds_da_start, player_made_id, team_made_id, game_made_id, player_suffered_id, team_suffered_id, game_suffered_id, shot_id, turnover_id, foul_id, rebound_defensive_01, rebound_offensive_01, assist_01, blocks_01, time_out_01, x, y)VALUES(28185, 38, 1775, 1649, 24998, NULL, NULL, NULL, NULL, NULL, NULL, '', '1', '', '', '', NULL, NULL);
INSERT INTO lba.sub_play (play_id, seconds_da_start, player_made_id, team_made_id, game_made_id, player_suffered_id, team_suffered_id, game_suffered_id, shot_id, turnover_id, foul_id, rebound_defensive_01, rebound_offensive_01, assist_01, blocks_01, time_out_01, x, y)VALUES(28185, 44, 1775, 1649, 24998, NULL, NULL, NULL, 1, NULL, NULL, '', '', '', '', '', 6, 52);

INSERT INTO play(id, game_id, seconds_start, seconds_end, quarter, attack_home_01, score_home, score_guest)VALUES(28186, 24998, 1722, 1744, 3, '0', 77, 56);
INSERT INTO player_team_game_play(player_id, team_id, game_id, play_id, seconds_start, seconds_end) VALUES(4692, 1649, 24998, 28186, 1722, 1744);
INSERT INTO player_team_game_play(player_id, team_id, game_id, play_id, seconds_start, seconds_end) VALUES(2103, 1649, 24998, 28186, 1722, 1744);
INSERT INTO player_team_game_play(player_id, team_id, game_id, play_id, seconds_start, seconds_end) VALUES(7404, 1649, 24998, 28186, 1722, 1744);
INSERT INTO player_team_game_play(player_id, team_id, game_id, play_id, seconds_start, seconds_end) VALUES(7406, 1649, 24998, 28186, 1722, 1744);
INSERT INTO player_team_game_play(player_id, team_id, game_id, play_id, seconds_start, seconds_end) VALUES(1775, 1649, 24998, 28186, 1722, 1744);
INSERT INTO player_team_game_play(player_id, team_id, game_id, play_id, seconds_start, seconds_end) VALUES(7447, 1655, 24998, 28186, 1722, 1744);
INSERT INTO player_team_game_play(player_id, team_id, game_id, play_id, seconds_start, seconds_end) VALUES(7448, 1655, 24998, 28186, 1722, 1744);
INSERT INTO player_team_game_play(player_id, team_id, game_id, play_id, seconds_start, seconds_end) VALUES(7049, 1655, 24998, 28186, 1722, 1744);
INSERT INTO player_team_game_play(player_id, team_id, game_id, play_id, seconds_start, seconds_end) VALUES(7450, 1655, 24998, 28186, 1722, 1744);
INSERT INTO player_team_game_play(player_id, team_id, game_id, play_id, seconds_start, seconds_end) VALUES(378, 1655, 24998, 28186, 1722, 1744);
INSERT INTO lba.sub_play (play_id, seconds_da_start, player_made_id, team_made_id, game_made_id, player_suffered_id, team_suffered_id, game_suffered_id, shot_id, turnover_id, foul_id, rebound_defensive_01, rebound_offensive_01, assist_01, blocks_01, time_out_01, x, y)VALUES(28186, 22, 7447, 1655, 24998, NULL, NULL, NULL, 2, NULL, NULL, '', '', '', '', '', 89, 46);
INSERT INTO lba.sub_play (play_id, seconds_da_start, player_made_id, team_made_id, game_made_id, player_suffered_id, team_suffered_id, game_suffered_id, shot_id, turnover_id, foul_id, rebound_defensive_01, rebound_offensive_01, assist_01, blocks_01, time_out_01, x, y)VALUES(28186, 22, 1775, 1649, 24998, NULL, NULL, NULL, NULL, NULL, NULL, '1', '', '', '', '', 89, 46);

INSERT INTO play(id, game_id, seconds_start, seconds_end, quarter, attack_home_01, score_home, score_guest)VALUES(28187, 24998, 1744, 1746, 3, '1', 78, 56);
INSERT INTO player_team_game_play(player_id, team_id, game_id, play_id, seconds_start, seconds_end) VALUES(4692, 1649, 24998, 28187, 1744, 1746);
INSERT INTO player_team_game_play(player_id, team_id, game_id, play_id, seconds_start, seconds_end) VALUES(2103, 1649, 24998, 28187, 1744, 1746);
INSERT INTO player_team_game_play(player_id, team_id, game_id, play_id, seconds_start, seconds_end) VALUES(7404, 1649, 24998, 28187, 1744, 1746);
INSERT INTO player_team_game_play(player_id, team_id, game_id, play_id, seconds_start, seconds_end) VALUES(7406, 1649, 24998, 28187, 1744, 1746);
INSERT INTO player_team_game_play(player_id, team_id, game_id, play_id, seconds_start, seconds_end) VALUES(1775, 1649, 24998, 28187, 1744, 1746);
INSERT INTO player_team_game_play(player_id, team_id, game_id, play_id, seconds_start, seconds_end) VALUES(7447, 1655, 24998, 28187, 1744, 1746);
INSERT INTO player_team_game_play(player_id, team_id, game_id, play_id, seconds_start, seconds_end) VALUES(7448, 1655, 24998, 28187, 1744, 1746);
INSERT INTO player_team_game_play(player_id, team_id, game_id, play_id, seconds_start, seconds_end) VALUES(7049, 1655, 24998, 28187, 1744, 1746);
INSERT INTO player_team_game_play(player_id, team_id, game_id, play_id, seconds_start, seconds_end) VALUES(7450, 1655, 24998, 28187, 1744, 1746);
INSERT INTO player_team_game_play(player_id, team_id, game_id, play_id, seconds_start, seconds_end) VALUES(378, 1655, 24998, 28187, 1744, 1746);
UPDATE player_team_game_play SET seconds_end = 1746 WHERE player_id = 7406 AND game_id = 24998 AND play_id = 28187;
INSERT INTO player_team_game_play(player_id, team_id, game_id, play_id, seconds_start, seconds_end) VALUES(5150, 1649, 24998, 28187, 1746, 1746);
UPDATE player_team_game_play SET seconds_end = 1746 WHERE player_id = 7447 AND game_id = 24998 AND play_id = 28187;
INSERT INTO player_team_game_play(player_id, team_id, game_id, play_id, seconds_start, seconds_end) VALUES(6320, 1655, 24998, 28187, 1746, 1746);
INSERT INTO lba.sub_play (play_id, seconds_da_start, player_made_id, team_made_id, game_made_id, player_suffered_id, team_suffered_id, game_suffered_id, shot_id, turnover_id, foul_id, rebound_defensive_01, rebound_offensive_01, assist_01, blocks_01, time_out_01, x, y)VALUES(28187, 2, 7447, 1655, 24998, 1775, 1649, 24998, NULL, NULL, 1, '', '', '', '', '', 85, 54);
INSERT INTO lba.sub_play (play_id, seconds_da_start, player_made_id, team_made_id, game_made_id, player_suffered_id, team_suffered_id, game_suffered_id, shot_id, turnover_id, foul_id, rebound_defensive_01, rebound_offensive_01, assist_01, blocks_01, time_out_01, x, y)VALUES(28187, 2, 1775, 1649, 24998, NULL, NULL, NULL, 5, NULL, NULL, '', '', '', '', '', NULL, NULL);

INSERT INTO play(id, game_id, seconds_start, seconds_end, quarter, attack_home_01, score_home, score_guest)VALUES(28188, 24998, 1746, 1746, 3, '1', 78, 56);
INSERT INTO player_team_game_play(player_id, team_id, game_id, play_id, seconds_start, seconds_end) VALUES(4692, 1649, 24998, 28188, 1746, 1746);
INSERT INTO player_team_game_play(player_id, team_id, game_id, play_id, seconds_start, seconds_end) VALUES(2103, 1649, 24998, 28188, 1746, 1746);
INSERT INTO player_team_game_play(player_id, team_id, game_id, play_id, seconds_start, seconds_end) VALUES(7404, 1649, 24998, 28188, 1746, 1746);
INSERT INTO player_team_game_play(player_id, team_id, game_id, play_id, seconds_start, seconds_end) VALUES(7406, 1649, 24998, 28188, 1746, 1746);
INSERT INTO player_team_game_play(player_id, team_id, game_id, play_id, seconds_start, seconds_end) VALUES(1775, 1649, 24998, 28188, 1746, 1746);
INSERT INTO player_team_game_play(player_id, team_id, game_id, play_id, seconds_start, seconds_end) VALUES(7447, 1655, 24998, 28188, 1746, 1746);
INSERT INTO player_team_game_play(player_id, team_id, game_id, play_id, seconds_start, seconds_end) VALUES(7448, 1655, 24998, 28188, 1746, 1746);
INSERT INTO player_team_game_play(player_id, team_id, game_id, play_id, seconds_start, seconds_end) VALUES(7049, 1655, 24998, 28188, 1746, 1746);
INSERT INTO player_team_game_play(player_id, team_id, game_id, play_id, seconds_start, seconds_end) VALUES(7450, 1655, 24998, 28188, 1746, 1746);
INSERT INTO player_team_game_play(player_id, team_id, game_id, play_id, seconds_start, seconds_end) VALUES(378, 1655, 24998, 28188, 1746, 1746);
UPDATE player_team_game_play SET seconds_end = 1746 WHERE player_id = 7406 AND game_id = 24998 AND play_id = 28188;
INSERT INTO player_team_game_play(player_id, team_id, game_id, play_id, seconds_start, seconds_end) VALUES(5150, 1649, 24998, 28188, 1746, 1746);
UPDATE player_team_game_play SET seconds_end = 1746 WHERE player_id = 7447 AND game_id = 24998 AND play_id = 28188;
INSERT INTO player_team_game_play(player_id, team_id, game_id, play_id, seconds_start, seconds_end) VALUES(6320, 1655, 24998, 28188, 1746, 1746);
INSERT INTO lba.sub_play (play_id, seconds_da_start, player_made_id, team_made_id, game_made_id, player_suffered_id, team_suffered_id, game_suffered_id, shot_id, turnover_id, foul_id, rebound_defensive_01, rebound_offensive_01, assist_01, blocks_01, time_out_01, x, y)VALUES(28188, 0, 1775, 1649, 24998, NULL, NULL, NULL, 6, NULL, NULL, '', '', '', '', '', NULL, NULL);
INSERT INTO lba.sub_play (play_id, seconds_da_start, player_made_id, team_made_id, game_made_id, player_suffered_id, team_suffered_id, game_suffered_id, shot_id, turnover_id, foul_id, rebound_defensive_01, rebound_offensive_01, assist_01, blocks_01, time_out_01, x, y)VALUES(28188, 0, 6320, 1655, 24998, NULL, NULL, NULL, NULL, NULL, NULL, '1', '', '', '', '', NULL, NULL);

INSERT INTO play(id, game_id, seconds_start, seconds_end, quarter, attack_home_01, score_home, score_guest)VALUES(28189, 24998, 1746, 1751, 3, '0', 78, 56);
INSERT INTO player_team_game_play(player_id, team_id, game_id, play_id, seconds_start, seconds_end) VALUES(4692, 1649, 24998, 28189, 1746, 1751);
INSERT INTO player_team_game_play(player_id, team_id, game_id, play_id, seconds_start, seconds_end) VALUES(2103, 1649, 24998, 28189, 1746, 1751);
INSERT INTO player_team_game_play(player_id, team_id, game_id, play_id, seconds_start, seconds_end) VALUES(7404, 1649, 24998, 28189, 1746, 1751);
INSERT INTO player_team_game_play(player_id, team_id, game_id, play_id, seconds_start, seconds_end) VALUES(7406, 1649, 24998, 28189, 1746, 1751);
INSERT INTO player_team_game_play(player_id, team_id, game_id, play_id, seconds_start, seconds_end) VALUES(1775, 1649, 24998, 28189, 1746, 1751);
INSERT INTO player_team_game_play(player_id, team_id, game_id, play_id, seconds_start, seconds_end) VALUES(7447, 1655, 24998, 28189, 1746, 1751);
INSERT INTO player_team_game_play(player_id, team_id, game_id, play_id, seconds_start, seconds_end) VALUES(7448, 1655, 24998, 28189, 1746, 1751);
INSERT INTO player_team_game_play(player_id, team_id, game_id, play_id, seconds_start, seconds_end) VALUES(7049, 1655, 24998, 28189, 1746, 1751);
INSERT INTO player_team_game_play(player_id, team_id, game_id, play_id, seconds_start, seconds_end) VALUES(7450, 1655, 24998, 28189, 1746, 1751);
INSERT INTO player_team_game_play(player_id, team_id, game_id, play_id, seconds_start, seconds_end) VALUES(378, 1655, 24998, 28189, 1746, 1751);
UPDATE player_team_game_play SET seconds_end = 1746 WHERE player_id = 7406 AND game_id = 24998 AND play_id = 28189;
INSERT INTO player_team_game_play(player_id, team_id, game_id, play_id, seconds_start, seconds_end) VALUES(5150, 1649, 24998, 28189, 1746, 1751);
UPDATE player_team_game_play SET seconds_end = 1746 WHERE player_id = 7447 AND game_id = 24998 AND play_id = 28189;
INSERT INTO player_team_game_play(player_id, team_id, game_id, play_id, seconds_start, seconds_end) VALUES(6320, 1655, 24998, 28189, 1746, 1751);
INSERT INTO lba.sub_play (play_id, seconds_da_start, player_made_id, team_made_id, game_made_id, player_suffered_id, team_suffered_id, game_suffered_id, shot_id, turnover_id, foul_id, rebound_defensive_01, rebound_offensive_01, assist_01, blocks_01, time_out_01, x, y)VALUES(28189, 5, 7450, 1655, 24998, NULL, NULL, NULL, 4, NULL, NULL, '', '', '', '', '', 70, 73);
INSERT INTO lba.sub_play (play_id, seconds_da_start, player_made_id, team_made_id, game_made_id, player_suffered_id, team_suffered_id, game_suffered_id, shot_id, turnover_id, foul_id, rebound_defensive_01, rebound_offensive_01, assist_01, blocks_01, time_out_01, x, y)VALUES(28189, 5, 5150, 1649, 24998, NULL, NULL, NULL, NULL, NULL, NULL, '1', '', '', '', '', 70, 73);

INSERT INTO play(id, game_id, seconds_start, seconds_end, quarter, attack_home_01, score_home, score_guest)VALUES(28190, 24998, 1751, 1798, 3, '0', 80, 58);
INSERT INTO player_team_game_play(player_id, team_id, game_id, play_id, seconds_start, seconds_end) VALUES(4692, 1649, 24998, 28190, 1751, 1798);
INSERT INTO player_team_game_play(player_id, team_id, game_id, play_id, seconds_start, seconds_end) VALUES(2103, 1649, 24998, 28190, 1751, 1798);
INSERT INTO player_team_game_play(player_id, team_id, game_id, play_id, seconds_start, seconds_end) VALUES(7404, 1649, 24998, 28190, 1751, 1798);
INSERT INTO player_team_game_play(player_id, team_id, game_id, play_id, seconds_start, seconds_end) VALUES(5150, 1649, 24998, 28190, 1751, 1798);
INSERT INTO player_team_game_play(player_id, team_id, game_id, play_id, seconds_start, seconds_end) VALUES(1775, 1649, 24998, 28190, 1751, 1798);
INSERT INTO player_team_game_play(player_id, team_id, game_id, play_id, seconds_start, seconds_end) VALUES(6320, 1655, 24998, 28190, 1751, 1798);
INSERT INTO player_team_game_play(player_id, team_id, game_id, play_id, seconds_start, seconds_end) VALUES(7448, 1655, 24998, 28190, 1751, 1798);
INSERT INTO player_team_game_play(player_id, team_id, game_id, play_id, seconds_start, seconds_end) VALUES(7049, 1655, 24998, 28190, 1751, 1798);
INSERT INTO player_team_game_play(player_id, team_id, game_id, play_id, seconds_start, seconds_end) VALUES(7450, 1655, 24998, 28190, 1751, 1798);
INSERT INTO player_team_game_play(player_id, team_id, game_id, play_id, seconds_start, seconds_end) VALUES(378, 1655, 24998, 28190, 1751, 1798);
UPDATE player_team_game_play SET seconds_end = 1798 WHERE player_id = 7448 AND game_id = 24998 AND play_id = 28190;
INSERT INTO player_team_game_play(player_id, team_id, game_id, play_id, seconds_start, seconds_end) VALUES(7452, 1655, 24998, 28190, 1798, 1798);
INSERT INTO lba.sub_play (play_id, seconds_da_start, player_made_id, team_made_id, game_made_id, player_suffered_id, team_suffered_id, game_suffered_id, shot_id, turnover_id, foul_id, rebound_defensive_01, rebound_offensive_01, assist_01, blocks_01, time_out_01, x, y)VALUES(28190, 27, 5150, 1649, 24998, NULL, NULL, NULL, 1, NULL, NULL, '', '', '', '', '', 10, 49);
INSERT INTO lba.sub_play (play_id, seconds_da_start, player_made_id, team_made_id, game_made_id, player_suffered_id, team_suffered_id, game_suffered_id, shot_id, turnover_id, foul_id, rebound_defensive_01, rebound_offensive_01, assist_01, blocks_01, time_out_01, x, y)VALUES(28190, 47, 2103, 1649, 24998, 7450, 1655, 24998, NULL, NULL, 1, '', '', '', '', '', 90, 35);
INSERT INTO lba.sub_play (play_id, seconds_da_start, player_made_id, team_made_id, game_made_id, player_suffered_id, team_suffered_id, game_suffered_id, shot_id, turnover_id, foul_id, rebound_defensive_01, rebound_offensive_01, assist_01, blocks_01, time_out_01, x, y)VALUES(28190, 47, 7450, 1655, 24998, NULL, NULL, NULL, 5, NULL, NULL, '', '', '', '', '', NULL, NULL);
INSERT INTO lba.sub_play (play_id, seconds_da_start, player_made_id, team_made_id, game_made_id, player_suffered_id, team_suffered_id, game_suffered_id, shot_id, turnover_id, foul_id, rebound_defensive_01, rebound_offensive_01, assist_01, blocks_01, time_out_01, x, y)VALUES(28190, 47, 7450, 1655, 24998, NULL, NULL, NULL, 5, NULL, NULL, '', '', '', '', '', NULL, NULL);

INSERT INTO play(id, game_id, seconds_start, seconds_end, quarter, attack_home_01, score_home, score_guest)VALUES(28191, 24998, 1798, 1799, 3, '1', 83, 58);
INSERT INTO player_team_game_play(player_id, team_id, game_id, play_id, seconds_start, seconds_end) VALUES(4692, 1649, 24998, 28191, 1798, 1799);
INSERT INTO player_team_game_play(player_id, team_id, game_id, play_id, seconds_start, seconds_end) VALUES(2103, 1649, 24998, 28191, 1798, 1799);
INSERT INTO player_team_game_play(player_id, team_id, game_id, play_id, seconds_start, seconds_end) VALUES(7404, 1649, 24998, 28191, 1798, 1799);
INSERT INTO player_team_game_play(player_id, team_id, game_id, play_id, seconds_start, seconds_end) VALUES(5150, 1649, 24998, 28191, 1798, 1799);
INSERT INTO player_team_game_play(player_id, team_id, game_id, play_id, seconds_start, seconds_end) VALUES(1775, 1649, 24998, 28191, 1798, 1799);
INSERT INTO player_team_game_play(player_id, team_id, game_id, play_id, seconds_start, seconds_end) VALUES(6320, 1655, 24998, 28191, 1798, 1799);
INSERT INTO player_team_game_play(player_id, team_id, game_id, play_id, seconds_start, seconds_end) VALUES(7448, 1655, 24998, 28191, 1798, 1799);
INSERT INTO player_team_game_play(player_id, team_id, game_id, play_id, seconds_start, seconds_end) VALUES(7049, 1655, 24998, 28191, 1798, 1799);
INSERT INTO player_team_game_play(player_id, team_id, game_id, play_id, seconds_start, seconds_end) VALUES(7450, 1655, 24998, 28191, 1798, 1799);
INSERT INTO player_team_game_play(player_id, team_id, game_id, play_id, seconds_start, seconds_end) VALUES(378, 1655, 24998, 28191, 1798, 1799);
UPDATE player_team_game_play SET seconds_end = 1798 WHERE player_id = 7448 AND game_id = 24998 AND play_id = 28191;
INSERT INTO player_team_game_play(player_id, team_id, game_id, play_id, seconds_start, seconds_end) VALUES(7452, 1655, 24998, 28191, 1798, 1799);
INSERT INTO lba.sub_play (play_id, seconds_da_start, player_made_id, team_made_id, game_made_id, player_suffered_id, team_suffered_id, game_suffered_id, shot_id, turnover_id, foul_id, rebound_defensive_01, rebound_offensive_01, assist_01, blocks_01, time_out_01, x, y)VALUES(28191, 1, 378, 1655, 24998, 1775, 1649, 24998, NULL, NULL, 4, '', '', '', '', '', 40, 86);
INSERT INTO lba.sub_play (play_id, seconds_da_start, player_made_id, team_made_id, game_made_id, player_suffered_id, team_suffered_id, game_suffered_id, shot_id, turnover_id, foul_id, rebound_defensive_01, rebound_offensive_01, assist_01, blocks_01, time_out_01, x, y)VALUES(28191, 1, 1775, 1649, 24998, NULL, NULL, NULL, 5, NULL, NULL, '', '', '', '', '', NULL, NULL);
INSERT INTO lba.sub_play (play_id, seconds_da_start, player_made_id, team_made_id, game_made_id, player_suffered_id, team_suffered_id, game_suffered_id, shot_id, turnover_id, foul_id, rebound_defensive_01, rebound_offensive_01, assist_01, blocks_01, time_out_01, x, y)VALUES(28191, 1, 1775, 1649, 24998, NULL, NULL, NULL, 5, NULL, NULL, '', '', '', '', '', NULL, NULL);
INSERT INTO lba.sub_play (play_id, seconds_da_start, player_made_id, team_made_id, game_made_id, player_suffered_id, team_suffered_id, game_suffered_id, shot_id, turnover_id, foul_id, rebound_defensive_01, rebound_offensive_01, assist_01, blocks_01, time_out_01, x, y)VALUES(28191, 1, 1775, 1649, 24998, NULL, NULL, NULL, 5, NULL, NULL, '', '', '', '', '', NULL, NULL);
INSERT INTO lba.sub_play (play_id, seconds_da_start, player_made_id, team_made_id, game_made_id, player_suffered_id, team_suffered_id, game_suffered_id, shot_id, turnover_id, foul_id, rebound_defensive_01, rebound_offensive_01, assist_01, blocks_01, time_out_01, x, y)VALUES(28191, 1, 7404, 1649, 24998, NULL, NULL, NULL, NULL, NULL, NULL, '', '', '1', '', '', NULL, NULL);

INSERT INTO play(id, game_id, seconds_start, seconds_end, quarter, attack_home_01, score_home, score_guest)VALUES(28192, 24998, 1799, 1813, 4, '1', 83, 58);
INSERT INTO player_team_game_play(player_id, team_id, game_id, play_id, seconds_start, seconds_end) VALUES(4692, 1649, 24998, 28192, 1799, 1813);
INSERT INTO player_team_game_play(player_id, team_id, game_id, play_id, seconds_start, seconds_end) VALUES(2103, 1649, 24998, 28192, 1799, 1813);
INSERT INTO player_team_game_play(player_id, team_id, game_id, play_id, seconds_start, seconds_end) VALUES(7404, 1649, 24998, 28192, 1799, 1813);
INSERT INTO player_team_game_play(player_id, team_id, game_id, play_id, seconds_start, seconds_end) VALUES(5150, 1649, 24998, 28192, 1799, 1813);
INSERT INTO player_team_game_play(player_id, team_id, game_id, play_id, seconds_start, seconds_end) VALUES(1775, 1649, 24998, 28192, 1799, 1813);
INSERT INTO player_team_game_play(player_id, team_id, game_id, play_id, seconds_start, seconds_end) VALUES(6320, 1655, 24998, 28192, 1799, 1813);
INSERT INTO player_team_game_play(player_id, team_id, game_id, play_id, seconds_start, seconds_end) VALUES(7049, 1655, 24998, 28192, 1799, 1813);
INSERT INTO player_team_game_play(player_id, team_id, game_id, play_id, seconds_start, seconds_end) VALUES(7450, 1655, 24998, 28192, 1799, 1813);
INSERT INTO player_team_game_play(player_id, team_id, game_id, play_id, seconds_start, seconds_end) VALUES(7452, 1655, 24998, 28192, 1799, 1813);
INSERT INTO player_team_game_play(player_id, team_id, game_id, play_id, seconds_start, seconds_end) VALUES(378, 1655, 24998, 28192, 1799, 1813);
UPDATE player_team_game_play SET seconds_end = 1800 WHERE player_id = 4692 AND game_id = 24998 AND play_id = 28192;
INSERT INTO player_team_game_play(player_id, team_id, game_id, play_id, seconds_start, seconds_end) VALUES(3176, 1649, 24998, 28192, 1800, 1813);
UPDATE player_team_game_play SET seconds_end = 1800 WHERE player_id = 378 AND game_id = 24998 AND play_id = 28192;
UPDATE player_team_game_play SET seconds_end = 1800 WHERE player_id = 7452 AND game_id = 24998 AND play_id = 28192;
INSERT INTO player_team_game_play(player_id, team_id, game_id, play_id, seconds_start, seconds_end) VALUES(7448, 1655, 24998, 28192, 1800, 1813);
INSERT INTO player_team_game_play(player_id, team_id, game_id, play_id, seconds_start, seconds_end) VALUES(7449, 1655, 24998, 28192, 1800, 1813);
INSERT INTO lba.sub_play (play_id, seconds_da_start, player_made_id, team_made_id, game_made_id, player_suffered_id, team_suffered_id, game_suffered_id, shot_id, turnover_id, foul_id, rebound_defensive_01, rebound_offensive_01, assist_01, blocks_01, time_out_01, x, y)VALUES(28192, 14, 1775, 1649, 24998, 6320, 1655, 24998, NULL, 1, NULL, '', '', '', '', '', 32, 50);

INSERT INTO play(id, game_id, seconds_start, seconds_end, quarter, attack_home_01, score_home, score_guest)VALUES(28193, 24998, 1813, 1817, 4, '0', 83, 60);
INSERT INTO player_team_game_play(player_id, team_id, game_id, play_id, seconds_start, seconds_end) VALUES(2103, 1649, 24998, 28193, 1813, 1817);
INSERT INTO player_team_game_play(player_id, team_id, game_id, play_id, seconds_start, seconds_end) VALUES(3176, 1649, 24998, 28193, 1813, 1817);
INSERT INTO player_team_game_play(player_id, team_id, game_id, play_id, seconds_start, seconds_end) VALUES(7404, 1649, 24998, 28193, 1813, 1817);
INSERT INTO player_team_game_play(player_id, team_id, game_id, play_id, seconds_start, seconds_end) VALUES(5150, 1649, 24998, 28193, 1813, 1817);
INSERT INTO player_team_game_play(player_id, team_id, game_id, play_id, seconds_start, seconds_end) VALUES(1775, 1649, 24998, 28193, 1813, 1817);
INSERT INTO player_team_game_play(player_id, team_id, game_id, play_id, seconds_start, seconds_end) VALUES(6320, 1655, 24998, 28193, 1813, 1817);
INSERT INTO player_team_game_play(player_id, team_id, game_id, play_id, seconds_start, seconds_end) VALUES(7449, 1655, 24998, 28193, 1813, 1817);
INSERT INTO player_team_game_play(player_id, team_id, game_id, play_id, seconds_start, seconds_end) VALUES(7448, 1655, 24998, 28193, 1813, 1817);
INSERT INTO player_team_game_play(player_id, team_id, game_id, play_id, seconds_start, seconds_end) VALUES(7049, 1655, 24998, 28193, 1813, 1817);
INSERT INTO player_team_game_play(player_id, team_id, game_id, play_id, seconds_start, seconds_end) VALUES(7450, 1655, 24998, 28193, 1813, 1817);
INSERT INTO lba.sub_play (play_id, seconds_da_start, player_made_id, team_made_id, game_made_id, player_suffered_id, team_suffered_id, game_suffered_id, shot_id, turnover_id, foul_id, rebound_defensive_01, rebound_offensive_01, assist_01, blocks_01, time_out_01, x, y)VALUES(28193, 4, 6320, 1655, 24998, NULL, NULL, NULL, 1, NULL, NULL, '', '', '', '', '', 93, 49);

INSERT INTO play(id, game_id, seconds_start, seconds_end, quarter, attack_home_01, score_home, score_guest)VALUES(28194, 24998, 1817, 1851, 4, '0', 86, 60);
INSERT INTO player_team_game_play(player_id, team_id, game_id, play_id, seconds_start, seconds_end) VALUES(2103, 1649, 24998, 28194, 1817, 1851);
INSERT INTO player_team_game_play(player_id, team_id, game_id, play_id, seconds_start, seconds_end) VALUES(3176, 1649, 24998, 28194, 1817, 1851);
INSERT INTO player_team_game_play(player_id, team_id, game_id, play_id, seconds_start, seconds_end) VALUES(7404, 1649, 24998, 28194, 1817, 1851);
INSERT INTO player_team_game_play(player_id, team_id, game_id, play_id, seconds_start, seconds_end) VALUES(5150, 1649, 24998, 28194, 1817, 1851);
INSERT INTO player_team_game_play(player_id, team_id, game_id, play_id, seconds_start, seconds_end) VALUES(1775, 1649, 24998, 28194, 1817, 1851);
INSERT INTO player_team_game_play(player_id, team_id, game_id, play_id, seconds_start, seconds_end) VALUES(6320, 1655, 24998, 28194, 1817, 1851);
INSERT INTO player_team_game_play(player_id, team_id, game_id, play_id, seconds_start, seconds_end) VALUES(7449, 1655, 24998, 28194, 1817, 1851);
INSERT INTO player_team_game_play(player_id, team_id, game_id, play_id, seconds_start, seconds_end) VALUES(7448, 1655, 24998, 28194, 1817, 1851);
INSERT INTO player_team_game_play(player_id, team_id, game_id, play_id, seconds_start, seconds_end) VALUES(7049, 1655, 24998, 28194, 1817, 1851);
INSERT INTO player_team_game_play(player_id, team_id, game_id, play_id, seconds_start, seconds_end) VALUES(7450, 1655, 24998, 28194, 1817, 1851);
UPDATE player_team_game_play SET seconds_end = 1841 WHERE player_id = 1775 AND game_id = 24998 AND play_id = 28194;
UPDATE player_team_game_play SET seconds_end = 1841 WHERE player_id = 2103 AND game_id = 24998 AND play_id = 28194;
INSERT INTO player_team_game_play(player_id, team_id, game_id, play_id, seconds_start, seconds_end) VALUES(6138, 1649, 24998, 28194, 1841, 1851);
INSERT INTO player_team_game_play(player_id, team_id, game_id, play_id, seconds_start, seconds_end) VALUES(7015, 1649, 24998, 28194, 1841, 1851);
INSERT INTO lba.sub_play (play_id, seconds_da_start, player_made_id, team_made_id, game_made_id, player_suffered_id, team_suffered_id, game_suffered_id, shot_id, turnover_id, foul_id, rebound_defensive_01, rebound_offensive_01, assist_01, blocks_01, time_out_01, x, y)VALUES(28194, 17, 5150, 1649, 24998, NULL, NULL, NULL, 3, NULL, NULL, '', '', '', '', '', 30, 26);
INSERT INTO lba.sub_play (play_id, seconds_da_start, player_made_id, team_made_id, game_made_id, player_suffered_id, team_suffered_id, game_suffered_id, shot_id, turnover_id, foul_id, rebound_defensive_01, rebound_offensive_01, assist_01, blocks_01, time_out_01, x, y)VALUES(28194, 24, 2103, 1649, 24998, 7049, 1655, 24998, NULL, NULL, 1, '', '', '', '', '', 71, 28);
INSERT INTO lba.sub_play (play_id, seconds_da_start, player_made_id, team_made_id, game_made_id, player_suffered_id, team_suffered_id, game_suffered_id, shot_id, turnover_id, foul_id, rebound_defensive_01, rebound_offensive_01, assist_01, blocks_01, time_out_01, x, y)VALUES(28194, 34, 7049, 1655, 24998, NULL, NULL, NULL, 4, NULL, NULL, '', '', '', '', '', 67, 47);
INSERT INTO lba.sub_play (play_id, seconds_da_start, player_made_id, team_made_id, game_made_id, player_suffered_id, team_suffered_id, game_suffered_id, shot_id, turnover_id, foul_id, rebound_defensive_01, rebound_offensive_01, assist_01, blocks_01, time_out_01, x, y)VALUES(28194, 34, 6138, 1649, 24998, NULL, NULL, NULL, NULL, NULL, NULL, '1', '', '', '', '', 67, 47);

INSERT INTO play(id, game_id, seconds_start, seconds_end, quarter, attack_home_01, score_home, score_guest)VALUES(28195, 24998, 1851, 1869, 4, '1', 86, 60);
INSERT INTO player_team_game_play(player_id, team_id, game_id, play_id, seconds_start, seconds_end) VALUES(7015, 1649, 24998, 28195, 1851, 1869);
INSERT INTO player_team_game_play(player_id, team_id, game_id, play_id, seconds_start, seconds_end) VALUES(3176, 1649, 24998, 28195, 1851, 1869);
INSERT INTO player_team_game_play(player_id, team_id, game_id, play_id, seconds_start, seconds_end) VALUES(6138, 1649, 24998, 28195, 1851, 1869);
INSERT INTO player_team_game_play(player_id, team_id, game_id, play_id, seconds_start, seconds_end) VALUES(7404, 1649, 24998, 28195, 1851, 1869);
INSERT INTO player_team_game_play(player_id, team_id, game_id, play_id, seconds_start, seconds_end) VALUES(5150, 1649, 24998, 28195, 1851, 1869);
INSERT INTO player_team_game_play(player_id, team_id, game_id, play_id, seconds_start, seconds_end) VALUES(6320, 1655, 24998, 28195, 1851, 1869);
INSERT INTO player_team_game_play(player_id, team_id, game_id, play_id, seconds_start, seconds_end) VALUES(7449, 1655, 24998, 28195, 1851, 1869);
INSERT INTO player_team_game_play(player_id, team_id, game_id, play_id, seconds_start, seconds_end) VALUES(7448, 1655, 24998, 28195, 1851, 1869);
INSERT INTO player_team_game_play(player_id, team_id, game_id, play_id, seconds_start, seconds_end) VALUES(7049, 1655, 24998, 28195, 1851, 1869);
INSERT INTO player_team_game_play(player_id, team_id, game_id, play_id, seconds_start, seconds_end) VALUES(7450, 1655, 24998, 28195, 1851, 1869);
INSERT INTO lba.sub_play (play_id, seconds_da_start, player_made_id, team_made_id, game_made_id, player_suffered_id, team_suffered_id, game_suffered_id, shot_id, turnover_id, foul_id, rebound_defensive_01, rebound_offensive_01, assist_01, blocks_01, time_out_01, x, y)VALUES(28195, 11, 5150, 1649, 24998, NULL, NULL, NULL, NULL, NULL, 2, '', '', '', '', '', 26, 53);
INSERT INTO lba.sub_play (play_id, seconds_da_start, player_made_id, team_made_id, game_made_id, player_suffered_id, team_suffered_id, game_suffered_id, shot_id, turnover_id, foul_id, rebound_defensive_01, rebound_offensive_01, assist_01, blocks_01, time_out_01, x, y)VALUES(28195, 11, 7449, 1655, 24998, NULL, NULL, NULL, NULL, NULL, 2, '', '', '', '', '', 25, 80);
INSERT INTO lba.sub_play (play_id, seconds_da_start, player_made_id, team_made_id, game_made_id, player_suffered_id, team_suffered_id, game_suffered_id, shot_id, turnover_id, foul_id, rebound_defensive_01, rebound_offensive_01, assist_01, blocks_01, time_out_01, x, y)VALUES(28195, 18, 5150, 1649, 24998, NULL, NULL, NULL, 4, NULL, NULL, '', '', '', '', '', 16, 94);
INSERT INTO lba.sub_play (play_id, seconds_da_start, player_made_id, team_made_id, game_made_id, player_suffered_id, team_suffered_id, game_suffered_id, shot_id, turnover_id, foul_id, rebound_defensive_01, rebound_offensive_01, assist_01, blocks_01, time_out_01, x, y)VALUES(28195, 18, 7049, 1655, 24998, NULL, NULL, NULL, NULL, NULL, NULL, '1', '', '', '', '', 16, 94);

INSERT INTO play(id, game_id, seconds_start, seconds_end, quarter, attack_home_01, score_home, score_guest)VALUES(28196, 24998, 1869, 1880, 4, '0', 86, 62);
INSERT INTO player_team_game_play(player_id, team_id, game_id, play_id, seconds_start, seconds_end) VALUES(7015, 1649, 24998, 28196, 1869, 1880);
INSERT INTO player_team_game_play(player_id, team_id, game_id, play_id, seconds_start, seconds_end) VALUES(3176, 1649, 24998, 28196, 1869, 1880);
INSERT INTO player_team_game_play(player_id, team_id, game_id, play_id, seconds_start, seconds_end) VALUES(6138, 1649, 24998, 28196, 1869, 1880);
INSERT INTO player_team_game_play(player_id, team_id, game_id, play_id, seconds_start, seconds_end) VALUES(7404, 1649, 24998, 28196, 1869, 1880);
INSERT INTO player_team_game_play(player_id, team_id, game_id, play_id, seconds_start, seconds_end) VALUES(5150, 1649, 24998, 28196, 1869, 1880);
INSERT INTO player_team_game_play(player_id, team_id, game_id, play_id, seconds_start, seconds_end) VALUES(6320, 1655, 24998, 28196, 1869, 1880);
INSERT INTO player_team_game_play(player_id, team_id, game_id, play_id, seconds_start, seconds_end) VALUES(7449, 1655, 24998, 28196, 1869, 1880);
INSERT INTO player_team_game_play(player_id, team_id, game_id, play_id, seconds_start, seconds_end) VALUES(7448, 1655, 24998, 28196, 1869, 1880);
INSERT INTO player_team_game_play(player_id, team_id, game_id, play_id, seconds_start, seconds_end) VALUES(7049, 1655, 24998, 28196, 1869, 1880);
INSERT INTO player_team_game_play(player_id, team_id, game_id, play_id, seconds_start, seconds_end) VALUES(7450, 1655, 24998, 28196, 1869, 1880);
INSERT INTO lba.sub_play (play_id, seconds_da_start, player_made_id, team_made_id, game_made_id, player_suffered_id, team_suffered_id, game_suffered_id, shot_id, turnover_id, foul_id, rebound_defensive_01, rebound_offensive_01, assist_01, blocks_01, time_out_01, x, y)VALUES(28196, 11, 7450, 1655, 24998, NULL, NULL, NULL, 1, NULL, NULL, '', '', '', '', '', 83, 60);

INSERT INTO play(id, game_id, seconds_start, seconds_end, quarter, attack_home_01, score_home, score_guest)VALUES(28197, 24998, 1880, 1895, 4, '1', 89, 62);
INSERT INTO player_team_game_play(player_id, team_id, game_id, play_id, seconds_start, seconds_end) VALUES(7015, 1649, 24998, 28197, 1880, 1895);
INSERT INTO player_team_game_play(player_id, team_id, game_id, play_id, seconds_start, seconds_end) VALUES(3176, 1649, 24998, 28197, 1880, 1895);
INSERT INTO player_team_game_play(player_id, team_id, game_id, play_id, seconds_start, seconds_end) VALUES(6138, 1649, 24998, 28197, 1880, 1895);
INSERT INTO player_team_game_play(player_id, team_id, game_id, play_id, seconds_start, seconds_end) VALUES(7404, 1649, 24998, 28197, 1880, 1895);
INSERT INTO player_team_game_play(player_id, team_id, game_id, play_id, seconds_start, seconds_end) VALUES(5150, 1649, 24998, 28197, 1880, 1895);
INSERT INTO player_team_game_play(player_id, team_id, game_id, play_id, seconds_start, seconds_end) VALUES(6320, 1655, 24998, 28197, 1880, 1895);
INSERT INTO player_team_game_play(player_id, team_id, game_id, play_id, seconds_start, seconds_end) VALUES(7449, 1655, 24998, 28197, 1880, 1895);
INSERT INTO player_team_game_play(player_id, team_id, game_id, play_id, seconds_start, seconds_end) VALUES(7448, 1655, 24998, 28197, 1880, 1895);
INSERT INTO player_team_game_play(player_id, team_id, game_id, play_id, seconds_start, seconds_end) VALUES(7049, 1655, 24998, 28197, 1880, 1895);
INSERT INTO player_team_game_play(player_id, team_id, game_id, play_id, seconds_start, seconds_end) VALUES(7450, 1655, 24998, 28197, 1880, 1895);
INSERT INTO lba.sub_play (play_id, seconds_da_start, player_made_id, team_made_id, game_made_id, player_suffered_id, team_suffered_id, game_suffered_id, shot_id, turnover_id, foul_id, rebound_defensive_01, rebound_offensive_01, assist_01, blocks_01, time_out_01, x, y)VALUES(28197, 15, 7404, 1649, 24998, NULL, NULL, NULL, 3, NULL, NULL, '', '', '', '', '', 7, 5);
INSERT INTO lba.sub_play (play_id, seconds_da_start, player_made_id, team_made_id, game_made_id, player_suffered_id, team_suffered_id, game_suffered_id, shot_id, turnover_id, foul_id, rebound_defensive_01, rebound_offensive_01, assist_01, blocks_01, time_out_01, x, y)VALUES(28197, 15, 5150, 1649, 24998, NULL, NULL, NULL, NULL, NULL, NULL, '', '', '1', '', '', 7, 5);

INSERT INTO play(id, game_id, seconds_start, seconds_end, quarter, attack_home_01, score_home, score_guest)VALUES(28198, 24998, 1895, 1908, 4, '0', 89, 65);
INSERT INTO player_team_game_play(player_id, team_id, game_id, play_id, seconds_start, seconds_end) VALUES(7015, 1649, 24998, 28198, 1895, 1908);
INSERT INTO player_team_game_play(player_id, team_id, game_id, play_id, seconds_start, seconds_end) VALUES(3176, 1649, 24998, 28198, 1895, 1908);
INSERT INTO player_team_game_play(player_id, team_id, game_id, play_id, seconds_start, seconds_end) VALUES(6138, 1649, 24998, 28198, 1895, 1908);
INSERT INTO player_team_game_play(player_id, team_id, game_id, play_id, seconds_start, seconds_end) VALUES(7404, 1649, 24998, 28198, 1895, 1908);
INSERT INTO player_team_game_play(player_id, team_id, game_id, play_id, seconds_start, seconds_end) VALUES(5150, 1649, 24998, 28198, 1895, 1908);
INSERT INTO player_team_game_play(player_id, team_id, game_id, play_id, seconds_start, seconds_end) VALUES(6320, 1655, 24998, 28198, 1895, 1908);
INSERT INTO player_team_game_play(player_id, team_id, game_id, play_id, seconds_start, seconds_end) VALUES(7449, 1655, 24998, 28198, 1895, 1908);
INSERT INTO player_team_game_play(player_id, team_id, game_id, play_id, seconds_start, seconds_end) VALUES(7448, 1655, 24998, 28198, 1895, 1908);
INSERT INTO player_team_game_play(player_id, team_id, game_id, play_id, seconds_start, seconds_end) VALUES(7049, 1655, 24998, 28198, 1895, 1908);
INSERT INTO player_team_game_play(player_id, team_id, game_id, play_id, seconds_start, seconds_end) VALUES(7450, 1655, 24998, 28198, 1895, 1908);
INSERT INTO lba.sub_play (play_id, seconds_da_start, player_made_id, team_made_id, game_made_id, player_suffered_id, team_suffered_id, game_suffered_id, shot_id, turnover_id, foul_id, rebound_defensive_01, rebound_offensive_01, assist_01, blocks_01, time_out_01, x, y)VALUES(28198, 13, 7049, 1655, 24998, NULL, NULL, NULL, 1, NULL, NULL, '', '', '', '', '', 94, 56);
INSERT INTO lba.sub_play (play_id, seconds_da_start, player_made_id, team_made_id, game_made_id, player_suffered_id, team_suffered_id, game_suffered_id, shot_id, turnover_id, foul_id, rebound_defensive_01, rebound_offensive_01, assist_01, blocks_01, time_out_01, x, y)VALUES(28198, 13, 6138, 1649, 24998, 7049, 1655, 24998, NULL, NULL, 4, '', '', '', '', '', 94, 56);
INSERT INTO lba.sub_play (play_id, seconds_da_start, player_made_id, team_made_id, game_made_id, player_suffered_id, team_suffered_id, game_suffered_id, shot_id, turnover_id, foul_id, rebound_defensive_01, rebound_offensive_01, assist_01, blocks_01, time_out_01, x, y)VALUES(28198, 13, 7049, 1655, 24998, NULL, NULL, NULL, 5, NULL, NULL, '', '', '', '', '', NULL, NULL);

INSERT INTO play(id, game_id, seconds_start, seconds_end, quarter, attack_home_01, score_home, score_guest)VALUES(28199, 24998, 1908, 1922, 4, '1', 92, 65);
INSERT INTO player_team_game_play(player_id, team_id, game_id, play_id, seconds_start, seconds_end) VALUES(7015, 1649, 24998, 28199, 1908, 1922);
INSERT INTO player_team_game_play(player_id, team_id, game_id, play_id, seconds_start, seconds_end) VALUES(3176, 1649, 24998, 28199, 1908, 1922);
INSERT INTO player_team_game_play(player_id, team_id, game_id, play_id, seconds_start, seconds_end) VALUES(6138, 1649, 24998, 28199, 1908, 1922);
INSERT INTO player_team_game_play(player_id, team_id, game_id, play_id, seconds_start, seconds_end) VALUES(7404, 1649, 24998, 28199, 1908, 1922);
INSERT INTO player_team_game_play(player_id, team_id, game_id, play_id, seconds_start, seconds_end) VALUES(5150, 1649, 24998, 28199, 1908, 1922);
INSERT INTO player_team_game_play(player_id, team_id, game_id, play_id, seconds_start, seconds_end) VALUES(6320, 1655, 24998, 28199, 1908, 1922);
INSERT INTO player_team_game_play(player_id, team_id, game_id, play_id, seconds_start, seconds_end) VALUES(7449, 1655, 24998, 28199, 1908, 1922);
INSERT INTO player_team_game_play(player_id, team_id, game_id, play_id, seconds_start, seconds_end) VALUES(7448, 1655, 24998, 28199, 1908, 1922);
INSERT INTO player_team_game_play(player_id, team_id, game_id, play_id, seconds_start, seconds_end) VALUES(7049, 1655, 24998, 28199, 1908, 1922);
INSERT INTO player_team_game_play(player_id, team_id, game_id, play_id, seconds_start, seconds_end) VALUES(7450, 1655, 24998, 28199, 1908, 1922);
INSERT INTO lba.sub_play (play_id, seconds_da_start, player_made_id, team_made_id, game_made_id, player_suffered_id, team_suffered_id, game_suffered_id, shot_id, turnover_id, foul_id, rebound_defensive_01, rebound_offensive_01, assist_01, blocks_01, time_out_01, x, y)VALUES(28199, 14, 3176, 1649, 24998, NULL, NULL, NULL, 3, NULL, NULL, '', '', '', '', '', 16, 95);
INSERT INTO lba.sub_play (play_id, seconds_da_start, player_made_id, team_made_id, game_made_id, player_suffered_id, team_suffered_id, game_suffered_id, shot_id, turnover_id, foul_id, rebound_defensive_01, rebound_offensive_01, assist_01, blocks_01, time_out_01, x, y)VALUES(28199, 14, 7404, 1649, 24998, NULL, NULL, NULL, NULL, NULL, NULL, '', '', '1', '', '', 16, 95);

INSERT INTO play(id, game_id, seconds_start, seconds_end, quarter, attack_home_01, score_home, score_guest)VALUES(28200, 24998, 1922, 1934, 4, '0', 92, 67);
INSERT INTO player_team_game_play(player_id, team_id, game_id, play_id, seconds_start, seconds_end) VALUES(7015, 1649, 24998, 28200, 1922, 1934);
INSERT INTO player_team_game_play(player_id, team_id, game_id, play_id, seconds_start, seconds_end) VALUES(3176, 1649, 24998, 28200, 1922, 1934);
INSERT INTO player_team_game_play(player_id, team_id, game_id, play_id, seconds_start, seconds_end) VALUES(6138, 1649, 24998, 28200, 1922, 1934);
INSERT INTO player_team_game_play(player_id, team_id, game_id, play_id, seconds_start, seconds_end) VALUES(7404, 1649, 24998, 28200, 1922, 1934);
INSERT INTO player_team_game_play(player_id, team_id, game_id, play_id, seconds_start, seconds_end) VALUES(5150, 1649, 24998, 28200, 1922, 1934);
INSERT INTO player_team_game_play(player_id, team_id, game_id, play_id, seconds_start, seconds_end) VALUES(6320, 1655, 24998, 28200, 1922, 1934);
INSERT INTO player_team_game_play(player_id, team_id, game_id, play_id, seconds_start, seconds_end) VALUES(7449, 1655, 24998, 28200, 1922, 1934);
INSERT INTO player_team_game_play(player_id, team_id, game_id, play_id, seconds_start, seconds_end) VALUES(7448, 1655, 24998, 28200, 1922, 1934);
INSERT INTO player_team_game_play(player_id, team_id, game_id, play_id, seconds_start, seconds_end) VALUES(7049, 1655, 24998, 28200, 1922, 1934);
INSERT INTO player_team_game_play(player_id, team_id, game_id, play_id, seconds_start, seconds_end) VALUES(7450, 1655, 24998, 28200, 1922, 1934);
INSERT INTO lba.sub_play (play_id, seconds_da_start, player_made_id, team_made_id, game_made_id, player_suffered_id, team_suffered_id, game_suffered_id, shot_id, turnover_id, foul_id, rebound_defensive_01, rebound_offensive_01, assist_01, blocks_01, time_out_01, x, y)VALUES(28200, 10, 6138, 1649, 24998, 7450, 1655, 24998, NULL, NULL, 1, '', '', '', '', '', 88, 76);
INSERT INTO lba.sub_play (play_id, seconds_da_start, player_made_id, team_made_id, game_made_id, player_suffered_id, team_suffered_id, game_suffered_id, shot_id, turnover_id, foul_id, rebound_defensive_01, rebound_offensive_01, assist_01, blocks_01, time_out_01, x, y)VALUES(28200, 12, 7015, 1649, 24998, 7450, 1655, 24998, NULL, NULL, 1, '', '', '', '', '', 92, 73);
INSERT INTO lba.sub_play (play_id, seconds_da_start, player_made_id, team_made_id, game_made_id, player_suffered_id, team_suffered_id, game_suffered_id, shot_id, turnover_id, foul_id, rebound_defensive_01, rebound_offensive_01, assist_01, blocks_01, time_out_01, x, y)VALUES(28200, 12, 7450, 1655, 24998, NULL, NULL, NULL, 5, NULL, NULL, '', '', '', '', '', NULL, NULL);
INSERT INTO lba.sub_play (play_id, seconds_da_start, player_made_id, team_made_id, game_made_id, player_suffered_id, team_suffered_id, game_suffered_id, shot_id, turnover_id, foul_id, rebound_defensive_01, rebound_offensive_01, assist_01, blocks_01, time_out_01, x, y)VALUES(28200, 12, 7450, 1655, 24998, NULL, NULL, NULL, 5, NULL, NULL, '', '', '', '', '', NULL, NULL);

INSERT INTO play(id, game_id, seconds_start, seconds_end, quarter, attack_home_01, score_home, score_guest)VALUES(28201, 24998, 1934, 1935, 4, '1', 92, 67);
INSERT INTO player_team_game_play(player_id, team_id, game_id, play_id, seconds_start, seconds_end) VALUES(7015, 1649, 24998, 28201, 1934, 1935);
INSERT INTO player_team_game_play(player_id, team_id, game_id, play_id, seconds_start, seconds_end) VALUES(3176, 1649, 24998, 28201, 1934, 1935);
INSERT INTO player_team_game_play(player_id, team_id, game_id, play_id, seconds_start, seconds_end) VALUES(6138, 1649, 24998, 28201, 1934, 1935);
INSERT INTO player_team_game_play(player_id, team_id, game_id, play_id, seconds_start, seconds_end) VALUES(7404, 1649, 24998, 28201, 1934, 1935);
INSERT INTO player_team_game_play(player_id, team_id, game_id, play_id, seconds_start, seconds_end) VALUES(5150, 1649, 24998, 28201, 1934, 1935);
INSERT INTO player_team_game_play(player_id, team_id, game_id, play_id, seconds_start, seconds_end) VALUES(6320, 1655, 24998, 28201, 1934, 1935);
INSERT INTO player_team_game_play(player_id, team_id, game_id, play_id, seconds_start, seconds_end) VALUES(7449, 1655, 24998, 28201, 1934, 1935);
INSERT INTO player_team_game_play(player_id, team_id, game_id, play_id, seconds_start, seconds_end) VALUES(7448, 1655, 24998, 28201, 1934, 1935);
INSERT INTO player_team_game_play(player_id, team_id, game_id, play_id, seconds_start, seconds_end) VALUES(7049, 1655, 24998, 28201, 1934, 1935);
INSERT INTO player_team_game_play(player_id, team_id, game_id, play_id, seconds_start, seconds_end) VALUES(7450, 1655, 24998, 28201, 1934, 1935);
INSERT INTO lba.sub_play (play_id, seconds_da_start, player_made_id, team_made_id, game_made_id, player_suffered_id, team_suffered_id, game_suffered_id, shot_id, turnover_id, foul_id, rebound_defensive_01, rebound_offensive_01, assist_01, blocks_01, time_out_01, x, y)VALUES(28201, 1, 7404, 1649, 24998, NULL, NULL, NULL, NULL, 1, NULL, '', '', '', '', '', 88, 67);

INSERT INTO play(id, game_id, seconds_start, seconds_end, quarter, attack_home_01, score_home, score_guest)VALUES(28202, 24998, 1935, 1948, 4, '0', 92, 69);
INSERT INTO player_team_game_play(player_id, team_id, game_id, play_id, seconds_start, seconds_end) VALUES(7015, 1649, 24998, 28202, 1935, 1948);
INSERT INTO player_team_game_play(player_id, team_id, game_id, play_id, seconds_start, seconds_end) VALUES(3176, 1649, 24998, 28202, 1935, 1948);
INSERT INTO player_team_game_play(player_id, team_id, game_id, play_id, seconds_start, seconds_end) VALUES(6138, 1649, 24998, 28202, 1935, 1948);
INSERT INTO player_team_game_play(player_id, team_id, game_id, play_id, seconds_start, seconds_end) VALUES(7404, 1649, 24998, 28202, 1935, 1948);
INSERT INTO player_team_game_play(player_id, team_id, game_id, play_id, seconds_start, seconds_end) VALUES(5150, 1649, 24998, 28202, 1935, 1948);
INSERT INTO player_team_game_play(player_id, team_id, game_id, play_id, seconds_start, seconds_end) VALUES(6320, 1655, 24998, 28202, 1935, 1948);
INSERT INTO player_team_game_play(player_id, team_id, game_id, play_id, seconds_start, seconds_end) VALUES(7449, 1655, 24998, 28202, 1935, 1948);
INSERT INTO player_team_game_play(player_id, team_id, game_id, play_id, seconds_start, seconds_end) VALUES(7448, 1655, 24998, 28202, 1935, 1948);
INSERT INTO player_team_game_play(player_id, team_id, game_id, play_id, seconds_start, seconds_end) VALUES(7049, 1655, 24998, 28202, 1935, 1948);
INSERT INTO player_team_game_play(player_id, team_id, game_id, play_id, seconds_start, seconds_end) VALUES(7450, 1655, 24998, 28202, 1935, 1948);
INSERT INTO lba.sub_play (play_id, seconds_da_start, player_made_id, team_made_id, game_made_id, player_suffered_id, team_suffered_id, game_suffered_id, shot_id, turnover_id, foul_id, rebound_defensive_01, rebound_offensive_01, assist_01, blocks_01, time_out_01, x, y)VALUES(28202, 13, 7449, 1655, 24998, NULL, NULL, NULL, 1, NULL, NULL, '', '', '', '', '', 95, 47);
INSERT INTO lba.sub_play (play_id, seconds_da_start, player_made_id, team_made_id, game_made_id, player_suffered_id, team_suffered_id, game_suffered_id, shot_id, turnover_id, foul_id, rebound_defensive_01, rebound_offensive_01, assist_01, blocks_01, time_out_01, x, y)VALUES(28202, 13, 7450, 1655, 24998, NULL, NULL, NULL, NULL, NULL, NULL, '', '', '1', '', '', 95, 47);

INSERT INTO play(id, game_id, seconds_start, seconds_end, quarter, attack_home_01, score_home, score_guest)VALUES(28203, 24998, 1948, 1965, 4, '1', 92, 69);
INSERT INTO player_team_game_play(player_id, team_id, game_id, play_id, seconds_start, seconds_end) VALUES(7015, 1649, 24998, 28203, 1948, 1965);
INSERT INTO player_team_game_play(player_id, team_id, game_id, play_id, seconds_start, seconds_end) VALUES(3176, 1649, 24998, 28203, 1948, 1965);
INSERT INTO player_team_game_play(player_id, team_id, game_id, play_id, seconds_start, seconds_end) VALUES(6138, 1649, 24998, 28203, 1948, 1965);
INSERT INTO player_team_game_play(player_id, team_id, game_id, play_id, seconds_start, seconds_end) VALUES(7404, 1649, 24998, 28203, 1948, 1965);
INSERT INTO player_team_game_play(player_id, team_id, game_id, play_id, seconds_start, seconds_end) VALUES(5150, 1649, 24998, 28203, 1948, 1965);
INSERT INTO player_team_game_play(player_id, team_id, game_id, play_id, seconds_start, seconds_end) VALUES(6320, 1655, 24998, 28203, 1948, 1965);
INSERT INTO player_team_game_play(player_id, team_id, game_id, play_id, seconds_start, seconds_end) VALUES(7449, 1655, 24998, 28203, 1948, 1965);
INSERT INTO player_team_game_play(player_id, team_id, game_id, play_id, seconds_start, seconds_end) VALUES(7448, 1655, 24998, 28203, 1948, 1965);
INSERT INTO player_team_game_play(player_id, team_id, game_id, play_id, seconds_start, seconds_end) VALUES(7049, 1655, 24998, 28203, 1948, 1965);
INSERT INTO player_team_game_play(player_id, team_id, game_id, play_id, seconds_start, seconds_end) VALUES(7450, 1655, 24998, 28203, 1948, 1965);
UPDATE player_team_game_play SET seconds_end = 1965 WHERE player_id = 7404 AND game_id = 24998 AND play_id = 28203;
UPDATE player_team_game_play SET seconds_end = 1965 WHERE player_id = 7015 AND game_id = 24998 AND play_id = 28203;
INSERT INTO player_team_game_play(player_id, team_id, game_id, play_id, seconds_start, seconds_end) VALUES(4692, 1649, 24998, 28203, 1965, 1965);
INSERT INTO player_team_game_play(player_id, team_id, game_id, play_id, seconds_start, seconds_end) VALUES(7406, 1649, 24998, 28203, 1965, 1965);
INSERT INTO lba.sub_play (play_id, seconds_da_start, player_made_id, team_made_id, game_made_id, player_suffered_id, team_suffered_id, game_suffered_id, shot_id, turnover_id, foul_id, rebound_defensive_01, rebound_offensive_01, assist_01, blocks_01, time_out_01, x, y)VALUES(28203, 17, 7015, 1649, 24998, NULL, NULL, NULL, NULL, 2, NULL, '', '', '', '', '', 12, 45);

INSERT INTO play(id, game_id, seconds_start, seconds_end, quarter, attack_home_01, score_home, score_guest)VALUES(28204, 24998, 1965, 1965, 4, '0', 92, 70);
INSERT INTO player_team_game_play(player_id, team_id, game_id, play_id, seconds_start, seconds_end) VALUES(7015, 1649, 24998, 28204, 1965, 1965);
INSERT INTO player_team_game_play(player_id, team_id, game_id, play_id, seconds_start, seconds_end) VALUES(3176, 1649, 24998, 28204, 1965, 1965);
INSERT INTO player_team_game_play(player_id, team_id, game_id, play_id, seconds_start, seconds_end) VALUES(6138, 1649, 24998, 28204, 1965, 1965);
INSERT INTO player_team_game_play(player_id, team_id, game_id, play_id, seconds_start, seconds_end) VALUES(7404, 1649, 24998, 28204, 1965, 1965);
INSERT INTO player_team_game_play(player_id, team_id, game_id, play_id, seconds_start, seconds_end) VALUES(5150, 1649, 24998, 28204, 1965, 1965);
INSERT INTO player_team_game_play(player_id, team_id, game_id, play_id, seconds_start, seconds_end) VALUES(6320, 1655, 24998, 28204, 1965, 1965);
INSERT INTO player_team_game_play(player_id, team_id, game_id, play_id, seconds_start, seconds_end) VALUES(7449, 1655, 24998, 28204, 1965, 1965);
INSERT INTO player_team_game_play(player_id, team_id, game_id, play_id, seconds_start, seconds_end) VALUES(7448, 1655, 24998, 28204, 1965, 1965);
INSERT INTO player_team_game_play(player_id, team_id, game_id, play_id, seconds_start, seconds_end) VALUES(7049, 1655, 24998, 28204, 1965, 1965);
INSERT INTO player_team_game_play(player_id, team_id, game_id, play_id, seconds_start, seconds_end) VALUES(7450, 1655, 24998, 28204, 1965, 1965);
UPDATE player_team_game_play SET seconds_end = 1965 WHERE player_id = 7404 AND game_id = 24998 AND play_id = 28204;
UPDATE player_team_game_play SET seconds_end = 1965 WHERE player_id = 7015 AND game_id = 24998 AND play_id = 28204;
INSERT INTO player_team_game_play(player_id, team_id, game_id, play_id, seconds_start, seconds_end) VALUES(4692, 1649, 24998, 28204, 1965, 1965);
INSERT INTO player_team_game_play(player_id, team_id, game_id, play_id, seconds_start, seconds_end) VALUES(7406, 1649, 24998, 28204, 1965, 1965);
INSERT INTO lba.sub_play (play_id, seconds_da_start, player_made_id, team_made_id, game_made_id, player_suffered_id, team_suffered_id, game_suffered_id, shot_id, turnover_id, foul_id, rebound_defensive_01, rebound_offensive_01, assist_01, blocks_01, time_out_01, x, y)VALUES(28204, 0, 7015, 1649, 24998, NULL, NULL, NULL, NULL, NULL, 2, '', '', '', '', '', 6, 56);
INSERT INTO lba.sub_play (play_id, seconds_da_start, player_made_id, team_made_id, game_made_id, player_suffered_id, team_suffered_id, game_suffered_id, shot_id, turnover_id, foul_id, rebound_defensive_01, rebound_offensive_01, assist_01, blocks_01, time_out_01, x, y)VALUES(28204, 0, 7450, 1655, 24998, NULL, NULL, NULL, 5, NULL, NULL, '', '', '', '', '', NULL, NULL);

INSERT INTO play(id, game_id, seconds_start, seconds_end, quarter, attack_home_01, score_home, score_guest)VALUES(28205, 24998, 1965, 1980, 4, '0', 92, 70);
INSERT INTO player_team_game_play(player_id, team_id, game_id, play_id, seconds_start, seconds_end) VALUES(7015, 1649, 24998, 28205, 1965, 1980);
INSERT INTO player_team_game_play(player_id, team_id, game_id, play_id, seconds_start, seconds_end) VALUES(3176, 1649, 24998, 28205, 1965, 1980);
INSERT INTO player_team_game_play(player_id, team_id, game_id, play_id, seconds_start, seconds_end) VALUES(6138, 1649, 24998, 28205, 1965, 1980);
INSERT INTO player_team_game_play(player_id, team_id, game_id, play_id, seconds_start, seconds_end) VALUES(7404, 1649, 24998, 28205, 1965, 1980);
INSERT INTO player_team_game_play(player_id, team_id, game_id, play_id, seconds_start, seconds_end) VALUES(5150, 1649, 24998, 28205, 1965, 1980);
INSERT INTO player_team_game_play(player_id, team_id, game_id, play_id, seconds_start, seconds_end) VALUES(6320, 1655, 24998, 28205, 1965, 1980);
INSERT INTO player_team_game_play(player_id, team_id, game_id, play_id, seconds_start, seconds_end) VALUES(7449, 1655, 24998, 28205, 1965, 1980);
INSERT INTO player_team_game_play(player_id, team_id, game_id, play_id, seconds_start, seconds_end) VALUES(7448, 1655, 24998, 28205, 1965, 1980);
INSERT INTO player_team_game_play(player_id, team_id, game_id, play_id, seconds_start, seconds_end) VALUES(7049, 1655, 24998, 28205, 1965, 1980);
INSERT INTO player_team_game_play(player_id, team_id, game_id, play_id, seconds_start, seconds_end) VALUES(7450, 1655, 24998, 28205, 1965, 1980);
UPDATE player_team_game_play SET seconds_end = 1965 WHERE player_id = 7404 AND game_id = 24998 AND play_id = 28205;
UPDATE player_team_game_play SET seconds_end = 1965 WHERE player_id = 7015 AND game_id = 24998 AND play_id = 28205;
INSERT INTO player_team_game_play(player_id, team_id, game_id, play_id, seconds_start, seconds_end) VALUES(4692, 1649, 24998, 28205, 1965, 1980);
INSERT INTO player_team_game_play(player_id, team_id, game_id, play_id, seconds_start, seconds_end) VALUES(7406, 1649, 24998, 28205, 1965, 1980);
INSERT INTO lba.sub_play (play_id, seconds_da_start, player_made_id, team_made_id, game_made_id, player_suffered_id, team_suffered_id, game_suffered_id, shot_id, turnover_id, foul_id, rebound_defensive_01, rebound_offensive_01, assist_01, blocks_01, time_out_01, x, y)VALUES(28205, 15, 7450, 1655, 24998, 5150, 1649, 24998, NULL, 2, NULL, '', '', '', '', '', 74, 33);

INSERT INTO play(id, game_id, seconds_start, seconds_end, quarter, attack_home_01, score_home, score_guest)VALUES(28206, 24998, 1980, 1994, 4, '1', 92, 70);
INSERT INTO player_team_game_play(player_id, team_id, game_id, play_id, seconds_start, seconds_end) VALUES(4692, 1649, 24998, 28206, 1980, 1994);
INSERT INTO player_team_game_play(player_id, team_id, game_id, play_id, seconds_start, seconds_end) VALUES(5150, 1649, 24998, 28206, 1980, 1994);
INSERT INTO player_team_game_play(player_id, team_id, game_id, play_id, seconds_start, seconds_end) VALUES(3176, 1649, 24998, 28206, 1980, 1994);
INSERT INTO player_team_game_play(player_id, team_id, game_id, play_id, seconds_start, seconds_end) VALUES(6138, 1649, 24998, 28206, 1980, 1994);
INSERT INTO player_team_game_play(player_id, team_id, game_id, play_id, seconds_start, seconds_end) VALUES(7406, 1649, 24998, 28206, 1980, 1994);
INSERT INTO player_team_game_play(player_id, team_id, game_id, play_id, seconds_start, seconds_end) VALUES(6320, 1655, 24998, 28206, 1980, 1994);
INSERT INTO player_team_game_play(player_id, team_id, game_id, play_id, seconds_start, seconds_end) VALUES(7449, 1655, 24998, 28206, 1980, 1994);
INSERT INTO player_team_game_play(player_id, team_id, game_id, play_id, seconds_start, seconds_end) VALUES(7448, 1655, 24998, 28206, 1980, 1994);
INSERT INTO player_team_game_play(player_id, team_id, game_id, play_id, seconds_start, seconds_end) VALUES(7049, 1655, 24998, 28206, 1980, 1994);
INSERT INTO player_team_game_play(player_id, team_id, game_id, play_id, seconds_start, seconds_end) VALUES(7450, 1655, 24998, 28206, 1980, 1994);
UPDATE player_team_game_play SET seconds_end = 1989 WHERE player_id = 7450 AND game_id = 24998 AND play_id = 28206;
INSERT INTO player_team_game_play(player_id, team_id, game_id, play_id, seconds_start, seconds_end) VALUES(7447, 1655, 24998, 28206, 1989, 1994);
INSERT INTO lba.sub_play (play_id, seconds_da_start, player_made_id, team_made_id, game_made_id, player_suffered_id, team_suffered_id, game_suffered_id, shot_id, turnover_id, foul_id, rebound_defensive_01, rebound_offensive_01, assist_01, blocks_01, time_out_01, x, y)VALUES(28206, 1, 7449, 1655, 24998, 3176, 1649, 24998, NULL, NULL, 1, '', '', '', '', '', 85, 28);
INSERT INTO lba.sub_play (play_id, seconds_da_start, player_made_id, team_made_id, game_made_id, player_suffered_id, team_suffered_id, game_suffered_id, shot_id, turnover_id, foul_id, rebound_defensive_01, rebound_offensive_01, assist_01, blocks_01, time_out_01, x, y)VALUES(28206, 9, 7450, 1655, 24998, 6138, 1649, 24998, NULL, NULL, 1, '', '', '', '', '', 36, 47);
INSERT INTO lba.sub_play (play_id, seconds_da_start, player_made_id, team_made_id, game_made_id, player_suffered_id, team_suffered_id, game_suffered_id, shot_id, turnover_id, foul_id, rebound_defensive_01, rebound_offensive_01, assist_01, blocks_01, time_out_01, x, y)VALUES(28206, 14, 6138, 1649, 24998, NULL, NULL, NULL, 4, NULL, NULL, '', '', '', '', '', 33, 47);

INSERT INTO play(id, game_id, seconds_start, seconds_end, quarter, attack_home_01, score_home, score_guest)VALUES(28207, 24998, 1994, 2018, 4, '0', 92, 70);
INSERT INTO player_team_game_play(player_id, team_id, game_id, play_id, seconds_start, seconds_end) VALUES(4692, 1649, 24998, 28207, 1994, 2018);
INSERT INTO player_team_game_play(player_id, team_id, game_id, play_id, seconds_start, seconds_end) VALUES(5150, 1649, 24998, 28207, 1994, 2018);
INSERT INTO player_team_game_play(player_id, team_id, game_id, play_id, seconds_start, seconds_end) VALUES(3176, 1649, 24998, 28207, 1994, 2018);
INSERT INTO player_team_game_play(player_id, team_id, game_id, play_id, seconds_start, seconds_end) VALUES(6138, 1649, 24998, 28207, 1994, 2018);
INSERT INTO player_team_game_play(player_id, team_id, game_id, play_id, seconds_start, seconds_end) VALUES(7406, 1649, 24998, 28207, 1994, 2018);
INSERT INTO player_team_game_play(player_id, team_id, game_id, play_id, seconds_start, seconds_end) VALUES(6320, 1655, 24998, 28207, 1994, 2018);
INSERT INTO player_team_game_play(player_id, team_id, game_id, play_id, seconds_start, seconds_end) VALUES(7449, 1655, 24998, 28207, 1994, 2018);
INSERT INTO player_team_game_play(player_id, team_id, game_id, play_id, seconds_start, seconds_end) VALUES(7447, 1655, 24998, 28207, 1994, 2018);
INSERT INTO player_team_game_play(player_id, team_id, game_id, play_id, seconds_start, seconds_end) VALUES(7448, 1655, 24998, 28207, 1994, 2018);
INSERT INTO player_team_game_play(player_id, team_id, game_id, play_id, seconds_start, seconds_end) VALUES(7049, 1655, 24998, 28207, 1994, 2018);
INSERT INTO lba.sub_play (play_id, seconds_da_start, player_made_id, team_made_id, game_made_id, player_suffered_id, team_suffered_id, game_suffered_id, shot_id, turnover_id, foul_id, rebound_defensive_01, rebound_offensive_01, assist_01, blocks_01, time_out_01, x, y)VALUES(28207, 24, 7447, 1655, 24998, NULL, NULL, NULL, 2, NULL, NULL, '', '', '', '', '', 81, 47);
INSERT INTO lba.sub_play (play_id, seconds_da_start, player_made_id, team_made_id, game_made_id, player_suffered_id, team_suffered_id, game_suffered_id, shot_id, turnover_id, foul_id, rebound_defensive_01, rebound_offensive_01, assist_01, blocks_01, time_out_01, x, y)VALUES(28207, 24, 3176, 1649, 24998, NULL, NULL, NULL, NULL, NULL, NULL, '1', '', '', '', '', 81, 47);

INSERT INTO play(id, game_id, seconds_start, seconds_end, quarter, attack_home_01, score_home, score_guest)VALUES(28208, 24998, 2018, 2030, 4, '1', 95, 70);
INSERT INTO player_team_game_play(player_id, team_id, game_id, play_id, seconds_start, seconds_end) VALUES(4692, 1649, 24998, 28208, 2018, 2030);
INSERT INTO player_team_game_play(player_id, team_id, game_id, play_id, seconds_start, seconds_end) VALUES(5150, 1649, 24998, 28208, 2018, 2030);
INSERT INTO player_team_game_play(player_id, team_id, game_id, play_id, seconds_start, seconds_end) VALUES(3176, 1649, 24998, 28208, 2018, 2030);
INSERT INTO player_team_game_play(player_id, team_id, game_id, play_id, seconds_start, seconds_end) VALUES(6138, 1649, 24998, 28208, 2018, 2030);
INSERT INTO player_team_game_play(player_id, team_id, game_id, play_id, seconds_start, seconds_end) VALUES(7406, 1649, 24998, 28208, 2018, 2030);
INSERT INTO player_team_game_play(player_id, team_id, game_id, play_id, seconds_start, seconds_end) VALUES(6320, 1655, 24998, 28208, 2018, 2030);
INSERT INTO player_team_game_play(player_id, team_id, game_id, play_id, seconds_start, seconds_end) VALUES(7449, 1655, 24998, 28208, 2018, 2030);
INSERT INTO player_team_game_play(player_id, team_id, game_id, play_id, seconds_start, seconds_end) VALUES(7447, 1655, 24998, 28208, 2018, 2030);
INSERT INTO player_team_game_play(player_id, team_id, game_id, play_id, seconds_start, seconds_end) VALUES(7448, 1655, 24998, 28208, 2018, 2030);
INSERT INTO player_team_game_play(player_id, team_id, game_id, play_id, seconds_start, seconds_end) VALUES(7049, 1655, 24998, 28208, 2018, 2030);
INSERT INTO lba.sub_play (play_id, seconds_da_start, player_made_id, team_made_id, game_made_id, player_suffered_id, team_suffered_id, game_suffered_id, shot_id, turnover_id, foul_id, rebound_defensive_01, rebound_offensive_01, assist_01, blocks_01, time_out_01, x, y)VALUES(28208, 12, 3176, 1649, 24998, NULL, NULL, NULL, 3, NULL, NULL, '', '', '', '', '', 34, 56);
INSERT INTO lba.sub_play (play_id, seconds_da_start, player_made_id, team_made_id, game_made_id, player_suffered_id, team_suffered_id, game_suffered_id, shot_id, turnover_id, foul_id, rebound_defensive_01, rebound_offensive_01, assist_01, blocks_01, time_out_01, x, y)VALUES(28208, 12, 5150, 1649, 24998, NULL, NULL, NULL, NULL, NULL, NULL, '', '', '1', '', '', 34, 56);

INSERT INTO play(id, game_id, seconds_start, seconds_end, quarter, attack_home_01, score_home, score_guest)VALUES(28209, 24998, 2030, 2046, 4, '0', 95, 72);
INSERT INTO player_team_game_play(player_id, team_id, game_id, play_id, seconds_start, seconds_end) VALUES(4692, 1649, 24998, 28209, 2030, 2046);
INSERT INTO player_team_game_play(player_id, team_id, game_id, play_id, seconds_start, seconds_end) VALUES(5150, 1649, 24998, 28209, 2030, 2046);
INSERT INTO player_team_game_play(player_id, team_id, game_id, play_id, seconds_start, seconds_end) VALUES(3176, 1649, 24998, 28209, 2030, 2046);
INSERT INTO player_team_game_play(player_id, team_id, game_id, play_id, seconds_start, seconds_end) VALUES(6138, 1649, 24998, 28209, 2030, 2046);
INSERT INTO player_team_game_play(player_id, team_id, game_id, play_id, seconds_start, seconds_end) VALUES(7406, 1649, 24998, 28209, 2030, 2046);
INSERT INTO player_team_game_play(player_id, team_id, game_id, play_id, seconds_start, seconds_end) VALUES(6320, 1655, 24998, 28209, 2030, 2046);
INSERT INTO player_team_game_play(player_id, team_id, game_id, play_id, seconds_start, seconds_end) VALUES(7449, 1655, 24998, 28209, 2030, 2046);
INSERT INTO player_team_game_play(player_id, team_id, game_id, play_id, seconds_start, seconds_end) VALUES(7447, 1655, 24998, 28209, 2030, 2046);
INSERT INTO player_team_game_play(player_id, team_id, game_id, play_id, seconds_start, seconds_end) VALUES(7448, 1655, 24998, 28209, 2030, 2046);
INSERT INTO player_team_game_play(player_id, team_id, game_id, play_id, seconds_start, seconds_end) VALUES(7049, 1655, 24998, 28209, 2030, 2046);
INSERT INTO lba.sub_play (play_id, seconds_da_start, player_made_id, team_made_id, game_made_id, player_suffered_id, team_suffered_id, game_suffered_id, shot_id, turnover_id, foul_id, rebound_defensive_01, rebound_offensive_01, assist_01, blocks_01, time_out_01, x, y)VALUES(28209, 16, 7447, 1655, 24998, NULL, NULL, NULL, 1, NULL, NULL, '', '', '', '', '', 91, 59);
INSERT INTO lba.sub_play (play_id, seconds_da_start, player_made_id, team_made_id, game_made_id, player_suffered_id, team_suffered_id, game_suffered_id, shot_id, turnover_id, foul_id, rebound_defensive_01, rebound_offensive_01, assist_01, blocks_01, time_out_01, x, y)VALUES(28209, 16, 7049, 1655, 24998, NULL, NULL, NULL, NULL, NULL, NULL, '', '', '1', '', '', 91, 59);

INSERT INTO play(id, game_id, seconds_start, seconds_end, quarter, attack_home_01, score_home, score_guest)VALUES(28210, 24998, 2046, 2089, 4, '1', 98, 72);
INSERT INTO player_team_game_play(player_id, team_id, game_id, play_id, seconds_start, seconds_end) VALUES(4692, 1649, 24998, 28210, 2046, 2089);
INSERT INTO player_team_game_play(player_id, team_id, game_id, play_id, seconds_start, seconds_end) VALUES(5150, 1649, 24998, 28210, 2046, 2089);
INSERT INTO player_team_game_play(player_id, team_id, game_id, play_id, seconds_start, seconds_end) VALUES(3176, 1649, 24998, 28210, 2046, 2089);
INSERT INTO player_team_game_play(player_id, team_id, game_id, play_id, seconds_start, seconds_end) VALUES(6138, 1649, 24998, 28210, 2046, 2089);
INSERT INTO player_team_game_play(player_id, team_id, game_id, play_id, seconds_start, seconds_end) VALUES(7406, 1649, 24998, 28210, 2046, 2089);
INSERT INTO player_team_game_play(player_id, team_id, game_id, play_id, seconds_start, seconds_end) VALUES(6320, 1655, 24998, 28210, 2046, 2089);
INSERT INTO player_team_game_play(player_id, team_id, game_id, play_id, seconds_start, seconds_end) VALUES(7449, 1655, 24998, 28210, 2046, 2089);
INSERT INTO player_team_game_play(player_id, team_id, game_id, play_id, seconds_start, seconds_end) VALUES(7447, 1655, 24998, 28210, 2046, 2089);
INSERT INTO player_team_game_play(player_id, team_id, game_id, play_id, seconds_start, seconds_end) VALUES(7448, 1655, 24998, 28210, 2046, 2089);
INSERT INTO player_team_game_play(player_id, team_id, game_id, play_id, seconds_start, seconds_end) VALUES(7049, 1655, 24998, 28210, 2046, 2089);
UPDATE player_team_game_play SET seconds_end = 2068 WHERE player_id = 6138 AND game_id = 24998 AND play_id = 28210;
UPDATE player_team_game_play SET seconds_end = 2068 WHERE player_id = 5150 AND game_id = 24998 AND play_id = 28210;
INSERT INTO player_team_game_play(player_id, team_id, game_id, play_id, seconds_start, seconds_end) VALUES(7405, 1649, 24998, 28210, 2068, 2089);
INSERT INTO player_team_game_play(player_id, team_id, game_id, play_id, seconds_start, seconds_end) VALUES(2103, 1649, 24998, 28210, 2068, 2089);
UPDATE player_team_game_play SET seconds_end = 2068 WHERE player_id = 7449 AND game_id = 24998 AND play_id = 28210;
UPDATE player_team_game_play SET seconds_end = 2068 WHERE player_id = 7447 AND game_id = 24998 AND play_id = 28210;
INSERT INTO player_team_game_play(player_id, team_id, game_id, play_id, seconds_start, seconds_end) VALUES(378, 1655, 24998, 28210, 2068, 2089);
INSERT INTO player_team_game_play(player_id, team_id, game_id, play_id, seconds_start, seconds_end) VALUES(2148, 1655, 24998, 28210, 2068, 2089);
INSERT INTO lba.sub_play (play_id, seconds_da_start, player_made_id, team_made_id, game_made_id, player_suffered_id, team_suffered_id, game_suffered_id, shot_id, turnover_id, foul_id, rebound_defensive_01, rebound_offensive_01, assist_01, blocks_01, time_out_01, x, y)VALUES(28210, 22, 7447, 1655, 24998, 3176, 1649, 24998, NULL, NULL, 1, '', '', '', '', '', 16, 60);
INSERT INTO lba.sub_play (play_id, seconds_da_start, player_made_id, team_made_id, game_made_id, player_suffered_id, team_suffered_id, game_suffered_id, shot_id, turnover_id, foul_id, rebound_defensive_01, rebound_offensive_01, assist_01, blocks_01, time_out_01, x, y)VALUES(28210, 31, 7406, 1649, 24998, NULL, NULL, NULL, 4, NULL, NULL, '', '', '', '', '', 24, 16);
INSERT INTO lba.sub_play (play_id, seconds_da_start, player_made_id, team_made_id, game_made_id, player_suffered_id, team_suffered_id, game_suffered_id, shot_id, turnover_id, foul_id, rebound_defensive_01, rebound_offensive_01, assist_01, blocks_01, time_out_01, x, y)VALUES(28210, 31, 3176, 1649, 24998, NULL, NULL, NULL, NULL, NULL, NULL, '', '1', '', '', '', 24, 16);
INSERT INTO lba.sub_play (play_id, seconds_da_start, player_made_id, team_made_id, game_made_id, player_suffered_id, team_suffered_id, game_suffered_id, shot_id, turnover_id, foul_id, rebound_defensive_01, rebound_offensive_01, assist_01, blocks_01, time_out_01, x, y)VALUES(28210, 43, 2103, 1649, 24998, NULL, NULL, NULL, 3, NULL, NULL, '', '', '', '', '', 27, 22);

INSERT INTO play(id, game_id, seconds_start, seconds_end, quarter, attack_home_01, score_home, score_guest)VALUES(28211, 24998, 2089, 2103, 4, '0', 98, 72);
INSERT INTO player_team_game_play(player_id, team_id, game_id, play_id, seconds_start, seconds_end) VALUES(4692, 1649, 24998, 28211, 2089, 2103);
INSERT INTO player_team_game_play(player_id, team_id, game_id, play_id, seconds_start, seconds_end) VALUES(2103, 1649, 24998, 28211, 2089, 2103);
INSERT INTO player_team_game_play(player_id, team_id, game_id, play_id, seconds_start, seconds_end) VALUES(3176, 1649, 24998, 28211, 2089, 2103);
INSERT INTO player_team_game_play(player_id, team_id, game_id, play_id, seconds_start, seconds_end) VALUES(7405, 1649, 24998, 28211, 2089, 2103);
INSERT INTO player_team_game_play(player_id, team_id, game_id, play_id, seconds_start, seconds_end) VALUES(7406, 1649, 24998, 28211, 2089, 2103);
INSERT INTO player_team_game_play(player_id, team_id, game_id, play_id, seconds_start, seconds_end) VALUES(6320, 1655, 24998, 28211, 2089, 2103);
INSERT INTO player_team_game_play(player_id, team_id, game_id, play_id, seconds_start, seconds_end) VALUES(2148, 1655, 24998, 28211, 2089, 2103);
INSERT INTO player_team_game_play(player_id, team_id, game_id, play_id, seconds_start, seconds_end) VALUES(7448, 1655, 24998, 28211, 2089, 2103);
INSERT INTO player_team_game_play(player_id, team_id, game_id, play_id, seconds_start, seconds_end) VALUES(7049, 1655, 24998, 28211, 2089, 2103);
INSERT INTO player_team_game_play(player_id, team_id, game_id, play_id, seconds_start, seconds_end) VALUES(378, 1655, 24998, 28211, 2089, 2103);
INSERT INTO lba.sub_play (play_id, seconds_da_start, player_made_id, team_made_id, game_made_id, player_suffered_id, team_suffered_id, game_suffered_id, shot_id, turnover_id, foul_id, rebound_defensive_01, rebound_offensive_01, assist_01, blocks_01, time_out_01, x, y)VALUES(28211, 14, 2148, 1655, 24998, NULL, NULL, NULL, 4, NULL, NULL, '', '', '', '', '', 84, 5);
INSERT INTO lba.sub_play (play_id, seconds_da_start, player_made_id, team_made_id, game_made_id, player_suffered_id, team_suffered_id, game_suffered_id, shot_id, turnover_id, foul_id, rebound_defensive_01, rebound_offensive_01, assist_01, blocks_01, time_out_01, x, y)VALUES(28211, 14, 7405, 1649, 24998, NULL, NULL, NULL, NULL, NULL, NULL, '1', '', '', '', '', 84, 5);

INSERT INTO play(id, game_id, seconds_start, seconds_end, quarter, attack_home_01, score_home, score_guest)VALUES(28212, 24998, 2103, 2121, 4, '1', 98, 72);
INSERT INTO player_team_game_play(player_id, team_id, game_id, play_id, seconds_start, seconds_end) VALUES(4692, 1649, 24998, 28212, 2103, 2121);
INSERT INTO player_team_game_play(player_id, team_id, game_id, play_id, seconds_start, seconds_end) VALUES(2103, 1649, 24998, 28212, 2103, 2121);
INSERT INTO player_team_game_play(player_id, team_id, game_id, play_id, seconds_start, seconds_end) VALUES(3176, 1649, 24998, 28212, 2103, 2121);
INSERT INTO player_team_game_play(player_id, team_id, game_id, play_id, seconds_start, seconds_end) VALUES(7405, 1649, 24998, 28212, 2103, 2121);
INSERT INTO player_team_game_play(player_id, team_id, game_id, play_id, seconds_start, seconds_end) VALUES(7406, 1649, 24998, 28212, 2103, 2121);
INSERT INTO player_team_game_play(player_id, team_id, game_id, play_id, seconds_start, seconds_end) VALUES(6320, 1655, 24998, 28212, 2103, 2121);
INSERT INTO player_team_game_play(player_id, team_id, game_id, play_id, seconds_start, seconds_end) VALUES(2148, 1655, 24998, 28212, 2103, 2121);
INSERT INTO player_team_game_play(player_id, team_id, game_id, play_id, seconds_start, seconds_end) VALUES(7448, 1655, 24998, 28212, 2103, 2121);
INSERT INTO player_team_game_play(player_id, team_id, game_id, play_id, seconds_start, seconds_end) VALUES(7049, 1655, 24998, 28212, 2103, 2121);
INSERT INTO player_team_game_play(player_id, team_id, game_id, play_id, seconds_start, seconds_end) VALUES(378, 1655, 24998, 28212, 2103, 2121);
UPDATE player_team_game_play SET seconds_end = 2111 WHERE player_id = 7448 AND game_id = 24998 AND play_id = 28212;
INSERT INTO player_team_game_play(player_id, team_id, game_id, play_id, seconds_start, seconds_end) VALUES(7452, 1655, 24998, 28212, 2111, 2121);
INSERT INTO lba.sub_play (play_id, seconds_da_start, player_made_id, team_made_id, game_made_id, player_suffered_id, team_suffered_id, game_suffered_id, shot_id, turnover_id, foul_id, rebound_defensive_01, rebound_offensive_01, assist_01, blocks_01, time_out_01, x, y)VALUES(28212, 18, 3176, 1649, 24998, NULL, NULL, NULL, 4, NULL, NULL, '', '', '', '', '', 18, 93);
INSERT INTO lba.sub_play (play_id, seconds_da_start, player_made_id, team_made_id, game_made_id, player_suffered_id, team_suffered_id, game_suffered_id, shot_id, turnover_id, foul_id, rebound_defensive_01, rebound_offensive_01, assist_01, blocks_01, time_out_01, x, y)VALUES(28212, 18, 7049, 1655, 24998, NULL, NULL, NULL, NULL, NULL, NULL, '1', '', '', '', '', 18, 93);

INSERT INTO play(id, game_id, seconds_start, seconds_end, quarter, attack_home_01, score_home, score_guest)VALUES(28213, 24998, 2121, 2127, 4, '0', 98, 75);
INSERT INTO player_team_game_play(player_id, team_id, game_id, play_id, seconds_start, seconds_end) VALUES(4692, 1649, 24998, 28213, 2121, 2127);
INSERT INTO player_team_game_play(player_id, team_id, game_id, play_id, seconds_start, seconds_end) VALUES(2103, 1649, 24998, 28213, 2121, 2127);
INSERT INTO player_team_game_play(player_id, team_id, game_id, play_id, seconds_start, seconds_end) VALUES(3176, 1649, 24998, 28213, 2121, 2127);
INSERT INTO player_team_game_play(player_id, team_id, game_id, play_id, seconds_start, seconds_end) VALUES(7405, 1649, 24998, 28213, 2121, 2127);
INSERT INTO player_team_game_play(player_id, team_id, game_id, play_id, seconds_start, seconds_end) VALUES(7406, 1649, 24998, 28213, 2121, 2127);
INSERT INTO player_team_game_play(player_id, team_id, game_id, play_id, seconds_start, seconds_end) VALUES(6320, 1655, 24998, 28213, 2121, 2127);
INSERT INTO player_team_game_play(player_id, team_id, game_id, play_id, seconds_start, seconds_end) VALUES(2148, 1655, 24998, 28213, 2121, 2127);
INSERT INTO player_team_game_play(player_id, team_id, game_id, play_id, seconds_start, seconds_end) VALUES(7049, 1655, 24998, 28213, 2121, 2127);
INSERT INTO player_team_game_play(player_id, team_id, game_id, play_id, seconds_start, seconds_end) VALUES(378, 1655, 24998, 28213, 2121, 2127);
INSERT INTO player_team_game_play(player_id, team_id, game_id, play_id, seconds_start, seconds_end) VALUES(7452, 1655, 24998, 28213, 2121, 2127);
INSERT INTO lba.sub_play (play_id, seconds_da_start, player_made_id, team_made_id, game_made_id, player_suffered_id, team_suffered_id, game_suffered_id, shot_id, turnover_id, foul_id, rebound_defensive_01, rebound_offensive_01, assist_01, blocks_01, time_out_01, x, y)VALUES(28213, 6, 7049, 1655, 24998, NULL, NULL, NULL, 1, NULL, NULL, '', '', '', '', '', 92, 56);
INSERT INTO lba.sub_play (play_id, seconds_da_start, player_made_id, team_made_id, game_made_id, player_suffered_id, team_suffered_id, game_suffered_id, shot_id, turnover_id, foul_id, rebound_defensive_01, rebound_offensive_01, assist_01, blocks_01, time_out_01, x, y)VALUES(28213, 6, 4692, 1649, 24998, 7049, 1655, 24998, NULL, NULL, 4, '', '', '', '', '', 92, 56);
INSERT INTO lba.sub_play (play_id, seconds_da_start, player_made_id, team_made_id, game_made_id, player_suffered_id, team_suffered_id, game_suffered_id, shot_id, turnover_id, foul_id, rebound_defensive_01, rebound_offensive_01, assist_01, blocks_01, time_out_01, x, y)VALUES(28213, 6, 7049, 1655, 24998, NULL, NULL, NULL, 5, NULL, NULL, '', '', '', '', '', NULL, NULL);

INSERT INTO play(id, game_id, seconds_start, seconds_end, quarter, attack_home_01, score_home, score_guest)VALUES(28214, 24998, 2127, 2137, 4, '1', 98, 75);
INSERT INTO player_team_game_play(player_id, team_id, game_id, play_id, seconds_start, seconds_end) VALUES(4692, 1649, 24998, 28214, 2127, 2137);
INSERT INTO player_team_game_play(player_id, team_id, game_id, play_id, seconds_start, seconds_end) VALUES(2103, 1649, 24998, 28214, 2127, 2137);
INSERT INTO player_team_game_play(player_id, team_id, game_id, play_id, seconds_start, seconds_end) VALUES(3176, 1649, 24998, 28214, 2127, 2137);
INSERT INTO player_team_game_play(player_id, team_id, game_id, play_id, seconds_start, seconds_end) VALUES(7405, 1649, 24998, 28214, 2127, 2137);
INSERT INTO player_team_game_play(player_id, team_id, game_id, play_id, seconds_start, seconds_end) VALUES(7406, 1649, 24998, 28214, 2127, 2137);
INSERT INTO player_team_game_play(player_id, team_id, game_id, play_id, seconds_start, seconds_end) VALUES(6320, 1655, 24998, 28214, 2127, 2137);
INSERT INTO player_team_game_play(player_id, team_id, game_id, play_id, seconds_start, seconds_end) VALUES(2148, 1655, 24998, 28214, 2127, 2137);
INSERT INTO player_team_game_play(player_id, team_id, game_id, play_id, seconds_start, seconds_end) VALUES(7049, 1655, 24998, 28214, 2127, 2137);
INSERT INTO player_team_game_play(player_id, team_id, game_id, play_id, seconds_start, seconds_end) VALUES(378, 1655, 24998, 28214, 2127, 2137);
INSERT INTO player_team_game_play(player_id, team_id, game_id, play_id, seconds_start, seconds_end) VALUES(7452, 1655, 24998, 28214, 2127, 2137);
INSERT INTO lba.sub_play (play_id, seconds_da_start, player_made_id, team_made_id, game_made_id, player_suffered_id, team_suffered_id, game_suffered_id, shot_id, turnover_id, foul_id, rebound_defensive_01, rebound_offensive_01, assist_01, blocks_01, time_out_01, x, y)VALUES(28214, 10, 3176, 1649, 24998, NULL, NULL, NULL, 4, NULL, NULL, '', '', '', '', '', 33, 60);
INSERT INTO lba.sub_play (play_id, seconds_da_start, player_made_id, team_made_id, game_made_id, player_suffered_id, team_suffered_id, game_suffered_id, shot_id, turnover_id, foul_id, rebound_defensive_01, rebound_offensive_01, assist_01, blocks_01, time_out_01, x, y)VALUES(28214, 10, 6320, 1655, 24998, NULL, NULL, NULL, NULL, NULL, NULL, '1', '', '', '', '', 33, 60);

INSERT INTO play(id, game_id, seconds_start, seconds_end, quarter, attack_home_01, score_home, score_guest)VALUES(28215, 24998, 2137, 2152, 4, '0', 98, 77);
INSERT INTO player_team_game_play(player_id, team_id, game_id, play_id, seconds_start, seconds_end) VALUES(4692, 1649, 24998, 28215, 2137, 2152);
INSERT INTO player_team_game_play(player_id, team_id, game_id, play_id, seconds_start, seconds_end) VALUES(2103, 1649, 24998, 28215, 2137, 2152);
INSERT INTO player_team_game_play(player_id, team_id, game_id, play_id, seconds_start, seconds_end) VALUES(3176, 1649, 24998, 28215, 2137, 2152);
INSERT INTO player_team_game_play(player_id, team_id, game_id, play_id, seconds_start, seconds_end) VALUES(7405, 1649, 24998, 28215, 2137, 2152);
INSERT INTO player_team_game_play(player_id, team_id, game_id, play_id, seconds_start, seconds_end) VALUES(7406, 1649, 24998, 28215, 2137, 2152);
INSERT INTO player_team_game_play(player_id, team_id, game_id, play_id, seconds_start, seconds_end) VALUES(6320, 1655, 24998, 28215, 2137, 2152);
INSERT INTO player_team_game_play(player_id, team_id, game_id, play_id, seconds_start, seconds_end) VALUES(2148, 1655, 24998, 28215, 2137, 2152);
INSERT INTO player_team_game_play(player_id, team_id, game_id, play_id, seconds_start, seconds_end) VALUES(7049, 1655, 24998, 28215, 2137, 2152);
INSERT INTO player_team_game_play(player_id, team_id, game_id, play_id, seconds_start, seconds_end) VALUES(378, 1655, 24998, 28215, 2137, 2152);
INSERT INTO player_team_game_play(player_id, team_id, game_id, play_id, seconds_start, seconds_end) VALUES(7452, 1655, 24998, 28215, 2137, 2152);
INSERT INTO lba.sub_play (play_id, seconds_da_start, player_made_id, team_made_id, game_made_id, player_suffered_id, team_suffered_id, game_suffered_id, shot_id, turnover_id, foul_id, rebound_defensive_01, rebound_offensive_01, assist_01, blocks_01, time_out_01, x, y)VALUES(28215, 15, 6320, 1655, 24998, NULL, NULL, NULL, 1, NULL, NULL, '', '', '', '', '', 91, 56);
INSERT INTO lba.sub_play (play_id, seconds_da_start, player_made_id, team_made_id, game_made_id, player_suffered_id, team_suffered_id, game_suffered_id, shot_id, turnover_id, foul_id, rebound_defensive_01, rebound_offensive_01, assist_01, blocks_01, time_out_01, x, y)VALUES(28215, 15, 2148, 1655, 24998, NULL, NULL, NULL, NULL, NULL, NULL, '', '', '1', '', '', 91, 56);

INSERT INTO play(id, game_id, seconds_start, seconds_end, quarter, attack_home_01, score_home, score_guest)VALUES(28216, 24998, 2152, 2177, 4, '1', 98, 77);
INSERT INTO player_team_game_play(player_id, team_id, game_id, play_id, seconds_start, seconds_end) VALUES(4692, 1649, 24998, 28216, 2152, 2177);
INSERT INTO player_team_game_play(player_id, team_id, game_id, play_id, seconds_start, seconds_end) VALUES(2103, 1649, 24998, 28216, 2152, 2177);
INSERT INTO player_team_game_play(player_id, team_id, game_id, play_id, seconds_start, seconds_end) VALUES(3176, 1649, 24998, 28216, 2152, 2177);
INSERT INTO player_team_game_play(player_id, team_id, game_id, play_id, seconds_start, seconds_end) VALUES(7405, 1649, 24998, 28216, 2152, 2177);
INSERT INTO player_team_game_play(player_id, team_id, game_id, play_id, seconds_start, seconds_end) VALUES(7406, 1649, 24998, 28216, 2152, 2177);
INSERT INTO player_team_game_play(player_id, team_id, game_id, play_id, seconds_start, seconds_end) VALUES(6320, 1655, 24998, 28216, 2152, 2177);
INSERT INTO player_team_game_play(player_id, team_id, game_id, play_id, seconds_start, seconds_end) VALUES(2148, 1655, 24998, 28216, 2152, 2177);
INSERT INTO player_team_game_play(player_id, team_id, game_id, play_id, seconds_start, seconds_end) VALUES(7049, 1655, 24998, 28216, 2152, 2177);
INSERT INTO player_team_game_play(player_id, team_id, game_id, play_id, seconds_start, seconds_end) VALUES(378, 1655, 24998, 28216, 2152, 2177);
INSERT INTO player_team_game_play(player_id, team_id, game_id, play_id, seconds_start, seconds_end) VALUES(7452, 1655, 24998, 28216, 2152, 2177);
INSERT INTO lba.sub_play (play_id, seconds_da_start, player_made_id, team_made_id, game_made_id, player_suffered_id, team_suffered_id, game_suffered_id, shot_id, turnover_id, foul_id, rebound_defensive_01, rebound_offensive_01, assist_01, blocks_01, time_out_01, x, y)VALUES(28216, 25, 4692, 1649, 24998, NULL, NULL, NULL, 2, NULL, NULL, '', '', '', '', '', 9, 57);
INSERT INTO lba.sub_play (play_id, seconds_da_start, player_made_id, team_made_id, game_made_id, player_suffered_id, team_suffered_id, game_suffered_id, shot_id, turnover_id, foul_id, rebound_defensive_01, rebound_offensive_01, assist_01, blocks_01, time_out_01, x, y)VALUES(28216, 25, 7049, 1655, 24998, NULL, NULL, NULL, NULL, NULL, NULL, '1', '', '', '', '', 9, 57);

INSERT INTO play(id, game_id, seconds_start, seconds_end, quarter, attack_home_01, score_home, score_guest)VALUES(28217, 24998, 2177, 2186, 4, '0', 98, 77);
INSERT INTO player_team_game_play(player_id, team_id, game_id, play_id, seconds_start, seconds_end) VALUES(4692, 1649, 24998, 28217, 2177, 2186);
INSERT INTO player_team_game_play(player_id, team_id, game_id, play_id, seconds_start, seconds_end) VALUES(2103, 1649, 24998, 28217, 2177, 2186);
INSERT INTO player_team_game_play(player_id, team_id, game_id, play_id, seconds_start, seconds_end) VALUES(3176, 1649, 24998, 28217, 2177, 2186);
INSERT INTO player_team_game_play(player_id, team_id, game_id, play_id, seconds_start, seconds_end) VALUES(7405, 1649, 24998, 28217, 2177, 2186);
INSERT INTO player_team_game_play(player_id, team_id, game_id, play_id, seconds_start, seconds_end) VALUES(7406, 1649, 24998, 28217, 2177, 2186);
INSERT INTO player_team_game_play(player_id, team_id, game_id, play_id, seconds_start, seconds_end) VALUES(6320, 1655, 24998, 28217, 2177, 2186);
INSERT INTO player_team_game_play(player_id, team_id, game_id, play_id, seconds_start, seconds_end) VALUES(2148, 1655, 24998, 28217, 2177, 2186);
INSERT INTO player_team_game_play(player_id, team_id, game_id, play_id, seconds_start, seconds_end) VALUES(7049, 1655, 24998, 28217, 2177, 2186);
INSERT INTO player_team_game_play(player_id, team_id, game_id, play_id, seconds_start, seconds_end) VALUES(378, 1655, 24998, 28217, 2177, 2186);
INSERT INTO player_team_game_play(player_id, team_id, game_id, play_id, seconds_start, seconds_end) VALUES(7452, 1655, 24998, 28217, 2177, 2186);
INSERT INTO lba.sub_play (play_id, seconds_da_start, player_made_id, team_made_id, game_made_id, player_suffered_id, team_suffered_id, game_suffered_id, shot_id, turnover_id, foul_id, rebound_defensive_01, rebound_offensive_01, assist_01, blocks_01, time_out_01, x, y)VALUES(28217, 9, 7049, 1655, 24998, NULL, NULL, NULL, 2, NULL, NULL, '', '', '', '', '', 77, 27);
INSERT INTO lba.sub_play (play_id, seconds_da_start, player_made_id, team_made_id, game_made_id, player_suffered_id, team_suffered_id, game_suffered_id, shot_id, turnover_id, foul_id, rebound_defensive_01, rebound_offensive_01, assist_01, blocks_01, time_out_01, x, y)VALUES(28217, 9, 2103, 1649, 24998, NULL, NULL, NULL, NULL, NULL, NULL, '1', '', '', '', '', 77, 27);

INSERT INTO play(id, game_id, seconds_start, seconds_end, quarter, attack_home_01, score_home, score_guest)VALUES(28218, 24998, 2186, 2204, 4, '1', 101, 77);
INSERT INTO player_team_game_play(player_id, team_id, game_id, play_id, seconds_start, seconds_end) VALUES(4692, 1649, 24998, 28218, 2186, 2204);
INSERT INTO player_team_game_play(player_id, team_id, game_id, play_id, seconds_start, seconds_end) VALUES(2103, 1649, 24998, 28218, 2186, 2204);
INSERT INTO player_team_game_play(player_id, team_id, game_id, play_id, seconds_start, seconds_end) VALUES(3176, 1649, 24998, 28218, 2186, 2204);
INSERT INTO player_team_game_play(player_id, team_id, game_id, play_id, seconds_start, seconds_end) VALUES(7405, 1649, 24998, 28218, 2186, 2204);
INSERT INTO player_team_game_play(player_id, team_id, game_id, play_id, seconds_start, seconds_end) VALUES(7406, 1649, 24998, 28218, 2186, 2204);
INSERT INTO player_team_game_play(player_id, team_id, game_id, play_id, seconds_start, seconds_end) VALUES(6320, 1655, 24998, 28218, 2186, 2204);
INSERT INTO player_team_game_play(player_id, team_id, game_id, play_id, seconds_start, seconds_end) VALUES(2148, 1655, 24998, 28218, 2186, 2204);
INSERT INTO player_team_game_play(player_id, team_id, game_id, play_id, seconds_start, seconds_end) VALUES(7049, 1655, 24998, 28218, 2186, 2204);
INSERT INTO player_team_game_play(player_id, team_id, game_id, play_id, seconds_start, seconds_end) VALUES(378, 1655, 24998, 28218, 2186, 2204);
INSERT INTO player_team_game_play(player_id, team_id, game_id, play_id, seconds_start, seconds_end) VALUES(7452, 1655, 24998, 28218, 2186, 2204);
INSERT INTO lba.sub_play (play_id, seconds_da_start, player_made_id, team_made_id, game_made_id, player_suffered_id, team_suffered_id, game_suffered_id, shot_id, turnover_id, foul_id, rebound_defensive_01, rebound_offensive_01, assist_01, blocks_01, time_out_01, x, y)VALUES(28218, 18, 7406, 1649, 24998, NULL, NULL, NULL, 3, NULL, NULL, '', '', '', '', '', 19, 7);

INSERT INTO play(id, game_id, seconds_start, seconds_end, quarter, attack_home_01, score_home, score_guest)VALUES(28219, 24998, 2204, 2227, 4, '0', 101, 77);
INSERT INTO player_team_game_play(player_id, team_id, game_id, play_id, seconds_start, seconds_end) VALUES(4692, 1649, 24998, 28219, 2204, 2227);
INSERT INTO player_team_game_play(player_id, team_id, game_id, play_id, seconds_start, seconds_end) VALUES(2103, 1649, 24998, 28219, 2204, 2227);
INSERT INTO player_team_game_play(player_id, team_id, game_id, play_id, seconds_start, seconds_end) VALUES(3176, 1649, 24998, 28219, 2204, 2227);
INSERT INTO player_team_game_play(player_id, team_id, game_id, play_id, seconds_start, seconds_end) VALUES(7405, 1649, 24998, 28219, 2204, 2227);
INSERT INTO player_team_game_play(player_id, team_id, game_id, play_id, seconds_start, seconds_end) VALUES(7406, 1649, 24998, 28219, 2204, 2227);
INSERT INTO player_team_game_play(player_id, team_id, game_id, play_id, seconds_start, seconds_end) VALUES(6320, 1655, 24998, 28219, 2204, 2227);
INSERT INTO player_team_game_play(player_id, team_id, game_id, play_id, seconds_start, seconds_end) VALUES(2148, 1655, 24998, 28219, 2204, 2227);
INSERT INTO player_team_game_play(player_id, team_id, game_id, play_id, seconds_start, seconds_end) VALUES(7049, 1655, 24998, 28219, 2204, 2227);
INSERT INTO player_team_game_play(player_id, team_id, game_id, play_id, seconds_start, seconds_end) VALUES(378, 1655, 24998, 28219, 2204, 2227);
INSERT INTO player_team_game_play(player_id, team_id, game_id, play_id, seconds_start, seconds_end) VALUES(7452, 1655, 24998, 28219, 2204, 2227);
INSERT INTO lba.sub_play (play_id, seconds_da_start, player_made_id, team_made_id, game_made_id, player_suffered_id, team_suffered_id, game_suffered_id, shot_id, turnover_id, foul_id, rebound_defensive_01, rebound_offensive_01, assist_01, blocks_01, time_out_01, x, y)VALUES(28219, 23, 7049, 1655, 24998, NULL, NULL, NULL, 4, NULL, NULL, '', '', '', '', '', 80, 9);
INSERT INTO lba.sub_play (play_id, seconds_da_start, player_made_id, team_made_id, game_made_id, player_suffered_id, team_suffered_id, game_suffered_id, shot_id, turnover_id, foul_id, rebound_defensive_01, rebound_offensive_01, assist_01, blocks_01, time_out_01, x, y)VALUES(28219, 23, 7406, 1649, 24998, NULL, NULL, NULL, NULL, NULL, NULL, '1', '', '', '', '', 80, 9);

INSERT INTO play(id, game_id, seconds_start, seconds_end, quarter, attack_home_01, score_home, score_guest)VALUES(28220, 24998, 2227, 2261, 4, '0', 104, 79);
INSERT INTO player_team_game_play(player_id, team_id, game_id, play_id, seconds_start, seconds_end) VALUES(4692, 1649, 24998, 28220, 2227, 2261);
INSERT INTO player_team_game_play(player_id, team_id, game_id, play_id, seconds_start, seconds_end) VALUES(2103, 1649, 24998, 28220, 2227, 2261);
INSERT INTO player_team_game_play(player_id, team_id, game_id, play_id, seconds_start, seconds_end) VALUES(3176, 1649, 24998, 28220, 2227, 2261);
INSERT INTO player_team_game_play(player_id, team_id, game_id, play_id, seconds_start, seconds_end) VALUES(7405, 1649, 24998, 28220, 2227, 2261);
INSERT INTO player_team_game_play(player_id, team_id, game_id, play_id, seconds_start, seconds_end) VALUES(7406, 1649, 24998, 28220, 2227, 2261);
INSERT INTO player_team_game_play(player_id, team_id, game_id, play_id, seconds_start, seconds_end) VALUES(6320, 1655, 24998, 28220, 2227, 2261);
INSERT INTO player_team_game_play(player_id, team_id, game_id, play_id, seconds_start, seconds_end) VALUES(2148, 1655, 24998, 28220, 2227, 2261);
INSERT INTO player_team_game_play(player_id, team_id, game_id, play_id, seconds_start, seconds_end) VALUES(7049, 1655, 24998, 28220, 2227, 2261);
INSERT INTO player_team_game_play(player_id, team_id, game_id, play_id, seconds_start, seconds_end) VALUES(378, 1655, 24998, 28220, 2227, 2261);
INSERT INTO player_team_game_play(player_id, team_id, game_id, play_id, seconds_start, seconds_end) VALUES(7452, 1655, 24998, 28220, 2227, 2261);
UPDATE player_team_game_play SET seconds_end = 2261 WHERE player_id = 3176 AND game_id = 24998 AND play_id = 28220;
UPDATE player_team_game_play SET seconds_end = 2261 WHERE player_id = 4692 AND game_id = 24998 AND play_id = 28220;
INSERT INTO player_team_game_play(player_id, team_id, game_id, play_id, seconds_start, seconds_end) VALUES(6186, 1649, 24998, 28220, 2261, 2261);
INSERT INTO player_team_game_play(player_id, team_id, game_id, play_id, seconds_start, seconds_end) VALUES(1775, 1649, 24998, 28220, 2261, 2261);
UPDATE player_team_game_play SET seconds_end = 2261 WHERE player_id = 6320 AND game_id = 24998 AND play_id = 28220;
UPDATE player_team_game_play SET seconds_end = 2261 WHERE player_id = 378 AND game_id = 24998 AND play_id = 28220;
INSERT INTO player_team_game_play(player_id, team_id, game_id, play_id, seconds_start, seconds_end) VALUES(7450, 1655, 24998, 28220, 2261, 2261);
INSERT INTO player_team_game_play(player_id, team_id, game_id, play_id, seconds_start, seconds_end) VALUES(7596, 1655, 24998, 28220, 2261, 2261);
INSERT INTO lba.sub_play (play_id, seconds_da_start, player_made_id, team_made_id, game_made_id, player_suffered_id, team_suffered_id, game_suffered_id, shot_id, turnover_id, foul_id, rebound_defensive_01, rebound_offensive_01, assist_01, blocks_01, time_out_01, x, y)VALUES(28220, 20, 7406, 1649, 24998, NULL, NULL, NULL, 3, NULL, NULL, '', '', '', '', '', 28, 19);
INSERT INTO lba.sub_play (play_id, seconds_da_start, player_made_id, team_made_id, game_made_id, player_suffered_id, team_suffered_id, game_suffered_id, shot_id, turnover_id, foul_id, rebound_defensive_01, rebound_offensive_01, assist_01, blocks_01, time_out_01, x, y)VALUES(28220, 34, 3176, 1649, 24998, 6320, 1655, 24998, NULL, NULL, 1, '', '', '', '', '', 80, 56);
INSERT INTO lba.sub_play (play_id, seconds_da_start, player_made_id, team_made_id, game_made_id, player_suffered_id, team_suffered_id, game_suffered_id, shot_id, turnover_id, foul_id, rebound_defensive_01, rebound_offensive_01, assist_01, blocks_01, time_out_01, x, y)VALUES(28220, 34, 6320, 1655, 24998, NULL, NULL, NULL, 5, NULL, NULL, '', '', '', '', '', NULL, NULL);
INSERT INTO lba.sub_play (play_id, seconds_da_start, player_made_id, team_made_id, game_made_id, player_suffered_id, team_suffered_id, game_suffered_id, shot_id, turnover_id, foul_id, rebound_defensive_01, rebound_offensive_01, assist_01, blocks_01, time_out_01, x, y)VALUES(28220, 34, 6320, 1655, 24998, NULL, NULL, NULL, 5, NULL, NULL, '', '', '', '', '', NULL, NULL);

INSERT INTO play(id, game_id, seconds_start, seconds_end, quarter, attack_home_01, score_home, score_guest)VALUES(28221, 24998, 2261, 2296, 4, '1', 107, 79);
INSERT INTO player_team_game_play(player_id, team_id, game_id, play_id, seconds_start, seconds_end) VALUES(4692, 1649, 24998, 28221, 2261, 2296);
INSERT INTO player_team_game_play(player_id, team_id, game_id, play_id, seconds_start, seconds_end) VALUES(2103, 1649, 24998, 28221, 2261, 2296);
INSERT INTO player_team_game_play(player_id, team_id, game_id, play_id, seconds_start, seconds_end) VALUES(3176, 1649, 24998, 28221, 2261, 2296);
INSERT INTO player_team_game_play(player_id, team_id, game_id, play_id, seconds_start, seconds_end) VALUES(7405, 1649, 24998, 28221, 2261, 2296);
INSERT INTO player_team_game_play(player_id, team_id, game_id, play_id, seconds_start, seconds_end) VALUES(7406, 1649, 24998, 28221, 2261, 2296);
INSERT INTO player_team_game_play(player_id, team_id, game_id, play_id, seconds_start, seconds_end) VALUES(6320, 1655, 24998, 28221, 2261, 2296);
INSERT INTO player_team_game_play(player_id, team_id, game_id, play_id, seconds_start, seconds_end) VALUES(2148, 1655, 24998, 28221, 2261, 2296);
INSERT INTO player_team_game_play(player_id, team_id, game_id, play_id, seconds_start, seconds_end) VALUES(7049, 1655, 24998, 28221, 2261, 2296);
INSERT INTO player_team_game_play(player_id, team_id, game_id, play_id, seconds_start, seconds_end) VALUES(378, 1655, 24998, 28221, 2261, 2296);
INSERT INTO player_team_game_play(player_id, team_id, game_id, play_id, seconds_start, seconds_end) VALUES(7452, 1655, 24998, 28221, 2261, 2296);
UPDATE player_team_game_play SET seconds_end = 2261 WHERE player_id = 3176 AND game_id = 24998 AND play_id = 28221;
UPDATE player_team_game_play SET seconds_end = 2261 WHERE player_id = 4692 AND game_id = 24998 AND play_id = 28221;
INSERT INTO player_team_game_play(player_id, team_id, game_id, play_id, seconds_start, seconds_end) VALUES(6186, 1649, 24998, 28221, 2261, 2296);
INSERT INTO player_team_game_play(player_id, team_id, game_id, play_id, seconds_start, seconds_end) VALUES(1775, 1649, 24998, 28221, 2261, 2296);
UPDATE player_team_game_play SET seconds_end = 2261 WHERE player_id = 6320 AND game_id = 24998 AND play_id = 28221;
UPDATE player_team_game_play SET seconds_end = 2261 WHERE player_id = 378 AND game_id = 24998 AND play_id = 28221;
INSERT INTO player_team_game_play(player_id, team_id, game_id, play_id, seconds_start, seconds_end) VALUES(7450, 1655, 24998, 28221, 2261, 2296);
INSERT INTO player_team_game_play(player_id, team_id, game_id, play_id, seconds_start, seconds_end) VALUES(7596, 1655, 24998, 28221, 2261, 2296);
INSERT INTO lba.sub_play (play_id, seconds_da_start, player_made_id, team_made_id, game_made_id, player_suffered_id, team_suffered_id, game_suffered_id, shot_id, turnover_id, foul_id, rebound_defensive_01, rebound_offensive_01, assist_01, blocks_01, time_out_01, x, y)VALUES(28221, 23, 2103, 1649, 24998, NULL, NULL, NULL, 2, NULL, NULL, '', '', '', '', '', 7, 80);
INSERT INTO lba.sub_play (play_id, seconds_da_start, player_made_id, team_made_id, game_made_id, player_suffered_id, team_suffered_id, game_suffered_id, shot_id, turnover_id, foul_id, rebound_defensive_01, rebound_offensive_01, assist_01, blocks_01, time_out_01, x, y)VALUES(28221, 35, 7406, 1649, 24998, NULL, NULL, NULL, 3, NULL, NULL, '', '', '', '', '', 27, 85);
INSERT INTO lba.sub_play (play_id, seconds_da_start, player_made_id, team_made_id, game_made_id, player_suffered_id, team_suffered_id, game_suffered_id, shot_id, turnover_id, foul_id, rebound_defensive_01, rebound_offensive_01, assist_01, blocks_01, time_out_01, x, y)VALUES(28221, 35, 6186, 1649, 24998, NULL, NULL, NULL, NULL, NULL, NULL, '', '', '1', '', '', 27, 85);

INSERT INTO play(id, game_id, seconds_start, seconds_end, quarter, attack_home_01, score_home, score_guest)VALUES(28222, 24998, 2296, 2316, 4, '0', 107, 79);
INSERT INTO player_team_game_play(player_id, team_id, game_id, play_id, seconds_start, seconds_end) VALUES(2103, 1649, 24998, 28222, 2296, 2316);
INSERT INTO player_team_game_play(player_id, team_id, game_id, play_id, seconds_start, seconds_end) VALUES(6186, 1649, 24998, 28222, 2296, 2316);
INSERT INTO player_team_game_play(player_id, team_id, game_id, play_id, seconds_start, seconds_end) VALUES(7405, 1649, 24998, 28222, 2296, 2316);
INSERT INTO player_team_game_play(player_id, team_id, game_id, play_id, seconds_start, seconds_end) VALUES(7406, 1649, 24998, 28222, 2296, 2316);
INSERT INTO player_team_game_play(player_id, team_id, game_id, play_id, seconds_start, seconds_end) VALUES(1775, 1649, 24998, 28222, 2296, 2316);
INSERT INTO player_team_game_play(player_id, team_id, game_id, play_id, seconds_start, seconds_end) VALUES(2148, 1655, 24998, 28222, 2296, 2316);
INSERT INTO player_team_game_play(player_id, team_id, game_id, play_id, seconds_start, seconds_end) VALUES(7452, 1655, 24998, 28222, 2296, 2316);
INSERT INTO player_team_game_play(player_id, team_id, game_id, play_id, seconds_start, seconds_end) VALUES(7049, 1655, 24998, 28222, 2296, 2316);
INSERT INTO player_team_game_play(player_id, team_id, game_id, play_id, seconds_start, seconds_end) VALUES(7450, 1655, 24998, 28222, 2296, 2316);
INSERT INTO player_team_game_play(player_id, team_id, game_id, play_id, seconds_start, seconds_end) VALUES(7596, 1655, 24998, 28222, 2296, 2316);
INSERT INTO lba.sub_play (play_id, seconds_da_start, player_made_id, team_made_id, game_made_id, player_suffered_id, team_suffered_id, game_suffered_id, shot_id, turnover_id, foul_id, rebound_defensive_01, rebound_offensive_01, assist_01, blocks_01, time_out_01, x, y)VALUES(28222, 20, 7450, 1655, 24998, NULL, NULL, NULL, 2, NULL, NULL, '', '', '', '', '', 87, 65);
INSERT INTO lba.sub_play (play_id, seconds_da_start, player_made_id, team_made_id, game_made_id, player_suffered_id, team_suffered_id, game_suffered_id, shot_id, turnover_id, foul_id, rebound_defensive_01, rebound_offensive_01, assist_01, blocks_01, time_out_01, x, y)VALUES(28222, 20, 7405, 1649, 24998, NULL, NULL, NULL, NULL, NULL, NULL, '1', '', '', '', '', 87, 65);

INSERT INTO play(id, game_id, seconds_start, seconds_end, quarter, attack_home_01, score_home, score_guest)VALUES(28223, 24998, 2316, 2334, 4, '1', 107, 79);
INSERT INTO player_team_game_play(player_id, team_id, game_id, play_id, seconds_start, seconds_end) VALUES(2103, 1649, 24998, 28223, 2316, 2334);
INSERT INTO player_team_game_play(player_id, team_id, game_id, play_id, seconds_start, seconds_end) VALUES(6186, 1649, 24998, 28223, 2316, 2334);
INSERT INTO player_team_game_play(player_id, team_id, game_id, play_id, seconds_start, seconds_end) VALUES(7405, 1649, 24998, 28223, 2316, 2334);
INSERT INTO player_team_game_play(player_id, team_id, game_id, play_id, seconds_start, seconds_end) VALUES(7406, 1649, 24998, 28223, 2316, 2334);
INSERT INTO player_team_game_play(player_id, team_id, game_id, play_id, seconds_start, seconds_end) VALUES(1775, 1649, 24998, 28223, 2316, 2334);
INSERT INTO player_team_game_play(player_id, team_id, game_id, play_id, seconds_start, seconds_end) VALUES(2148, 1655, 24998, 28223, 2316, 2334);
INSERT INTO player_team_game_play(player_id, team_id, game_id, play_id, seconds_start, seconds_end) VALUES(7452, 1655, 24998, 28223, 2316, 2334);
INSERT INTO player_team_game_play(player_id, team_id, game_id, play_id, seconds_start, seconds_end) VALUES(7049, 1655, 24998, 28223, 2316, 2334);
INSERT INTO player_team_game_play(player_id, team_id, game_id, play_id, seconds_start, seconds_end) VALUES(7450, 1655, 24998, 28223, 2316, 2334);
INSERT INTO player_team_game_play(player_id, team_id, game_id, play_id, seconds_start, seconds_end) VALUES(7596, 1655, 24998, 28223, 2316, 2334);
INSERT INTO lba.sub_play (play_id, seconds_da_start, player_made_id, team_made_id, game_made_id, player_suffered_id, team_suffered_id, game_suffered_id, shot_id, turnover_id, foul_id, rebound_defensive_01, rebound_offensive_01, assist_01, blocks_01, time_out_01, x, y)VALUES(28223, 12, 7405, 1649, 24998, NULL, NULL, NULL, 4, NULL, NULL, '', '', '', '', '', 31, 28);
INSERT INTO lba.sub_play (play_id, seconds_da_start, player_made_id, team_made_id, game_made_id, player_suffered_id, team_suffered_id, game_suffered_id, shot_id, turnover_id, foul_id, rebound_defensive_01, rebound_offensive_01, assist_01, blocks_01, time_out_01, x, y)VALUES(28223, 12, 6186, 1649, 24998, NULL, NULL, NULL, NULL, NULL, NULL, '', '1', '', '', '', 31, 28);
INSERT INTO lba.sub_play (play_id, seconds_da_start, player_made_id, team_made_id, game_made_id, player_suffered_id, team_suffered_id, game_suffered_id, shot_id, turnover_id, foul_id, rebound_defensive_01, rebound_offensive_01, assist_01, blocks_01, time_out_01, x, y)VALUES(28223, 18, 7406, 1649, 24998, NULL, NULL, NULL, 4, NULL, NULL, '', '', '', '', '', 29, 82);
INSERT INTO lba.sub_play (play_id, seconds_da_start, player_made_id, team_made_id, game_made_id, player_suffered_id, team_suffered_id, game_suffered_id, shot_id, turnover_id, foul_id, rebound_defensive_01, rebound_offensive_01, assist_01, blocks_01, time_out_01, x, y)VALUES(28223, 18, 7596, 1655, 24998, NULL, NULL, NULL, NULL, NULL, NULL, '1', '', '', '', '', 29, 82);

INSERT INTO play(id, game_id, seconds_start, seconds_end, quarter, attack_home_01, score_home, score_guest)VALUES(28224, 24998, 2334, 2351, 4, '0', 107, 79);
INSERT INTO player_team_game_play(player_id, team_id, game_id, play_id, seconds_start, seconds_end) VALUES(2103, 1649, 24998, 28224, 2334, 2351);
INSERT INTO player_team_game_play(player_id, team_id, game_id, play_id, seconds_start, seconds_end) VALUES(6186, 1649, 24998, 28224, 2334, 2351);
INSERT INTO player_team_game_play(player_id, team_id, game_id, play_id, seconds_start, seconds_end) VALUES(7405, 1649, 24998, 28224, 2334, 2351);
INSERT INTO player_team_game_play(player_id, team_id, game_id, play_id, seconds_start, seconds_end) VALUES(7406, 1649, 24998, 28224, 2334, 2351);
INSERT INTO player_team_game_play(player_id, team_id, game_id, play_id, seconds_start, seconds_end) VALUES(1775, 1649, 24998, 28224, 2334, 2351);
INSERT INTO player_team_game_play(player_id, team_id, game_id, play_id, seconds_start, seconds_end) VALUES(2148, 1655, 24998, 28224, 2334, 2351);
INSERT INTO player_team_game_play(player_id, team_id, game_id, play_id, seconds_start, seconds_end) VALUES(7452, 1655, 24998, 28224, 2334, 2351);
INSERT INTO player_team_game_play(player_id, team_id, game_id, play_id, seconds_start, seconds_end) VALUES(7049, 1655, 24998, 28224, 2334, 2351);
INSERT INTO player_team_game_play(player_id, team_id, game_id, play_id, seconds_start, seconds_end) VALUES(7450, 1655, 24998, 28224, 2334, 2351);
INSERT INTO player_team_game_play(player_id, team_id, game_id, play_id, seconds_start, seconds_end) VALUES(7596, 1655, 24998, 28224, 2334, 2351);
INSERT INTO lba.sub_play (play_id, seconds_da_start, player_made_id, team_made_id, game_made_id, player_suffered_id, team_suffered_id, game_suffered_id, shot_id, turnover_id, foul_id, rebound_defensive_01, rebound_offensive_01, assist_01, blocks_01, time_out_01, x, y)VALUES(28224, 17, 7450, 1655, 24998, NULL, NULL, NULL, 2, NULL, NULL, '', '', '', '', '', 94, 82);
INSERT INTO lba.sub_play (play_id, seconds_da_start, player_made_id, team_made_id, game_made_id, player_suffered_id, team_suffered_id, game_suffered_id, shot_id, turnover_id, foul_id, rebound_defensive_01, rebound_offensive_01, assist_01, blocks_01, time_out_01, x, y)VALUES(28224, 17, 6186, 1649, 24998, NULL, NULL, NULL, NULL, NULL, NULL, '1', '', '', '', '', 94, 82);

INSERT INTO play(id, game_id, seconds_start, seconds_end, quarter, attack_home_01, score_home, score_guest)VALUES(28225, 24998, 2351, 2372, 4, '1', 107, 79);
INSERT INTO player_team_game_play(player_id, team_id, game_id, play_id, seconds_start, seconds_end) VALUES(2103, 1649, 24998, 28225, 2351, 2372);
INSERT INTO player_team_game_play(player_id, team_id, game_id, play_id, seconds_start, seconds_end) VALUES(6186, 1649, 24998, 28225, 2351, 2372);
INSERT INTO player_team_game_play(player_id, team_id, game_id, play_id, seconds_start, seconds_end) VALUES(7405, 1649, 24998, 28225, 2351, 2372);
INSERT INTO player_team_game_play(player_id, team_id, game_id, play_id, seconds_start, seconds_end) VALUES(7406, 1649, 24998, 28225, 2351, 2372);
INSERT INTO player_team_game_play(player_id, team_id, game_id, play_id, seconds_start, seconds_end) VALUES(1775, 1649, 24998, 28225, 2351, 2372);
INSERT INTO player_team_game_play(player_id, team_id, game_id, play_id, seconds_start, seconds_end) VALUES(2148, 1655, 24998, 28225, 2351, 2372);
INSERT INTO player_team_game_play(player_id, team_id, game_id, play_id, seconds_start, seconds_end) VALUES(7452, 1655, 24998, 28225, 2351, 2372);
INSERT INTO player_team_game_play(player_id, team_id, game_id, play_id, seconds_start, seconds_end) VALUES(7049, 1655, 24998, 28225, 2351, 2372);
INSERT INTO player_team_game_play(player_id, team_id, game_id, play_id, seconds_start, seconds_end) VALUES(7450, 1655, 24998, 28225, 2351, 2372);
INSERT INTO player_team_game_play(player_id, team_id, game_id, play_id, seconds_start, seconds_end) VALUES(7596, 1655, 24998, 28225, 2351, 2372);
INSERT INTO lba.sub_play (play_id, seconds_da_start, player_made_id, team_made_id, game_made_id, player_suffered_id, team_suffered_id, game_suffered_id, shot_id, turnover_id, foul_id, rebound_defensive_01, rebound_offensive_01, assist_01, blocks_01, time_out_01, x, y)VALUES(28225, 21, 2103, 1649, 24998, 7450, 1655, 24998, NULL, 1, NULL, '', '', '', '', '', 13, 51);

INSERT INTO play(id, game_id, seconds_start, seconds_end, quarter, attack_home_01, score_home, score_guest)VALUES(28226, 24998, 2372, 2400, 4, '0', 107, 79);
INSERT INTO player_team_game_play(player_id, team_id, game_id, play_id, seconds_start, seconds_end) VALUES(2103, 1649, 24998, 28226, 2372, 2400);
INSERT INTO player_team_game_play(player_id, team_id, game_id, play_id, seconds_start, seconds_end) VALUES(6186, 1649, 24998, 28226, 2372, 2400);
INSERT INTO player_team_game_play(player_id, team_id, game_id, play_id, seconds_start, seconds_end) VALUES(7405, 1649, 24998, 28226, 2372, 2400);
INSERT INTO player_team_game_play(player_id, team_id, game_id, play_id, seconds_start, seconds_end) VALUES(7406, 1649, 24998, 28226, 2372, 2400);
INSERT INTO player_team_game_play(player_id, team_id, game_id, play_id, seconds_start, seconds_end) VALUES(1775, 1649, 24998, 28226, 2372, 2400);
INSERT INTO player_team_game_play(player_id, team_id, game_id, play_id, seconds_start, seconds_end) VALUES(2148, 1655, 24998, 28226, 2372, 2400);
INSERT INTO player_team_game_play(player_id, team_id, game_id, play_id, seconds_start, seconds_end) VALUES(7452, 1655, 24998, 28226, 2372, 2400);
INSERT INTO player_team_game_play(player_id, team_id, game_id, play_id, seconds_start, seconds_end) VALUES(7049, 1655, 24998, 28226, 2372, 2400);
INSERT INTO player_team_game_play(player_id, team_id, game_id, play_id, seconds_start, seconds_end) VALUES(7450, 1655, 24998, 28226, 2372, 2400);
INSERT INTO player_team_game_play(player_id, team_id, game_id, play_id, seconds_start, seconds_end) VALUES(7596, 1655, 24998, 28226, 2372, 2400);
INSERT INTO lba.sub_play (play_id, seconds_da_start, player_made_id, team_made_id, game_made_id, player_suffered_id, team_suffered_id, game_suffered_id, shot_id, turnover_id, foul_id, rebound_defensive_01, rebound_offensive_01, assist_01, blocks_01, time_out_01, x, y)VALUES(28226, 8, 7596, 1655, 24998, NULL, NULL, NULL, 2, NULL, NULL, '', '', '', '', '', 90, 72);
INSERT INTO lba.sub_play (play_id, seconds_da_start, player_made_id, team_made_id, game_made_id, player_suffered_id, team_suffered_id, game_suffered_id, shot_id, turnover_id, foul_id, rebound_defensive_01, rebound_offensive_01, assist_01, blocks_01, time_out_01, x, y)VALUES(28226, 8, 7406, 1649, 24998, NULL, NULL, NULL, NULL, NULL, NULL, '1', '', '', '', '', 90, 72);

INSERT INTO game (id, league_year_id, type_game_id, team_home_id, team_guest_id, team_home_points, team_guest_points, date_hours_utc, referee_1_id, referee_2_id, referee_3_id) VALUES (25000, 1, 1, 1649, 1655, 89, 82, 1748102400000, 1, 2, 3);
INSERT INTO lba.player_team_game(player_id, team_id, game_id) VALUES(378, 1655, 25000);
INSERT INTO lba.player_team_game(player_id, team_id, game_id) VALUES(1775, 1649, 25000);
INSERT INTO lba.player_team_game(player_id, team_id, game_id) VALUES(2103, 1649, 25000);
INSERT INTO lba.player_team_game(player_id, team_id, game_id) VALUES(2148, 1655, 25000);
INSERT INTO lba.player_team_game(player_id, team_id, game_id) VALUES(3176, 1649, 25000);
INSERT INTO lba.player_team_game(player_id, team_id, game_id) VALUES(4692, 1649, 25000);
INSERT INTO lba.player_team_game(player_id, team_id, game_id) VALUES(5150, 1649, 25000);
INSERT INTO lba.player_team_game(player_id, team_id, game_id) VALUES(6138, 1649, 25000);
INSERT INTO lba.player_team_game(player_id, team_id, game_id) VALUES(6320, 1655, 25000);
INSERT INTO lba.player_team_game(player_id, team_id, game_id) VALUES(7015, 1649, 25000);
INSERT INTO lba.player_team_game(player_id, team_id, game_id) VALUES(7049, 1655, 25000);
INSERT INTO lba.player_team_game(player_id, team_id, game_id) VALUES(7404, 1649, 25000);
INSERT INTO lba.player_team_game(player_id, team_id, game_id) VALUES(7405, 1649, 25000);
INSERT INTO lba.player_team_game(player_id, team_id, game_id) VALUES(7406, 1649, 25000);
INSERT INTO lba.player_team_game(player_id, team_id, game_id) VALUES(7447, 1655, 25000);
INSERT INTO lba.player_team_game(player_id, team_id, game_id) VALUES(7448, 1655, 25000);
INSERT INTO lba.player_team_game(player_id, team_id, game_id) VALUES(7449, 1655, 25000);
INSERT INTO lba.player_team_game(player_id, team_id, game_id) VALUES(7450, 1655, 25000);
INSERT INTO lba.player_team_game(player_id, team_id, game_id) VALUES(7452, 1655, 25000);
INSERT INTO play(id, game_id, seconds_start, seconds_end, quarter, attack_home_01, score_home, score_guest)VALUES(28227, 25000, 0, 11, 1, '0', 0, 0);
INSERT INTO player_team_game_play(player_id, team_id, game_id, play_id, seconds_start, seconds_end) VALUES(7015, 1649, 25000, 28227, 0, 11);
INSERT INTO player_team_game_play(player_id, team_id, game_id, play_id, seconds_start, seconds_end) VALUES(3176, 1649, 25000, 28227, 0, 11);
INSERT INTO player_team_game_play(player_id, team_id, game_id, play_id, seconds_start, seconds_end) VALUES(7406, 1649, 25000, 28227, 0, 11);
INSERT INTO player_team_game_play(player_id, team_id, game_id, play_id, seconds_start, seconds_end) VALUES(6138, 1649, 25000, 28227, 0, 11);
INSERT INTO player_team_game_play(player_id, team_id, game_id, play_id, seconds_start, seconds_end) VALUES(5150, 1649, 25000, 28227, 0, 11);
INSERT INTO player_team_game_play(player_id, team_id, game_id, play_id, seconds_start, seconds_end) VALUES(7049, 1655, 25000, 28227, 0, 11);
INSERT INTO player_team_game_play(player_id, team_id, game_id, play_id, seconds_start, seconds_end) VALUES(7447, 1655, 25000, 28227, 0, 11);
INSERT INTO player_team_game_play(player_id, team_id, game_id, play_id, seconds_start, seconds_end) VALUES(7449, 1655, 25000, 28227, 0, 11);
INSERT INTO player_team_game_play(player_id, team_id, game_id, play_id, seconds_start, seconds_end) VALUES(7450, 1655, 25000, 28227, 0, 11);
INSERT INTO player_team_game_play(player_id, team_id, game_id, play_id, seconds_start, seconds_end) VALUES(7452, 1655, 25000, 28227, 0, 11);
INSERT INTO lba.sub_play (play_id, seconds_da_start, player_made_id, team_made_id, game_made_id, player_suffered_id, team_suffered_id, game_suffered_id, shot_id, turnover_id, foul_id, rebound_defensive_01, rebound_offensive_01, assist_01, blocks_01, time_out_01, x, y)VALUES(28227, 11, 7450, 1655, 25000, NULL, NULL, NULL, 4, NULL, NULL, '', '', '', '', '', 25, 90);
INSERT INTO lba.sub_play (play_id, seconds_da_start, player_made_id, team_made_id, game_made_id, player_suffered_id, team_suffered_id, game_suffered_id, shot_id, turnover_id, foul_id, rebound_defensive_01, rebound_offensive_01, assist_01, blocks_01, time_out_01, x, y)VALUES(28227, 11, 7406, 1649, 25000, NULL, NULL, NULL, NULL, NULL, NULL, '1', '', '', '', '', 25, 90);

INSERT INTO play(id, game_id, seconds_start, seconds_end, quarter, attack_home_01, score_home, score_guest)VALUES(28228, 25000, 11, 28, 1, '1', 2, 0);
INSERT INTO player_team_game_play(player_id, team_id, game_id, play_id, seconds_start, seconds_end) VALUES(7015, 1649, 25000, 28228, 11, 28);
INSERT INTO player_team_game_play(player_id, team_id, game_id, play_id, seconds_start, seconds_end) VALUES(3176, 1649, 25000, 28228, 11, 28);
INSERT INTO player_team_game_play(player_id, team_id, game_id, play_id, seconds_start, seconds_end) VALUES(7406, 1649, 25000, 28228, 11, 28);
INSERT INTO player_team_game_play(player_id, team_id, game_id, play_id, seconds_start, seconds_end) VALUES(6138, 1649, 25000, 28228, 11, 28);
INSERT INTO player_team_game_play(player_id, team_id, game_id, play_id, seconds_start, seconds_end) VALUES(5150, 1649, 25000, 28228, 11, 28);
INSERT INTO player_team_game_play(player_id, team_id, game_id, play_id, seconds_start, seconds_end) VALUES(7049, 1655, 25000, 28228, 11, 28);
INSERT INTO player_team_game_play(player_id, team_id, game_id, play_id, seconds_start, seconds_end) VALUES(7447, 1655, 25000, 28228, 11, 28);
INSERT INTO player_team_game_play(player_id, team_id, game_id, play_id, seconds_start, seconds_end) VALUES(7449, 1655, 25000, 28228, 11, 28);
INSERT INTO player_team_game_play(player_id, team_id, game_id, play_id, seconds_start, seconds_end) VALUES(7450, 1655, 25000, 28228, 11, 28);
INSERT INTO player_team_game_play(player_id, team_id, game_id, play_id, seconds_start, seconds_end) VALUES(7452, 1655, 25000, 28228, 11, 28);
INSERT INTO lba.sub_play (play_id, seconds_da_start, player_made_id, team_made_id, game_made_id, player_suffered_id, team_suffered_id, game_suffered_id, shot_id, turnover_id, foul_id, rebound_defensive_01, rebound_offensive_01, assist_01, blocks_01, time_out_01, x, y)VALUES(28228, 17, 3176, 1649, 25000, NULL, NULL, NULL, 1, NULL, NULL, '', '', '', '', '', 82, 52);
INSERT INTO lba.sub_play (play_id, seconds_da_start, player_made_id, team_made_id, game_made_id, player_suffered_id, team_suffered_id, game_suffered_id, shot_id, turnover_id, foul_id, rebound_defensive_01, rebound_offensive_01, assist_01, blocks_01, time_out_01, x, y)VALUES(28228, 17, 7015, 1649, 25000, NULL, NULL, NULL, NULL, NULL, NULL, '', '', '1', '', '', 82, 52);

INSERT INTO play(id, game_id, seconds_start, seconds_end, quarter, attack_home_01, score_home, score_guest)VALUES(28229, 25000, 28, 50, 1, '0', 2, 0);
INSERT INTO player_team_game_play(player_id, team_id, game_id, play_id, seconds_start, seconds_end) VALUES(7015, 1649, 25000, 28229, 28, 50);
INSERT INTO player_team_game_play(player_id, team_id, game_id, play_id, seconds_start, seconds_end) VALUES(3176, 1649, 25000, 28229, 28, 50);
INSERT INTO player_team_game_play(player_id, team_id, game_id, play_id, seconds_start, seconds_end) VALUES(7406, 1649, 25000, 28229, 28, 50);
INSERT INTO player_team_game_play(player_id, team_id, game_id, play_id, seconds_start, seconds_end) VALUES(6138, 1649, 25000, 28229, 28, 50);
INSERT INTO player_team_game_play(player_id, team_id, game_id, play_id, seconds_start, seconds_end) VALUES(5150, 1649, 25000, 28229, 28, 50);
INSERT INTO player_team_game_play(player_id, team_id, game_id, play_id, seconds_start, seconds_end) VALUES(7049, 1655, 25000, 28229, 28, 50);
INSERT INTO player_team_game_play(player_id, team_id, game_id, play_id, seconds_start, seconds_end) VALUES(7447, 1655, 25000, 28229, 28, 50);
INSERT INTO player_team_game_play(player_id, team_id, game_id, play_id, seconds_start, seconds_end) VALUES(7449, 1655, 25000, 28229, 28, 50);
INSERT INTO player_team_game_play(player_id, team_id, game_id, play_id, seconds_start, seconds_end) VALUES(7450, 1655, 25000, 28229, 28, 50);
INSERT INTO player_team_game_play(player_id, team_id, game_id, play_id, seconds_start, seconds_end) VALUES(7452, 1655, 25000, 28229, 28, 50);
INSERT INTO lba.sub_play (play_id, seconds_da_start, player_made_id, team_made_id, game_made_id, player_suffered_id, team_suffered_id, game_suffered_id, shot_id, turnover_id, foul_id, rebound_defensive_01, rebound_offensive_01, assist_01, blocks_01, time_out_01, x, y)VALUES(28229, 22, 7450, 1655, 25000, NULL, NULL, NULL, 2, NULL, NULL, '', '', '', '', '', 8, 31);
INSERT INTO lba.sub_play (play_id, seconds_da_start, player_made_id, team_made_id, game_made_id, player_suffered_id, team_suffered_id, game_suffered_id, shot_id, turnover_id, foul_id, rebound_defensive_01, rebound_offensive_01, assist_01, blocks_01, time_out_01, x, y)VALUES(28229, 22, 7015, 1649, 25000, 7450, 1655, 25000, NULL, NULL, NULL, '', '', '', '1', '', 8, 31);
INSERT INTO lba.sub_play (play_id, seconds_da_start, player_made_id, team_made_id, game_made_id, player_suffered_id, team_suffered_id, game_suffered_id, shot_id, turnover_id, foul_id, rebound_defensive_01, rebound_offensive_01, assist_01, blocks_01, time_out_01, x, y)VALUES(28229, 22, 7015, 1649, 25000, NULL, NULL, NULL, NULL, NULL, NULL, '1', '', '', '', '', 8, 31);

INSERT INTO play(id, game_id, seconds_start, seconds_end, quarter, attack_home_01, score_home, score_guest)VALUES(28230, 25000, 50, 76, 1, '1', 5, 0);
INSERT INTO player_team_game_play(player_id, team_id, game_id, play_id, seconds_start, seconds_end) VALUES(7015, 1649, 25000, 28230, 50, 76);
INSERT INTO player_team_game_play(player_id, team_id, game_id, play_id, seconds_start, seconds_end) VALUES(3176, 1649, 25000, 28230, 50, 76);
INSERT INTO player_team_game_play(player_id, team_id, game_id, play_id, seconds_start, seconds_end) VALUES(7406, 1649, 25000, 28230, 50, 76);
INSERT INTO player_team_game_play(player_id, team_id, game_id, play_id, seconds_start, seconds_end) VALUES(6138, 1649, 25000, 28230, 50, 76);
INSERT INTO player_team_game_play(player_id, team_id, game_id, play_id, seconds_start, seconds_end) VALUES(5150, 1649, 25000, 28230, 50, 76);
INSERT INTO player_team_game_play(player_id, team_id, game_id, play_id, seconds_start, seconds_end) VALUES(7049, 1655, 25000, 28230, 50, 76);
INSERT INTO player_team_game_play(player_id, team_id, game_id, play_id, seconds_start, seconds_end) VALUES(7447, 1655, 25000, 28230, 50, 76);
INSERT INTO player_team_game_play(player_id, team_id, game_id, play_id, seconds_start, seconds_end) VALUES(7449, 1655, 25000, 28230, 50, 76);
INSERT INTO player_team_game_play(player_id, team_id, game_id, play_id, seconds_start, seconds_end) VALUES(7450, 1655, 25000, 28230, 50, 76);
INSERT INTO player_team_game_play(player_id, team_id, game_id, play_id, seconds_start, seconds_end) VALUES(7452, 1655, 25000, 28230, 50, 76);
INSERT INTO lba.sub_play (play_id, seconds_da_start, player_made_id, team_made_id, game_made_id, player_suffered_id, team_suffered_id, game_suffered_id, shot_id, turnover_id, foul_id, rebound_defensive_01, rebound_offensive_01, assist_01, blocks_01, time_out_01, x, y)VALUES(28230, 16, 7447, 1655, 25000, 3176, 1649, 25000, NULL, NULL, 1, '', '', '', '', '', 87, 72);
INSERT INTO lba.sub_play (play_id, seconds_da_start, player_made_id, team_made_id, game_made_id, player_suffered_id, team_suffered_id, game_suffered_id, shot_id, turnover_id, foul_id, rebound_defensive_01, rebound_offensive_01, assist_01, blocks_01, time_out_01, x, y)VALUES(28230, 26, 5150, 1649, 25000, NULL, NULL, NULL, 3, NULL, NULL, '', '', '', '', '', 88, 98);
INSERT INTO lba.sub_play (play_id, seconds_da_start, player_made_id, team_made_id, game_made_id, player_suffered_id, team_suffered_id, game_suffered_id, shot_id, turnover_id, foul_id, rebound_defensive_01, rebound_offensive_01, assist_01, blocks_01, time_out_01, x, y)VALUES(28230, 26, 6138, 1649, 25000, NULL, NULL, NULL, NULL, NULL, NULL, '', '', '1', '', '', 88, 98);

INSERT INTO play(id, game_id, seconds_start, seconds_end, quarter, attack_home_01, score_home, score_guest)VALUES(28231, 25000, 76, 91, 1, '0', 5, 2);
INSERT INTO player_team_game_play(player_id, team_id, game_id, play_id, seconds_start, seconds_end) VALUES(7015, 1649, 25000, 28231, 76, 91);
INSERT INTO player_team_game_play(player_id, team_id, game_id, play_id, seconds_start, seconds_end) VALUES(3176, 1649, 25000, 28231, 76, 91);
INSERT INTO player_team_game_play(player_id, team_id, game_id, play_id, seconds_start, seconds_end) VALUES(7406, 1649, 25000, 28231, 76, 91);
INSERT INTO player_team_game_play(player_id, team_id, game_id, play_id, seconds_start, seconds_end) VALUES(6138, 1649, 25000, 28231, 76, 91);
INSERT INTO player_team_game_play(player_id, team_id, game_id, play_id, seconds_start, seconds_end) VALUES(5150, 1649, 25000, 28231, 76, 91);
INSERT INTO player_team_game_play(player_id, team_id, game_id, play_id, seconds_start, seconds_end) VALUES(7049, 1655, 25000, 28231, 76, 91);
INSERT INTO player_team_game_play(player_id, team_id, game_id, play_id, seconds_start, seconds_end) VALUES(7447, 1655, 25000, 28231, 76, 91);
INSERT INTO player_team_game_play(player_id, team_id, game_id, play_id, seconds_start, seconds_end) VALUES(7449, 1655, 25000, 28231, 76, 91);
INSERT INTO player_team_game_play(player_id, team_id, game_id, play_id, seconds_start, seconds_end) VALUES(7450, 1655, 25000, 28231, 76, 91);
INSERT INTO player_team_game_play(player_id, team_id, game_id, play_id, seconds_start, seconds_end) VALUES(7452, 1655, 25000, 28231, 76, 91);
INSERT INTO lba.sub_play (play_id, seconds_da_start, player_made_id, team_made_id, game_made_id, player_suffered_id, team_suffered_id, game_suffered_id, shot_id, turnover_id, foul_id, rebound_defensive_01, rebound_offensive_01, assist_01, blocks_01, time_out_01, x, y)VALUES(28231, 15, 7449, 1655, 25000, NULL, NULL, NULL, 1, NULL, NULL, '', '', '', '', '', 5, 51);
INSERT INTO lba.sub_play (play_id, seconds_da_start, player_made_id, team_made_id, game_made_id, player_suffered_id, team_suffered_id, game_suffered_id, shot_id, turnover_id, foul_id, rebound_defensive_01, rebound_offensive_01, assist_01, blocks_01, time_out_01, x, y)VALUES(28231, 15, 7049, 1655, 25000, NULL, NULL, NULL, NULL, NULL, NULL, '', '', '1', '', '', 5, 51);

INSERT INTO play(id, game_id, seconds_start, seconds_end, quarter, attack_home_01, score_home, score_guest)VALUES(28232, 25000, 91, 110, 1, '1', 5, 2);
INSERT INTO player_team_game_play(player_id, team_id, game_id, play_id, seconds_start, seconds_end) VALUES(7015, 1649, 25000, 28232, 91, 110);
INSERT INTO player_team_game_play(player_id, team_id, game_id, play_id, seconds_start, seconds_end) VALUES(3176, 1649, 25000, 28232, 91, 110);
INSERT INTO player_team_game_play(player_id, team_id, game_id, play_id, seconds_start, seconds_end) VALUES(7406, 1649, 25000, 28232, 91, 110);
INSERT INTO player_team_game_play(player_id, team_id, game_id, play_id, seconds_start, seconds_end) VALUES(6138, 1649, 25000, 28232, 91, 110);
INSERT INTO player_team_game_play(player_id, team_id, game_id, play_id, seconds_start, seconds_end) VALUES(5150, 1649, 25000, 28232, 91, 110);
INSERT INTO player_team_game_play(player_id, team_id, game_id, play_id, seconds_start, seconds_end) VALUES(7049, 1655, 25000, 28232, 91, 110);
INSERT INTO player_team_game_play(player_id, team_id, game_id, play_id, seconds_start, seconds_end) VALUES(7447, 1655, 25000, 28232, 91, 110);
INSERT INTO player_team_game_play(player_id, team_id, game_id, play_id, seconds_start, seconds_end) VALUES(7449, 1655, 25000, 28232, 91, 110);
INSERT INTO player_team_game_play(player_id, team_id, game_id, play_id, seconds_start, seconds_end) VALUES(7450, 1655, 25000, 28232, 91, 110);
INSERT INTO player_team_game_play(player_id, team_id, game_id, play_id, seconds_start, seconds_end) VALUES(7452, 1655, 25000, 28232, 91, 110);
INSERT INTO lba.sub_play (play_id, seconds_da_start, player_made_id, team_made_id, game_made_id, player_suffered_id, team_suffered_id, game_suffered_id, shot_id, turnover_id, foul_id, rebound_defensive_01, rebound_offensive_01, assist_01, blocks_01, time_out_01, x, y)VALUES(28232, 19, 3176, 1649, 25000, NULL, NULL, NULL, 2, NULL, NULL, '', '', '', '', '', 93, 45);
INSERT INTO lba.sub_play (play_id, seconds_da_start, player_made_id, team_made_id, game_made_id, player_suffered_id, team_suffered_id, game_suffered_id, shot_id, turnover_id, foul_id, rebound_defensive_01, rebound_offensive_01, assist_01, blocks_01, time_out_01, x, y)VALUES(28232, 19, 7447, 1655, 25000, NULL, NULL, NULL, NULL, NULL, NULL, '1', '', '', '', '', 93, 45);

INSERT INTO play(id, game_id, seconds_start, seconds_end, quarter, attack_home_01, score_home, score_guest)VALUES(28233, 25000, 110, 136, 1, '0', 5, 2);
INSERT INTO player_team_game_play(player_id, team_id, game_id, play_id, seconds_start, seconds_end) VALUES(7015, 1649, 25000, 28233, 110, 136);
INSERT INTO player_team_game_play(player_id, team_id, game_id, play_id, seconds_start, seconds_end) VALUES(3176, 1649, 25000, 28233, 110, 136);
INSERT INTO player_team_game_play(player_id, team_id, game_id, play_id, seconds_start, seconds_end) VALUES(7406, 1649, 25000, 28233, 110, 136);
INSERT INTO player_team_game_play(player_id, team_id, game_id, play_id, seconds_start, seconds_end) VALUES(6138, 1649, 25000, 28233, 110, 136);
INSERT INTO player_team_game_play(player_id, team_id, game_id, play_id, seconds_start, seconds_end) VALUES(5150, 1649, 25000, 28233, 110, 136);
INSERT INTO player_team_game_play(player_id, team_id, game_id, play_id, seconds_start, seconds_end) VALUES(7049, 1655, 25000, 28233, 110, 136);
INSERT INTO player_team_game_play(player_id, team_id, game_id, play_id, seconds_start, seconds_end) VALUES(7447, 1655, 25000, 28233, 110, 136);
INSERT INTO player_team_game_play(player_id, team_id, game_id, play_id, seconds_start, seconds_end) VALUES(7449, 1655, 25000, 28233, 110, 136);
INSERT INTO player_team_game_play(player_id, team_id, game_id, play_id, seconds_start, seconds_end) VALUES(7450, 1655, 25000, 28233, 110, 136);
INSERT INTO player_team_game_play(player_id, team_id, game_id, play_id, seconds_start, seconds_end) VALUES(7452, 1655, 25000, 28233, 110, 136);
INSERT INTO lba.sub_play (play_id, seconds_da_start, player_made_id, team_made_id, game_made_id, player_suffered_id, team_suffered_id, game_suffered_id, shot_id, turnover_id, foul_id, rebound_defensive_01, rebound_offensive_01, assist_01, blocks_01, time_out_01, x, y)VALUES(28233, 20, 3176, 1649, 25000, 7450, 1655, 25000, NULL, NULL, 1, '', '', '', '', '', 9, 24);
INSERT INTO lba.sub_play (play_id, seconds_da_start, player_made_id, team_made_id, game_made_id, player_suffered_id, team_suffered_id, game_suffered_id, shot_id, turnover_id, foul_id, rebound_defensive_01, rebound_offensive_01, assist_01, blocks_01, time_out_01, x, y)VALUES(28233, 26, 7450, 1655, 25000, 7015, 1649, 25000, NULL, 1, NULL, '', '', '', '', '', 21, 27);

INSERT INTO play(id, game_id, seconds_start, seconds_end, quarter, attack_home_01, score_home, score_guest)VALUES(28234, 25000, 136, 141, 1, '1', 7, 2);
INSERT INTO player_team_game_play(player_id, team_id, game_id, play_id, seconds_start, seconds_end) VALUES(7015, 1649, 25000, 28234, 136, 141);
INSERT INTO player_team_game_play(player_id, team_id, game_id, play_id, seconds_start, seconds_end) VALUES(3176, 1649, 25000, 28234, 136, 141);
INSERT INTO player_team_game_play(player_id, team_id, game_id, play_id, seconds_start, seconds_end) VALUES(7406, 1649, 25000, 28234, 136, 141);
INSERT INTO player_team_game_play(player_id, team_id, game_id, play_id, seconds_start, seconds_end) VALUES(6138, 1649, 25000, 28234, 136, 141);
INSERT INTO player_team_game_play(player_id, team_id, game_id, play_id, seconds_start, seconds_end) VALUES(5150, 1649, 25000, 28234, 136, 141);
INSERT INTO player_team_game_play(player_id, team_id, game_id, play_id, seconds_start, seconds_end) VALUES(7049, 1655, 25000, 28234, 136, 141);
INSERT INTO player_team_game_play(player_id, team_id, game_id, play_id, seconds_start, seconds_end) VALUES(7447, 1655, 25000, 28234, 136, 141);
INSERT INTO player_team_game_play(player_id, team_id, game_id, play_id, seconds_start, seconds_end) VALUES(7449, 1655, 25000, 28234, 136, 141);
INSERT INTO player_team_game_play(player_id, team_id, game_id, play_id, seconds_start, seconds_end) VALUES(7450, 1655, 25000, 28234, 136, 141);
INSERT INTO player_team_game_play(player_id, team_id, game_id, play_id, seconds_start, seconds_end) VALUES(7452, 1655, 25000, 28234, 136, 141);
INSERT INTO lba.sub_play (play_id, seconds_da_start, player_made_id, team_made_id, game_made_id, player_suffered_id, team_suffered_id, game_suffered_id, shot_id, turnover_id, foul_id, rebound_defensive_01, rebound_offensive_01, assist_01, blocks_01, time_out_01, x, y)VALUES(28234, 5, 7049, 1655, 25000, 5150, 1649, 25000, NULL, NULL, 4, '', '', '', '', '', 94, 41);
INSERT INTO lba.sub_play (play_id, seconds_da_start, player_made_id, team_made_id, game_made_id, player_suffered_id, team_suffered_id, game_suffered_id, shot_id, turnover_id, foul_id, rebound_defensive_01, rebound_offensive_01, assist_01, blocks_01, time_out_01, x, y)VALUES(28234, 5, 5150, 1649, 25000, NULL, NULL, NULL, 5, NULL, NULL, '', '', '', '', '', NULL, NULL);
INSERT INTO lba.sub_play (play_id, seconds_da_start, player_made_id, team_made_id, game_made_id, player_suffered_id, team_suffered_id, game_suffered_id, shot_id, turnover_id, foul_id, rebound_defensive_01, rebound_offensive_01, assist_01, blocks_01, time_out_01, x, y)VALUES(28234, 5, 5150, 1649, 25000, NULL, NULL, NULL, 5, NULL, NULL, '', '', '', '', '', NULL, NULL);

INSERT INTO play(id, game_id, seconds_start, seconds_end, quarter, attack_home_01, score_home, score_guest)VALUES(28235, 25000, 141, 175, 1, '1', 9, 5);
INSERT INTO player_team_game_play(player_id, team_id, game_id, play_id, seconds_start, seconds_end) VALUES(7015, 1649, 25000, 28235, 141, 175);
INSERT INTO player_team_game_play(player_id, team_id, game_id, play_id, seconds_start, seconds_end) VALUES(3176, 1649, 25000, 28235, 141, 175);
INSERT INTO player_team_game_play(player_id, team_id, game_id, play_id, seconds_start, seconds_end) VALUES(7406, 1649, 25000, 28235, 141, 175);
INSERT INTO player_team_game_play(player_id, team_id, game_id, play_id, seconds_start, seconds_end) VALUES(6138, 1649, 25000, 28235, 141, 175);
INSERT INTO player_team_game_play(player_id, team_id, game_id, play_id, seconds_start, seconds_end) VALUES(5150, 1649, 25000, 28235, 141, 175);
INSERT INTO player_team_game_play(player_id, team_id, game_id, play_id, seconds_start, seconds_end) VALUES(7049, 1655, 25000, 28235, 141, 175);
INSERT INTO player_team_game_play(player_id, team_id, game_id, play_id, seconds_start, seconds_end) VALUES(7447, 1655, 25000, 28235, 141, 175);
INSERT INTO player_team_game_play(player_id, team_id, game_id, play_id, seconds_start, seconds_end) VALUES(7449, 1655, 25000, 28235, 141, 175);
INSERT INTO player_team_game_play(player_id, team_id, game_id, play_id, seconds_start, seconds_end) VALUES(7450, 1655, 25000, 28235, 141, 175);
INSERT INTO player_team_game_play(player_id, team_id, game_id, play_id, seconds_start, seconds_end) VALUES(7452, 1655, 25000, 28235, 141, 175);
INSERT INTO lba.sub_play (play_id, seconds_da_start, player_made_id, team_made_id, game_made_id, player_suffered_id, team_suffered_id, game_suffered_id, shot_id, turnover_id, foul_id, rebound_defensive_01, rebound_offensive_01, assist_01, blocks_01, time_out_01, x, y)VALUES(28235, 3, 7015, 1649, 25000, 7452, 1655, 25000, NULL, NULL, 1, '', '', '', '', '', 24, 22);
INSERT INTO lba.sub_play (play_id, seconds_da_start, player_made_id, team_made_id, game_made_id, player_suffered_id, team_suffered_id, game_suffered_id, shot_id, turnover_id, foul_id, rebound_defensive_01, rebound_offensive_01, assist_01, blocks_01, time_out_01, x, y)VALUES(28235, 12, 7447, 1655, 25000, NULL, NULL, NULL, 3, NULL, NULL, '', '', '', '', '', 30, 71);
INSERT INTO lba.sub_play (play_id, seconds_da_start, player_made_id, team_made_id, game_made_id, player_suffered_id, team_suffered_id, game_suffered_id, shot_id, turnover_id, foul_id, rebound_defensive_01, rebound_offensive_01, assist_01, blocks_01, time_out_01, x, y)VALUES(28235, 21, 7452, 1655, 25000, 6138, 1649, 25000, NULL, NULL, 1, '', '', '', '', '', 59, 33);
INSERT INTO lba.sub_play (play_id, seconds_da_start, player_made_id, team_made_id, game_made_id, player_suffered_id, team_suffered_id, game_suffered_id, shot_id, turnover_id, foul_id, rebound_defensive_01, rebound_offensive_01, assist_01, blocks_01, time_out_01, x, y)VALUES(28235, 34, 3176, 1649, 25000, NULL, NULL, NULL, 1, NULL, NULL, '', '', '', '', '', 91, 27);

INSERT INTO play(id, game_id, seconds_start, seconds_end, quarter, attack_home_01, score_home, score_guest)VALUES(28236, 25000, 175, 195, 1, '0', 9, 5);
INSERT INTO player_team_game_play(player_id, team_id, game_id, play_id, seconds_start, seconds_end) VALUES(7015, 1649, 25000, 28236, 175, 195);
INSERT INTO player_team_game_play(player_id, team_id, game_id, play_id, seconds_start, seconds_end) VALUES(3176, 1649, 25000, 28236, 175, 195);
INSERT INTO player_team_game_play(player_id, team_id, game_id, play_id, seconds_start, seconds_end) VALUES(7406, 1649, 25000, 28236, 175, 195);
INSERT INTO player_team_game_play(player_id, team_id, game_id, play_id, seconds_start, seconds_end) VALUES(6138, 1649, 25000, 28236, 175, 195);
INSERT INTO player_team_game_play(player_id, team_id, game_id, play_id, seconds_start, seconds_end) VALUES(5150, 1649, 25000, 28236, 175, 195);
INSERT INTO player_team_game_play(player_id, team_id, game_id, play_id, seconds_start, seconds_end) VALUES(7049, 1655, 25000, 28236, 175, 195);
INSERT INTO player_team_game_play(player_id, team_id, game_id, play_id, seconds_start, seconds_end) VALUES(7447, 1655, 25000, 28236, 175, 195);
INSERT INTO player_team_game_play(player_id, team_id, game_id, play_id, seconds_start, seconds_end) VALUES(7449, 1655, 25000, 28236, 175, 195);
INSERT INTO player_team_game_play(player_id, team_id, game_id, play_id, seconds_start, seconds_end) VALUES(7450, 1655, 25000, 28236, 175, 195);
INSERT INTO player_team_game_play(player_id, team_id, game_id, play_id, seconds_start, seconds_end) VALUES(7452, 1655, 25000, 28236, 175, 195);
INSERT INTO lba.sub_play (play_id, seconds_da_start, player_made_id, team_made_id, game_made_id, player_suffered_id, team_suffered_id, game_suffered_id, shot_id, turnover_id, foul_id, rebound_defensive_01, rebound_offensive_01, assist_01, blocks_01, time_out_01, x, y)VALUES(28236, 20, 7452, 1655, 25000, NULL, NULL, NULL, 2, NULL, NULL, '', '', '', '', '', 23, 30);
INSERT INTO lba.sub_play (play_id, seconds_da_start, player_made_id, team_made_id, game_made_id, player_suffered_id, team_suffered_id, game_suffered_id, shot_id, turnover_id, foul_id, rebound_defensive_01, rebound_offensive_01, assist_01, blocks_01, time_out_01, x, y)VALUES(28236, 20, 3176, 1649, 25000, NULL, NULL, NULL, NULL, NULL, NULL, '1', '', '', '', '', 23, 30);

INSERT INTO play(id, game_id, seconds_start, seconds_end, quarter, attack_home_01, score_home, score_guest)VALUES(28237, 25000, 195, 217, 1, '1', 9, 5);
INSERT INTO player_team_game_play(player_id, team_id, game_id, play_id, seconds_start, seconds_end) VALUES(7015, 1649, 25000, 28237, 195, 217);
INSERT INTO player_team_game_play(player_id, team_id, game_id, play_id, seconds_start, seconds_end) VALUES(3176, 1649, 25000, 28237, 195, 217);
INSERT INTO player_team_game_play(player_id, team_id, game_id, play_id, seconds_start, seconds_end) VALUES(7406, 1649, 25000, 28237, 195, 217);
INSERT INTO player_team_game_play(player_id, team_id, game_id, play_id, seconds_start, seconds_end) VALUES(6138, 1649, 25000, 28237, 195, 217);
INSERT INTO player_team_game_play(player_id, team_id, game_id, play_id, seconds_start, seconds_end) VALUES(5150, 1649, 25000, 28237, 195, 217);
INSERT INTO player_team_game_play(player_id, team_id, game_id, play_id, seconds_start, seconds_end) VALUES(7049, 1655, 25000, 28237, 195, 217);
INSERT INTO player_team_game_play(player_id, team_id, game_id, play_id, seconds_start, seconds_end) VALUES(7447, 1655, 25000, 28237, 195, 217);
INSERT INTO player_team_game_play(player_id, team_id, game_id, play_id, seconds_start, seconds_end) VALUES(7449, 1655, 25000, 28237, 195, 217);
INSERT INTO player_team_game_play(player_id, team_id, game_id, play_id, seconds_start, seconds_end) VALUES(7450, 1655, 25000, 28237, 195, 217);
INSERT INTO player_team_game_play(player_id, team_id, game_id, play_id, seconds_start, seconds_end) VALUES(7452, 1655, 25000, 28237, 195, 217);
INSERT INTO lba.sub_play (play_id, seconds_da_start, player_made_id, team_made_id, game_made_id, player_suffered_id, team_suffered_id, game_suffered_id, shot_id, turnover_id, foul_id, rebound_defensive_01, rebound_offensive_01, assist_01, blocks_01, time_out_01, x, y)VALUES(28237, 13, 7015, 1649, 25000, NULL, NULL, NULL, 4, NULL, NULL, '', '', '', '', '', 70, 84);
INSERT INTO lba.sub_play (play_id, seconds_da_start, player_made_id, team_made_id, game_made_id, player_suffered_id, team_suffered_id, game_suffered_id, shot_id, turnover_id, foul_id, rebound_defensive_01, rebound_offensive_01, assist_01, blocks_01, time_out_01, x, y)VALUES(28237, 13, 7406, 1649, 25000, NULL, NULL, NULL, NULL, NULL, NULL, '', '1', '', '', '', 70, 84);
INSERT INTO lba.sub_play (play_id, seconds_da_start, player_made_id, team_made_id, game_made_id, player_suffered_id, team_suffered_id, game_suffered_id, shot_id, turnover_id, foul_id, rebound_defensive_01, rebound_offensive_01, assist_01, blocks_01, time_out_01, x, y)VALUES(28237, 22, 6138, 1649, 25000, NULL, NULL, NULL, 4, NULL, NULL, '', '', '', '', '', 85, 96);
INSERT INTO lba.sub_play (play_id, seconds_da_start, player_made_id, team_made_id, game_made_id, player_suffered_id, team_suffered_id, game_suffered_id, shot_id, turnover_id, foul_id, rebound_defensive_01, rebound_offensive_01, assist_01, blocks_01, time_out_01, x, y)VALUES(28237, 22, 7447, 1655, 25000, NULL, NULL, NULL, NULL, NULL, NULL, '1', '', '', '', '', 85, 96);

INSERT INTO play(id, game_id, seconds_start, seconds_end, quarter, attack_home_01, score_home, score_guest)VALUES(28238, 25000, 217, 224, 1, '0', 9, 8);
INSERT INTO player_team_game_play(player_id, team_id, game_id, play_id, seconds_start, seconds_end) VALUES(7015, 1649, 25000, 28238, 217, 224);
INSERT INTO player_team_game_play(player_id, team_id, game_id, play_id, seconds_start, seconds_end) VALUES(3176, 1649, 25000, 28238, 217, 224);
INSERT INTO player_team_game_play(player_id, team_id, game_id, play_id, seconds_start, seconds_end) VALUES(7406, 1649, 25000, 28238, 217, 224);
INSERT INTO player_team_game_play(player_id, team_id, game_id, play_id, seconds_start, seconds_end) VALUES(6138, 1649, 25000, 28238, 217, 224);
INSERT INTO player_team_game_play(player_id, team_id, game_id, play_id, seconds_start, seconds_end) VALUES(5150, 1649, 25000, 28238, 217, 224);
INSERT INTO player_team_game_play(player_id, team_id, game_id, play_id, seconds_start, seconds_end) VALUES(7049, 1655, 25000, 28238, 217, 224);
INSERT INTO player_team_game_play(player_id, team_id, game_id, play_id, seconds_start, seconds_end) VALUES(7447, 1655, 25000, 28238, 217, 224);
INSERT INTO player_team_game_play(player_id, team_id, game_id, play_id, seconds_start, seconds_end) VALUES(7449, 1655, 25000, 28238, 217, 224);
INSERT INTO player_team_game_play(player_id, team_id, game_id, play_id, seconds_start, seconds_end) VALUES(7450, 1655, 25000, 28238, 217, 224);
INSERT INTO player_team_game_play(player_id, team_id, game_id, play_id, seconds_start, seconds_end) VALUES(7452, 1655, 25000, 28238, 217, 224);
INSERT INTO lba.sub_play (play_id, seconds_da_start, player_made_id, team_made_id, game_made_id, player_suffered_id, team_suffered_id, game_suffered_id, shot_id, turnover_id, foul_id, rebound_defensive_01, rebound_offensive_01, assist_01, blocks_01, time_out_01, x, y)VALUES(28238, 7, 7447, 1655, 25000, NULL, NULL, NULL, 3, NULL, NULL, '', '', '', '', '', 29, 81);

INSERT INTO play(id, game_id, seconds_start, seconds_end, quarter, attack_home_01, score_home, score_guest)VALUES(28239, 25000, 224, 244, 1, '1', 9, 8);
INSERT INTO player_team_game_play(player_id, team_id, game_id, play_id, seconds_start, seconds_end) VALUES(7015, 1649, 25000, 28239, 224, 244);
INSERT INTO player_team_game_play(player_id, team_id, game_id, play_id, seconds_start, seconds_end) VALUES(3176, 1649, 25000, 28239, 224, 244);
INSERT INTO player_team_game_play(player_id, team_id, game_id, play_id, seconds_start, seconds_end) VALUES(7406, 1649, 25000, 28239, 224, 244);
INSERT INTO player_team_game_play(player_id, team_id, game_id, play_id, seconds_start, seconds_end) VALUES(6138, 1649, 25000, 28239, 224, 244);
INSERT INTO player_team_game_play(player_id, team_id, game_id, play_id, seconds_start, seconds_end) VALUES(5150, 1649, 25000, 28239, 224, 244);
INSERT INTO player_team_game_play(player_id, team_id, game_id, play_id, seconds_start, seconds_end) VALUES(7049, 1655, 25000, 28239, 224, 244);
INSERT INTO player_team_game_play(player_id, team_id, game_id, play_id, seconds_start, seconds_end) VALUES(7447, 1655, 25000, 28239, 224, 244);
INSERT INTO player_team_game_play(player_id, team_id, game_id, play_id, seconds_start, seconds_end) VALUES(7449, 1655, 25000, 28239, 224, 244);
INSERT INTO player_team_game_play(player_id, team_id, game_id, play_id, seconds_start, seconds_end) VALUES(7450, 1655, 25000, 28239, 224, 244);
INSERT INTO player_team_game_play(player_id, team_id, game_id, play_id, seconds_start, seconds_end) VALUES(7452, 1655, 25000, 28239, 224, 244);
INSERT INTO lba.sub_play (play_id, seconds_da_start, player_made_id, team_made_id, game_made_id, player_suffered_id, team_suffered_id, game_suffered_id, shot_id, turnover_id, foul_id, rebound_defensive_01, rebound_offensive_01, assist_01, blocks_01, time_out_01, x, y)VALUES(28239, 20, 7406, 1649, 25000, NULL, NULL, NULL, 4, NULL, NULL, '', '', '', '', '', 77, 13);
INSERT INTO lba.sub_play (play_id, seconds_da_start, player_made_id, team_made_id, game_made_id, player_suffered_id, team_suffered_id, game_suffered_id, shot_id, turnover_id, foul_id, rebound_defensive_01, rebound_offensive_01, assist_01, blocks_01, time_out_01, x, y)VALUES(28239, 20, 7449, 1655, 25000, NULL, NULL, NULL, NULL, NULL, NULL, '1', '', '', '', '', 77, 13);

INSERT INTO play(id, game_id, seconds_start, seconds_end, quarter, attack_home_01, score_home, score_guest)VALUES(28240, 25000, 244, 267, 1, '0', 9, 11);
INSERT INTO player_team_game_play(player_id, team_id, game_id, play_id, seconds_start, seconds_end) VALUES(7015, 1649, 25000, 28240, 244, 267);
INSERT INTO player_team_game_play(player_id, team_id, game_id, play_id, seconds_start, seconds_end) VALUES(3176, 1649, 25000, 28240, 244, 267);
INSERT INTO player_team_game_play(player_id, team_id, game_id, play_id, seconds_start, seconds_end) VALUES(7406, 1649, 25000, 28240, 244, 267);
INSERT INTO player_team_game_play(player_id, team_id, game_id, play_id, seconds_start, seconds_end) VALUES(6138, 1649, 25000, 28240, 244, 267);
INSERT INTO player_team_game_play(player_id, team_id, game_id, play_id, seconds_start, seconds_end) VALUES(5150, 1649, 25000, 28240, 244, 267);
INSERT INTO player_team_game_play(player_id, team_id, game_id, play_id, seconds_start, seconds_end) VALUES(7049, 1655, 25000, 28240, 244, 267);
INSERT INTO player_team_game_play(player_id, team_id, game_id, play_id, seconds_start, seconds_end) VALUES(7447, 1655, 25000, 28240, 244, 267);
INSERT INTO player_team_game_play(player_id, team_id, game_id, play_id, seconds_start, seconds_end) VALUES(7449, 1655, 25000, 28240, 244, 267);
INSERT INTO player_team_game_play(player_id, team_id, game_id, play_id, seconds_start, seconds_end) VALUES(7450, 1655, 25000, 28240, 244, 267);
INSERT INTO player_team_game_play(player_id, team_id, game_id, play_id, seconds_start, seconds_end) VALUES(7452, 1655, 25000, 28240, 244, 267);
UPDATE player_team_game_play SET seconds_end = 254 WHERE player_id = 7449 AND game_id = 25000 AND play_id = 28240;
UPDATE player_team_game_play SET seconds_end = 254 WHERE player_id = 7450 AND game_id = 25000 AND play_id = 28240;
UPDATE player_team_game_play SET seconds_end = 254 WHERE player_id = 7452 AND game_id = 25000 AND play_id = 28240;
INSERT INTO player_team_game_play(player_id, team_id, game_id, play_id, seconds_start, seconds_end) VALUES(6320, 1655, 25000, 28240, 254, 267);
INSERT INTO player_team_game_play(player_id, team_id, game_id, play_id, seconds_start, seconds_end) VALUES(7448, 1655, 25000, 28240, 254, 267);
INSERT INTO player_team_game_play(player_id, team_id, game_id, play_id, seconds_start, seconds_end) VALUES(378, 1655, 25000, 28240, 254, 267);
UPDATE player_team_game_play SET seconds_end = 267 WHERE player_id = 7015 AND game_id = 25000 AND play_id = 28240;
INSERT INTO player_team_game_play(player_id, team_id, game_id, play_id, seconds_start, seconds_end) VALUES(1775, 1649, 25000, 28240, 267, 267);
INSERT INTO lba.sub_play (play_id, seconds_da_start, player_made_id, team_made_id, game_made_id, player_suffered_id, team_suffered_id, game_suffered_id, shot_id, turnover_id, foul_id, rebound_defensive_01, rebound_offensive_01, assist_01, blocks_01, time_out_01, x, y)VALUES(28240, 7, 7406, 1649, 25000, 7049, 1655, 25000, NULL, NULL, 1, '', '', '', '', '', 26, 39);
INSERT INTO lba.sub_play (play_id, seconds_da_start, player_made_id, team_made_id, game_made_id, player_suffered_id, team_suffered_id, game_suffered_id, shot_id, turnover_id, foul_id, rebound_defensive_01, rebound_offensive_01, assist_01, blocks_01, time_out_01, x, y)VALUES(28240, 13, 7448, 1655, 25000, NULL, NULL, NULL, 2, NULL, NULL, '', '', '', '', '', 11, 49);
INSERT INTO lba.sub_play (play_id, seconds_da_start, player_made_id, team_made_id, game_made_id, player_suffered_id, team_suffered_id, game_suffered_id, shot_id, turnover_id, foul_id, rebound_defensive_01, rebound_offensive_01, assist_01, blocks_01, time_out_01, x, y)VALUES(28240, 13, 6320, 1655, 25000, NULL, NULL, NULL, NULL, NULL, NULL, '', '1', '', '', '', 11, 49);
INSERT INTO lba.sub_play (play_id, seconds_da_start, player_made_id, team_made_id, game_made_id, player_suffered_id, team_suffered_id, game_suffered_id, shot_id, turnover_id, foul_id, rebound_defensive_01, rebound_offensive_01, assist_01, blocks_01, time_out_01, x, y)VALUES(28240, 13, 378, 1655, 25000, NULL, NULL, NULL, 1, NULL, NULL, '', '', '', '', '', 11, 49);
INSERT INTO lba.sub_play (play_id, seconds_da_start, player_made_id, team_made_id, game_made_id, player_suffered_id, team_suffered_id, game_suffered_id, shot_id, turnover_id, foul_id, rebound_defensive_01, rebound_offensive_01, assist_01, blocks_01, time_out_01, x, y)VALUES(28240, 13, 7015, 1649, 25000, 378, 1655, 25000, NULL, NULL, 4, '', '', '', '', '', 11, 49);
INSERT INTO lba.sub_play (play_id, seconds_da_start, player_made_id, team_made_id, game_made_id, player_suffered_id, team_suffered_id, game_suffered_id, shot_id, turnover_id, foul_id, rebound_defensive_01, rebound_offensive_01, assist_01, blocks_01, time_out_01, x, y)VALUES(28240, 23, 378, 1655, 25000, NULL, NULL, NULL, 5, NULL, NULL, '', '', '', '', '', NULL, NULL);

INSERT INTO play(id, game_id, seconds_start, seconds_end, quarter, attack_home_01, score_home, score_guest)VALUES(28241, 25000, 267, 281, 1, '1', 9, 11);
INSERT INTO player_team_game_play(player_id, team_id, game_id, play_id, seconds_start, seconds_end) VALUES(7015, 1649, 25000, 28241, 267, 281);
INSERT INTO player_team_game_play(player_id, team_id, game_id, play_id, seconds_start, seconds_end) VALUES(3176, 1649, 25000, 28241, 267, 281);
INSERT INTO player_team_game_play(player_id, team_id, game_id, play_id, seconds_start, seconds_end) VALUES(7406, 1649, 25000, 28241, 267, 281);
INSERT INTO player_team_game_play(player_id, team_id, game_id, play_id, seconds_start, seconds_end) VALUES(6138, 1649, 25000, 28241, 267, 281);
INSERT INTO player_team_game_play(player_id, team_id, game_id, play_id, seconds_start, seconds_end) VALUES(5150, 1649, 25000, 28241, 267, 281);
INSERT INTO player_team_game_play(player_id, team_id, game_id, play_id, seconds_start, seconds_end) VALUES(7049, 1655, 25000, 28241, 267, 281);
INSERT INTO player_team_game_play(player_id, team_id, game_id, play_id, seconds_start, seconds_end) VALUES(6320, 1655, 25000, 28241, 267, 281);
INSERT INTO player_team_game_play(player_id, team_id, game_id, play_id, seconds_start, seconds_end) VALUES(7447, 1655, 25000, 28241, 267, 281);
INSERT INTO player_team_game_play(player_id, team_id, game_id, play_id, seconds_start, seconds_end) VALUES(7448, 1655, 25000, 28241, 267, 281);
INSERT INTO player_team_game_play(player_id, team_id, game_id, play_id, seconds_start, seconds_end) VALUES(378, 1655, 25000, 28241, 267, 281);
UPDATE player_team_game_play SET seconds_end = 267 WHERE player_id = 7015 AND game_id = 25000 AND play_id = 28241;
INSERT INTO player_team_game_play(player_id, team_id, game_id, play_id, seconds_start, seconds_end) VALUES(1775, 1649, 25000, 28241, 267, 281);
INSERT INTO lba.sub_play (play_id, seconds_da_start, player_made_id, team_made_id, game_made_id, player_suffered_id, team_suffered_id, game_suffered_id, shot_id, turnover_id, foul_id, rebound_defensive_01, rebound_offensive_01, assist_01, blocks_01, time_out_01, x, y)VALUES(28241, 14, 5150, 1649, 25000, NULL, NULL, NULL, 2, NULL, NULL, '', '', '', '', '', 85, 42);
INSERT INTO lba.sub_play (play_id, seconds_da_start, player_made_id, team_made_id, game_made_id, player_suffered_id, team_suffered_id, game_suffered_id, shot_id, turnover_id, foul_id, rebound_defensive_01, rebound_offensive_01, assist_01, blocks_01, time_out_01, x, y)VALUES(28241, 14, 7447, 1655, 25000, NULL, NULL, NULL, NULL, NULL, NULL, '1', '', '', '', '', 85, 42);

INSERT INTO play(id, game_id, seconds_start, seconds_end, quarter, attack_home_01, score_home, score_guest)VALUES(28242, 25000, 281, 295, 1, '0', 9, 11);
INSERT INTO player_team_game_play(player_id, team_id, game_id, play_id, seconds_start, seconds_end) VALUES(3176, 1649, 25000, 28242, 281, 295);
INSERT INTO player_team_game_play(player_id, team_id, game_id, play_id, seconds_start, seconds_end) VALUES(7406, 1649, 25000, 28242, 281, 295);
INSERT INTO player_team_game_play(player_id, team_id, game_id, play_id, seconds_start, seconds_end) VALUES(1775, 1649, 25000, 28242, 281, 295);
INSERT INTO player_team_game_play(player_id, team_id, game_id, play_id, seconds_start, seconds_end) VALUES(6138, 1649, 25000, 28242, 281, 295);
INSERT INTO player_team_game_play(player_id, team_id, game_id, play_id, seconds_start, seconds_end) VALUES(5150, 1649, 25000, 28242, 281, 295);
INSERT INTO player_team_game_play(player_id, team_id, game_id, play_id, seconds_start, seconds_end) VALUES(7049, 1655, 25000, 28242, 281, 295);
INSERT INTO player_team_game_play(player_id, team_id, game_id, play_id, seconds_start, seconds_end) VALUES(6320, 1655, 25000, 28242, 281, 295);
INSERT INTO player_team_game_play(player_id, team_id, game_id, play_id, seconds_start, seconds_end) VALUES(7447, 1655, 25000, 28242, 281, 295);
INSERT INTO player_team_game_play(player_id, team_id, game_id, play_id, seconds_start, seconds_end) VALUES(7448, 1655, 25000, 28242, 281, 295);
INSERT INTO player_team_game_play(player_id, team_id, game_id, play_id, seconds_start, seconds_end) VALUES(378, 1655, 25000, 28242, 281, 295);
INSERT INTO lba.sub_play (play_id, seconds_da_start, player_made_id, team_made_id, game_made_id, player_suffered_id, team_suffered_id, game_suffered_id, shot_id, turnover_id, foul_id, rebound_defensive_01, rebound_offensive_01, assist_01, blocks_01, time_out_01, x, y)VALUES(28242, 14, 6320, 1655, 25000, NULL, NULL, NULL, 2, NULL, NULL, '', '', '', '', '', 13, 59);
INSERT INTO lba.sub_play (play_id, seconds_da_start, player_made_id, team_made_id, game_made_id, player_suffered_id, team_suffered_id, game_suffered_id, shot_id, turnover_id, foul_id, rebound_defensive_01, rebound_offensive_01, assist_01, blocks_01, time_out_01, x, y)VALUES(28242, 14, 3176, 1649, 25000, NULL, NULL, NULL, NULL, NULL, NULL, '1', '', '', '', '', 13, 59);

INSERT INTO play(id, game_id, seconds_start, seconds_end, quarter, attack_home_01, score_home, score_guest)VALUES(28243, 25000, 295, 311, 1, '1', 12, 11);
INSERT INTO player_team_game_play(player_id, team_id, game_id, play_id, seconds_start, seconds_end) VALUES(3176, 1649, 25000, 28243, 295, 311);
INSERT INTO player_team_game_play(player_id, team_id, game_id, play_id, seconds_start, seconds_end) VALUES(7406, 1649, 25000, 28243, 295, 311);
INSERT INTO player_team_game_play(player_id, team_id, game_id, play_id, seconds_start, seconds_end) VALUES(1775, 1649, 25000, 28243, 295, 311);
INSERT INTO player_team_game_play(player_id, team_id, game_id, play_id, seconds_start, seconds_end) VALUES(6138, 1649, 25000, 28243, 295, 311);
INSERT INTO player_team_game_play(player_id, team_id, game_id, play_id, seconds_start, seconds_end) VALUES(5150, 1649, 25000, 28243, 295, 311);
INSERT INTO player_team_game_play(player_id, team_id, game_id, play_id, seconds_start, seconds_end) VALUES(7049, 1655, 25000, 28243, 295, 311);
INSERT INTO player_team_game_play(player_id, team_id, game_id, play_id, seconds_start, seconds_end) VALUES(6320, 1655, 25000, 28243, 295, 311);
INSERT INTO player_team_game_play(player_id, team_id, game_id, play_id, seconds_start, seconds_end) VALUES(7447, 1655, 25000, 28243, 295, 311);
INSERT INTO player_team_game_play(player_id, team_id, game_id, play_id, seconds_start, seconds_end) VALUES(7448, 1655, 25000, 28243, 295, 311);
INSERT INTO player_team_game_play(player_id, team_id, game_id, play_id, seconds_start, seconds_end) VALUES(378, 1655, 25000, 28243, 295, 311);
UPDATE player_team_game_play SET seconds_end = 300 WHERE player_id = 7049 AND game_id = 25000 AND play_id = 28243;
INSERT INTO player_team_game_play(player_id, team_id, game_id, play_id, seconds_start, seconds_end) VALUES(2148, 1655, 25000, 28243, 300, 311);
INSERT INTO lba.sub_play (play_id, seconds_da_start, player_made_id, team_made_id, game_made_id, player_suffered_id, team_suffered_id, game_suffered_id, shot_id, turnover_id, foul_id, rebound_defensive_01, rebound_offensive_01, assist_01, blocks_01, time_out_01, x, y)VALUES(28243, 5, 7049, 1655, 25000, 3176, 1649, 25000, NULL, NULL, 1, '', '', '', '', '', 74, 82);
INSERT INTO lba.sub_play (play_id, seconds_da_start, player_made_id, team_made_id, game_made_id, player_suffered_id, team_suffered_id, game_suffered_id, shot_id, turnover_id, foul_id, rebound_defensive_01, rebound_offensive_01, assist_01, blocks_01, time_out_01, x, y)VALUES(28243, 16, 7406, 1649, 25000, NULL, NULL, NULL, 3, NULL, NULL, '', '', '', '', '', 80, 9);
INSERT INTO lba.sub_play (play_id, seconds_da_start, player_made_id, team_made_id, game_made_id, player_suffered_id, team_suffered_id, game_suffered_id, shot_id, turnover_id, foul_id, rebound_defensive_01, rebound_offensive_01, assist_01, blocks_01, time_out_01, x, y)VALUES(28243, 16, 3176, 1649, 25000, NULL, NULL, NULL, NULL, NULL, NULL, '', '', '1', '', '', 80, 9);

INSERT INTO play(id, game_id, seconds_start, seconds_end, quarter, attack_home_01, score_home, score_guest)VALUES(28244, 25000, 311, 318, 1, '0', 12, 11);
INSERT INTO player_team_game_play(player_id, team_id, game_id, play_id, seconds_start, seconds_end) VALUES(3176, 1649, 25000, 28244, 311, 318);
INSERT INTO player_team_game_play(player_id, team_id, game_id, play_id, seconds_start, seconds_end) VALUES(7406, 1649, 25000, 28244, 311, 318);
INSERT INTO player_team_game_play(player_id, team_id, game_id, play_id, seconds_start, seconds_end) VALUES(1775, 1649, 25000, 28244, 311, 318);
INSERT INTO player_team_game_play(player_id, team_id, game_id, play_id, seconds_start, seconds_end) VALUES(6138, 1649, 25000, 28244, 311, 318);
INSERT INTO player_team_game_play(player_id, team_id, game_id, play_id, seconds_start, seconds_end) VALUES(5150, 1649, 25000, 28244, 311, 318);
INSERT INTO player_team_game_play(player_id, team_id, game_id, play_id, seconds_start, seconds_end) VALUES(2148, 1655, 25000, 28244, 311, 318);
INSERT INTO player_team_game_play(player_id, team_id, game_id, play_id, seconds_start, seconds_end) VALUES(6320, 1655, 25000, 28244, 311, 318);
INSERT INTO player_team_game_play(player_id, team_id, game_id, play_id, seconds_start, seconds_end) VALUES(7447, 1655, 25000, 28244, 311, 318);
INSERT INTO player_team_game_play(player_id, team_id, game_id, play_id, seconds_start, seconds_end) VALUES(7448, 1655, 25000, 28244, 311, 318);
INSERT INTO player_team_game_play(player_id, team_id, game_id, play_id, seconds_start, seconds_end) VALUES(378, 1655, 25000, 28244, 311, 318);
INSERT INTO lba.sub_play (play_id, seconds_da_start, player_made_id, team_made_id, game_made_id, player_suffered_id, team_suffered_id, game_suffered_id, shot_id, turnover_id, foul_id, rebound_defensive_01, rebound_offensive_01, assist_01, blocks_01, time_out_01, x, y)VALUES(28244, 7, 7448, 1655, 25000, NULL, NULL, NULL, NULL, 1, NULL, '', '', '', '', '', 17, 38);

INSERT INTO play(id, game_id, seconds_start, seconds_end, quarter, attack_home_01, score_home, score_guest)VALUES(28245, 25000, 318, 334, 1, '1', 12, 11);
INSERT INTO player_team_game_play(player_id, team_id, game_id, play_id, seconds_start, seconds_end) VALUES(3176, 1649, 25000, 28245, 318, 334);
INSERT INTO player_team_game_play(player_id, team_id, game_id, play_id, seconds_start, seconds_end) VALUES(7406, 1649, 25000, 28245, 318, 334);
INSERT INTO player_team_game_play(player_id, team_id, game_id, play_id, seconds_start, seconds_end) VALUES(1775, 1649, 25000, 28245, 318, 334);
INSERT INTO player_team_game_play(player_id, team_id, game_id, play_id, seconds_start, seconds_end) VALUES(6138, 1649, 25000, 28245, 318, 334);
INSERT INTO player_team_game_play(player_id, team_id, game_id, play_id, seconds_start, seconds_end) VALUES(5150, 1649, 25000, 28245, 318, 334);
INSERT INTO player_team_game_play(player_id, team_id, game_id, play_id, seconds_start, seconds_end) VALUES(2148, 1655, 25000, 28245, 318, 334);
INSERT INTO player_team_game_play(player_id, team_id, game_id, play_id, seconds_start, seconds_end) VALUES(6320, 1655, 25000, 28245, 318, 334);
INSERT INTO player_team_game_play(player_id, team_id, game_id, play_id, seconds_start, seconds_end) VALUES(7447, 1655, 25000, 28245, 318, 334);
INSERT INTO player_team_game_play(player_id, team_id, game_id, play_id, seconds_start, seconds_end) VALUES(7448, 1655, 25000, 28245, 318, 334);
INSERT INTO player_team_game_play(player_id, team_id, game_id, play_id, seconds_start, seconds_end) VALUES(378, 1655, 25000, 28245, 318, 334);
UPDATE player_team_game_play SET seconds_end = 319 WHERE player_id = 6138 AND game_id = 25000 AND play_id = 28245;
UPDATE player_team_game_play SET seconds_end = 319 WHERE player_id = 5150 AND game_id = 25000 AND play_id = 28245;
INSERT INTO player_team_game_play(player_id, team_id, game_id, play_id, seconds_start, seconds_end) VALUES(7404, 1649, 25000, 28245, 319, 334);
INSERT INTO player_team_game_play(player_id, team_id, game_id, play_id, seconds_start, seconds_end) VALUES(2103, 1649, 25000, 28245, 319, 334);
INSERT INTO lba.sub_play (play_id, seconds_da_start, player_made_id, team_made_id, game_made_id, player_suffered_id, team_suffered_id, game_suffered_id, shot_id, turnover_id, foul_id, rebound_defensive_01, rebound_offensive_01, assist_01, blocks_01, time_out_01, x, y)VALUES(28245, 16, 7404, 1649, 25000, 7447, 1655, 25000, NULL, 1, NULL, '', '', '', '', '', 80, 68);

INSERT INTO play(id, game_id, seconds_start, seconds_end, quarter, attack_home_01, score_home, score_guest)VALUES(28246, 25000, 334, 339, 1, '0', 12, 13);
INSERT INTO player_team_game_play(player_id, team_id, game_id, play_id, seconds_start, seconds_end) VALUES(3176, 1649, 25000, 28246, 334, 339);
INSERT INTO player_team_game_play(player_id, team_id, game_id, play_id, seconds_start, seconds_end) VALUES(7404, 1649, 25000, 28246, 334, 339);
INSERT INTO player_team_game_play(player_id, team_id, game_id, play_id, seconds_start, seconds_end) VALUES(7406, 1649, 25000, 28246, 334, 339);
INSERT INTO player_team_game_play(player_id, team_id, game_id, play_id, seconds_start, seconds_end) VALUES(1775, 1649, 25000, 28246, 334, 339);
INSERT INTO player_team_game_play(player_id, team_id, game_id, play_id, seconds_start, seconds_end) VALUES(2103, 1649, 25000, 28246, 334, 339);
INSERT INTO player_team_game_play(player_id, team_id, game_id, play_id, seconds_start, seconds_end) VALUES(2148, 1655, 25000, 28246, 334, 339);
INSERT INTO player_team_game_play(player_id, team_id, game_id, play_id, seconds_start, seconds_end) VALUES(6320, 1655, 25000, 28246, 334, 339);
INSERT INTO player_team_game_play(player_id, team_id, game_id, play_id, seconds_start, seconds_end) VALUES(7447, 1655, 25000, 28246, 334, 339);
INSERT INTO player_team_game_play(player_id, team_id, game_id, play_id, seconds_start, seconds_end) VALUES(7448, 1655, 25000, 28246, 334, 339);
INSERT INTO player_team_game_play(player_id, team_id, game_id, play_id, seconds_start, seconds_end) VALUES(378, 1655, 25000, 28246, 334, 339);
INSERT INTO lba.sub_play (play_id, seconds_da_start, player_made_id, team_made_id, game_made_id, player_suffered_id, team_suffered_id, game_suffered_id, shot_id, turnover_id, foul_id, rebound_defensive_01, rebound_offensive_01, assist_01, blocks_01, time_out_01, x, y)VALUES(28246, 5, 7447, 1655, 25000, NULL, NULL, NULL, 1, NULL, NULL, '', '', '', '', '', 5, 51);

INSERT INTO play(id, game_id, seconds_start, seconds_end, quarter, attack_home_01, score_home, score_guest)VALUES(28247, 25000, 339, 355, 1, '1', 12, 13);
INSERT INTO player_team_game_play(player_id, team_id, game_id, play_id, seconds_start, seconds_end) VALUES(3176, 1649, 25000, 28247, 339, 355);
INSERT INTO player_team_game_play(player_id, team_id, game_id, play_id, seconds_start, seconds_end) VALUES(7404, 1649, 25000, 28247, 339, 355);
INSERT INTO player_team_game_play(player_id, team_id, game_id, play_id, seconds_start, seconds_end) VALUES(7406, 1649, 25000, 28247, 339, 355);
INSERT INTO player_team_game_play(player_id, team_id, game_id, play_id, seconds_start, seconds_end) VALUES(1775, 1649, 25000, 28247, 339, 355);
INSERT INTO player_team_game_play(player_id, team_id, game_id, play_id, seconds_start, seconds_end) VALUES(2103, 1649, 25000, 28247, 339, 355);
INSERT INTO player_team_game_play(player_id, team_id, game_id, play_id, seconds_start, seconds_end) VALUES(2148, 1655, 25000, 28247, 339, 355);
INSERT INTO player_team_game_play(player_id, team_id, game_id, play_id, seconds_start, seconds_end) VALUES(6320, 1655, 25000, 28247, 339, 355);
INSERT INTO player_team_game_play(player_id, team_id, game_id, play_id, seconds_start, seconds_end) VALUES(7447, 1655, 25000, 28247, 339, 355);
INSERT INTO player_team_game_play(player_id, team_id, game_id, play_id, seconds_start, seconds_end) VALUES(7448, 1655, 25000, 28247, 339, 355);
INSERT INTO player_team_game_play(player_id, team_id, game_id, play_id, seconds_start, seconds_end) VALUES(378, 1655, 25000, 28247, 339, 355);
INSERT INTO lba.sub_play (play_id, seconds_da_start, player_made_id, team_made_id, game_made_id, player_suffered_id, team_suffered_id, game_suffered_id, shot_id, turnover_id, foul_id, rebound_defensive_01, rebound_offensive_01, assist_01, blocks_01, time_out_01, x, y)VALUES(28247, 16, 1775, 1649, 25000, 2148, 1655, 25000, NULL, NULL, 7, '', '', '', '', '', 70, 31);
INSERT INTO lba.sub_play (play_id, seconds_da_start, player_made_id, team_made_id, game_made_id, player_suffered_id, team_suffered_id, game_suffered_id, shot_id, turnover_id, foul_id, rebound_defensive_01, rebound_offensive_01, assist_01, blocks_01, time_out_01, x, y)VALUES(28247, 16, 1775, 1649, 25000, NULL, NULL, NULL, NULL, 13, NULL, '', '', '', '', '', 70, 31);

INSERT INTO play(id, game_id, seconds_start, seconds_end, quarter, attack_home_01, score_home, score_guest)VALUES(28248, 25000, 355, 366, 1, '0', 12, 13);
INSERT INTO player_team_game_play(player_id, team_id, game_id, play_id, seconds_start, seconds_end) VALUES(3176, 1649, 25000, 28248, 355, 366);
INSERT INTO player_team_game_play(player_id, team_id, game_id, play_id, seconds_start, seconds_end) VALUES(7404, 1649, 25000, 28248, 355, 366);
INSERT INTO player_team_game_play(player_id, team_id, game_id, play_id, seconds_start, seconds_end) VALUES(7406, 1649, 25000, 28248, 355, 366);
INSERT INTO player_team_game_play(player_id, team_id, game_id, play_id, seconds_start, seconds_end) VALUES(1775, 1649, 25000, 28248, 355, 366);
INSERT INTO player_team_game_play(player_id, team_id, game_id, play_id, seconds_start, seconds_end) VALUES(2103, 1649, 25000, 28248, 355, 366);
INSERT INTO player_team_game_play(player_id, team_id, game_id, play_id, seconds_start, seconds_end) VALUES(2148, 1655, 25000, 28248, 355, 366);
INSERT INTO player_team_game_play(player_id, team_id, game_id, play_id, seconds_start, seconds_end) VALUES(6320, 1655, 25000, 28248, 355, 366);
INSERT INTO player_team_game_play(player_id, team_id, game_id, play_id, seconds_start, seconds_end) VALUES(7447, 1655, 25000, 28248, 355, 366);
INSERT INTO player_team_game_play(player_id, team_id, game_id, play_id, seconds_start, seconds_end) VALUES(7448, 1655, 25000, 28248, 355, 366);
INSERT INTO player_team_game_play(player_id, team_id, game_id, play_id, seconds_start, seconds_end) VALUES(378, 1655, 25000, 28248, 355, 366);
INSERT INTO lba.sub_play (play_id, seconds_da_start, player_made_id, team_made_id, game_made_id, player_suffered_id, team_suffered_id, game_suffered_id, shot_id, turnover_id, foul_id, rebound_defensive_01, rebound_offensive_01, assist_01, blocks_01, time_out_01, x, y)VALUES(28248, 11, 6320, 1655, 25000, NULL, NULL, NULL, 2, NULL, NULL, '', '', '', '', '', 7, 46);
INSERT INTO lba.sub_play (play_id, seconds_da_start, player_made_id, team_made_id, game_made_id, player_suffered_id, team_suffered_id, game_suffered_id, shot_id, turnover_id, foul_id, rebound_defensive_01, rebound_offensive_01, assist_01, blocks_01, time_out_01, x, y)VALUES(28248, 11, 7404, 1649, 25000, NULL, NULL, NULL, NULL, NULL, NULL, '1', '', '', '', '', 7, 46);

INSERT INTO play(id, game_id, seconds_start, seconds_end, quarter, attack_home_01, score_home, score_guest)VALUES(28249, 25000, 366, 383, 1, '1', 12, 13);
INSERT INTO player_team_game_play(player_id, team_id, game_id, play_id, seconds_start, seconds_end) VALUES(3176, 1649, 25000, 28249, 366, 383);
INSERT INTO player_team_game_play(player_id, team_id, game_id, play_id, seconds_start, seconds_end) VALUES(7404, 1649, 25000, 28249, 366, 383);
INSERT INTO player_team_game_play(player_id, team_id, game_id, play_id, seconds_start, seconds_end) VALUES(7406, 1649, 25000, 28249, 366, 383);
INSERT INTO player_team_game_play(player_id, team_id, game_id, play_id, seconds_start, seconds_end) VALUES(1775, 1649, 25000, 28249, 366, 383);
INSERT INTO player_team_game_play(player_id, team_id, game_id, play_id, seconds_start, seconds_end) VALUES(2103, 1649, 25000, 28249, 366, 383);
INSERT INTO player_team_game_play(player_id, team_id, game_id, play_id, seconds_start, seconds_end) VALUES(2148, 1655, 25000, 28249, 366, 383);
INSERT INTO player_team_game_play(player_id, team_id, game_id, play_id, seconds_start, seconds_end) VALUES(6320, 1655, 25000, 28249, 366, 383);
INSERT INTO player_team_game_play(player_id, team_id, game_id, play_id, seconds_start, seconds_end) VALUES(7447, 1655, 25000, 28249, 366, 383);
INSERT INTO player_team_game_play(player_id, team_id, game_id, play_id, seconds_start, seconds_end) VALUES(7448, 1655, 25000, 28249, 366, 383);
INSERT INTO player_team_game_play(player_id, team_id, game_id, play_id, seconds_start, seconds_end) VALUES(378, 1655, 25000, 28249, 366, 383);
UPDATE player_team_game_play SET seconds_end = 383 WHERE player_id = 3176 AND game_id = 25000 AND play_id = 28249;
INSERT INTO player_team_game_play(player_id, team_id, game_id, play_id, seconds_start, seconds_end) VALUES(4692, 1649, 25000, 28249, 383, 383);
UPDATE player_team_game_play SET seconds_end = 383 WHERE player_id = 7447 AND game_id = 25000 AND play_id = 28249;
INSERT INTO player_team_game_play(player_id, team_id, game_id, play_id, seconds_start, seconds_end) VALUES(7450, 1655, 25000, 28249, 383, 383);
INSERT INTO lba.sub_play (play_id, seconds_da_start, player_made_id, team_made_id, game_made_id, player_suffered_id, team_suffered_id, game_suffered_id, shot_id, turnover_id, foul_id, rebound_defensive_01, rebound_offensive_01, assist_01, blocks_01, time_out_01, x, y)VALUES(28249, 17, 3176, 1649, 25000, NULL, NULL, NULL, 2, NULL, NULL, '', '', '', '', '', 85, 51);
INSERT INTO lba.sub_play (play_id, seconds_da_start, player_made_id, team_made_id, game_made_id, player_suffered_id, team_suffered_id, game_suffered_id, shot_id, turnover_id, foul_id, rebound_defensive_01, rebound_offensive_01, assist_01, blocks_01, time_out_01, x, y)VALUES(28249, 17, 378, 1655, 25000, 1775, 1649, 25000, NULL, NULL, 1, '', '', '', '', '', 89, 47);
INSERT INTO lba.sub_play (play_id, seconds_da_start, player_made_id, team_made_id, game_made_id, player_suffered_id, team_suffered_id, game_suffered_id, shot_id, turnover_id, foul_id, rebound_defensive_01, rebound_offensive_01, assist_01, blocks_01, time_out_01, x, y)VALUES(28249, 17, 1775, 1649, 25000, NULL, NULL, NULL, 6, NULL, NULL, '', '', '', '', '', NULL, NULL);
INSERT INTO lba.sub_play (play_id, seconds_da_start, player_made_id, team_made_id, game_made_id, player_suffered_id, team_suffered_id, game_suffered_id, shot_id, turnover_id, foul_id, rebound_defensive_01, rebound_offensive_01, assist_01, blocks_01, time_out_01, x, y)VALUES(28249, 17, 1775, 1649, 25000, NULL, NULL, NULL, 6, NULL, NULL, '', '', '', '', '', NULL, NULL);
INSERT INTO lba.sub_play (play_id, seconds_da_start, player_made_id, team_made_id, game_made_id, player_suffered_id, team_suffered_id, game_suffered_id, shot_id, turnover_id, foul_id, rebound_defensive_01, rebound_offensive_01, assist_01, blocks_01, time_out_01, x, y)VALUES(28249, 17, 6320, 1655, 25000, NULL, NULL, NULL, NULL, NULL, NULL, '1', '', '', '', '', NULL, NULL);

INSERT INTO play(id, game_id, seconds_start, seconds_end, quarter, attack_home_01, score_home, score_guest)VALUES(28250, 25000, 383, 400, 1, '0', 12, 16);
INSERT INTO player_team_game_play(player_id, team_id, game_id, play_id, seconds_start, seconds_end) VALUES(3176, 1649, 25000, 28250, 383, 400);
INSERT INTO player_team_game_play(player_id, team_id, game_id, play_id, seconds_start, seconds_end) VALUES(7404, 1649, 25000, 28250, 383, 400);
INSERT INTO player_team_game_play(player_id, team_id, game_id, play_id, seconds_start, seconds_end) VALUES(7406, 1649, 25000, 28250, 383, 400);
INSERT INTO player_team_game_play(player_id, team_id, game_id, play_id, seconds_start, seconds_end) VALUES(1775, 1649, 25000, 28250, 383, 400);
INSERT INTO player_team_game_play(player_id, team_id, game_id, play_id, seconds_start, seconds_end) VALUES(2103, 1649, 25000, 28250, 383, 400);
INSERT INTO player_team_game_play(player_id, team_id, game_id, play_id, seconds_start, seconds_end) VALUES(2148, 1655, 25000, 28250, 383, 400);
INSERT INTO player_team_game_play(player_id, team_id, game_id, play_id, seconds_start, seconds_end) VALUES(6320, 1655, 25000, 28250, 383, 400);
INSERT INTO player_team_game_play(player_id, team_id, game_id, play_id, seconds_start, seconds_end) VALUES(7447, 1655, 25000, 28250, 383, 400);
INSERT INTO player_team_game_play(player_id, team_id, game_id, play_id, seconds_start, seconds_end) VALUES(7448, 1655, 25000, 28250, 383, 400);
INSERT INTO player_team_game_play(player_id, team_id, game_id, play_id, seconds_start, seconds_end) VALUES(378, 1655, 25000, 28250, 383, 400);
UPDATE player_team_game_play SET seconds_end = 383 WHERE player_id = 3176 AND game_id = 25000 AND play_id = 28250;
INSERT INTO player_team_game_play(player_id, team_id, game_id, play_id, seconds_start, seconds_end) VALUES(4692, 1649, 25000, 28250, 383, 400);
UPDATE player_team_game_play SET seconds_end = 383 WHERE player_id = 7447 AND game_id = 25000 AND play_id = 28250;
INSERT INTO player_team_game_play(player_id, team_id, game_id, play_id, seconds_start, seconds_end) VALUES(7450, 1655, 25000, 28250, 383, 400);
INSERT INTO lba.sub_play (play_id, seconds_da_start, player_made_id, team_made_id, game_made_id, player_suffered_id, team_suffered_id, game_suffered_id, shot_id, turnover_id, foul_id, rebound_defensive_01, rebound_offensive_01, assist_01, blocks_01, time_out_01, x, y)VALUES(28250, 17, 7448, 1655, 25000, NULL, NULL, NULL, 3, NULL, NULL, '', '', '', '', '', 30, 35);
INSERT INTO lba.sub_play (play_id, seconds_da_start, player_made_id, team_made_id, game_made_id, player_suffered_id, team_suffered_id, game_suffered_id, shot_id, turnover_id, foul_id, rebound_defensive_01, rebound_offensive_01, assist_01, blocks_01, time_out_01, x, y)VALUES(28250, 17, 2148, 1655, 25000, NULL, NULL, NULL, NULL, NULL, NULL, '', '', '1', '', '', 30, 35);

INSERT INTO play(id, game_id, seconds_start, seconds_end, quarter, attack_home_01, score_home, score_guest)VALUES(28251, 25000, 400, 427, 1, '1', 12, 16);
INSERT INTO player_team_game_play(player_id, team_id, game_id, play_id, seconds_start, seconds_end) VALUES(7404, 1649, 25000, 28251, 400, 427);
INSERT INTO player_team_game_play(player_id, team_id, game_id, play_id, seconds_start, seconds_end) VALUES(7406, 1649, 25000, 28251, 400, 427);
INSERT INTO player_team_game_play(player_id, team_id, game_id, play_id, seconds_start, seconds_end) VALUES(1775, 1649, 25000, 28251, 400, 427);
INSERT INTO player_team_game_play(player_id, team_id, game_id, play_id, seconds_start, seconds_end) VALUES(4692, 1649, 25000, 28251, 400, 427);
INSERT INTO player_team_game_play(player_id, team_id, game_id, play_id, seconds_start, seconds_end) VALUES(2103, 1649, 25000, 28251, 400, 427);
INSERT INTO player_team_game_play(player_id, team_id, game_id, play_id, seconds_start, seconds_end) VALUES(6320, 1655, 25000, 28251, 400, 427);
INSERT INTO player_team_game_play(player_id, team_id, game_id, play_id, seconds_start, seconds_end) VALUES(2148, 1655, 25000, 28251, 400, 427);
INSERT INTO player_team_game_play(player_id, team_id, game_id, play_id, seconds_start, seconds_end) VALUES(7448, 1655, 25000, 28251, 400, 427);
INSERT INTO player_team_game_play(player_id, team_id, game_id, play_id, seconds_start, seconds_end) VALUES(7450, 1655, 25000, 28251, 400, 427);
INSERT INTO player_team_game_play(player_id, team_id, game_id, play_id, seconds_start, seconds_end) VALUES(378, 1655, 25000, 28251, 400, 427);
INSERT INTO lba.sub_play (play_id, seconds_da_start, player_made_id, team_made_id, game_made_id, player_suffered_id, team_suffered_id, game_suffered_id, shot_id, turnover_id, foul_id, rebound_defensive_01, rebound_offensive_01, assist_01, blocks_01, time_out_01, x, y)VALUES(28251, 27, 7406, 1649, 25000, NULL, NULL, NULL, 4, NULL, NULL, '', '', '', '', '', 69, 31);

INSERT INTO play(id, game_id, seconds_start, seconds_end, quarter, attack_home_01, score_home, score_guest)VALUES(28252, 25000, 427, 431, 1, '0', 12, 17);
INSERT INTO player_team_game_play(player_id, team_id, game_id, play_id, seconds_start, seconds_end) VALUES(7404, 1649, 25000, 28252, 427, 431);
INSERT INTO player_team_game_play(player_id, team_id, game_id, play_id, seconds_start, seconds_end) VALUES(7406, 1649, 25000, 28252, 427, 431);
INSERT INTO player_team_game_play(player_id, team_id, game_id, play_id, seconds_start, seconds_end) VALUES(1775, 1649, 25000, 28252, 427, 431);
INSERT INTO player_team_game_play(player_id, team_id, game_id, play_id, seconds_start, seconds_end) VALUES(4692, 1649, 25000, 28252, 427, 431);
INSERT INTO player_team_game_play(player_id, team_id, game_id, play_id, seconds_start, seconds_end) VALUES(2103, 1649, 25000, 28252, 427, 431);
INSERT INTO player_team_game_play(player_id, team_id, game_id, play_id, seconds_start, seconds_end) VALUES(6320, 1655, 25000, 28252, 427, 431);
INSERT INTO player_team_game_play(player_id, team_id, game_id, play_id, seconds_start, seconds_end) VALUES(2148, 1655, 25000, 28252, 427, 431);
INSERT INTO player_team_game_play(player_id, team_id, game_id, play_id, seconds_start, seconds_end) VALUES(7448, 1655, 25000, 28252, 427, 431);
INSERT INTO player_team_game_play(player_id, team_id, game_id, play_id, seconds_start, seconds_end) VALUES(7450, 1655, 25000, 28252, 427, 431);
INSERT INTO player_team_game_play(player_id, team_id, game_id, play_id, seconds_start, seconds_end) VALUES(378, 1655, 25000, 28252, 427, 431);
UPDATE player_team_game_play SET seconds_end = 431 WHERE player_id = 7406 AND game_id = 25000 AND play_id = 28252;
INSERT INTO player_team_game_play(player_id, team_id, game_id, play_id, seconds_start, seconds_end) VALUES(7405, 1649, 25000, 28252, 431, 431);
INSERT INTO lba.sub_play (play_id, seconds_da_start, player_made_id, team_made_id, game_made_id, player_suffered_id, team_suffered_id, game_suffered_id, shot_id, turnover_id, foul_id, rebound_defensive_01, rebound_offensive_01, assist_01, blocks_01, time_out_01, x, y)VALUES(28252, 4, 1775, 1649, 25000, 7450, 1655, 25000, NULL, NULL, 1, '', '', '', '', '', 88, 45);
INSERT INTO lba.sub_play (play_id, seconds_da_start, player_made_id, team_made_id, game_made_id, player_suffered_id, team_suffered_id, game_suffered_id, shot_id, turnover_id, foul_id, rebound_defensive_01, rebound_offensive_01, assist_01, blocks_01, time_out_01, x, y)VALUES(28252, 4, 7450, 1655, 25000, NULL, NULL, NULL, 5, NULL, NULL, '', '', '', '', '', NULL, NULL);

INSERT INTO play(id, game_id, seconds_start, seconds_end, quarter, attack_home_01, score_home, score_guest)VALUES(28253, 25000, 431, 431, 1, '0', 12, 17);
INSERT INTO player_team_game_play(player_id, team_id, game_id, play_id, seconds_start, seconds_end) VALUES(7404, 1649, 25000, 28253, 431, 431);
INSERT INTO player_team_game_play(player_id, team_id, game_id, play_id, seconds_start, seconds_end) VALUES(7406, 1649, 25000, 28253, 431, 431);
INSERT INTO player_team_game_play(player_id, team_id, game_id, play_id, seconds_start, seconds_end) VALUES(1775, 1649, 25000, 28253, 431, 431);
INSERT INTO player_team_game_play(player_id, team_id, game_id, play_id, seconds_start, seconds_end) VALUES(4692, 1649, 25000, 28253, 431, 431);
INSERT INTO player_team_game_play(player_id, team_id, game_id, play_id, seconds_start, seconds_end) VALUES(2103, 1649, 25000, 28253, 431, 431);
INSERT INTO player_team_game_play(player_id, team_id, game_id, play_id, seconds_start, seconds_end) VALUES(6320, 1655, 25000, 28253, 431, 431);
INSERT INTO player_team_game_play(player_id, team_id, game_id, play_id, seconds_start, seconds_end) VALUES(2148, 1655, 25000, 28253, 431, 431);
INSERT INTO player_team_game_play(player_id, team_id, game_id, play_id, seconds_start, seconds_end) VALUES(7448, 1655, 25000, 28253, 431, 431);
INSERT INTO player_team_game_play(player_id, team_id, game_id, play_id, seconds_start, seconds_end) VALUES(7450, 1655, 25000, 28253, 431, 431);
INSERT INTO player_team_game_play(player_id, team_id, game_id, play_id, seconds_start, seconds_end) VALUES(378, 1655, 25000, 28253, 431, 431);
UPDATE player_team_game_play SET seconds_end = 431 WHERE player_id = 7406 AND game_id = 25000 AND play_id = 28253;
INSERT INTO player_team_game_play(player_id, team_id, game_id, play_id, seconds_start, seconds_end) VALUES(7405, 1649, 25000, 28253, 431, 431);
INSERT INTO lba.sub_play (play_id, seconds_da_start, player_made_id, team_made_id, game_made_id, player_suffered_id, team_suffered_id, game_suffered_id, shot_id, turnover_id, foul_id, rebound_defensive_01, rebound_offensive_01, assist_01, blocks_01, time_out_01, x, y)VALUES(28253, 0, 7450, 1655, 25000, NULL, NULL, NULL, 6, NULL, NULL, '', '', '', '', '', NULL, NULL);
INSERT INTO lba.sub_play (play_id, seconds_da_start, player_made_id, team_made_id, game_made_id, player_suffered_id, team_suffered_id, game_suffered_id, shot_id, turnover_id, foul_id, rebound_defensive_01, rebound_offensive_01, assist_01, blocks_01, time_out_01, x, y)VALUES(28253, 0, 7404, 1649, 25000, NULL, NULL, NULL, NULL, NULL, NULL, '1', '', '', '', '', NULL, NULL);

INSERT INTO play(id, game_id, seconds_start, seconds_end, quarter, attack_home_01, score_home, score_guest)VALUES(28254, 25000, 431, 435, 1, '1', 12, 17);
INSERT INTO player_team_game_play(player_id, team_id, game_id, play_id, seconds_start, seconds_end) VALUES(7404, 1649, 25000, 28254, 431, 435);
INSERT INTO player_team_game_play(player_id, team_id, game_id, play_id, seconds_start, seconds_end) VALUES(7406, 1649, 25000, 28254, 431, 435);
INSERT INTO player_team_game_play(player_id, team_id, game_id, play_id, seconds_start, seconds_end) VALUES(1775, 1649, 25000, 28254, 431, 435);
INSERT INTO player_team_game_play(player_id, team_id, game_id, play_id, seconds_start, seconds_end) VALUES(4692, 1649, 25000, 28254, 431, 435);
INSERT INTO player_team_game_play(player_id, team_id, game_id, play_id, seconds_start, seconds_end) VALUES(2103, 1649, 25000, 28254, 431, 435);
INSERT INTO player_team_game_play(player_id, team_id, game_id, play_id, seconds_start, seconds_end) VALUES(6320, 1655, 25000, 28254, 431, 435);
INSERT INTO player_team_game_play(player_id, team_id, game_id, play_id, seconds_start, seconds_end) VALUES(2148, 1655, 25000, 28254, 431, 435);
INSERT INTO player_team_game_play(player_id, team_id, game_id, play_id, seconds_start, seconds_end) VALUES(7448, 1655, 25000, 28254, 431, 435);
INSERT INTO player_team_game_play(player_id, team_id, game_id, play_id, seconds_start, seconds_end) VALUES(7450, 1655, 25000, 28254, 431, 435);
INSERT INTO player_team_game_play(player_id, team_id, game_id, play_id, seconds_start, seconds_end) VALUES(378, 1655, 25000, 28254, 431, 435);
UPDATE player_team_game_play SET seconds_end = 431 WHERE player_id = 7406 AND game_id = 25000 AND play_id = 28254;
INSERT INTO player_team_game_play(player_id, team_id, game_id, play_id, seconds_start, seconds_end) VALUES(7405, 1649, 25000, 28254, 431, 435);
INSERT INTO lba.sub_play (play_id, seconds_da_start, player_made_id, team_made_id, game_made_id, player_suffered_id, team_suffered_id, game_suffered_id, shot_id, turnover_id, foul_id, rebound_defensive_01, rebound_offensive_01, assist_01, blocks_01, time_out_01, x, y)VALUES(28254, 4, 7404, 1649, 25000, NULL, NULL, NULL, NULL, 3, NULL, '', '', '', '', '', 62, 45);

INSERT INTO play(id, game_id, seconds_start, seconds_end, quarter, attack_home_01, score_home, score_guest)VALUES(28255, 25000, 435, 440, 1, '0', 12, 20);
INSERT INTO player_team_game_play(player_id, team_id, game_id, play_id, seconds_start, seconds_end) VALUES(4692, 1649, 25000, 28255, 435, 440);
INSERT INTO player_team_game_play(player_id, team_id, game_id, play_id, seconds_start, seconds_end) VALUES(2103, 1649, 25000, 28255, 435, 440);
INSERT INTO player_team_game_play(player_id, team_id, game_id, play_id, seconds_start, seconds_end) VALUES(7404, 1649, 25000, 28255, 435, 440);
INSERT INTO player_team_game_play(player_id, team_id, game_id, play_id, seconds_start, seconds_end) VALUES(7405, 1649, 25000, 28255, 435, 440);
INSERT INTO player_team_game_play(player_id, team_id, game_id, play_id, seconds_start, seconds_end) VALUES(1775, 1649, 25000, 28255, 435, 440);
INSERT INTO player_team_game_play(player_id, team_id, game_id, play_id, seconds_start, seconds_end) VALUES(6320, 1655, 25000, 28255, 435, 440);
INSERT INTO player_team_game_play(player_id, team_id, game_id, play_id, seconds_start, seconds_end) VALUES(2148, 1655, 25000, 28255, 435, 440);
INSERT INTO player_team_game_play(player_id, team_id, game_id, play_id, seconds_start, seconds_end) VALUES(7448, 1655, 25000, 28255, 435, 440);
INSERT INTO player_team_game_play(player_id, team_id, game_id, play_id, seconds_start, seconds_end) VALUES(7450, 1655, 25000, 28255, 435, 440);
INSERT INTO player_team_game_play(player_id, team_id, game_id, play_id, seconds_start, seconds_end) VALUES(378, 1655, 25000, 28255, 435, 440);
INSERT INTO lba.sub_play (play_id, seconds_da_start, player_made_id, team_made_id, game_made_id, player_suffered_id, team_suffered_id, game_suffered_id, shot_id, turnover_id, foul_id, rebound_defensive_01, rebound_offensive_01, assist_01, blocks_01, time_out_01, x, y)VALUES(28255, 5, 2148, 1655, 25000, NULL, NULL, NULL, 3, NULL, NULL, '', '', '', '', '', 20, 6);
INSERT INTO lba.sub_play (play_id, seconds_da_start, player_made_id, team_made_id, game_made_id, player_suffered_id, team_suffered_id, game_suffered_id, shot_id, turnover_id, foul_id, rebound_defensive_01, rebound_offensive_01, assist_01, blocks_01, time_out_01, x, y)VALUES(28255, 5, 7448, 1655, 25000, NULL, NULL, NULL, NULL, NULL, NULL, '', '', '1', '', '', 20, 6);

INSERT INTO play(id, game_id, seconds_start, seconds_end, quarter, attack_home_01, score_home, score_guest)VALUES(28256, 25000, 440, 451, 1, '1', 13, 20);
INSERT INTO player_team_game_play(player_id, team_id, game_id, play_id, seconds_start, seconds_end) VALUES(4692, 1649, 25000, 28256, 440, 451);
INSERT INTO player_team_game_play(player_id, team_id, game_id, play_id, seconds_start, seconds_end) VALUES(2103, 1649, 25000, 28256, 440, 451);
INSERT INTO player_team_game_play(player_id, team_id, game_id, play_id, seconds_start, seconds_end) VALUES(7404, 1649, 25000, 28256, 440, 451);
INSERT INTO player_team_game_play(player_id, team_id, game_id, play_id, seconds_start, seconds_end) VALUES(7405, 1649, 25000, 28256, 440, 451);
INSERT INTO player_team_game_play(player_id, team_id, game_id, play_id, seconds_start, seconds_end) VALUES(1775, 1649, 25000, 28256, 440, 451);
INSERT INTO player_team_game_play(player_id, team_id, game_id, play_id, seconds_start, seconds_end) VALUES(6320, 1655, 25000, 28256, 440, 451);
INSERT INTO player_team_game_play(player_id, team_id, game_id, play_id, seconds_start, seconds_end) VALUES(2148, 1655, 25000, 28256, 440, 451);
INSERT INTO player_team_game_play(player_id, team_id, game_id, play_id, seconds_start, seconds_end) VALUES(7448, 1655, 25000, 28256, 440, 451);
INSERT INTO player_team_game_play(player_id, team_id, game_id, play_id, seconds_start, seconds_end) VALUES(7450, 1655, 25000, 28256, 440, 451);
INSERT INTO player_team_game_play(player_id, team_id, game_id, play_id, seconds_start, seconds_end) VALUES(378, 1655, 25000, 28256, 440, 451);
UPDATE player_team_game_play SET seconds_end = 451 WHERE player_id = 7404 AND game_id = 25000 AND play_id = 28256;
UPDATE player_team_game_play SET seconds_end = 451 WHERE player_id = 1775 AND game_id = 25000 AND play_id = 28256;
INSERT INTO player_team_game_play(player_id, team_id, game_id, play_id, seconds_start, seconds_end) VALUES(5150, 1649, 25000, 28256, 451, 451);
INSERT INTO player_team_game_play(player_id, team_id, game_id, play_id, seconds_start, seconds_end) VALUES(7015, 1649, 25000, 28256, 451, 451);
INSERT INTO lba.sub_play (play_id, seconds_da_start, player_made_id, team_made_id, game_made_id, player_suffered_id, team_suffered_id, game_suffered_id, shot_id, turnover_id, foul_id, rebound_defensive_01, rebound_offensive_01, assist_01, blocks_01, time_out_01, x, y)VALUES(28256, 11, 7448, 1655, 25000, 2103, 1649, 25000, NULL, NULL, 1, '', '', '', '', '', 69, 74);
INSERT INTO lba.sub_play (play_id, seconds_da_start, player_made_id, team_made_id, game_made_id, player_suffered_id, team_suffered_id, game_suffered_id, shot_id, turnover_id, foul_id, rebound_defensive_01, rebound_offensive_01, assist_01, blocks_01, time_out_01, x, y)VALUES(28256, 11, 2103, 1649, 25000, NULL, NULL, NULL, 6, NULL, NULL, '', '', '', '', '', NULL, NULL);
INSERT INTO lba.sub_play (play_id, seconds_da_start, player_made_id, team_made_id, game_made_id, player_suffered_id, team_suffered_id, game_suffered_id, shot_id, turnover_id, foul_id, rebound_defensive_01, rebound_offensive_01, assist_01, blocks_01, time_out_01, x, y)VALUES(28256, 11, 2103, 1649, 25000, NULL, NULL, NULL, 5, NULL, NULL, '', '', '', '', '', NULL, NULL);

INSERT INTO play(id, game_id, seconds_start, seconds_end, quarter, attack_home_01, score_home, score_guest)VALUES(28257, 25000, 451, 463, 1, '0', 13, 20);
INSERT INTO player_team_game_play(player_id, team_id, game_id, play_id, seconds_start, seconds_end) VALUES(4692, 1649, 25000, 28257, 451, 463);
INSERT INTO player_team_game_play(player_id, team_id, game_id, play_id, seconds_start, seconds_end) VALUES(2103, 1649, 25000, 28257, 451, 463);
INSERT INTO player_team_game_play(player_id, team_id, game_id, play_id, seconds_start, seconds_end) VALUES(7404, 1649, 25000, 28257, 451, 463);
INSERT INTO player_team_game_play(player_id, team_id, game_id, play_id, seconds_start, seconds_end) VALUES(7405, 1649, 25000, 28257, 451, 463);
INSERT INTO player_team_game_play(player_id, team_id, game_id, play_id, seconds_start, seconds_end) VALUES(1775, 1649, 25000, 28257, 451, 463);
INSERT INTO player_team_game_play(player_id, team_id, game_id, play_id, seconds_start, seconds_end) VALUES(6320, 1655, 25000, 28257, 451, 463);
INSERT INTO player_team_game_play(player_id, team_id, game_id, play_id, seconds_start, seconds_end) VALUES(2148, 1655, 25000, 28257, 451, 463);
INSERT INTO player_team_game_play(player_id, team_id, game_id, play_id, seconds_start, seconds_end) VALUES(7448, 1655, 25000, 28257, 451, 463);
INSERT INTO player_team_game_play(player_id, team_id, game_id, play_id, seconds_start, seconds_end) VALUES(7450, 1655, 25000, 28257, 451, 463);
INSERT INTO player_team_game_play(player_id, team_id, game_id, play_id, seconds_start, seconds_end) VALUES(378, 1655, 25000, 28257, 451, 463);
UPDATE player_team_game_play SET seconds_end = 451 WHERE player_id = 7404 AND game_id = 25000 AND play_id = 28257;
UPDATE player_team_game_play SET seconds_end = 451 WHERE player_id = 1775 AND game_id = 25000 AND play_id = 28257;
INSERT INTO player_team_game_play(player_id, team_id, game_id, play_id, seconds_start, seconds_end) VALUES(5150, 1649, 25000, 28257, 451, 463);
INSERT INTO player_team_game_play(player_id, team_id, game_id, play_id, seconds_start, seconds_end) VALUES(7015, 1649, 25000, 28257, 451, 463);
INSERT INTO lba.sub_play (play_id, seconds_da_start, player_made_id, team_made_id, game_made_id, player_suffered_id, team_suffered_id, game_suffered_id, shot_id, turnover_id, foul_id, rebound_defensive_01, rebound_offensive_01, assist_01, blocks_01, time_out_01, x, y)VALUES(28257, 12, 2148, 1655, 25000, NULL, NULL, NULL, 4, NULL, NULL, '', '', '', '', '', 30, 28);
INSERT INTO lba.sub_play (play_id, seconds_da_start, player_made_id, team_made_id, game_made_id, player_suffered_id, team_suffered_id, game_suffered_id, shot_id, turnover_id, foul_id, rebound_defensive_01, rebound_offensive_01, assist_01, blocks_01, time_out_01, x, y)VALUES(28257, 12, 7015, 1649, 25000, NULL, NULL, NULL, NULL, NULL, NULL, '1', '', '', '', '', 30, 28);

INSERT INTO play(id, game_id, seconds_start, seconds_end, quarter, attack_home_01, score_home, score_guest)VALUES(28258, 25000, 463, 481, 1, '1', 15, 20);
INSERT INTO player_team_game_play(player_id, team_id, game_id, play_id, seconds_start, seconds_end) VALUES(4692, 1649, 25000, 28258, 463, 481);
INSERT INTO player_team_game_play(player_id, team_id, game_id, play_id, seconds_start, seconds_end) VALUES(2103, 1649, 25000, 28258, 463, 481);
INSERT INTO player_team_game_play(player_id, team_id, game_id, play_id, seconds_start, seconds_end) VALUES(7015, 1649, 25000, 28258, 463, 481);
INSERT INTO player_team_game_play(player_id, team_id, game_id, play_id, seconds_start, seconds_end) VALUES(7405, 1649, 25000, 28258, 463, 481);
INSERT INTO player_team_game_play(player_id, team_id, game_id, play_id, seconds_start, seconds_end) VALUES(5150, 1649, 25000, 28258, 463, 481);
INSERT INTO player_team_game_play(player_id, team_id, game_id, play_id, seconds_start, seconds_end) VALUES(6320, 1655, 25000, 28258, 463, 481);
INSERT INTO player_team_game_play(player_id, team_id, game_id, play_id, seconds_start, seconds_end) VALUES(2148, 1655, 25000, 28258, 463, 481);
INSERT INTO player_team_game_play(player_id, team_id, game_id, play_id, seconds_start, seconds_end) VALUES(7448, 1655, 25000, 28258, 463, 481);
INSERT INTO player_team_game_play(player_id, team_id, game_id, play_id, seconds_start, seconds_end) VALUES(7450, 1655, 25000, 28258, 463, 481);
INSERT INTO player_team_game_play(player_id, team_id, game_id, play_id, seconds_start, seconds_end) VALUES(378, 1655, 25000, 28258, 463, 481);
INSERT INTO lba.sub_play (play_id, seconds_da_start, player_made_id, team_made_id, game_made_id, player_suffered_id, team_suffered_id, game_suffered_id, shot_id, turnover_id, foul_id, rebound_defensive_01, rebound_offensive_01, assist_01, blocks_01, time_out_01, x, y)VALUES(28258, 18, 2103, 1649, 25000, NULL, NULL, NULL, 1, NULL, NULL, '', '', '', '', '', 95, 47);

INSERT INTO play(id, game_id, seconds_start, seconds_end, quarter, attack_home_01, score_home, score_guest)VALUES(28259, 25000, 481, 495, 1, '0', 15, 20);
INSERT INTO player_team_game_play(player_id, team_id, game_id, play_id, seconds_start, seconds_end) VALUES(4692, 1649, 25000, 28259, 481, 495);
INSERT INTO player_team_game_play(player_id, team_id, game_id, play_id, seconds_start, seconds_end) VALUES(2103, 1649, 25000, 28259, 481, 495);
INSERT INTO player_team_game_play(player_id, team_id, game_id, play_id, seconds_start, seconds_end) VALUES(7015, 1649, 25000, 28259, 481, 495);
INSERT INTO player_team_game_play(player_id, team_id, game_id, play_id, seconds_start, seconds_end) VALUES(7405, 1649, 25000, 28259, 481, 495);
INSERT INTO player_team_game_play(player_id, team_id, game_id, play_id, seconds_start, seconds_end) VALUES(5150, 1649, 25000, 28259, 481, 495);
INSERT INTO player_team_game_play(player_id, team_id, game_id, play_id, seconds_start, seconds_end) VALUES(6320, 1655, 25000, 28259, 481, 495);
INSERT INTO player_team_game_play(player_id, team_id, game_id, play_id, seconds_start, seconds_end) VALUES(2148, 1655, 25000, 28259, 481, 495);
INSERT INTO player_team_game_play(player_id, team_id, game_id, play_id, seconds_start, seconds_end) VALUES(7448, 1655, 25000, 28259, 481, 495);
INSERT INTO player_team_game_play(player_id, team_id, game_id, play_id, seconds_start, seconds_end) VALUES(7450, 1655, 25000, 28259, 481, 495);
INSERT INTO player_team_game_play(player_id, team_id, game_id, play_id, seconds_start, seconds_end) VALUES(378, 1655, 25000, 28259, 481, 495);
INSERT INTO lba.sub_play (play_id, seconds_da_start, player_made_id, team_made_id, game_made_id, player_suffered_id, team_suffered_id, game_suffered_id, shot_id, turnover_id, foul_id, rebound_defensive_01, rebound_offensive_01, assist_01, blocks_01, time_out_01, x, y)VALUES(28259, 14, 6320, 1655, 25000, 7015, 1649, 25000, NULL, 2, NULL, '', '', '', '', '', 12, 27);

INSERT INTO play(id, game_id, seconds_start, seconds_end, quarter, attack_home_01, score_home, score_guest)VALUES(28260, 25000, 495, 520, 1, '1', 15, 20);
INSERT INTO player_team_game_play(player_id, team_id, game_id, play_id, seconds_start, seconds_end) VALUES(4692, 1649, 25000, 28260, 495, 520);
INSERT INTO player_team_game_play(player_id, team_id, game_id, play_id, seconds_start, seconds_end) VALUES(2103, 1649, 25000, 28260, 495, 520);
INSERT INTO player_team_game_play(player_id, team_id, game_id, play_id, seconds_start, seconds_end) VALUES(7015, 1649, 25000, 28260, 495, 520);
INSERT INTO player_team_game_play(player_id, team_id, game_id, play_id, seconds_start, seconds_end) VALUES(7405, 1649, 25000, 28260, 495, 520);
INSERT INTO player_team_game_play(player_id, team_id, game_id, play_id, seconds_start, seconds_end) VALUES(5150, 1649, 25000, 28260, 495, 520);
INSERT INTO player_team_game_play(player_id, team_id, game_id, play_id, seconds_start, seconds_end) VALUES(6320, 1655, 25000, 28260, 495, 520);
INSERT INTO player_team_game_play(player_id, team_id, game_id, play_id, seconds_start, seconds_end) VALUES(2148, 1655, 25000, 28260, 495, 520);
INSERT INTO player_team_game_play(player_id, team_id, game_id, play_id, seconds_start, seconds_end) VALUES(7448, 1655, 25000, 28260, 495, 520);
INSERT INTO player_team_game_play(player_id, team_id, game_id, play_id, seconds_start, seconds_end) VALUES(7450, 1655, 25000, 28260, 495, 520);
INSERT INTO player_team_game_play(player_id, team_id, game_id, play_id, seconds_start, seconds_end) VALUES(378, 1655, 25000, 28260, 495, 520);
INSERT INTO lba.sub_play (play_id, seconds_da_start, player_made_id, team_made_id, game_made_id, player_suffered_id, team_suffered_id, game_suffered_id, shot_id, turnover_id, foul_id, rebound_defensive_01, rebound_offensive_01, assist_01, blocks_01, time_out_01, x, y)VALUES(28260, 12, 5150, 1649, 25000, NULL, NULL, NULL, 2, NULL, NULL, '', '', '', '', '', 85, 52);
INSERT INTO lba.sub_play (play_id, seconds_da_start, player_made_id, team_made_id, game_made_id, player_suffered_id, team_suffered_id, game_suffered_id, shot_id, turnover_id, foul_id, rebound_defensive_01, rebound_offensive_01, assist_01, blocks_01, time_out_01, x, y)VALUES(28260, 12, 4692, 1649, 25000, NULL, NULL, NULL, NULL, NULL, NULL, '', '1', '', '', '', 85, 52);
INSERT INTO lba.sub_play (play_id, seconds_da_start, player_made_id, team_made_id, game_made_id, player_suffered_id, team_suffered_id, game_suffered_id, shot_id, turnover_id, foul_id, rebound_defensive_01, rebound_offensive_01, assist_01, blocks_01, time_out_01, x, y)VALUES(28260, 25, 2103, 1649, 25000, 6320, 1655, 25000, NULL, 1, NULL, '', '', '', '', '', 92, 23);

INSERT INTO play(id, game_id, seconds_start, seconds_end, quarter, attack_home_01, score_home, score_guest)VALUES(28261, 25000, 520, 525, 1, '0', 15, 20);
INSERT INTO player_team_game_play(player_id, team_id, game_id, play_id, seconds_start, seconds_end) VALUES(4692, 1649, 25000, 28261, 520, 525);
INSERT INTO player_team_game_play(player_id, team_id, game_id, play_id, seconds_start, seconds_end) VALUES(2103, 1649, 25000, 28261, 520, 525);
INSERT INTO player_team_game_play(player_id, team_id, game_id, play_id, seconds_start, seconds_end) VALUES(7015, 1649, 25000, 28261, 520, 525);
INSERT INTO player_team_game_play(player_id, team_id, game_id, play_id, seconds_start, seconds_end) VALUES(7405, 1649, 25000, 28261, 520, 525);
INSERT INTO player_team_game_play(player_id, team_id, game_id, play_id, seconds_start, seconds_end) VALUES(5150, 1649, 25000, 28261, 520, 525);
INSERT INTO player_team_game_play(player_id, team_id, game_id, play_id, seconds_start, seconds_end) VALUES(6320, 1655, 25000, 28261, 520, 525);
INSERT INTO player_team_game_play(player_id, team_id, game_id, play_id, seconds_start, seconds_end) VALUES(2148, 1655, 25000, 28261, 520, 525);
INSERT INTO player_team_game_play(player_id, team_id, game_id, play_id, seconds_start, seconds_end) VALUES(7448, 1655, 25000, 28261, 520, 525);
INSERT INTO player_team_game_play(player_id, team_id, game_id, play_id, seconds_start, seconds_end) VALUES(7450, 1655, 25000, 28261, 520, 525);
INSERT INTO player_team_game_play(player_id, team_id, game_id, play_id, seconds_start, seconds_end) VALUES(378, 1655, 25000, 28261, 520, 525);
INSERT INTO lba.sub_play (play_id, seconds_da_start, player_made_id, team_made_id, game_made_id, player_suffered_id, team_suffered_id, game_suffered_id, shot_id, turnover_id, foul_id, rebound_defensive_01, rebound_offensive_01, assist_01, blocks_01, time_out_01, x, y)VALUES(28261, 5, 7448, 1655, 25000, NULL, NULL, NULL, 4, NULL, NULL, '', '', '', '', '', 23, 12);
INSERT INTO lba.sub_play (play_id, seconds_da_start, player_made_id, team_made_id, game_made_id, player_suffered_id, team_suffered_id, game_suffered_id, shot_id, turnover_id, foul_id, rebound_defensive_01, rebound_offensive_01, assist_01, blocks_01, time_out_01, x, y)VALUES(28261, 5, 7015, 1649, 25000, NULL, NULL, NULL, NULL, NULL, NULL, '1', '', '', '', '', 23, 12);

INSERT INTO play(id, game_id, seconds_start, seconds_end, quarter, attack_home_01, score_home, score_guest)VALUES(28262, 25000, 525, 542, 1, '1', 17, 20);
INSERT INTO player_team_game_play(player_id, team_id, game_id, play_id, seconds_start, seconds_end) VALUES(4692, 1649, 25000, 28262, 525, 542);
INSERT INTO player_team_game_play(player_id, team_id, game_id, play_id, seconds_start, seconds_end) VALUES(2103, 1649, 25000, 28262, 525, 542);
INSERT INTO player_team_game_play(player_id, team_id, game_id, play_id, seconds_start, seconds_end) VALUES(7015, 1649, 25000, 28262, 525, 542);
INSERT INTO player_team_game_play(player_id, team_id, game_id, play_id, seconds_start, seconds_end) VALUES(7405, 1649, 25000, 28262, 525, 542);
INSERT INTO player_team_game_play(player_id, team_id, game_id, play_id, seconds_start, seconds_end) VALUES(5150, 1649, 25000, 28262, 525, 542);
INSERT INTO player_team_game_play(player_id, team_id, game_id, play_id, seconds_start, seconds_end) VALUES(6320, 1655, 25000, 28262, 525, 542);
INSERT INTO player_team_game_play(player_id, team_id, game_id, play_id, seconds_start, seconds_end) VALUES(2148, 1655, 25000, 28262, 525, 542);
INSERT INTO player_team_game_play(player_id, team_id, game_id, play_id, seconds_start, seconds_end) VALUES(7448, 1655, 25000, 28262, 525, 542);
INSERT INTO player_team_game_play(player_id, team_id, game_id, play_id, seconds_start, seconds_end) VALUES(7450, 1655, 25000, 28262, 525, 542);
INSERT INTO player_team_game_play(player_id, team_id, game_id, play_id, seconds_start, seconds_end) VALUES(378, 1655, 25000, 28262, 525, 542);
UPDATE player_team_game_play SET seconds_end = 542 WHERE player_id = 2103 AND game_id = 25000 AND play_id = 28262;
INSERT INTO player_team_game_play(player_id, team_id, game_id, play_id, seconds_start, seconds_end) VALUES(6138, 1649, 25000, 28262, 542, 542);
UPDATE player_team_game_play SET seconds_end = 542 WHERE player_id = 378 AND game_id = 25000 AND play_id = 28262;
UPDATE player_team_game_play SET seconds_end = 542 WHERE player_id = 2148 AND game_id = 25000 AND play_id = 28262;
INSERT INTO player_team_game_play(player_id, team_id, game_id, play_id, seconds_start, seconds_end) VALUES(7449, 1655, 25000, 28262, 542, 542);
INSERT INTO player_team_game_play(player_id, team_id, game_id, play_id, seconds_start, seconds_end) VALUES(7447, 1655, 25000, 28262, 542, 542);
INSERT INTO lba.sub_play (play_id, seconds_da_start, player_made_id, team_made_id, game_made_id, player_suffered_id, team_suffered_id, game_suffered_id, shot_id, turnover_id, foul_id, rebound_defensive_01, rebound_offensive_01, assist_01, blocks_01, time_out_01, x, y)VALUES(28262, 17, 378, 1655, 25000, 7015, 1649, 25000, NULL, NULL, 1, '', '', '', '', '', 91, 30);
INSERT INTO lba.sub_play (play_id, seconds_da_start, player_made_id, team_made_id, game_made_id, player_suffered_id, team_suffered_id, game_suffered_id, shot_id, turnover_id, foul_id, rebound_defensive_01, rebound_offensive_01, assist_01, blocks_01, time_out_01, x, y)VALUES(28262, 17, 7015, 1649, 25000, NULL, NULL, NULL, 5, NULL, NULL, '', '', '', '', '', NULL, NULL);
INSERT INTO lba.sub_play (play_id, seconds_da_start, player_made_id, team_made_id, game_made_id, player_suffered_id, team_suffered_id, game_suffered_id, shot_id, turnover_id, foul_id, rebound_defensive_01, rebound_offensive_01, assist_01, blocks_01, time_out_01, x, y)VALUES(28262, 17, 7015, 1649, 25000, NULL, NULL, NULL, 5, NULL, NULL, '', '', '', '', '', NULL, NULL);

INSERT INTO play(id, game_id, seconds_start, seconds_end, quarter, attack_home_01, score_home, score_guest)VALUES(28263, 25000, 542, 556, 1, '0', 17, 20);
INSERT INTO player_team_game_play(player_id, team_id, game_id, play_id, seconds_start, seconds_end) VALUES(4692, 1649, 25000, 28263, 542, 556);
INSERT INTO player_team_game_play(player_id, team_id, game_id, play_id, seconds_start, seconds_end) VALUES(2103, 1649, 25000, 28263, 542, 556);
INSERT INTO player_team_game_play(player_id, team_id, game_id, play_id, seconds_start, seconds_end) VALUES(7015, 1649, 25000, 28263, 542, 556);
INSERT INTO player_team_game_play(player_id, team_id, game_id, play_id, seconds_start, seconds_end) VALUES(7405, 1649, 25000, 28263, 542, 556);
INSERT INTO player_team_game_play(player_id, team_id, game_id, play_id, seconds_start, seconds_end) VALUES(5150, 1649, 25000, 28263, 542, 556);
INSERT INTO player_team_game_play(player_id, team_id, game_id, play_id, seconds_start, seconds_end) VALUES(6320, 1655, 25000, 28263, 542, 556);
INSERT INTO player_team_game_play(player_id, team_id, game_id, play_id, seconds_start, seconds_end) VALUES(2148, 1655, 25000, 28263, 542, 556);
INSERT INTO player_team_game_play(player_id, team_id, game_id, play_id, seconds_start, seconds_end) VALUES(7448, 1655, 25000, 28263, 542, 556);
INSERT INTO player_team_game_play(player_id, team_id, game_id, play_id, seconds_start, seconds_end) VALUES(7450, 1655, 25000, 28263, 542, 556);
INSERT INTO player_team_game_play(player_id, team_id, game_id, play_id, seconds_start, seconds_end) VALUES(378, 1655, 25000, 28263, 542, 556);
UPDATE player_team_game_play SET seconds_end = 542 WHERE player_id = 2103 AND game_id = 25000 AND play_id = 28263;
INSERT INTO player_team_game_play(player_id, team_id, game_id, play_id, seconds_start, seconds_end) VALUES(6138, 1649, 25000, 28263, 542, 556);
UPDATE player_team_game_play SET seconds_end = 542 WHERE player_id = 378 AND game_id = 25000 AND play_id = 28263;
UPDATE player_team_game_play SET seconds_end = 542 WHERE player_id = 2148 AND game_id = 25000 AND play_id = 28263;
INSERT INTO player_team_game_play(player_id, team_id, game_id, play_id, seconds_start, seconds_end) VALUES(7449, 1655, 25000, 28263, 542, 556);
INSERT INTO player_team_game_play(player_id, team_id, game_id, play_id, seconds_start, seconds_end) VALUES(7447, 1655, 25000, 28263, 542, 556);
INSERT INTO lba.sub_play (play_id, seconds_da_start, player_made_id, team_made_id, game_made_id, player_suffered_id, team_suffered_id, game_suffered_id, shot_id, turnover_id, foul_id, rebound_defensive_01, rebound_offensive_01, assist_01, blocks_01, time_out_01, x, y)VALUES(28263, 14, 7450, 1655, 25000, 4692, 1649, 25000, NULL, NULL, 7, '', '', '', '', '', 23, 71);
INSERT INTO lba.sub_play (play_id, seconds_da_start, player_made_id, team_made_id, game_made_id, player_suffered_id, team_suffered_id, game_suffered_id, shot_id, turnover_id, foul_id, rebound_defensive_01, rebound_offensive_01, assist_01, blocks_01, time_out_01, x, y)VALUES(28263, 14, 7450, 1655, 25000, NULL, NULL, NULL, NULL, 13, NULL, '', '', '', '', '', 23, 71);

INSERT INTO play(id, game_id, seconds_start, seconds_end, quarter, attack_home_01, score_home, score_guest)VALUES(28264, 25000, 556, 565, 1, '1', 17, 20);
INSERT INTO player_team_game_play(player_id, team_id, game_id, play_id, seconds_start, seconds_end) VALUES(4692, 1649, 25000, 28264, 556, 565);
INSERT INTO player_team_game_play(player_id, team_id, game_id, play_id, seconds_start, seconds_end) VALUES(7015, 1649, 25000, 28264, 556, 565);
INSERT INTO player_team_game_play(player_id, team_id, game_id, play_id, seconds_start, seconds_end) VALUES(6138, 1649, 25000, 28264, 556, 565);
INSERT INTO player_team_game_play(player_id, team_id, game_id, play_id, seconds_start, seconds_end) VALUES(7405, 1649, 25000, 28264, 556, 565);
INSERT INTO player_team_game_play(player_id, team_id, game_id, play_id, seconds_start, seconds_end) VALUES(5150, 1649, 25000, 28264, 556, 565);
INSERT INTO player_team_game_play(player_id, team_id, game_id, play_id, seconds_start, seconds_end) VALUES(6320, 1655, 25000, 28264, 556, 565);
INSERT INTO player_team_game_play(player_id, team_id, game_id, play_id, seconds_start, seconds_end) VALUES(7447, 1655, 25000, 28264, 556, 565);
INSERT INTO player_team_game_play(player_id, team_id, game_id, play_id, seconds_start, seconds_end) VALUES(7448, 1655, 25000, 28264, 556, 565);
INSERT INTO player_team_game_play(player_id, team_id, game_id, play_id, seconds_start, seconds_end) VALUES(7449, 1655, 25000, 28264, 556, 565);
INSERT INTO player_team_game_play(player_id, team_id, game_id, play_id, seconds_start, seconds_end) VALUES(7450, 1655, 25000, 28264, 556, 565);
INSERT INTO lba.sub_play (play_id, seconds_da_start, player_made_id, team_made_id, game_made_id, player_suffered_id, team_suffered_id, game_suffered_id, shot_id, turnover_id, foul_id, rebound_defensive_01, rebound_offensive_01, assist_01, blocks_01, time_out_01, x, y)VALUES(28264, 9, 7015, 1649, 25000, NULL, NULL, NULL, 4, NULL, NULL, '', '', '', '', '', 66, 49);
INSERT INTO lba.sub_play (play_id, seconds_da_start, player_made_id, team_made_id, game_made_id, player_suffered_id, team_suffered_id, game_suffered_id, shot_id, turnover_id, foul_id, rebound_defensive_01, rebound_offensive_01, assist_01, blocks_01, time_out_01, x, y)VALUES(28264, 9, 7449, 1655, 25000, NULL, NULL, NULL, NULL, NULL, NULL, '1', '', '', '', '', 66, 49);

INSERT INTO play(id, game_id, seconds_start, seconds_end, quarter, attack_home_01, score_home, score_guest)VALUES(28265, 25000, 565, 590, 1, '0', 17, 22);
INSERT INTO player_team_game_play(player_id, team_id, game_id, play_id, seconds_start, seconds_end) VALUES(4692, 1649, 25000, 28265, 565, 590);
INSERT INTO player_team_game_play(player_id, team_id, game_id, play_id, seconds_start, seconds_end) VALUES(7015, 1649, 25000, 28265, 565, 590);
INSERT INTO player_team_game_play(player_id, team_id, game_id, play_id, seconds_start, seconds_end) VALUES(6138, 1649, 25000, 28265, 565, 590);
INSERT INTO player_team_game_play(player_id, team_id, game_id, play_id, seconds_start, seconds_end) VALUES(7405, 1649, 25000, 28265, 565, 590);
INSERT INTO player_team_game_play(player_id, team_id, game_id, play_id, seconds_start, seconds_end) VALUES(5150, 1649, 25000, 28265, 565, 590);
INSERT INTO player_team_game_play(player_id, team_id, game_id, play_id, seconds_start, seconds_end) VALUES(6320, 1655, 25000, 28265, 565, 590);
INSERT INTO player_team_game_play(player_id, team_id, game_id, play_id, seconds_start, seconds_end) VALUES(7447, 1655, 25000, 28265, 565, 590);
INSERT INTO player_team_game_play(player_id, team_id, game_id, play_id, seconds_start, seconds_end) VALUES(7448, 1655, 25000, 28265, 565, 590);
INSERT INTO player_team_game_play(player_id, team_id, game_id, play_id, seconds_start, seconds_end) VALUES(7449, 1655, 25000, 28265, 565, 590);
INSERT INTO player_team_game_play(player_id, team_id, game_id, play_id, seconds_start, seconds_end) VALUES(7450, 1655, 25000, 28265, 565, 590);
INSERT INTO lba.sub_play (play_id, seconds_da_start, player_made_id, team_made_id, game_made_id, player_suffered_id, team_suffered_id, game_suffered_id, shot_id, turnover_id, foul_id, rebound_defensive_01, rebound_offensive_01, assist_01, blocks_01, time_out_01, x, y)VALUES(28265, 25, 7448, 1655, 25000, NULL, NULL, NULL, 1, NULL, NULL, '', '', '', '', '', 11, 57);

INSERT INTO play(id, game_id, seconds_start, seconds_end, quarter, attack_home_01, score_home, score_guest)VALUES(28266, 25000, 590, 600, 1, '1', 20, 22);
INSERT INTO player_team_game_play(player_id, team_id, game_id, play_id, seconds_start, seconds_end) VALUES(4692, 1649, 25000, 28266, 590, 600);
INSERT INTO player_team_game_play(player_id, team_id, game_id, play_id, seconds_start, seconds_end) VALUES(7015, 1649, 25000, 28266, 590, 600);
INSERT INTO player_team_game_play(player_id, team_id, game_id, play_id, seconds_start, seconds_end) VALUES(6138, 1649, 25000, 28266, 590, 600);
INSERT INTO player_team_game_play(player_id, team_id, game_id, play_id, seconds_start, seconds_end) VALUES(7405, 1649, 25000, 28266, 590, 600);
INSERT INTO player_team_game_play(player_id, team_id, game_id, play_id, seconds_start, seconds_end) VALUES(5150, 1649, 25000, 28266, 590, 600);
INSERT INTO player_team_game_play(player_id, team_id, game_id, play_id, seconds_start, seconds_end) VALUES(6320, 1655, 25000, 28266, 590, 600);
INSERT INTO player_team_game_play(player_id, team_id, game_id, play_id, seconds_start, seconds_end) VALUES(7447, 1655, 25000, 28266, 590, 600);
INSERT INTO player_team_game_play(player_id, team_id, game_id, play_id, seconds_start, seconds_end) VALUES(7448, 1655, 25000, 28266, 590, 600);
INSERT INTO player_team_game_play(player_id, team_id, game_id, play_id, seconds_start, seconds_end) VALUES(7449, 1655, 25000, 28266, 590, 600);
INSERT INTO player_team_game_play(player_id, team_id, game_id, play_id, seconds_start, seconds_end) VALUES(7450, 1655, 25000, 28266, 590, 600);
UPDATE player_team_game_play SET seconds_end = 600 WHERE player_id = 6320 AND game_id = 25000 AND play_id = 28266;
UPDATE player_team_game_play SET seconds_end = 600 WHERE player_id = 7448 AND game_id = 25000 AND play_id = 28266;
INSERT INTO player_team_game_play(player_id, team_id, game_id, play_id, seconds_start, seconds_end) VALUES(7049, 1655, 25000, 28266, 600, 600);
INSERT INTO player_team_game_play(player_id, team_id, game_id, play_id, seconds_start, seconds_end) VALUES(7452, 1655, 25000, 28266, 600, 600);
INSERT INTO lba.sub_play (play_id, seconds_da_start, player_made_id, team_made_id, game_made_id, player_suffered_id, team_suffered_id, game_suffered_id, shot_id, turnover_id, foul_id, rebound_defensive_01, rebound_offensive_01, assist_01, blocks_01, time_out_01, x, y)VALUES(28266, 10, 5150, 1649, 25000, NULL, NULL, NULL, 3, NULL, NULL, '', '', '', '', '', 53, 83);

INSERT INTO play(id, game_id, seconds_start, seconds_end, quarter, attack_home_01, score_home, score_guest)VALUES(28267, 25000, 600, 635, 2, '0', 22, 23);
INSERT INTO player_team_game_play(player_id, team_id, game_id, play_id, seconds_start, seconds_end) VALUES(4692, 1649, 25000, 28267, 600, 635);
INSERT INTO player_team_game_play(player_id, team_id, game_id, play_id, seconds_start, seconds_end) VALUES(7015, 1649, 25000, 28267, 600, 635);
INSERT INTO player_team_game_play(player_id, team_id, game_id, play_id, seconds_start, seconds_end) VALUES(6138, 1649, 25000, 28267, 600, 635);
INSERT INTO player_team_game_play(player_id, team_id, game_id, play_id, seconds_start, seconds_end) VALUES(7405, 1649, 25000, 28267, 600, 635);
INSERT INTO player_team_game_play(player_id, team_id, game_id, play_id, seconds_start, seconds_end) VALUES(5150, 1649, 25000, 28267, 600, 635);
INSERT INTO player_team_game_play(player_id, team_id, game_id, play_id, seconds_start, seconds_end) VALUES(6320, 1655, 25000, 28267, 600, 635);
INSERT INTO player_team_game_play(player_id, team_id, game_id, play_id, seconds_start, seconds_end) VALUES(7447, 1655, 25000, 28267, 600, 635);
INSERT INTO player_team_game_play(player_id, team_id, game_id, play_id, seconds_start, seconds_end) VALUES(7448, 1655, 25000, 28267, 600, 635);
INSERT INTO player_team_game_play(player_id, team_id, game_id, play_id, seconds_start, seconds_end) VALUES(7449, 1655, 25000, 28267, 600, 635);
INSERT INTO player_team_game_play(player_id, team_id, game_id, play_id, seconds_start, seconds_end) VALUES(7450, 1655, 25000, 28267, 600, 635);
UPDATE player_team_game_play SET seconds_end = 600 WHERE player_id = 6320 AND game_id = 25000 AND play_id = 28267;
UPDATE player_team_game_play SET seconds_end = 600 WHERE player_id = 7448 AND game_id = 25000 AND play_id = 28267;
INSERT INTO player_team_game_play(player_id, team_id, game_id, play_id, seconds_start, seconds_end) VALUES(7049, 1655, 25000, 28267, 600, 635);
INSERT INTO player_team_game_play(player_id, team_id, game_id, play_id, seconds_start, seconds_end) VALUES(7452, 1655, 25000, 28267, 600, 635);
INSERT INTO lba.sub_play (play_id, seconds_da_start, player_made_id, team_made_id, game_made_id, player_suffered_id, team_suffered_id, game_suffered_id, shot_id, turnover_id, foul_id, rebound_defensive_01, rebound_offensive_01, assist_01, blocks_01, time_out_01, x, y)VALUES(28267, 22, 7015, 1649, 25000, NULL, NULL, NULL, 1, NULL, NULL, '', '', '', '', '', 90, 54);
INSERT INTO lba.sub_play (play_id, seconds_da_start, player_made_id, team_made_id, game_made_id, player_suffered_id, team_suffered_id, game_suffered_id, shot_id, turnover_id, foul_id, rebound_defensive_01, rebound_offensive_01, assist_01, blocks_01, time_out_01, x, y)VALUES(28267, 35, 4692, 1649, 25000, 7450, 1655, 25000, NULL, NULL, 4, '', '', '', '', '', 8, 63);
INSERT INTO lba.sub_play (play_id, seconds_da_start, player_made_id, team_made_id, game_made_id, player_suffered_id, team_suffered_id, game_suffered_id, shot_id, turnover_id, foul_id, rebound_defensive_01, rebound_offensive_01, assist_01, blocks_01, time_out_01, x, y)VALUES(28267, 35, 7450, 1655, 25000, NULL, NULL, NULL, 6, NULL, NULL, '', '', '', '', '', NULL, NULL);
INSERT INTO lba.sub_play (play_id, seconds_da_start, player_made_id, team_made_id, game_made_id, player_suffered_id, team_suffered_id, game_suffered_id, shot_id, turnover_id, foul_id, rebound_defensive_01, rebound_offensive_01, assist_01, blocks_01, time_out_01, x, y)VALUES(28267, 35, 7450, 1655, 25000, NULL, NULL, NULL, 5, NULL, NULL, '', '', '', '', '', NULL, NULL);

INSERT INTO play(id, game_id, seconds_start, seconds_end, quarter, attack_home_01, score_home, score_guest)VALUES(28268, 25000, 635, 659, 2, '1', 25, 23);
INSERT INTO player_team_game_play(player_id, team_id, game_id, play_id, seconds_start, seconds_end) VALUES(4692, 1649, 25000, 28268, 635, 659);
INSERT INTO player_team_game_play(player_id, team_id, game_id, play_id, seconds_start, seconds_end) VALUES(7015, 1649, 25000, 28268, 635, 659);
INSERT INTO player_team_game_play(player_id, team_id, game_id, play_id, seconds_start, seconds_end) VALUES(6138, 1649, 25000, 28268, 635, 659);
INSERT INTO player_team_game_play(player_id, team_id, game_id, play_id, seconds_start, seconds_end) VALUES(7405, 1649, 25000, 28268, 635, 659);
INSERT INTO player_team_game_play(player_id, team_id, game_id, play_id, seconds_start, seconds_end) VALUES(5150, 1649, 25000, 28268, 635, 659);
INSERT INTO player_team_game_play(player_id, team_id, game_id, play_id, seconds_start, seconds_end) VALUES(7449, 1655, 25000, 28268, 635, 659);
INSERT INTO player_team_game_play(player_id, team_id, game_id, play_id, seconds_start, seconds_end) VALUES(7447, 1655, 25000, 28268, 635, 659);
INSERT INTO player_team_game_play(player_id, team_id, game_id, play_id, seconds_start, seconds_end) VALUES(7049, 1655, 25000, 28268, 635, 659);
INSERT INTO player_team_game_play(player_id, team_id, game_id, play_id, seconds_start, seconds_end) VALUES(7450, 1655, 25000, 28268, 635, 659);
INSERT INTO player_team_game_play(player_id, team_id, game_id, play_id, seconds_start, seconds_end) VALUES(7452, 1655, 25000, 28268, 635, 659);
INSERT INTO lba.sub_play (play_id, seconds_da_start, player_made_id, team_made_id, game_made_id, player_suffered_id, team_suffered_id, game_suffered_id, shot_id, turnover_id, foul_id, rebound_defensive_01, rebound_offensive_01, assist_01, blocks_01, time_out_01, x, y)VALUES(28268, 24, 5150, 1649, 25000, NULL, NULL, NULL, 3, NULL, NULL, '', '', '', '', '', 93, 3);
INSERT INTO lba.sub_play (play_id, seconds_da_start, player_made_id, team_made_id, game_made_id, player_suffered_id, team_suffered_id, game_suffered_id, shot_id, turnover_id, foul_id, rebound_defensive_01, rebound_offensive_01, assist_01, blocks_01, time_out_01, x, y)VALUES(28268, 24, 7015, 1649, 25000, NULL, NULL, NULL, NULL, NULL, NULL, '', '', '1', '', '', 93, 3);

INSERT INTO play(id, game_id, seconds_start, seconds_end, quarter, attack_home_01, score_home, score_guest)VALUES(28269, 25000, 659, 673, 2, '0', 25, 23);
INSERT INTO player_team_game_play(player_id, team_id, game_id, play_id, seconds_start, seconds_end) VALUES(4692, 1649, 25000, 28269, 659, 673);
INSERT INTO player_team_game_play(player_id, team_id, game_id, play_id, seconds_start, seconds_end) VALUES(7015, 1649, 25000, 28269, 659, 673);
INSERT INTO player_team_game_play(player_id, team_id, game_id, play_id, seconds_start, seconds_end) VALUES(6138, 1649, 25000, 28269, 659, 673);
INSERT INTO player_team_game_play(player_id, team_id, game_id, play_id, seconds_start, seconds_end) VALUES(7405, 1649, 25000, 28269, 659, 673);
INSERT INTO player_team_game_play(player_id, team_id, game_id, play_id, seconds_start, seconds_end) VALUES(5150, 1649, 25000, 28269, 659, 673);
INSERT INTO player_team_game_play(player_id, team_id, game_id, play_id, seconds_start, seconds_end) VALUES(7449, 1655, 25000, 28269, 659, 673);
INSERT INTO player_team_game_play(player_id, team_id, game_id, play_id, seconds_start, seconds_end) VALUES(7447, 1655, 25000, 28269, 659, 673);
INSERT INTO player_team_game_play(player_id, team_id, game_id, play_id, seconds_start, seconds_end) VALUES(7049, 1655, 25000, 28269, 659, 673);
INSERT INTO player_team_game_play(player_id, team_id, game_id, play_id, seconds_start, seconds_end) VALUES(7450, 1655, 25000, 28269, 659, 673);
INSERT INTO player_team_game_play(player_id, team_id, game_id, play_id, seconds_start, seconds_end) VALUES(7452, 1655, 25000, 28269, 659, 673);
INSERT INTO lba.sub_play (play_id, seconds_da_start, player_made_id, team_made_id, game_made_id, player_suffered_id, team_suffered_id, game_suffered_id, shot_id, turnover_id, foul_id, rebound_defensive_01, rebound_offensive_01, assist_01, blocks_01, time_out_01, x, y)VALUES(28269, 14, 7450, 1655, 25000, NULL, NULL, NULL, 2, NULL, NULL, '', '', '', '', '', 13, 54);
INSERT INTO lba.sub_play (play_id, seconds_da_start, player_made_id, team_made_id, game_made_id, player_suffered_id, team_suffered_id, game_suffered_id, shot_id, turnover_id, foul_id, rebound_defensive_01, rebound_offensive_01, assist_01, blocks_01, time_out_01, x, y)VALUES(28269, 14, 5150, 1649, 25000, NULL, NULL, NULL, NULL, NULL, NULL, '1', '', '', '', '', 13, 54);

INSERT INTO play(id, game_id, seconds_start, seconds_end, quarter, attack_home_01, score_home, score_guest)VALUES(28270, 25000, 673, 691, 2, '1', 27, 23);
INSERT INTO player_team_game_play(player_id, team_id, game_id, play_id, seconds_start, seconds_end) VALUES(4692, 1649, 25000, 28270, 673, 691);
INSERT INTO player_team_game_play(player_id, team_id, game_id, play_id, seconds_start, seconds_end) VALUES(7015, 1649, 25000, 28270, 673, 691);
INSERT INTO player_team_game_play(player_id, team_id, game_id, play_id, seconds_start, seconds_end) VALUES(6138, 1649, 25000, 28270, 673, 691);
INSERT INTO player_team_game_play(player_id, team_id, game_id, play_id, seconds_start, seconds_end) VALUES(7405, 1649, 25000, 28270, 673, 691);
INSERT INTO player_team_game_play(player_id, team_id, game_id, play_id, seconds_start, seconds_end) VALUES(5150, 1649, 25000, 28270, 673, 691);
INSERT INTO player_team_game_play(player_id, team_id, game_id, play_id, seconds_start, seconds_end) VALUES(7449, 1655, 25000, 28270, 673, 691);
INSERT INTO player_team_game_play(player_id, team_id, game_id, play_id, seconds_start, seconds_end) VALUES(7447, 1655, 25000, 28270, 673, 691);
INSERT INTO player_team_game_play(player_id, team_id, game_id, play_id, seconds_start, seconds_end) VALUES(7049, 1655, 25000, 28270, 673, 691);
INSERT INTO player_team_game_play(player_id, team_id, game_id, play_id, seconds_start, seconds_end) VALUES(7450, 1655, 25000, 28270, 673, 691);
INSERT INTO player_team_game_play(player_id, team_id, game_id, play_id, seconds_start, seconds_end) VALUES(7452, 1655, 25000, 28270, 673, 691);
INSERT INTO lba.sub_play (play_id, seconds_da_start, player_made_id, team_made_id, game_made_id, player_suffered_id, team_suffered_id, game_suffered_id, shot_id, turnover_id, foul_id, rebound_defensive_01, rebound_offensive_01, assist_01, blocks_01, time_out_01, x, y)VALUES(28270, 18, 7015, 1649, 25000, NULL, NULL, NULL, 1, NULL, NULL, '', '', '', '', '', 89, 32);
INSERT INTO lba.sub_play (play_id, seconds_da_start, player_made_id, team_made_id, game_made_id, player_suffered_id, team_suffered_id, game_suffered_id, shot_id, turnover_id, foul_id, rebound_defensive_01, rebound_offensive_01, assist_01, blocks_01, time_out_01, x, y)VALUES(28270, 18, 4692, 1649, 25000, NULL, NULL, NULL, NULL, NULL, NULL, '', '', '1', '', '', 89, 32);

INSERT INTO play(id, game_id, seconds_start, seconds_end, quarter, attack_home_01, score_home, score_guest)VALUES(28271, 25000, 691, 716, 2, '0', 27, 23);
INSERT INTO player_team_game_play(player_id, team_id, game_id, play_id, seconds_start, seconds_end) VALUES(4692, 1649, 25000, 28271, 691, 716);
INSERT INTO player_team_game_play(player_id, team_id, game_id, play_id, seconds_start, seconds_end) VALUES(7015, 1649, 25000, 28271, 691, 716);
INSERT INTO player_team_game_play(player_id, team_id, game_id, play_id, seconds_start, seconds_end) VALUES(6138, 1649, 25000, 28271, 691, 716);
INSERT INTO player_team_game_play(player_id, team_id, game_id, play_id, seconds_start, seconds_end) VALUES(7405, 1649, 25000, 28271, 691, 716);
INSERT INTO player_team_game_play(player_id, team_id, game_id, play_id, seconds_start, seconds_end) VALUES(5150, 1649, 25000, 28271, 691, 716);
INSERT INTO player_team_game_play(player_id, team_id, game_id, play_id, seconds_start, seconds_end) VALUES(7449, 1655, 25000, 28271, 691, 716);
INSERT INTO player_team_game_play(player_id, team_id, game_id, play_id, seconds_start, seconds_end) VALUES(7447, 1655, 25000, 28271, 691, 716);
INSERT INTO player_team_game_play(player_id, team_id, game_id, play_id, seconds_start, seconds_end) VALUES(7049, 1655, 25000, 28271, 691, 716);
INSERT INTO player_team_game_play(player_id, team_id, game_id, play_id, seconds_start, seconds_end) VALUES(7450, 1655, 25000, 28271, 691, 716);
INSERT INTO player_team_game_play(player_id, team_id, game_id, play_id, seconds_start, seconds_end) VALUES(7452, 1655, 25000, 28271, 691, 716);
UPDATE player_team_game_play SET seconds_end = 697 WHERE player_id = 4692 AND game_id = 25000 AND play_id = 28271;
INSERT INTO player_team_game_play(player_id, team_id, game_id, play_id, seconds_start, seconds_end) VALUES(3176, 1649, 25000, 28271, 697, 716);
INSERT INTO lba.sub_play (play_id, seconds_da_start, player_made_id, team_made_id, game_made_id, player_suffered_id, team_suffered_id, game_suffered_id, shot_id, turnover_id, foul_id, rebound_defensive_01, rebound_offensive_01, assist_01, blocks_01, time_out_01, x, y)VALUES(28271, 6, 7405, 1649, 25000, 7049, 1655, 25000, NULL, NULL, 1, '', '', '', '', '', 61, 42);
INSERT INTO lba.sub_play (play_id, seconds_da_start, player_made_id, team_made_id, game_made_id, player_suffered_id, team_suffered_id, game_suffered_id, shot_id, turnover_id, foul_id, rebound_defensive_01, rebound_offensive_01, assist_01, blocks_01, time_out_01, x, y)VALUES(28271, 25, 7447, 1655, 25000, NULL, NULL, NULL, 2, NULL, NULL, '', '', '', '', '', 15, 59);
INSERT INTO lba.sub_play (play_id, seconds_da_start, player_made_id, team_made_id, game_made_id, player_suffered_id, team_suffered_id, game_suffered_id, shot_id, turnover_id, foul_id, rebound_defensive_01, rebound_offensive_01, assist_01, blocks_01, time_out_01, x, y)VALUES(28271, 25, 6138, 1649, 25000, NULL, NULL, NULL, NULL, NULL, NULL, '1', '', '', '', '', 15, 59);

INSERT INTO play(id, game_id, seconds_start, seconds_end, quarter, attack_home_01, score_home, score_guest)VALUES(28272, 25000, 716, 736, 2, '1', 27, 23);
INSERT INTO player_team_game_play(player_id, team_id, game_id, play_id, seconds_start, seconds_end) VALUES(7015, 1649, 25000, 28272, 716, 736);
INSERT INTO player_team_game_play(player_id, team_id, game_id, play_id, seconds_start, seconds_end) VALUES(3176, 1649, 25000, 28272, 716, 736);
INSERT INTO player_team_game_play(player_id, team_id, game_id, play_id, seconds_start, seconds_end) VALUES(6138, 1649, 25000, 28272, 716, 736);
INSERT INTO player_team_game_play(player_id, team_id, game_id, play_id, seconds_start, seconds_end) VALUES(7405, 1649, 25000, 28272, 716, 736);
INSERT INTO player_team_game_play(player_id, team_id, game_id, play_id, seconds_start, seconds_end) VALUES(5150, 1649, 25000, 28272, 716, 736);
INSERT INTO player_team_game_play(player_id, team_id, game_id, play_id, seconds_start, seconds_end) VALUES(7449, 1655, 25000, 28272, 716, 736);
INSERT INTO player_team_game_play(player_id, team_id, game_id, play_id, seconds_start, seconds_end) VALUES(7447, 1655, 25000, 28272, 716, 736);
INSERT INTO player_team_game_play(player_id, team_id, game_id, play_id, seconds_start, seconds_end) VALUES(7049, 1655, 25000, 28272, 716, 736);
INSERT INTO player_team_game_play(player_id, team_id, game_id, play_id, seconds_start, seconds_end) VALUES(7450, 1655, 25000, 28272, 716, 736);
INSERT INTO player_team_game_play(player_id, team_id, game_id, play_id, seconds_start, seconds_end) VALUES(7452, 1655, 25000, 28272, 716, 736);
INSERT INTO lba.sub_play (play_id, seconds_da_start, player_made_id, team_made_id, game_made_id, player_suffered_id, team_suffered_id, game_suffered_id, shot_id, turnover_id, foul_id, rebound_defensive_01, rebound_offensive_01, assist_01, blocks_01, time_out_01, x, y)VALUES(28272, 20, 6138, 1649, 25000, NULL, NULL, NULL, 2, NULL, NULL, '', '', '', '', '', 92, 33);
INSERT INTO lba.sub_play (play_id, seconds_da_start, player_made_id, team_made_id, game_made_id, player_suffered_id, team_suffered_id, game_suffered_id, shot_id, turnover_id, foul_id, rebound_defensive_01, rebound_offensive_01, assist_01, blocks_01, time_out_01, x, y)VALUES(28272, 20, 7449, 1655, 25000, 6138, 1649, 25000, NULL, NULL, NULL, '', '', '', '1', '', 92, 33);

INSERT INTO play(id, game_id, seconds_start, seconds_end, quarter, attack_home_01, score_home, score_guest)VALUES(28273, 25000, 736, 756, 2, '0', 27, 25);
INSERT INTO player_team_game_play(player_id, team_id, game_id, play_id, seconds_start, seconds_end) VALUES(7015, 1649, 25000, 28273, 736, 756);
INSERT INTO player_team_game_play(player_id, team_id, game_id, play_id, seconds_start, seconds_end) VALUES(3176, 1649, 25000, 28273, 736, 756);
INSERT INTO player_team_game_play(player_id, team_id, game_id, play_id, seconds_start, seconds_end) VALUES(6138, 1649, 25000, 28273, 736, 756);
INSERT INTO player_team_game_play(player_id, team_id, game_id, play_id, seconds_start, seconds_end) VALUES(7405, 1649, 25000, 28273, 736, 756);
INSERT INTO player_team_game_play(player_id, team_id, game_id, play_id, seconds_start, seconds_end) VALUES(5150, 1649, 25000, 28273, 736, 756);
INSERT INTO player_team_game_play(player_id, team_id, game_id, play_id, seconds_start, seconds_end) VALUES(7449, 1655, 25000, 28273, 736, 756);
INSERT INTO player_team_game_play(player_id, team_id, game_id, play_id, seconds_start, seconds_end) VALUES(7447, 1655, 25000, 28273, 736, 756);
INSERT INTO player_team_game_play(player_id, team_id, game_id, play_id, seconds_start, seconds_end) VALUES(7049, 1655, 25000, 28273, 736, 756);
INSERT INTO player_team_game_play(player_id, team_id, game_id, play_id, seconds_start, seconds_end) VALUES(7450, 1655, 25000, 28273, 736, 756);
INSERT INTO player_team_game_play(player_id, team_id, game_id, play_id, seconds_start, seconds_end) VALUES(7452, 1655, 25000, 28273, 736, 756);
INSERT INTO lba.sub_play (play_id, seconds_da_start, player_made_id, team_made_id, game_made_id, player_suffered_id, team_suffered_id, game_suffered_id, shot_id, turnover_id, foul_id, rebound_defensive_01, rebound_offensive_01, assist_01, blocks_01, time_out_01, x, y)VALUES(28273, 20, 7449, 1655, 25000, NULL, NULL, NULL, 1, NULL, NULL, '', '', '', '', '', 5, 51);
INSERT INTO lba.sub_play (play_id, seconds_da_start, player_made_id, team_made_id, game_made_id, player_suffered_id, team_suffered_id, game_suffered_id, shot_id, turnover_id, foul_id, rebound_defensive_01, rebound_offensive_01, assist_01, blocks_01, time_out_01, x, y)VALUES(28273, 20, 7049, 1655, 25000, NULL, NULL, NULL, NULL, NULL, NULL, '', '', '1', '', '', 5, 51);

INSERT INTO play(id, game_id, seconds_start, seconds_end, quarter, attack_home_01, score_home, score_guest)VALUES(28274, 25000, 756, 770, 2, '1', 29, 25);
INSERT INTO player_team_game_play(player_id, team_id, game_id, play_id, seconds_start, seconds_end) VALUES(7015, 1649, 25000, 28274, 756, 770);
INSERT INTO player_team_game_play(player_id, team_id, game_id, play_id, seconds_start, seconds_end) VALUES(3176, 1649, 25000, 28274, 756, 770);
INSERT INTO player_team_game_play(player_id, team_id, game_id, play_id, seconds_start, seconds_end) VALUES(6138, 1649, 25000, 28274, 756, 770);
INSERT INTO player_team_game_play(player_id, team_id, game_id, play_id, seconds_start, seconds_end) VALUES(7405, 1649, 25000, 28274, 756, 770);
INSERT INTO player_team_game_play(player_id, team_id, game_id, play_id, seconds_start, seconds_end) VALUES(5150, 1649, 25000, 28274, 756, 770);
INSERT INTO player_team_game_play(player_id, team_id, game_id, play_id, seconds_start, seconds_end) VALUES(7449, 1655, 25000, 28274, 756, 770);
INSERT INTO player_team_game_play(player_id, team_id, game_id, play_id, seconds_start, seconds_end) VALUES(7447, 1655, 25000, 28274, 756, 770);
INSERT INTO player_team_game_play(player_id, team_id, game_id, play_id, seconds_start, seconds_end) VALUES(7049, 1655, 25000, 28274, 756, 770);
INSERT INTO player_team_game_play(player_id, team_id, game_id, play_id, seconds_start, seconds_end) VALUES(7450, 1655, 25000, 28274, 756, 770);
INSERT INTO player_team_game_play(player_id, team_id, game_id, play_id, seconds_start, seconds_end) VALUES(7452, 1655, 25000, 28274, 756, 770);
INSERT INTO lba.sub_play (play_id, seconds_da_start, player_made_id, team_made_id, game_made_id, player_suffered_id, team_suffered_id, game_suffered_id, shot_id, turnover_id, foul_id, rebound_defensive_01, rebound_offensive_01, assist_01, blocks_01, time_out_01, x, y)VALUES(28274, 13, 7049, 1655, 25000, 3176, 1649, 25000, NULL, NULL, 4, '', '', '', '', '', 71, 72);
INSERT INTO lba.sub_play (play_id, seconds_da_start, player_made_id, team_made_id, game_made_id, player_suffered_id, team_suffered_id, game_suffered_id, shot_id, turnover_id, foul_id, rebound_defensive_01, rebound_offensive_01, assist_01, blocks_01, time_out_01, x, y)VALUES(28274, 14, 3176, 1649, 25000, NULL, NULL, NULL, 5, NULL, NULL, '', '', '', '', '', NULL, NULL);
INSERT INTO lba.sub_play (play_id, seconds_da_start, player_made_id, team_made_id, game_made_id, player_suffered_id, team_suffered_id, game_suffered_id, shot_id, turnover_id, foul_id, rebound_defensive_01, rebound_offensive_01, assist_01, blocks_01, time_out_01, x, y)VALUES(28274, 14, 3176, 1649, 25000, NULL, NULL, NULL, 5, NULL, NULL, '', '', '', '', '', NULL, NULL);
INSERT INTO lba.sub_play (play_id, seconds_da_start, player_made_id, team_made_id, game_made_id, player_suffered_id, team_suffered_id, game_suffered_id, shot_id, turnover_id, foul_id, rebound_defensive_01, rebound_offensive_01, assist_01, blocks_01, time_out_01, x, y)VALUES(28274, 14, 7405, 1649, 25000, NULL, NULL, NULL, NULL, NULL, NULL, '', '', '1', '', '', NULL, NULL);

INSERT INTO play(id, game_id, seconds_start, seconds_end, quarter, attack_home_01, score_home, score_guest)VALUES(28275, 25000, 770, 770, 2, '1', 30, 25);
INSERT INTO player_team_game_play(player_id, team_id, game_id, play_id, seconds_start, seconds_end) VALUES(7015, 1649, 25000, 28275, 770, 770);
INSERT INTO player_team_game_play(player_id, team_id, game_id, play_id, seconds_start, seconds_end) VALUES(3176, 1649, 25000, 28275, 770, 770);
INSERT INTO player_team_game_play(player_id, team_id, game_id, play_id, seconds_start, seconds_end) VALUES(6138, 1649, 25000, 28275, 770, 770);
INSERT INTO player_team_game_play(player_id, team_id, game_id, play_id, seconds_start, seconds_end) VALUES(7405, 1649, 25000, 28275, 770, 770);
INSERT INTO player_team_game_play(player_id, team_id, game_id, play_id, seconds_start, seconds_end) VALUES(5150, 1649, 25000, 28275, 770, 770);
INSERT INTO player_team_game_play(player_id, team_id, game_id, play_id, seconds_start, seconds_end) VALUES(7449, 1655, 25000, 28275, 770, 770);
INSERT INTO player_team_game_play(player_id, team_id, game_id, play_id, seconds_start, seconds_end) VALUES(7447, 1655, 25000, 28275, 770, 770);
INSERT INTO player_team_game_play(player_id, team_id, game_id, play_id, seconds_start, seconds_end) VALUES(7049, 1655, 25000, 28275, 770, 770);
INSERT INTO player_team_game_play(player_id, team_id, game_id, play_id, seconds_start, seconds_end) VALUES(7450, 1655, 25000, 28275, 770, 770);
INSERT INTO player_team_game_play(player_id, team_id, game_id, play_id, seconds_start, seconds_end) VALUES(7452, 1655, 25000, 28275, 770, 770);
INSERT INTO lba.sub_play (play_id, seconds_da_start, player_made_id, team_made_id, game_made_id, player_suffered_id, team_suffered_id, game_suffered_id, shot_id, turnover_id, foul_id, rebound_defensive_01, rebound_offensive_01, assist_01, blocks_01, time_out_01, x, y)VALUES(28275, 0, 3176, 1649, 25000, NULL, NULL, NULL, 5, NULL, NULL, '', '', '', '', '', NULL, NULL);

INSERT INTO play(id, game_id, seconds_start, seconds_end, quarter, attack_home_01, score_home, score_guest)VALUES(28276, 25000, 770, 780, 2, '0', 30, 25);
INSERT INTO player_team_game_play(player_id, team_id, game_id, play_id, seconds_start, seconds_end) VALUES(7015, 1649, 25000, 28276, 770, 780);
INSERT INTO player_team_game_play(player_id, team_id, game_id, play_id, seconds_start, seconds_end) VALUES(3176, 1649, 25000, 28276, 770, 780);
INSERT INTO player_team_game_play(player_id, team_id, game_id, play_id, seconds_start, seconds_end) VALUES(6138, 1649, 25000, 28276, 770, 780);
INSERT INTO player_team_game_play(player_id, team_id, game_id, play_id, seconds_start, seconds_end) VALUES(7405, 1649, 25000, 28276, 770, 780);
INSERT INTO player_team_game_play(player_id, team_id, game_id, play_id, seconds_start, seconds_end) VALUES(5150, 1649, 25000, 28276, 770, 780);
INSERT INTO player_team_game_play(player_id, team_id, game_id, play_id, seconds_start, seconds_end) VALUES(7449, 1655, 25000, 28276, 770, 780);
INSERT INTO player_team_game_play(player_id, team_id, game_id, play_id, seconds_start, seconds_end) VALUES(7447, 1655, 25000, 28276, 770, 780);
INSERT INTO player_team_game_play(player_id, team_id, game_id, play_id, seconds_start, seconds_end) VALUES(7049, 1655, 25000, 28276, 770, 780);
INSERT INTO player_team_game_play(player_id, team_id, game_id, play_id, seconds_start, seconds_end) VALUES(7450, 1655, 25000, 28276, 770, 780);
INSERT INTO player_team_game_play(player_id, team_id, game_id, play_id, seconds_start, seconds_end) VALUES(7452, 1655, 25000, 28276, 770, 780);
INSERT INTO lba.sub_play (play_id, seconds_da_start, player_made_id, team_made_id, game_made_id, player_suffered_id, team_suffered_id, game_suffered_id, shot_id, turnover_id, foul_id, rebound_defensive_01, rebound_offensive_01, assist_01, blocks_01, time_out_01, x, y)VALUES(28276, 10, 7049, 1655, 25000, 7405, 1649, 25000, NULL, 2, NULL, '', '', '', '', '', 18, 33);

INSERT INTO play(id, game_id, seconds_start, seconds_end, quarter, attack_home_01, score_home, score_guest)VALUES(28277, 25000, 780, 796, 2, '1', 30, 25);
INSERT INTO player_team_game_play(player_id, team_id, game_id, play_id, seconds_start, seconds_end) VALUES(7015, 1649, 25000, 28277, 780, 796);
INSERT INTO player_team_game_play(player_id, team_id, game_id, play_id, seconds_start, seconds_end) VALUES(3176, 1649, 25000, 28277, 780, 796);
INSERT INTO player_team_game_play(player_id, team_id, game_id, play_id, seconds_start, seconds_end) VALUES(6138, 1649, 25000, 28277, 780, 796);
INSERT INTO player_team_game_play(player_id, team_id, game_id, play_id, seconds_start, seconds_end) VALUES(7405, 1649, 25000, 28277, 780, 796);
INSERT INTO player_team_game_play(player_id, team_id, game_id, play_id, seconds_start, seconds_end) VALUES(5150, 1649, 25000, 28277, 780, 796);
INSERT INTO player_team_game_play(player_id, team_id, game_id, play_id, seconds_start, seconds_end) VALUES(7449, 1655, 25000, 28277, 780, 796);
INSERT INTO player_team_game_play(player_id, team_id, game_id, play_id, seconds_start, seconds_end) VALUES(7447, 1655, 25000, 28277, 780, 796);
INSERT INTO player_team_game_play(player_id, team_id, game_id, play_id, seconds_start, seconds_end) VALUES(7049, 1655, 25000, 28277, 780, 796);
INSERT INTO player_team_game_play(player_id, team_id, game_id, play_id, seconds_start, seconds_end) VALUES(7450, 1655, 25000, 28277, 780, 796);
INSERT INTO player_team_game_play(player_id, team_id, game_id, play_id, seconds_start, seconds_end) VALUES(7452, 1655, 25000, 28277, 780, 796);
INSERT INTO lba.sub_play (play_id, seconds_da_start, player_made_id, team_made_id, game_made_id, player_suffered_id, team_suffered_id, game_suffered_id, shot_id, turnover_id, foul_id, rebound_defensive_01, rebound_offensive_01, assist_01, blocks_01, time_out_01, x, y)VALUES(28277, 16, 7405, 1649, 25000, 7447, 1655, 25000, NULL, 2, NULL, '', '', '', '', '', 84, 39);

INSERT INTO play(id, game_id, seconds_start, seconds_end, quarter, attack_home_01, score_home, score_guest)VALUES(28278, 25000, 796, 804, 2, '0', 30, 25);
INSERT INTO player_team_game_play(player_id, team_id, game_id, play_id, seconds_start, seconds_end) VALUES(7015, 1649, 25000, 28278, 796, 804);
INSERT INTO player_team_game_play(player_id, team_id, game_id, play_id, seconds_start, seconds_end) VALUES(3176, 1649, 25000, 28278, 796, 804);
INSERT INTO player_team_game_play(player_id, team_id, game_id, play_id, seconds_start, seconds_end) VALUES(6138, 1649, 25000, 28278, 796, 804);
INSERT INTO player_team_game_play(player_id, team_id, game_id, play_id, seconds_start, seconds_end) VALUES(7405, 1649, 25000, 28278, 796, 804);
INSERT INTO player_team_game_play(player_id, team_id, game_id, play_id, seconds_start, seconds_end) VALUES(5150, 1649, 25000, 28278, 796, 804);
INSERT INTO player_team_game_play(player_id, team_id, game_id, play_id, seconds_start, seconds_end) VALUES(7449, 1655, 25000, 28278, 796, 804);
INSERT INTO player_team_game_play(player_id, team_id, game_id, play_id, seconds_start, seconds_end) VALUES(7447, 1655, 25000, 28278, 796, 804);
INSERT INTO player_team_game_play(player_id, team_id, game_id, play_id, seconds_start, seconds_end) VALUES(7049, 1655, 25000, 28278, 796, 804);
INSERT INTO player_team_game_play(player_id, team_id, game_id, play_id, seconds_start, seconds_end) VALUES(7450, 1655, 25000, 28278, 796, 804);
INSERT INTO player_team_game_play(player_id, team_id, game_id, play_id, seconds_start, seconds_end) VALUES(7452, 1655, 25000, 28278, 796, 804);
INSERT INTO lba.sub_play (play_id, seconds_da_start, player_made_id, team_made_id, game_made_id, player_suffered_id, team_suffered_id, game_suffered_id, shot_id, turnover_id, foul_id, rebound_defensive_01, rebound_offensive_01, assist_01, blocks_01, time_out_01, x, y)VALUES(28278, 8, 7447, 1655, 25000, 7405, 1649, 25000, NULL, 1, NULL, '', '', '', '', '', 13, 57);

INSERT INTO play(id, game_id, seconds_start, seconds_end, quarter, attack_home_01, score_home, score_guest)VALUES(28279, 25000, 804, 809, 2, '1', 32, 25);
INSERT INTO player_team_game_play(player_id, team_id, game_id, play_id, seconds_start, seconds_end) VALUES(7015, 1649, 25000, 28279, 804, 809);
INSERT INTO player_team_game_play(player_id, team_id, game_id, play_id, seconds_start, seconds_end) VALUES(3176, 1649, 25000, 28279, 804, 809);
INSERT INTO player_team_game_play(player_id, team_id, game_id, play_id, seconds_start, seconds_end) VALUES(6138, 1649, 25000, 28279, 804, 809);
INSERT INTO player_team_game_play(player_id, team_id, game_id, play_id, seconds_start, seconds_end) VALUES(7405, 1649, 25000, 28279, 804, 809);
INSERT INTO player_team_game_play(player_id, team_id, game_id, play_id, seconds_start, seconds_end) VALUES(5150, 1649, 25000, 28279, 804, 809);
INSERT INTO player_team_game_play(player_id, team_id, game_id, play_id, seconds_start, seconds_end) VALUES(7449, 1655, 25000, 28279, 804, 809);
INSERT INTO player_team_game_play(player_id, team_id, game_id, play_id, seconds_start, seconds_end) VALUES(7447, 1655, 25000, 28279, 804, 809);
INSERT INTO player_team_game_play(player_id, team_id, game_id, play_id, seconds_start, seconds_end) VALUES(7049, 1655, 25000, 28279, 804, 809);
INSERT INTO player_team_game_play(player_id, team_id, game_id, play_id, seconds_start, seconds_end) VALUES(7450, 1655, 25000, 28279, 804, 809);
INSERT INTO player_team_game_play(player_id, team_id, game_id, play_id, seconds_start, seconds_end) VALUES(7452, 1655, 25000, 28279, 804, 809);
INSERT INTO lba.sub_play (play_id, seconds_da_start, player_made_id, team_made_id, game_made_id, player_suffered_id, team_suffered_id, game_suffered_id, shot_id, turnover_id, foul_id, rebound_defensive_01, rebound_offensive_01, assist_01, blocks_01, time_out_01, x, y)VALUES(28279, 5, 7405, 1649, 25000, NULL, NULL, NULL, 1, NULL, NULL, '', '', '', '', '', 96, 51);

INSERT INTO play(id, game_id, seconds_start, seconds_end, quarter, attack_home_01, score_home, score_guest)VALUES(28280, 25000, 809, 822, 2, '0', 32, 25);
INSERT INTO player_team_game_play(player_id, team_id, game_id, play_id, seconds_start, seconds_end) VALUES(7015, 1649, 25000, 28280, 809, 822);
INSERT INTO player_team_game_play(player_id, team_id, game_id, play_id, seconds_start, seconds_end) VALUES(3176, 1649, 25000, 28280, 809, 822);
INSERT INTO player_team_game_play(player_id, team_id, game_id, play_id, seconds_start, seconds_end) VALUES(6138, 1649, 25000, 28280, 809, 822);
INSERT INTO player_team_game_play(player_id, team_id, game_id, play_id, seconds_start, seconds_end) VALUES(7405, 1649, 25000, 28280, 809, 822);
INSERT INTO player_team_game_play(player_id, team_id, game_id, play_id, seconds_start, seconds_end) VALUES(5150, 1649, 25000, 28280, 809, 822);
INSERT INTO player_team_game_play(player_id, team_id, game_id, play_id, seconds_start, seconds_end) VALUES(7449, 1655, 25000, 28280, 809, 822);
INSERT INTO player_team_game_play(player_id, team_id, game_id, play_id, seconds_start, seconds_end) VALUES(7447, 1655, 25000, 28280, 809, 822);
INSERT INTO player_team_game_play(player_id, team_id, game_id, play_id, seconds_start, seconds_end) VALUES(7049, 1655, 25000, 28280, 809, 822);
INSERT INTO player_team_game_play(player_id, team_id, game_id, play_id, seconds_start, seconds_end) VALUES(7450, 1655, 25000, 28280, 809, 822);
INSERT INTO player_team_game_play(player_id, team_id, game_id, play_id, seconds_start, seconds_end) VALUES(7452, 1655, 25000, 28280, 809, 822);
INSERT INTO lba.sub_play (play_id, seconds_da_start, player_made_id, team_made_id, game_made_id, player_suffered_id, team_suffered_id, game_suffered_id, shot_id, turnover_id, foul_id, rebound_defensive_01, rebound_offensive_01, assist_01, blocks_01, time_out_01, x, y)VALUES(28280, 13, 7450, 1655, 25000, NULL, NULL, NULL, 2, NULL, NULL, '', '', '', '', '', 20, 74);
INSERT INTO lba.sub_play (play_id, seconds_da_start, player_made_id, team_made_id, game_made_id, player_suffered_id, team_suffered_id, game_suffered_id, shot_id, turnover_id, foul_id, rebound_defensive_01, rebound_offensive_01, assist_01, blocks_01, time_out_01, x, y)VALUES(28280, 13, 7015, 1649, 25000, NULL, NULL, NULL, NULL, NULL, NULL, '1', '', '', '', '', 20, 74);

INSERT INTO play(id, game_id, seconds_start, seconds_end, quarter, attack_home_01, score_home, score_guest)VALUES(28281, 25000, 822, 843, 2, '1', 32, 25);
INSERT INTO player_team_game_play(player_id, team_id, game_id, play_id, seconds_start, seconds_end) VALUES(7015, 1649, 25000, 28281, 822, 843);
INSERT INTO player_team_game_play(player_id, team_id, game_id, play_id, seconds_start, seconds_end) VALUES(3176, 1649, 25000, 28281, 822, 843);
INSERT INTO player_team_game_play(player_id, team_id, game_id, play_id, seconds_start, seconds_end) VALUES(6138, 1649, 25000, 28281, 822, 843);
INSERT INTO player_team_game_play(player_id, team_id, game_id, play_id, seconds_start, seconds_end) VALUES(7405, 1649, 25000, 28281, 822, 843);
INSERT INTO player_team_game_play(player_id, team_id, game_id, play_id, seconds_start, seconds_end) VALUES(5150, 1649, 25000, 28281, 822, 843);
INSERT INTO player_team_game_play(player_id, team_id, game_id, play_id, seconds_start, seconds_end) VALUES(7449, 1655, 25000, 28281, 822, 843);
INSERT INTO player_team_game_play(player_id, team_id, game_id, play_id, seconds_start, seconds_end) VALUES(7447, 1655, 25000, 28281, 822, 843);
INSERT INTO player_team_game_play(player_id, team_id, game_id, play_id, seconds_start, seconds_end) VALUES(7049, 1655, 25000, 28281, 822, 843);
INSERT INTO player_team_game_play(player_id, team_id, game_id, play_id, seconds_start, seconds_end) VALUES(7450, 1655, 25000, 28281, 822, 843);
INSERT INTO player_team_game_play(player_id, team_id, game_id, play_id, seconds_start, seconds_end) VALUES(7452, 1655, 25000, 28281, 822, 843);
INSERT INTO lba.sub_play (play_id, seconds_da_start, player_made_id, team_made_id, game_made_id, player_suffered_id, team_suffered_id, game_suffered_id, shot_id, turnover_id, foul_id, rebound_defensive_01, rebound_offensive_01, assist_01, blocks_01, time_out_01, x, y)VALUES(28281, 21, 5150, 1649, 25000, NULL, NULL, NULL, 4, NULL, NULL, '', '', '', '', '', 67, 45);
INSERT INTO lba.sub_play (play_id, seconds_da_start, player_made_id, team_made_id, game_made_id, player_suffered_id, team_suffered_id, game_suffered_id, shot_id, turnover_id, foul_id, rebound_defensive_01, rebound_offensive_01, assist_01, blocks_01, time_out_01, x, y)VALUES(28281, 21, 7450, 1655, 25000, NULL, NULL, NULL, NULL, NULL, NULL, '1', '', '', '', '', 67, 45);

INSERT INTO play(id, game_id, seconds_start, seconds_end, quarter, attack_home_01, score_home, score_guest)VALUES(28282, 25000, 843, 849, 2, '0', 32, 25);
INSERT INTO player_team_game_play(player_id, team_id, game_id, play_id, seconds_start, seconds_end) VALUES(7015, 1649, 25000, 28282, 843, 849);
INSERT INTO player_team_game_play(player_id, team_id, game_id, play_id, seconds_start, seconds_end) VALUES(3176, 1649, 25000, 28282, 843, 849);
INSERT INTO player_team_game_play(player_id, team_id, game_id, play_id, seconds_start, seconds_end) VALUES(6138, 1649, 25000, 28282, 843, 849);
INSERT INTO player_team_game_play(player_id, team_id, game_id, play_id, seconds_start, seconds_end) VALUES(7405, 1649, 25000, 28282, 843, 849);
INSERT INTO player_team_game_play(player_id, team_id, game_id, play_id, seconds_start, seconds_end) VALUES(5150, 1649, 25000, 28282, 843, 849);
INSERT INTO player_team_game_play(player_id, team_id, game_id, play_id, seconds_start, seconds_end) VALUES(7449, 1655, 25000, 28282, 843, 849);
INSERT INTO player_team_game_play(player_id, team_id, game_id, play_id, seconds_start, seconds_end) VALUES(7447, 1655, 25000, 28282, 843, 849);
INSERT INTO player_team_game_play(player_id, team_id, game_id, play_id, seconds_start, seconds_end) VALUES(7049, 1655, 25000, 28282, 843, 849);
INSERT INTO player_team_game_play(player_id, team_id, game_id, play_id, seconds_start, seconds_end) VALUES(7450, 1655, 25000, 28282, 843, 849);
INSERT INTO player_team_game_play(player_id, team_id, game_id, play_id, seconds_start, seconds_end) VALUES(7452, 1655, 25000, 28282, 843, 849);
UPDATE player_team_game_play SET seconds_end = 849 WHERE player_id = 7015 AND game_id = 25000 AND play_id = 28282;
INSERT INTO player_team_game_play(player_id, team_id, game_id, play_id, seconds_start, seconds_end) VALUES(1775, 1649, 25000, 28282, 849, 849);
UPDATE player_team_game_play SET seconds_end = 849 WHERE player_id = 7049 AND game_id = 25000 AND play_id = 28282;
UPDATE player_team_game_play SET seconds_end = 849 WHERE player_id = 7452 AND game_id = 25000 AND play_id = 28282;
INSERT INTO player_team_game_play(player_id, team_id, game_id, play_id, seconds_start, seconds_end) VALUES(6320, 1655, 25000, 28282, 849, 849);
INSERT INTO player_team_game_play(player_id, team_id, game_id, play_id, seconds_start, seconds_end) VALUES(7448, 1655, 25000, 28282, 849, 849);
INSERT INTO lba.sub_play (play_id, seconds_da_start, player_made_id, team_made_id, game_made_id, player_suffered_id, team_suffered_id, game_suffered_id, shot_id, turnover_id, foul_id, rebound_defensive_01, rebound_offensive_01, assist_01, blocks_01, time_out_01, x, y)VALUES(28282, 6, 7450, 1655, 25000, 7405, 1649, 25000, NULL, NULL, 7, '', '', '', '', '', 6, 28);
INSERT INTO lba.sub_play (play_id, seconds_da_start, player_made_id, team_made_id, game_made_id, player_suffered_id, team_suffered_id, game_suffered_id, shot_id, turnover_id, foul_id, rebound_defensive_01, rebound_offensive_01, assist_01, blocks_01, time_out_01, x, y)VALUES(28282, 6, 7450, 1655, 25000, NULL, NULL, NULL, NULL, 13, NULL, '', '', '', '', '', 6, 28);

INSERT INTO play(id, game_id, seconds_start, seconds_end, quarter, attack_home_01, score_home, score_guest)VALUES(28283, 25000, 849, 860, 2, '1', 32, 25);
INSERT INTO player_team_game_play(player_id, team_id, game_id, play_id, seconds_start, seconds_end) VALUES(7015, 1649, 25000, 28283, 849, 860);
INSERT INTO player_team_game_play(player_id, team_id, game_id, play_id, seconds_start, seconds_end) VALUES(3176, 1649, 25000, 28283, 849, 860);
INSERT INTO player_team_game_play(player_id, team_id, game_id, play_id, seconds_start, seconds_end) VALUES(6138, 1649, 25000, 28283, 849, 860);
INSERT INTO player_team_game_play(player_id, team_id, game_id, play_id, seconds_start, seconds_end) VALUES(7405, 1649, 25000, 28283, 849, 860);
INSERT INTO player_team_game_play(player_id, team_id, game_id, play_id, seconds_start, seconds_end) VALUES(5150, 1649, 25000, 28283, 849, 860);
INSERT INTO player_team_game_play(player_id, team_id, game_id, play_id, seconds_start, seconds_end) VALUES(7449, 1655, 25000, 28283, 849, 860);
INSERT INTO player_team_game_play(player_id, team_id, game_id, play_id, seconds_start, seconds_end) VALUES(7447, 1655, 25000, 28283, 849, 860);
INSERT INTO player_team_game_play(player_id, team_id, game_id, play_id, seconds_start, seconds_end) VALUES(7049, 1655, 25000, 28283, 849, 860);
INSERT INTO player_team_game_play(player_id, team_id, game_id, play_id, seconds_start, seconds_end) VALUES(7450, 1655, 25000, 28283, 849, 860);
INSERT INTO player_team_game_play(player_id, team_id, game_id, play_id, seconds_start, seconds_end) VALUES(7452, 1655, 25000, 28283, 849, 860);
UPDATE player_team_game_play SET seconds_end = 849 WHERE player_id = 7015 AND game_id = 25000 AND play_id = 28283;
INSERT INTO player_team_game_play(player_id, team_id, game_id, play_id, seconds_start, seconds_end) VALUES(1775, 1649, 25000, 28283, 849, 860);
UPDATE player_team_game_play SET seconds_end = 849 WHERE player_id = 7049 AND game_id = 25000 AND play_id = 28283;
UPDATE player_team_game_play SET seconds_end = 849 WHERE player_id = 7452 AND game_id = 25000 AND play_id = 28283;
INSERT INTO player_team_game_play(player_id, team_id, game_id, play_id, seconds_start, seconds_end) VALUES(6320, 1655, 25000, 28283, 849, 860);
INSERT INTO player_team_game_play(player_id, team_id, game_id, play_id, seconds_start, seconds_end) VALUES(7448, 1655, 25000, 28283, 849, 860);
INSERT INTO lba.sub_play (play_id, seconds_da_start, player_made_id, team_made_id, game_made_id, player_suffered_id, team_suffered_id, game_suffered_id, shot_id, turnover_id, foul_id, rebound_defensive_01, rebound_offensive_01, assist_01, blocks_01, time_out_01, x, y)VALUES(28283, 3, 7449, 1655, 25000, 3176, 1649, 25000, NULL, NULL, 1, '', '', '', '', '', 67, 91);
INSERT INTO lba.sub_play (play_id, seconds_da_start, player_made_id, team_made_id, game_made_id, player_suffered_id, team_suffered_id, game_suffered_id, shot_id, turnover_id, foul_id, rebound_defensive_01, rebound_offensive_01, assist_01, blocks_01, time_out_01, x, y)VALUES(28283, 11, 3176, 1649, 25000, NULL, NULL, NULL, 4, NULL, NULL, '', '', '', '', '', 66, 69);
INSERT INTO lba.sub_play (play_id, seconds_da_start, player_made_id, team_made_id, game_made_id, player_suffered_id, team_suffered_id, game_suffered_id, shot_id, turnover_id, foul_id, rebound_defensive_01, rebound_offensive_01, assist_01, blocks_01, time_out_01, x, y)VALUES(28283, 11, 7448, 1655, 25000, NULL, NULL, NULL, NULL, NULL, NULL, '1', '', '', '', '', 66, 69);

INSERT INTO play(id, game_id, seconds_start, seconds_end, quarter, attack_home_01, score_home, score_guest)VALUES(28284, 25000, 860, 871, 2, '0', 32, 25);
INSERT INTO player_team_game_play(player_id, team_id, game_id, play_id, seconds_start, seconds_end) VALUES(3176, 1649, 25000, 28284, 860, 871);
INSERT INTO player_team_game_play(player_id, team_id, game_id, play_id, seconds_start, seconds_end) VALUES(6138, 1649, 25000, 28284, 860, 871);
INSERT INTO player_team_game_play(player_id, team_id, game_id, play_id, seconds_start, seconds_end) VALUES(7405, 1649, 25000, 28284, 860, 871);
INSERT INTO player_team_game_play(player_id, team_id, game_id, play_id, seconds_start, seconds_end) VALUES(5150, 1649, 25000, 28284, 860, 871);
INSERT INTO player_team_game_play(player_id, team_id, game_id, play_id, seconds_start, seconds_end) VALUES(1775, 1649, 25000, 28284, 860, 871);
INSERT INTO player_team_game_play(player_id, team_id, game_id, play_id, seconds_start, seconds_end) VALUES(6320, 1655, 25000, 28284, 860, 871);
INSERT INTO player_team_game_play(player_id, team_id, game_id, play_id, seconds_start, seconds_end) VALUES(7447, 1655, 25000, 28284, 860, 871);
INSERT INTO player_team_game_play(player_id, team_id, game_id, play_id, seconds_start, seconds_end) VALUES(7448, 1655, 25000, 28284, 860, 871);
INSERT INTO player_team_game_play(player_id, team_id, game_id, play_id, seconds_start, seconds_end) VALUES(7449, 1655, 25000, 28284, 860, 871);
INSERT INTO player_team_game_play(player_id, team_id, game_id, play_id, seconds_start, seconds_end) VALUES(7450, 1655, 25000, 28284, 860, 871);
INSERT INTO lba.sub_play (play_id, seconds_da_start, player_made_id, team_made_id, game_made_id, player_suffered_id, team_suffered_id, game_suffered_id, shot_id, turnover_id, foul_id, rebound_defensive_01, rebound_offensive_01, assist_01, blocks_01, time_out_01, x, y)VALUES(28284, 11, 7448, 1655, 25000, NULL, NULL, NULL, 4, NULL, NULL, '', '', '', '', '', 29, 22);
INSERT INTO lba.sub_play (play_id, seconds_da_start, player_made_id, team_made_id, game_made_id, player_suffered_id, team_suffered_id, game_suffered_id, shot_id, turnover_id, foul_id, rebound_defensive_01, rebound_offensive_01, assist_01, blocks_01, time_out_01, x, y)VALUES(28284, 11, 1775, 1649, 25000, NULL, NULL, NULL, NULL, NULL, NULL, '1', '', '', '', '', 29, 22);

INSERT INTO play(id, game_id, seconds_start, seconds_end, quarter, attack_home_01, score_home, score_guest)VALUES(28285, 25000, 871, 894, 2, '1', 34, 25);
INSERT INTO player_team_game_play(player_id, team_id, game_id, play_id, seconds_start, seconds_end) VALUES(3176, 1649, 25000, 28285, 871, 894);
INSERT INTO player_team_game_play(player_id, team_id, game_id, play_id, seconds_start, seconds_end) VALUES(6138, 1649, 25000, 28285, 871, 894);
INSERT INTO player_team_game_play(player_id, team_id, game_id, play_id, seconds_start, seconds_end) VALUES(7405, 1649, 25000, 28285, 871, 894);
INSERT INTO player_team_game_play(player_id, team_id, game_id, play_id, seconds_start, seconds_end) VALUES(5150, 1649, 25000, 28285, 871, 894);
INSERT INTO player_team_game_play(player_id, team_id, game_id, play_id, seconds_start, seconds_end) VALUES(1775, 1649, 25000, 28285, 871, 894);
INSERT INTO player_team_game_play(player_id, team_id, game_id, play_id, seconds_start, seconds_end) VALUES(6320, 1655, 25000, 28285, 871, 894);
INSERT INTO player_team_game_play(player_id, team_id, game_id, play_id, seconds_start, seconds_end) VALUES(7447, 1655, 25000, 28285, 871, 894);
INSERT INTO player_team_game_play(player_id, team_id, game_id, play_id, seconds_start, seconds_end) VALUES(7448, 1655, 25000, 28285, 871, 894);
INSERT INTO player_team_game_play(player_id, team_id, game_id, play_id, seconds_start, seconds_end) VALUES(7449, 1655, 25000, 28285, 871, 894);
INSERT INTO player_team_game_play(player_id, team_id, game_id, play_id, seconds_start, seconds_end) VALUES(7450, 1655, 25000, 28285, 871, 894);
UPDATE player_team_game_play SET seconds_end = 894 WHERE player_id = 7405 AND game_id = 25000 AND play_id = 28285;
INSERT INTO player_team_game_play(player_id, team_id, game_id, play_id, seconds_start, seconds_end) VALUES(7406, 1649, 25000, 28285, 894, 894);
INSERT INTO lba.sub_play (play_id, seconds_da_start, player_made_id, team_made_id, game_made_id, player_suffered_id, team_suffered_id, game_suffered_id, shot_id, turnover_id, foul_id, rebound_defensive_01, rebound_offensive_01, assist_01, blocks_01, time_out_01, x, y)VALUES(28285, 22, 6320, 1655, 25000, 5150, 1649, 25000, NULL, NULL, 4, '', '', '', '', '', 94, 40);
INSERT INTO lba.sub_play (play_id, seconds_da_start, player_made_id, team_made_id, game_made_id, player_suffered_id, team_suffered_id, game_suffered_id, shot_id, turnover_id, foul_id, rebound_defensive_01, rebound_offensive_01, assist_01, blocks_01, time_out_01, x, y)VALUES(28285, 23, 5150, 1649, 25000, NULL, NULL, NULL, 5, NULL, NULL, '', '', '', '', '', NULL, NULL);
INSERT INTO lba.sub_play (play_id, seconds_da_start, player_made_id, team_made_id, game_made_id, player_suffered_id, team_suffered_id, game_suffered_id, shot_id, turnover_id, foul_id, rebound_defensive_01, rebound_offensive_01, assist_01, blocks_01, time_out_01, x, y)VALUES(28285, 23, 5150, 1649, 25000, NULL, NULL, NULL, 5, NULL, NULL, '', '', '', '', '', NULL, NULL);

INSERT INTO play(id, game_id, seconds_start, seconds_end, quarter, attack_home_01, score_home, score_guest)VALUES(28286, 25000, 894, 901, 2, '0', 34, 28);
INSERT INTO player_team_game_play(player_id, team_id, game_id, play_id, seconds_start, seconds_end) VALUES(3176, 1649, 25000, 28286, 894, 901);
INSERT INTO player_team_game_play(player_id, team_id, game_id, play_id, seconds_start, seconds_end) VALUES(6138, 1649, 25000, 28286, 894, 901);
INSERT INTO player_team_game_play(player_id, team_id, game_id, play_id, seconds_start, seconds_end) VALUES(7405, 1649, 25000, 28286, 894, 901);
INSERT INTO player_team_game_play(player_id, team_id, game_id, play_id, seconds_start, seconds_end) VALUES(5150, 1649, 25000, 28286, 894, 901);
INSERT INTO player_team_game_play(player_id, team_id, game_id, play_id, seconds_start, seconds_end) VALUES(1775, 1649, 25000, 28286, 894, 901);
INSERT INTO player_team_game_play(player_id, team_id, game_id, play_id, seconds_start, seconds_end) VALUES(6320, 1655, 25000, 28286, 894, 901);
INSERT INTO player_team_game_play(player_id, team_id, game_id, play_id, seconds_start, seconds_end) VALUES(7447, 1655, 25000, 28286, 894, 901);
INSERT INTO player_team_game_play(player_id, team_id, game_id, play_id, seconds_start, seconds_end) VALUES(7448, 1655, 25000, 28286, 894, 901);
INSERT INTO player_team_game_play(player_id, team_id, game_id, play_id, seconds_start, seconds_end) VALUES(7449, 1655, 25000, 28286, 894, 901);
INSERT INTO player_team_game_play(player_id, team_id, game_id, play_id, seconds_start, seconds_end) VALUES(7450, 1655, 25000, 28286, 894, 901);
UPDATE player_team_game_play SET seconds_end = 894 WHERE player_id = 7405 AND game_id = 25000 AND play_id = 28286;
INSERT INTO player_team_game_play(player_id, team_id, game_id, play_id, seconds_start, seconds_end) VALUES(7406, 1649, 25000, 28286, 894, 901);
INSERT INTO lba.sub_play (play_id, seconds_da_start, player_made_id, team_made_id, game_made_id, player_suffered_id, team_suffered_id, game_suffered_id, shot_id, turnover_id, foul_id, rebound_defensive_01, rebound_offensive_01, assist_01, blocks_01, time_out_01, x, y)VALUES(28286, 7, 7448, 1655, 25000, NULL, NULL, NULL, 3, NULL, NULL, '', '', '', '', '', 28, 78);
INSERT INTO lba.sub_play (play_id, seconds_da_start, player_made_id, team_made_id, game_made_id, player_suffered_id, team_suffered_id, game_suffered_id, shot_id, turnover_id, foul_id, rebound_defensive_01, rebound_offensive_01, assist_01, blocks_01, time_out_01, x, y)VALUES(28286, 7, 7450, 1655, 25000, NULL, NULL, NULL, NULL, NULL, NULL, '', '', '1', '', '', 28, 78);

INSERT INTO play(id, game_id, seconds_start, seconds_end, quarter, attack_home_01, score_home, score_guest)VALUES(28287, 25000, 901, 927, 2, '1', 37, 28);
INSERT INTO player_team_game_play(player_id, team_id, game_id, play_id, seconds_start, seconds_end) VALUES(5150, 1649, 25000, 28287, 901, 927);
INSERT INTO player_team_game_play(player_id, team_id, game_id, play_id, seconds_start, seconds_end) VALUES(3176, 1649, 25000, 28287, 901, 927);
INSERT INTO player_team_game_play(player_id, team_id, game_id, play_id, seconds_start, seconds_end) VALUES(6138, 1649, 25000, 28287, 901, 927);
INSERT INTO player_team_game_play(player_id, team_id, game_id, play_id, seconds_start, seconds_end) VALUES(7406, 1649, 25000, 28287, 901, 927);
INSERT INTO player_team_game_play(player_id, team_id, game_id, play_id, seconds_start, seconds_end) VALUES(1775, 1649, 25000, 28287, 901, 927);
INSERT INTO player_team_game_play(player_id, team_id, game_id, play_id, seconds_start, seconds_end) VALUES(6320, 1655, 25000, 28287, 901, 927);
INSERT INTO player_team_game_play(player_id, team_id, game_id, play_id, seconds_start, seconds_end) VALUES(7447, 1655, 25000, 28287, 901, 927);
INSERT INTO player_team_game_play(player_id, team_id, game_id, play_id, seconds_start, seconds_end) VALUES(7448, 1655, 25000, 28287, 901, 927);
INSERT INTO player_team_game_play(player_id, team_id, game_id, play_id, seconds_start, seconds_end) VALUES(7449, 1655, 25000, 28287, 901, 927);
INSERT INTO player_team_game_play(player_id, team_id, game_id, play_id, seconds_start, seconds_end) VALUES(7450, 1655, 25000, 28287, 901, 927);
INSERT INTO lba.sub_play (play_id, seconds_da_start, player_made_id, team_made_id, game_made_id, player_suffered_id, team_suffered_id, game_suffered_id, shot_id, turnover_id, foul_id, rebound_defensive_01, rebound_offensive_01, assist_01, blocks_01, time_out_01, x, y)VALUES(28287, 26, 5150, 1649, 25000, NULL, NULL, NULL, 3, NULL, NULL, '', '', '', '', '', 73, 84);

INSERT INTO play(id, game_id, seconds_start, seconds_end, quarter, attack_home_01, score_home, score_guest)VALUES(28288, 25000, 927, 946, 2, '0', 37, 30);
INSERT INTO player_team_game_play(player_id, team_id, game_id, play_id, seconds_start, seconds_end) VALUES(5150, 1649, 25000, 28288, 927, 946);
INSERT INTO player_team_game_play(player_id, team_id, game_id, play_id, seconds_start, seconds_end) VALUES(3176, 1649, 25000, 28288, 927, 946);
INSERT INTO player_team_game_play(player_id, team_id, game_id, play_id, seconds_start, seconds_end) VALUES(6138, 1649, 25000, 28288, 927, 946);
INSERT INTO player_team_game_play(player_id, team_id, game_id, play_id, seconds_start, seconds_end) VALUES(7406, 1649, 25000, 28288, 927, 946);
INSERT INTO player_team_game_play(player_id, team_id, game_id, play_id, seconds_start, seconds_end) VALUES(1775, 1649, 25000, 28288, 927, 946);
INSERT INTO player_team_game_play(player_id, team_id, game_id, play_id, seconds_start, seconds_end) VALUES(6320, 1655, 25000, 28288, 927, 946);
INSERT INTO player_team_game_play(player_id, team_id, game_id, play_id, seconds_start, seconds_end) VALUES(7447, 1655, 25000, 28288, 927, 946);
INSERT INTO player_team_game_play(player_id, team_id, game_id, play_id, seconds_start, seconds_end) VALUES(7448, 1655, 25000, 28288, 927, 946);
INSERT INTO player_team_game_play(player_id, team_id, game_id, play_id, seconds_start, seconds_end) VALUES(7449, 1655, 25000, 28288, 927, 946);
INSERT INTO player_team_game_play(player_id, team_id, game_id, play_id, seconds_start, seconds_end) VALUES(7450, 1655, 25000, 28288, 927, 946);
INSERT INTO lba.sub_play (play_id, seconds_da_start, player_made_id, team_made_id, game_made_id, player_suffered_id, team_suffered_id, game_suffered_id, shot_id, turnover_id, foul_id, rebound_defensive_01, rebound_offensive_01, assist_01, blocks_01, time_out_01, x, y)VALUES(28288, 19, 7449, 1655, 25000, NULL, NULL, NULL, 1, NULL, NULL, '', '', '', '', '', 5, 51);
INSERT INTO lba.sub_play (play_id, seconds_da_start, player_made_id, team_made_id, game_made_id, player_suffered_id, team_suffered_id, game_suffered_id, shot_id, turnover_id, foul_id, rebound_defensive_01, rebound_offensive_01, assist_01, blocks_01, time_out_01, x, y)VALUES(28288, 19, 7450, 1655, 25000, NULL, NULL, NULL, NULL, NULL, NULL, '', '', '1', '', '', 5, 51);

INSERT INTO play(id, game_id, seconds_start, seconds_end, quarter, attack_home_01, score_home, score_guest)VALUES(28289, 25000, 946, 974, 2, '1', 37, 30);
INSERT INTO player_team_game_play(player_id, team_id, game_id, play_id, seconds_start, seconds_end) VALUES(5150, 1649, 25000, 28289, 946, 974);
INSERT INTO player_team_game_play(player_id, team_id, game_id, play_id, seconds_start, seconds_end) VALUES(3176, 1649, 25000, 28289, 946, 974);
INSERT INTO player_team_game_play(player_id, team_id, game_id, play_id, seconds_start, seconds_end) VALUES(6138, 1649, 25000, 28289, 946, 974);
INSERT INTO player_team_game_play(player_id, team_id, game_id, play_id, seconds_start, seconds_end) VALUES(7406, 1649, 25000, 28289, 946, 974);
INSERT INTO player_team_game_play(player_id, team_id, game_id, play_id, seconds_start, seconds_end) VALUES(1775, 1649, 25000, 28289, 946, 974);
INSERT INTO player_team_game_play(player_id, team_id, game_id, play_id, seconds_start, seconds_end) VALUES(6320, 1655, 25000, 28289, 946, 974);
INSERT INTO player_team_game_play(player_id, team_id, game_id, play_id, seconds_start, seconds_end) VALUES(7447, 1655, 25000, 28289, 946, 974);
INSERT INTO player_team_game_play(player_id, team_id, game_id, play_id, seconds_start, seconds_end) VALUES(7448, 1655, 25000, 28289, 946, 974);
INSERT INTO player_team_game_play(player_id, team_id, game_id, play_id, seconds_start, seconds_end) VALUES(7449, 1655, 25000, 28289, 946, 974);
INSERT INTO player_team_game_play(player_id, team_id, game_id, play_id, seconds_start, seconds_end) VALUES(7450, 1655, 25000, 28289, 946, 974);
INSERT INTO lba.sub_play (play_id, seconds_da_start, player_made_id, team_made_id, game_made_id, player_suffered_id, team_suffered_id, game_suffered_id, shot_id, turnover_id, foul_id, rebound_defensive_01, rebound_offensive_01, assist_01, blocks_01, time_out_01, x, y)VALUES(28289, 28, 6138, 1649, 25000, NULL, NULL, NULL, 2, NULL, NULL, '', '', '', '', '', 81, 21);
INSERT INTO lba.sub_play (play_id, seconds_da_start, player_made_id, team_made_id, game_made_id, player_suffered_id, team_suffered_id, game_suffered_id, shot_id, turnover_id, foul_id, rebound_defensive_01, rebound_offensive_01, assist_01, blocks_01, time_out_01, x, y)VALUES(28289, 28, 7449, 1655, 25000, NULL, NULL, NULL, NULL, NULL, NULL, '1', '', '', '', '', 81, 21);

INSERT INTO play(id, game_id, seconds_start, seconds_end, quarter, attack_home_01, score_home, score_guest)VALUES(28290, 25000, 974, 989, 2, '0', 37, 30);
INSERT INTO player_team_game_play(player_id, team_id, game_id, play_id, seconds_start, seconds_end) VALUES(5150, 1649, 25000, 28290, 974, 989);
INSERT INTO player_team_game_play(player_id, team_id, game_id, play_id, seconds_start, seconds_end) VALUES(3176, 1649, 25000, 28290, 974, 989);
INSERT INTO player_team_game_play(player_id, team_id, game_id, play_id, seconds_start, seconds_end) VALUES(6138, 1649, 25000, 28290, 974, 989);
INSERT INTO player_team_game_play(player_id, team_id, game_id, play_id, seconds_start, seconds_end) VALUES(7406, 1649, 25000, 28290, 974, 989);
INSERT INTO player_team_game_play(player_id, team_id, game_id, play_id, seconds_start, seconds_end) VALUES(1775, 1649, 25000, 28290, 974, 989);
INSERT INTO player_team_game_play(player_id, team_id, game_id, play_id, seconds_start, seconds_end) VALUES(6320, 1655, 25000, 28290, 974, 989);
INSERT INTO player_team_game_play(player_id, team_id, game_id, play_id, seconds_start, seconds_end) VALUES(7447, 1655, 25000, 28290, 974, 989);
INSERT INTO player_team_game_play(player_id, team_id, game_id, play_id, seconds_start, seconds_end) VALUES(7448, 1655, 25000, 28290, 974, 989);
INSERT INTO player_team_game_play(player_id, team_id, game_id, play_id, seconds_start, seconds_end) VALUES(7449, 1655, 25000, 28290, 974, 989);
INSERT INTO player_team_game_play(player_id, team_id, game_id, play_id, seconds_start, seconds_end) VALUES(7450, 1655, 25000, 28290, 974, 989);
INSERT INTO lba.sub_play (play_id, seconds_da_start, player_made_id, team_made_id, game_made_id, player_suffered_id, team_suffered_id, game_suffered_id, shot_id, turnover_id, foul_id, rebound_defensive_01, rebound_offensive_01, assist_01, blocks_01, time_out_01, x, y)VALUES(28290, 15, 7450, 1655, 25000, 7406, 1649, 25000, NULL, 1, NULL, '', '', '', '', '', 17, 66);

INSERT INTO play(id, game_id, seconds_start, seconds_end, quarter, attack_home_01, score_home, score_guest)VALUES(28291, 25000, 989, 996, 2, '1', 39, 30);
INSERT INTO player_team_game_play(player_id, team_id, game_id, play_id, seconds_start, seconds_end) VALUES(5150, 1649, 25000, 28291, 989, 996);
INSERT INTO player_team_game_play(player_id, team_id, game_id, play_id, seconds_start, seconds_end) VALUES(3176, 1649, 25000, 28291, 989, 996);
INSERT INTO player_team_game_play(player_id, team_id, game_id, play_id, seconds_start, seconds_end) VALUES(6138, 1649, 25000, 28291, 989, 996);
INSERT INTO player_team_game_play(player_id, team_id, game_id, play_id, seconds_start, seconds_end) VALUES(7406, 1649, 25000, 28291, 989, 996);
INSERT INTO player_team_game_play(player_id, team_id, game_id, play_id, seconds_start, seconds_end) VALUES(1775, 1649, 25000, 28291, 989, 996);
INSERT INTO player_team_game_play(player_id, team_id, game_id, play_id, seconds_start, seconds_end) VALUES(6320, 1655, 25000, 28291, 989, 996);
INSERT INTO player_team_game_play(player_id, team_id, game_id, play_id, seconds_start, seconds_end) VALUES(7447, 1655, 25000, 28291, 989, 996);
INSERT INTO player_team_game_play(player_id, team_id, game_id, play_id, seconds_start, seconds_end) VALUES(7448, 1655, 25000, 28291, 989, 996);
INSERT INTO player_team_game_play(player_id, team_id, game_id, play_id, seconds_start, seconds_end) VALUES(7449, 1655, 25000, 28291, 989, 996);
INSERT INTO player_team_game_play(player_id, team_id, game_id, play_id, seconds_start, seconds_end) VALUES(7450, 1655, 25000, 28291, 989, 996);
INSERT INTO lba.sub_play (play_id, seconds_da_start, player_made_id, team_made_id, game_made_id, player_suffered_id, team_suffered_id, game_suffered_id, shot_id, turnover_id, foul_id, rebound_defensive_01, rebound_offensive_01, assist_01, blocks_01, time_out_01, x, y)VALUES(28291, 7, 5150, 1649, 25000, NULL, NULL, NULL, 1, NULL, NULL, '', '', '', '', '', 93, 54);
INSERT INTO lba.sub_play (play_id, seconds_da_start, player_made_id, team_made_id, game_made_id, player_suffered_id, team_suffered_id, game_suffered_id, shot_id, turnover_id, foul_id, rebound_defensive_01, rebound_offensive_01, assist_01, blocks_01, time_out_01, x, y)VALUES(28291, 7, 7406, 1649, 25000, NULL, NULL, NULL, NULL, NULL, NULL, '', '', '1', '', '', 93, 54);

INSERT INTO play(id, game_id, seconds_start, seconds_end, quarter, attack_home_01, score_home, score_guest)VALUES(28292, 25000, 996, 1008, 2, '0', 39, 32);
INSERT INTO player_team_game_play(player_id, team_id, game_id, play_id, seconds_start, seconds_end) VALUES(5150, 1649, 25000, 28292, 996, 1008);
INSERT INTO player_team_game_play(player_id, team_id, game_id, play_id, seconds_start, seconds_end) VALUES(3176, 1649, 25000, 28292, 996, 1008);
INSERT INTO player_team_game_play(player_id, team_id, game_id, play_id, seconds_start, seconds_end) VALUES(6138, 1649, 25000, 28292, 996, 1008);
INSERT INTO player_team_game_play(player_id, team_id, game_id, play_id, seconds_start, seconds_end) VALUES(7406, 1649, 25000, 28292, 996, 1008);
INSERT INTO player_team_game_play(player_id, team_id, game_id, play_id, seconds_start, seconds_end) VALUES(1775, 1649, 25000, 28292, 996, 1008);
INSERT INTO player_team_game_play(player_id, team_id, game_id, play_id, seconds_start, seconds_end) VALUES(6320, 1655, 25000, 28292, 996, 1008);
INSERT INTO player_team_game_play(player_id, team_id, game_id, play_id, seconds_start, seconds_end) VALUES(7447, 1655, 25000, 28292, 996, 1008);
INSERT INTO player_team_game_play(player_id, team_id, game_id, play_id, seconds_start, seconds_end) VALUES(7448, 1655, 25000, 28292, 996, 1008);
INSERT INTO player_team_game_play(player_id, team_id, game_id, play_id, seconds_start, seconds_end) VALUES(7449, 1655, 25000, 28292, 996, 1008);
INSERT INTO player_team_game_play(player_id, team_id, game_id, play_id, seconds_start, seconds_end) VALUES(7450, 1655, 25000, 28292, 996, 1008);
UPDATE player_team_game_play SET seconds_end = 1008 WHERE player_id = 3176 AND game_id = 25000 AND play_id = 28292;
UPDATE player_team_game_play SET seconds_end = 1008 WHERE player_id = 6138 AND game_id = 25000 AND play_id = 28292;
UPDATE player_team_game_play SET seconds_end = 1008 WHERE player_id = 5150 AND game_id = 25000 AND play_id = 28292;
INSERT INTO player_team_game_play(player_id, team_id, game_id, play_id, seconds_start, seconds_end) VALUES(4692, 1649, 25000, 28292, 1008, 1008);
INSERT INTO player_team_game_play(player_id, team_id, game_id, play_id, seconds_start, seconds_end) VALUES(7405, 1649, 25000, 28292, 1008, 1008);
INSERT INTO player_team_game_play(player_id, team_id, game_id, play_id, seconds_start, seconds_end) VALUES(2103, 1649, 25000, 28292, 1008, 1008);
INSERT INTO lba.sub_play (play_id, seconds_da_start, player_made_id, team_made_id, game_made_id, player_suffered_id, team_suffered_id, game_suffered_id, shot_id, turnover_id, foul_id, rebound_defensive_01, rebound_offensive_01, assist_01, blocks_01, time_out_01, x, y)VALUES(28292, 12, 3176, 1649, 25000, 7450, 1655, 25000, NULL, NULL, 4, '', '', '', '', '', 22, 66);
INSERT INTO lba.sub_play (play_id, seconds_da_start, player_made_id, team_made_id, game_made_id, player_suffered_id, team_suffered_id, game_suffered_id, shot_id, turnover_id, foul_id, rebound_defensive_01, rebound_offensive_01, assist_01, blocks_01, time_out_01, x, y)VALUES(28292, 12, 7450, 1655, 25000, NULL, NULL, NULL, 5, NULL, NULL, '', '', '', '', '', NULL, NULL);
INSERT INTO lba.sub_play (play_id, seconds_da_start, player_made_id, team_made_id, game_made_id, player_suffered_id, team_suffered_id, game_suffered_id, shot_id, turnover_id, foul_id, rebound_defensive_01, rebound_offensive_01, assist_01, blocks_01, time_out_01, x, y)VALUES(28292, 12, 7450, 1655, 25000, NULL, NULL, NULL, 5, NULL, NULL, '', '', '', '', '', NULL, NULL);

INSERT INTO play(id, game_id, seconds_start, seconds_end, quarter, attack_home_01, score_home, score_guest)VALUES(28293, 25000, 1008, 1015, 2, '1', 41, 32);
INSERT INTO player_team_game_play(player_id, team_id, game_id, play_id, seconds_start, seconds_end) VALUES(5150, 1649, 25000, 28293, 1008, 1015);
INSERT INTO player_team_game_play(player_id, team_id, game_id, play_id, seconds_start, seconds_end) VALUES(3176, 1649, 25000, 28293, 1008, 1015);
INSERT INTO player_team_game_play(player_id, team_id, game_id, play_id, seconds_start, seconds_end) VALUES(6138, 1649, 25000, 28293, 1008, 1015);
INSERT INTO player_team_game_play(player_id, team_id, game_id, play_id, seconds_start, seconds_end) VALUES(7406, 1649, 25000, 28293, 1008, 1015);
INSERT INTO player_team_game_play(player_id, team_id, game_id, play_id, seconds_start, seconds_end) VALUES(1775, 1649, 25000, 28293, 1008, 1015);
INSERT INTO player_team_game_play(player_id, team_id, game_id, play_id, seconds_start, seconds_end) VALUES(6320, 1655, 25000, 28293, 1008, 1015);
INSERT INTO player_team_game_play(player_id, team_id, game_id, play_id, seconds_start, seconds_end) VALUES(7447, 1655, 25000, 28293, 1008, 1015);
INSERT INTO player_team_game_play(player_id, team_id, game_id, play_id, seconds_start, seconds_end) VALUES(7448, 1655, 25000, 28293, 1008, 1015);
INSERT INTO player_team_game_play(player_id, team_id, game_id, play_id, seconds_start, seconds_end) VALUES(7449, 1655, 25000, 28293, 1008, 1015);
INSERT INTO player_team_game_play(player_id, team_id, game_id, play_id, seconds_start, seconds_end) VALUES(7450, 1655, 25000, 28293, 1008, 1015);
UPDATE player_team_game_play SET seconds_end = 1008 WHERE player_id = 3176 AND game_id = 25000 AND play_id = 28293;
UPDATE player_team_game_play SET seconds_end = 1008 WHERE player_id = 6138 AND game_id = 25000 AND play_id = 28293;
UPDATE player_team_game_play SET seconds_end = 1008 WHERE player_id = 5150 AND game_id = 25000 AND play_id = 28293;
INSERT INTO player_team_game_play(player_id, team_id, game_id, play_id, seconds_start, seconds_end) VALUES(4692, 1649, 25000, 28293, 1008, 1015);
INSERT INTO player_team_game_play(player_id, team_id, game_id, play_id, seconds_start, seconds_end) VALUES(7405, 1649, 25000, 28293, 1008, 1015);
INSERT INTO player_team_game_play(player_id, team_id, game_id, play_id, seconds_start, seconds_end) VALUES(2103, 1649, 25000, 28293, 1008, 1015);
UPDATE player_team_game_play SET seconds_end = 1015 WHERE player_id = 7449 AND game_id = 25000 AND play_id = 28293;
INSERT INTO player_team_game_play(player_id, team_id, game_id, play_id, seconds_start, seconds_end) VALUES(378, 1655, 25000, 28293, 1015, 1015);
INSERT INTO lba.sub_play (play_id, seconds_da_start, player_made_id, team_made_id, game_made_id, player_suffered_id, team_suffered_id, game_suffered_id, shot_id, turnover_id, foul_id, rebound_defensive_01, rebound_offensive_01, assist_01, blocks_01, time_out_01, x, y)VALUES(28293, 7, 7449, 1655, 25000, 7405, 1649, 25000, NULL, NULL, 1, '', '', '', '', '', 62, 55);
INSERT INTO lba.sub_play (play_id, seconds_da_start, player_made_id, team_made_id, game_made_id, player_suffered_id, team_suffered_id, game_suffered_id, shot_id, turnover_id, foul_id, rebound_defensive_01, rebound_offensive_01, assist_01, blocks_01, time_out_01, x, y)VALUES(28293, 7, 7405, 1649, 25000, NULL, NULL, NULL, 5, NULL, NULL, '', '', '', '', '', NULL, NULL);
INSERT INTO lba.sub_play (play_id, seconds_da_start, player_made_id, team_made_id, game_made_id, player_suffered_id, team_suffered_id, game_suffered_id, shot_id, turnover_id, foul_id, rebound_defensive_01, rebound_offensive_01, assist_01, blocks_01, time_out_01, x, y)VALUES(28293, 7, 7405, 1649, 25000, NULL, NULL, NULL, 5, NULL, NULL, '', '', '', '', '', NULL, NULL);

INSERT INTO play(id, game_id, seconds_start, seconds_end, quarter, attack_home_01, score_home, score_guest)VALUES(28294, 25000, 1015, 1030, 2, '0', 41, 32);
INSERT INTO player_team_game_play(player_id, team_id, game_id, play_id, seconds_start, seconds_end) VALUES(4692, 1649, 25000, 28294, 1015, 1030);
INSERT INTO player_team_game_play(player_id, team_id, game_id, play_id, seconds_start, seconds_end) VALUES(2103, 1649, 25000, 28294, 1015, 1030);
INSERT INTO player_team_game_play(player_id, team_id, game_id, play_id, seconds_start, seconds_end) VALUES(7405, 1649, 25000, 28294, 1015, 1030);
INSERT INTO player_team_game_play(player_id, team_id, game_id, play_id, seconds_start, seconds_end) VALUES(7406, 1649, 25000, 28294, 1015, 1030);
INSERT INTO player_team_game_play(player_id, team_id, game_id, play_id, seconds_start, seconds_end) VALUES(1775, 1649, 25000, 28294, 1015, 1030);
INSERT INTO player_team_game_play(player_id, team_id, game_id, play_id, seconds_start, seconds_end) VALUES(6320, 1655, 25000, 28294, 1015, 1030);
INSERT INTO player_team_game_play(player_id, team_id, game_id, play_id, seconds_start, seconds_end) VALUES(7447, 1655, 25000, 28294, 1015, 1030);
INSERT INTO player_team_game_play(player_id, team_id, game_id, play_id, seconds_start, seconds_end) VALUES(7448, 1655, 25000, 28294, 1015, 1030);
INSERT INTO player_team_game_play(player_id, team_id, game_id, play_id, seconds_start, seconds_end) VALUES(7449, 1655, 25000, 28294, 1015, 1030);
INSERT INTO player_team_game_play(player_id, team_id, game_id, play_id, seconds_start, seconds_end) VALUES(7450, 1655, 25000, 28294, 1015, 1030);
UPDATE player_team_game_play SET seconds_end = 1015 WHERE player_id = 7449 AND game_id = 25000 AND play_id = 28294;
INSERT INTO player_team_game_play(player_id, team_id, game_id, play_id, seconds_start, seconds_end) VALUES(378, 1655, 25000, 28294, 1015, 1030);
INSERT INTO lba.sub_play (play_id, seconds_da_start, player_made_id, team_made_id, game_made_id, player_suffered_id, team_suffered_id, game_suffered_id, shot_id, turnover_id, foul_id, rebound_defensive_01, rebound_offensive_01, assist_01, blocks_01, time_out_01, x, y)VALUES(28294, 15, 7450, 1655, 25000, NULL, NULL, NULL, 4, NULL, NULL, '', '', '', '', '', 32, 53);
INSERT INTO lba.sub_play (play_id, seconds_da_start, player_made_id, team_made_id, game_made_id, player_suffered_id, team_suffered_id, game_suffered_id, shot_id, turnover_id, foul_id, rebound_defensive_01, rebound_offensive_01, assist_01, blocks_01, time_out_01, x, y)VALUES(28294, 15, 7406, 1649, 25000, NULL, NULL, NULL, NULL, NULL, NULL, '1', '', '', '', '', 32, 53);

INSERT INTO play(id, game_id, seconds_start, seconds_end, quarter, attack_home_01, score_home, score_guest)VALUES(28295, 25000, 1030, 1051, 2, '1', 44, 32);
INSERT INTO player_team_game_play(player_id, team_id, game_id, play_id, seconds_start, seconds_end) VALUES(4692, 1649, 25000, 28295, 1030, 1051);
INSERT INTO player_team_game_play(player_id, team_id, game_id, play_id, seconds_start, seconds_end) VALUES(2103, 1649, 25000, 28295, 1030, 1051);
INSERT INTO player_team_game_play(player_id, team_id, game_id, play_id, seconds_start, seconds_end) VALUES(7405, 1649, 25000, 28295, 1030, 1051);
INSERT INTO player_team_game_play(player_id, team_id, game_id, play_id, seconds_start, seconds_end) VALUES(7406, 1649, 25000, 28295, 1030, 1051);
INSERT INTO player_team_game_play(player_id, team_id, game_id, play_id, seconds_start, seconds_end) VALUES(1775, 1649, 25000, 28295, 1030, 1051);
INSERT INTO player_team_game_play(player_id, team_id, game_id, play_id, seconds_start, seconds_end) VALUES(6320, 1655, 25000, 28295, 1030, 1051);
INSERT INTO player_team_game_play(player_id, team_id, game_id, play_id, seconds_start, seconds_end) VALUES(7447, 1655, 25000, 28295, 1030, 1051);
INSERT INTO player_team_game_play(player_id, team_id, game_id, play_id, seconds_start, seconds_end) VALUES(7448, 1655, 25000, 28295, 1030, 1051);
INSERT INTO player_team_game_play(player_id, team_id, game_id, play_id, seconds_start, seconds_end) VALUES(7450, 1655, 25000, 28295, 1030, 1051);
INSERT INTO player_team_game_play(player_id, team_id, game_id, play_id, seconds_start, seconds_end) VALUES(378, 1655, 25000, 28295, 1030, 1051);
INSERT INTO lba.sub_play (play_id, seconds_da_start, player_made_id, team_made_id, game_made_id, player_suffered_id, team_suffered_id, game_suffered_id, shot_id, turnover_id, foul_id, rebound_defensive_01, rebound_offensive_01, assist_01, blocks_01, time_out_01, x, y)VALUES(28295, 21, 7406, 1649, 25000, NULL, NULL, NULL, 3, NULL, NULL, '', '', '', '', '', 66, 50);

INSERT INTO play(id, game_id, seconds_start, seconds_end, quarter, attack_home_01, score_home, score_guest)VALUES(28296, 25000, 1051, 1075, 2, '0', 44, 34);
INSERT INTO player_team_game_play(player_id, team_id, game_id, play_id, seconds_start, seconds_end) VALUES(4692, 1649, 25000, 28296, 1051, 1075);
INSERT INTO player_team_game_play(player_id, team_id, game_id, play_id, seconds_start, seconds_end) VALUES(2103, 1649, 25000, 28296, 1051, 1075);
INSERT INTO player_team_game_play(player_id, team_id, game_id, play_id, seconds_start, seconds_end) VALUES(7405, 1649, 25000, 28296, 1051, 1075);
INSERT INTO player_team_game_play(player_id, team_id, game_id, play_id, seconds_start, seconds_end) VALUES(7406, 1649, 25000, 28296, 1051, 1075);
INSERT INTO player_team_game_play(player_id, team_id, game_id, play_id, seconds_start, seconds_end) VALUES(1775, 1649, 25000, 28296, 1051, 1075);
INSERT INTO player_team_game_play(player_id, team_id, game_id, play_id, seconds_start, seconds_end) VALUES(6320, 1655, 25000, 28296, 1051, 1075);
INSERT INTO player_team_game_play(player_id, team_id, game_id, play_id, seconds_start, seconds_end) VALUES(7447, 1655, 25000, 28296, 1051, 1075);
INSERT INTO player_team_game_play(player_id, team_id, game_id, play_id, seconds_start, seconds_end) VALUES(7448, 1655, 25000, 28296, 1051, 1075);
INSERT INTO player_team_game_play(player_id, team_id, game_id, play_id, seconds_start, seconds_end) VALUES(7450, 1655, 25000, 28296, 1051, 1075);
INSERT INTO player_team_game_play(player_id, team_id, game_id, play_id, seconds_start, seconds_end) VALUES(378, 1655, 25000, 28296, 1051, 1075);
INSERT INTO lba.sub_play (play_id, seconds_da_start, player_made_id, team_made_id, game_made_id, player_suffered_id, team_suffered_id, game_suffered_id, shot_id, turnover_id, foul_id, rebound_defensive_01, rebound_offensive_01, assist_01, blocks_01, time_out_01, x, y)VALUES(28296, 24, 7450, 1655, 25000, NULL, NULL, NULL, 1, NULL, NULL, '', '', '', '', '', 14, 51);

INSERT INTO play(id, game_id, seconds_start, seconds_end, quarter, attack_home_01, score_home, score_guest)VALUES(28297, 25000, 1075, 1091, 2, '1', 44, 34);
INSERT INTO player_team_game_play(player_id, team_id, game_id, play_id, seconds_start, seconds_end) VALUES(4692, 1649, 25000, 28297, 1075, 1091);
INSERT INTO player_team_game_play(player_id, team_id, game_id, play_id, seconds_start, seconds_end) VALUES(2103, 1649, 25000, 28297, 1075, 1091);
INSERT INTO player_team_game_play(player_id, team_id, game_id, play_id, seconds_start, seconds_end) VALUES(7405, 1649, 25000, 28297, 1075, 1091);
INSERT INTO player_team_game_play(player_id, team_id, game_id, play_id, seconds_start, seconds_end) VALUES(7406, 1649, 25000, 28297, 1075, 1091);
INSERT INTO player_team_game_play(player_id, team_id, game_id, play_id, seconds_start, seconds_end) VALUES(1775, 1649, 25000, 28297, 1075, 1091);
INSERT INTO player_team_game_play(player_id, team_id, game_id, play_id, seconds_start, seconds_end) VALUES(6320, 1655, 25000, 28297, 1075, 1091);
INSERT INTO player_team_game_play(player_id, team_id, game_id, play_id, seconds_start, seconds_end) VALUES(7447, 1655, 25000, 28297, 1075, 1091);
INSERT INTO player_team_game_play(player_id, team_id, game_id, play_id, seconds_start, seconds_end) VALUES(7448, 1655, 25000, 28297, 1075, 1091);
INSERT INTO player_team_game_play(player_id, team_id, game_id, play_id, seconds_start, seconds_end) VALUES(7450, 1655, 25000, 28297, 1075, 1091);
INSERT INTO player_team_game_play(player_id, team_id, game_id, play_id, seconds_start, seconds_end) VALUES(378, 1655, 25000, 28297, 1075, 1091);
INSERT INTO lba.sub_play (play_id, seconds_da_start, player_made_id, team_made_id, game_made_id, player_suffered_id, team_suffered_id, game_suffered_id, shot_id, turnover_id, foul_id, rebound_defensive_01, rebound_offensive_01, assist_01, blocks_01, time_out_01, x, y)VALUES(28297, 9, 2103, 1649, 25000, NULL, NULL, NULL, 2, NULL, NULL, '', '', '', '', '', 93, 63);
INSERT INTO lba.sub_play (play_id, seconds_da_start, player_made_id, team_made_id, game_made_id, player_suffered_id, team_suffered_id, game_suffered_id, shot_id, turnover_id, foul_id, rebound_defensive_01, rebound_offensive_01, assist_01, blocks_01, time_out_01, x, y)VALUES(28297, 9, 2103, 1649, 25000, NULL, NULL, NULL, NULL, NULL, NULL, '', '1', '', '', '', 93, 63);
INSERT INTO lba.sub_play (play_id, seconds_da_start, player_made_id, team_made_id, game_made_id, player_suffered_id, team_suffered_id, game_suffered_id, shot_id, turnover_id, foul_id, rebound_defensive_01, rebound_offensive_01, assist_01, blocks_01, time_out_01, x, y)VALUES(28297, 16, 2103, 1649, 25000, NULL, NULL, NULL, 2, NULL, NULL, '', '', '', '', '', 90, 55);
INSERT INTO lba.sub_play (play_id, seconds_da_start, player_made_id, team_made_id, game_made_id, player_suffered_id, team_suffered_id, game_suffered_id, shot_id, turnover_id, foul_id, rebound_defensive_01, rebound_offensive_01, assist_01, blocks_01, time_out_01, x, y)VALUES(28297, 16, 6320, 1655, 25000, NULL, NULL, NULL, NULL, NULL, NULL, '1', '', '', '', '', 90, 55);

INSERT INTO play(id, game_id, seconds_start, seconds_end, quarter, attack_home_01, score_home, score_guest)VALUES(28298, 25000, 1091, 1099, 2, '0', 44, 34);
INSERT INTO player_team_game_play(player_id, team_id, game_id, play_id, seconds_start, seconds_end) VALUES(4692, 1649, 25000, 28298, 1091, 1099);
INSERT INTO player_team_game_play(player_id, team_id, game_id, play_id, seconds_start, seconds_end) VALUES(2103, 1649, 25000, 28298, 1091, 1099);
INSERT INTO player_team_game_play(player_id, team_id, game_id, play_id, seconds_start, seconds_end) VALUES(7405, 1649, 25000, 28298, 1091, 1099);
INSERT INTO player_team_game_play(player_id, team_id, game_id, play_id, seconds_start, seconds_end) VALUES(7406, 1649, 25000, 28298, 1091, 1099);
INSERT INTO player_team_game_play(player_id, team_id, game_id, play_id, seconds_start, seconds_end) VALUES(1775, 1649, 25000, 28298, 1091, 1099);
INSERT INTO player_team_game_play(player_id, team_id, game_id, play_id, seconds_start, seconds_end) VALUES(6320, 1655, 25000, 28298, 1091, 1099);
INSERT INTO player_team_game_play(player_id, team_id, game_id, play_id, seconds_start, seconds_end) VALUES(7447, 1655, 25000, 28298, 1091, 1099);
INSERT INTO player_team_game_play(player_id, team_id, game_id, play_id, seconds_start, seconds_end) VALUES(7448, 1655, 25000, 28298, 1091, 1099);
INSERT INTO player_team_game_play(player_id, team_id, game_id, play_id, seconds_start, seconds_end) VALUES(7450, 1655, 25000, 28298, 1091, 1099);
INSERT INTO player_team_game_play(player_id, team_id, game_id, play_id, seconds_start, seconds_end) VALUES(378, 1655, 25000, 28298, 1091, 1099);
UPDATE player_team_game_play SET seconds_end = 1096 WHERE player_id = 1775 AND game_id = 25000 AND play_id = 28298;
INSERT INTO player_team_game_play(player_id, team_id, game_id, play_id, seconds_start, seconds_end) VALUES(7015, 1649, 25000, 28298, 1096, 1099);
UPDATE player_team_game_play SET seconds_end = 1096 WHERE player_id = 7450 AND game_id = 25000 AND play_id = 28298;
INSERT INTO player_team_game_play(player_id, team_id, game_id, play_id, seconds_start, seconds_end) VALUES(2148, 1655, 25000, 28298, 1096, 1099);
INSERT INTO lba.sub_play (play_id, seconds_da_start, player_made_id, team_made_id, game_made_id, player_suffered_id, team_suffered_id, game_suffered_id, shot_id, turnover_id, foul_id, rebound_defensive_01, rebound_offensive_01, assist_01, blocks_01, time_out_01, x, y)VALUES(28298, 5, 7405, 1649, 25000, 6320, 1655, 25000, NULL, NULL, 1, '', '', '', '', '', 33, 49);
INSERT INTO lba.sub_play (play_id, seconds_da_start, player_made_id, team_made_id, game_made_id, player_suffered_id, team_suffered_id, game_suffered_id, shot_id, turnover_id, foul_id, rebound_defensive_01, rebound_offensive_01, assist_01, blocks_01, time_out_01, x, y)VALUES(28298, 8, 7448, 1655, 25000, NULL, NULL, NULL, 2, NULL, NULL, '', '', '', '', '', 9, 61);
INSERT INTO lba.sub_play (play_id, seconds_da_start, player_made_id, team_made_id, game_made_id, player_suffered_id, team_suffered_id, game_suffered_id, shot_id, turnover_id, foul_id, rebound_defensive_01, rebound_offensive_01, assist_01, blocks_01, time_out_01, x, y)VALUES(28298, 8, 7406, 1649, 25000, 7448, 1655, 25000, NULL, NULL, NULL, '', '', '', '1', '', 9, 61);
INSERT INTO lba.sub_play (play_id, seconds_da_start, player_made_id, team_made_id, game_made_id, player_suffered_id, team_suffered_id, game_suffered_id, shot_id, turnover_id, foul_id, rebound_defensive_01, rebound_offensive_01, assist_01, blocks_01, time_out_01, x, y)VALUES(28298, 8, 4692, 1649, 25000, NULL, NULL, NULL, NULL, NULL, NULL, '1', '', '', '', '', 9, 61);

INSERT INTO play(id, game_id, seconds_start, seconds_end, quarter, attack_home_01, score_home, score_guest)VALUES(28299, 25000, 1099, 1116, 2, '1', 46, 34);
INSERT INTO player_team_game_play(player_id, team_id, game_id, play_id, seconds_start, seconds_end) VALUES(4692, 1649, 25000, 28299, 1099, 1116);
INSERT INTO player_team_game_play(player_id, team_id, game_id, play_id, seconds_start, seconds_end) VALUES(2103, 1649, 25000, 28299, 1099, 1116);
INSERT INTO player_team_game_play(player_id, team_id, game_id, play_id, seconds_start, seconds_end) VALUES(7015, 1649, 25000, 28299, 1099, 1116);
INSERT INTO player_team_game_play(player_id, team_id, game_id, play_id, seconds_start, seconds_end) VALUES(7405, 1649, 25000, 28299, 1099, 1116);
INSERT INTO player_team_game_play(player_id, team_id, game_id, play_id, seconds_start, seconds_end) VALUES(7406, 1649, 25000, 28299, 1099, 1116);
INSERT INTO player_team_game_play(player_id, team_id, game_id, play_id, seconds_start, seconds_end) VALUES(6320, 1655, 25000, 28299, 1099, 1116);
INSERT INTO player_team_game_play(player_id, team_id, game_id, play_id, seconds_start, seconds_end) VALUES(2148, 1655, 25000, 28299, 1099, 1116);
INSERT INTO player_team_game_play(player_id, team_id, game_id, play_id, seconds_start, seconds_end) VALUES(7447, 1655, 25000, 28299, 1099, 1116);
INSERT INTO player_team_game_play(player_id, team_id, game_id, play_id, seconds_start, seconds_end) VALUES(7448, 1655, 25000, 28299, 1099, 1116);
INSERT INTO player_team_game_play(player_id, team_id, game_id, play_id, seconds_start, seconds_end) VALUES(378, 1655, 25000, 28299, 1099, 1116);
INSERT INTO lba.sub_play (play_id, seconds_da_start, player_made_id, team_made_id, game_made_id, player_suffered_id, team_suffered_id, game_suffered_id, shot_id, turnover_id, foul_id, rebound_defensive_01, rebound_offensive_01, assist_01, blocks_01, time_out_01, x, y)VALUES(28299, 17, 7405, 1649, 25000, NULL, NULL, NULL, 1, NULL, NULL, '', '', '', '', '', 87, 56);

INSERT INTO play(id, game_id, seconds_start, seconds_end, quarter, attack_home_01, score_home, score_guest)VALUES(28300, 25000, 1116, 1137, 2, '0', 46, 35);
INSERT INTO player_team_game_play(player_id, team_id, game_id, play_id, seconds_start, seconds_end) VALUES(4692, 1649, 25000, 28300, 1116, 1137);
INSERT INTO player_team_game_play(player_id, team_id, game_id, play_id, seconds_start, seconds_end) VALUES(2103, 1649, 25000, 28300, 1116, 1137);
INSERT INTO player_team_game_play(player_id, team_id, game_id, play_id, seconds_start, seconds_end) VALUES(7015, 1649, 25000, 28300, 1116, 1137);
INSERT INTO player_team_game_play(player_id, team_id, game_id, play_id, seconds_start, seconds_end) VALUES(7405, 1649, 25000, 28300, 1116, 1137);
INSERT INTO player_team_game_play(player_id, team_id, game_id, play_id, seconds_start, seconds_end) VALUES(7406, 1649, 25000, 28300, 1116, 1137);
INSERT INTO player_team_game_play(player_id, team_id, game_id, play_id, seconds_start, seconds_end) VALUES(6320, 1655, 25000, 28300, 1116, 1137);
INSERT INTO player_team_game_play(player_id, team_id, game_id, play_id, seconds_start, seconds_end) VALUES(2148, 1655, 25000, 28300, 1116, 1137);
INSERT INTO player_team_game_play(player_id, team_id, game_id, play_id, seconds_start, seconds_end) VALUES(7447, 1655, 25000, 28300, 1116, 1137);
INSERT INTO player_team_game_play(player_id, team_id, game_id, play_id, seconds_start, seconds_end) VALUES(7448, 1655, 25000, 28300, 1116, 1137);
INSERT INTO player_team_game_play(player_id, team_id, game_id, play_id, seconds_start, seconds_end) VALUES(378, 1655, 25000, 28300, 1116, 1137);
INSERT INTO lba.sub_play (play_id, seconds_da_start, player_made_id, team_made_id, game_made_id, player_suffered_id, team_suffered_id, game_suffered_id, shot_id, turnover_id, foul_id, rebound_defensive_01, rebound_offensive_01, assist_01, blocks_01, time_out_01, x, y)VALUES(28300, 19, 7447, 1655, 25000, NULL, NULL, NULL, 4, NULL, NULL, '', '', '', '', '', 29, 73);
INSERT INTO lba.sub_play (play_id, seconds_da_start, player_made_id, team_made_id, game_made_id, player_suffered_id, team_suffered_id, game_suffered_id, shot_id, turnover_id, foul_id, rebound_defensive_01, rebound_offensive_01, assist_01, blocks_01, time_out_01, x, y)VALUES(28300, 19, 6320, 1655, 25000, NULL, NULL, NULL, NULL, NULL, NULL, '', '1', '', '', '', 29, 73);
INSERT INTO lba.sub_play (play_id, seconds_da_start, player_made_id, team_made_id, game_made_id, player_suffered_id, team_suffered_id, game_suffered_id, shot_id, turnover_id, foul_id, rebound_defensive_01, rebound_offensive_01, assist_01, blocks_01, time_out_01, x, y)VALUES(28300, 21, 4692, 1649, 25000, 6320, 1655, 25000, NULL, NULL, 1, '', '', '', '', '', 10, 48);
INSERT INTO lba.sub_play (play_id, seconds_da_start, player_made_id, team_made_id, game_made_id, player_suffered_id, team_suffered_id, game_suffered_id, shot_id, turnover_id, foul_id, rebound_defensive_01, rebound_offensive_01, assist_01, blocks_01, time_out_01, x, y)VALUES(28300, 21, 6320, 1655, 25000, NULL, NULL, NULL, 5, NULL, NULL, '', '', '', '', '', NULL, NULL);

INSERT INTO play(id, game_id, seconds_start, seconds_end, quarter, attack_home_01, score_home, score_guest)VALUES(28301, 25000, 1137, 1137, 2, '0', 46, 35);
INSERT INTO player_team_game_play(player_id, team_id, game_id, play_id, seconds_start, seconds_end) VALUES(4692, 1649, 25000, 28301, 1137, 1137);
INSERT INTO player_team_game_play(player_id, team_id, game_id, play_id, seconds_start, seconds_end) VALUES(2103, 1649, 25000, 28301, 1137, 1137);
INSERT INTO player_team_game_play(player_id, team_id, game_id, play_id, seconds_start, seconds_end) VALUES(7015, 1649, 25000, 28301, 1137, 1137);
INSERT INTO player_team_game_play(player_id, team_id, game_id, play_id, seconds_start, seconds_end) VALUES(7405, 1649, 25000, 28301, 1137, 1137);
INSERT INTO player_team_game_play(player_id, team_id, game_id, play_id, seconds_start, seconds_end) VALUES(7406, 1649, 25000, 28301, 1137, 1137);
INSERT INTO player_team_game_play(player_id, team_id, game_id, play_id, seconds_start, seconds_end) VALUES(6320, 1655, 25000, 28301, 1137, 1137);
INSERT INTO player_team_game_play(player_id, team_id, game_id, play_id, seconds_start, seconds_end) VALUES(2148, 1655, 25000, 28301, 1137, 1137);
INSERT INTO player_team_game_play(player_id, team_id, game_id, play_id, seconds_start, seconds_end) VALUES(7447, 1655, 25000, 28301, 1137, 1137);
INSERT INTO player_team_game_play(player_id, team_id, game_id, play_id, seconds_start, seconds_end) VALUES(7448, 1655, 25000, 28301, 1137, 1137);
INSERT INTO player_team_game_play(player_id, team_id, game_id, play_id, seconds_start, seconds_end) VALUES(378, 1655, 25000, 28301, 1137, 1137);
INSERT INTO lba.sub_play (play_id, seconds_da_start, player_made_id, team_made_id, game_made_id, player_suffered_id, team_suffered_id, game_suffered_id, shot_id, turnover_id, foul_id, rebound_defensive_01, rebound_offensive_01, assist_01, blocks_01, time_out_01, x, y)VALUES(28301, 0, 6320, 1655, 25000, NULL, NULL, NULL, 6, NULL, NULL, '', '', '', '', '', NULL, NULL);
INSERT INTO lba.sub_play (play_id, seconds_da_start, player_made_id, team_made_id, game_made_id, player_suffered_id, team_suffered_id, game_suffered_id, shot_id, turnover_id, foul_id, rebound_defensive_01, rebound_offensive_01, assist_01, blocks_01, time_out_01, x, y)VALUES(28301, 0, 7406, 1649, 25000, NULL, NULL, NULL, NULL, NULL, NULL, '1', '', '', '', '', NULL, NULL);

INSERT INTO play(id, game_id, seconds_start, seconds_end, quarter, attack_home_01, score_home, score_guest)VALUES(28302, 25000, 1137, 1154, 2, '1', 46, 35);
INSERT INTO player_team_game_play(player_id, team_id, game_id, play_id, seconds_start, seconds_end) VALUES(4692, 1649, 25000, 28302, 1137, 1154);
INSERT INTO player_team_game_play(player_id, team_id, game_id, play_id, seconds_start, seconds_end) VALUES(2103, 1649, 25000, 28302, 1137, 1154);
INSERT INTO player_team_game_play(player_id, team_id, game_id, play_id, seconds_start, seconds_end) VALUES(7015, 1649, 25000, 28302, 1137, 1154);
INSERT INTO player_team_game_play(player_id, team_id, game_id, play_id, seconds_start, seconds_end) VALUES(7405, 1649, 25000, 28302, 1137, 1154);
INSERT INTO player_team_game_play(player_id, team_id, game_id, play_id, seconds_start, seconds_end) VALUES(7406, 1649, 25000, 28302, 1137, 1154);
INSERT INTO player_team_game_play(player_id, team_id, game_id, play_id, seconds_start, seconds_end) VALUES(6320, 1655, 25000, 28302, 1137, 1154);
INSERT INTO player_team_game_play(player_id, team_id, game_id, play_id, seconds_start, seconds_end) VALUES(2148, 1655, 25000, 28302, 1137, 1154);
INSERT INTO player_team_game_play(player_id, team_id, game_id, play_id, seconds_start, seconds_end) VALUES(7447, 1655, 25000, 28302, 1137, 1154);
INSERT INTO player_team_game_play(player_id, team_id, game_id, play_id, seconds_start, seconds_end) VALUES(7448, 1655, 25000, 28302, 1137, 1154);
INSERT INTO player_team_game_play(player_id, team_id, game_id, play_id, seconds_start, seconds_end) VALUES(378, 1655, 25000, 28302, 1137, 1154);
INSERT INTO lba.sub_play (play_id, seconds_da_start, player_made_id, team_made_id, game_made_id, player_suffered_id, team_suffered_id, game_suffered_id, shot_id, turnover_id, foul_id, rebound_defensive_01, rebound_offensive_01, assist_01, blocks_01, time_out_01, x, y)VALUES(28302, 17, 2103, 1649, 25000, 2148, 1655, 25000, NULL, NULL, 7, '', '', '', '', '', 91, 65);
INSERT INTO lba.sub_play (play_id, seconds_da_start, player_made_id, team_made_id, game_made_id, player_suffered_id, team_suffered_id, game_suffered_id, shot_id, turnover_id, foul_id, rebound_defensive_01, rebound_offensive_01, assist_01, blocks_01, time_out_01, x, y)VALUES(28302, 17, 2103, 1649, 25000, NULL, NULL, NULL, NULL, 13, NULL, '', '', '', '', '', 91, 65);

INSERT INTO play(id, game_id, seconds_start, seconds_end, quarter, attack_home_01, score_home, score_guest)VALUES(28303, 25000, 1154, 1181, 2, '0', 46, 35);
INSERT INTO player_team_game_play(player_id, team_id, game_id, play_id, seconds_start, seconds_end) VALUES(4692, 1649, 25000, 28303, 1154, 1181);
INSERT INTO player_team_game_play(player_id, team_id, game_id, play_id, seconds_start, seconds_end) VALUES(2103, 1649, 25000, 28303, 1154, 1181);
INSERT INTO player_team_game_play(player_id, team_id, game_id, play_id, seconds_start, seconds_end) VALUES(7015, 1649, 25000, 28303, 1154, 1181);
INSERT INTO player_team_game_play(player_id, team_id, game_id, play_id, seconds_start, seconds_end) VALUES(7405, 1649, 25000, 28303, 1154, 1181);
INSERT INTO player_team_game_play(player_id, team_id, game_id, play_id, seconds_start, seconds_end) VALUES(7406, 1649, 25000, 28303, 1154, 1181);
INSERT INTO player_team_game_play(player_id, team_id, game_id, play_id, seconds_start, seconds_end) VALUES(6320, 1655, 25000, 28303, 1154, 1181);
INSERT INTO player_team_game_play(player_id, team_id, game_id, play_id, seconds_start, seconds_end) VALUES(2148, 1655, 25000, 28303, 1154, 1181);
INSERT INTO player_team_game_play(player_id, team_id, game_id, play_id, seconds_start, seconds_end) VALUES(7447, 1655, 25000, 28303, 1154, 1181);
INSERT INTO player_team_game_play(player_id, team_id, game_id, play_id, seconds_start, seconds_end) VALUES(7448, 1655, 25000, 28303, 1154, 1181);
INSERT INTO player_team_game_play(player_id, team_id, game_id, play_id, seconds_start, seconds_end) VALUES(378, 1655, 25000, 28303, 1154, 1181);
UPDATE player_team_game_play SET seconds_end = 1157 WHERE player_id = 7405 AND game_id = 25000 AND play_id = 28303;
INSERT INTO player_team_game_play(player_id, team_id, game_id, play_id, seconds_start, seconds_end) VALUES(5150, 1649, 25000, 28303, 1157, 1181);
INSERT INTO lba.sub_play (play_id, seconds_da_start, player_made_id, team_made_id, game_made_id, player_suffered_id, team_suffered_id, game_suffered_id, shot_id, turnover_id, foul_id, rebound_defensive_01, rebound_offensive_01, assist_01, blocks_01, time_out_01, x, y)VALUES(28303, 20, 2148, 1655, 25000, NULL, NULL, NULL, 4, NULL, NULL, '', '', '', '', '', 34, 52);
INSERT INTO lba.sub_play (play_id, seconds_da_start, player_made_id, team_made_id, game_made_id, player_suffered_id, team_suffered_id, game_suffered_id, shot_id, turnover_id, foul_id, rebound_defensive_01, rebound_offensive_01, assist_01, blocks_01, time_out_01, x, y)VALUES(28303, 20, 7447, 1655, 25000, NULL, NULL, NULL, NULL, NULL, NULL, '', '1', '', '', '', 34, 52);
INSERT INTO lba.sub_play (play_id, seconds_da_start, player_made_id, team_made_id, game_made_id, player_suffered_id, team_suffered_id, game_suffered_id, shot_id, turnover_id, foul_id, rebound_defensive_01, rebound_offensive_01, assist_01, blocks_01, time_out_01, x, y)VALUES(28303, 27, 7447, 1655, 25000, NULL, NULL, NULL, 2, NULL, NULL, '', '', '', '', '', 7, 45);
INSERT INTO lba.sub_play (play_id, seconds_da_start, player_made_id, team_made_id, game_made_id, player_suffered_id, team_suffered_id, game_suffered_id, shot_id, turnover_id, foul_id, rebound_defensive_01, rebound_offensive_01, assist_01, blocks_01, time_out_01, x, y)VALUES(28303, 27, 5150, 1649, 25000, NULL, NULL, NULL, NULL, NULL, NULL, '1', '', '', '', '', 7, 45);

INSERT INTO play(id, game_id, seconds_start, seconds_end, quarter, attack_home_01, score_home, score_guest)VALUES(28304, 25000, 1181, 1194, 2, '1', 48, 35);
INSERT INTO player_team_game_play(player_id, team_id, game_id, play_id, seconds_start, seconds_end) VALUES(4692, 1649, 25000, 28304, 1181, 1194);
INSERT INTO player_team_game_play(player_id, team_id, game_id, play_id, seconds_start, seconds_end) VALUES(2103, 1649, 25000, 28304, 1181, 1194);
INSERT INTO player_team_game_play(player_id, team_id, game_id, play_id, seconds_start, seconds_end) VALUES(7015, 1649, 25000, 28304, 1181, 1194);
INSERT INTO player_team_game_play(player_id, team_id, game_id, play_id, seconds_start, seconds_end) VALUES(5150, 1649, 25000, 28304, 1181, 1194);
INSERT INTO player_team_game_play(player_id, team_id, game_id, play_id, seconds_start, seconds_end) VALUES(7406, 1649, 25000, 28304, 1181, 1194);
INSERT INTO player_team_game_play(player_id, team_id, game_id, play_id, seconds_start, seconds_end) VALUES(6320, 1655, 25000, 28304, 1181, 1194);
INSERT INTO player_team_game_play(player_id, team_id, game_id, play_id, seconds_start, seconds_end) VALUES(2148, 1655, 25000, 28304, 1181, 1194);
INSERT INTO player_team_game_play(player_id, team_id, game_id, play_id, seconds_start, seconds_end) VALUES(7447, 1655, 25000, 28304, 1181, 1194);
INSERT INTO player_team_game_play(player_id, team_id, game_id, play_id, seconds_start, seconds_end) VALUES(7448, 1655, 25000, 28304, 1181, 1194);
INSERT INTO player_team_game_play(player_id, team_id, game_id, play_id, seconds_start, seconds_end) VALUES(378, 1655, 25000, 28304, 1181, 1194);
INSERT INTO lba.sub_play (play_id, seconds_da_start, player_made_id, team_made_id, game_made_id, player_suffered_id, team_suffered_id, game_suffered_id, shot_id, turnover_id, foul_id, rebound_defensive_01, rebound_offensive_01, assist_01, blocks_01, time_out_01, x, y)VALUES(28304, 13, 7015, 1649, 25000, NULL, NULL, NULL, 1, NULL, NULL, '', '', '', '', '', 94, 58);
INSERT INTO lba.sub_play (play_id, seconds_da_start, player_made_id, team_made_id, game_made_id, player_suffered_id, team_suffered_id, game_suffered_id, shot_id, turnover_id, foul_id, rebound_defensive_01, rebound_offensive_01, assist_01, blocks_01, time_out_01, x, y)VALUES(28304, 13, 4692, 1649, 25000, NULL, NULL, NULL, NULL, NULL, NULL, '', '', '1', '', '', 94, 58);

INSERT INTO play(id, game_id, seconds_start, seconds_end, quarter, attack_home_01, score_home, score_guest)VALUES(28305, 25000, 1194, 1215, 3, '0', 48, 38);
INSERT INTO player_team_game_play(player_id, team_id, game_id, play_id, seconds_start, seconds_end) VALUES(4692, 1649, 25000, 28305, 1194, 1215);
INSERT INTO player_team_game_play(player_id, team_id, game_id, play_id, seconds_start, seconds_end) VALUES(2103, 1649, 25000, 28305, 1194, 1215);
INSERT INTO player_team_game_play(player_id, team_id, game_id, play_id, seconds_start, seconds_end) VALUES(7015, 1649, 25000, 28305, 1194, 1215);
INSERT INTO player_team_game_play(player_id, team_id, game_id, play_id, seconds_start, seconds_end) VALUES(5150, 1649, 25000, 28305, 1194, 1215);
INSERT INTO player_team_game_play(player_id, team_id, game_id, play_id, seconds_start, seconds_end) VALUES(7406, 1649, 25000, 28305, 1194, 1215);
INSERT INTO player_team_game_play(player_id, team_id, game_id, play_id, seconds_start, seconds_end) VALUES(6320, 1655, 25000, 28305, 1194, 1215);
INSERT INTO player_team_game_play(player_id, team_id, game_id, play_id, seconds_start, seconds_end) VALUES(2148, 1655, 25000, 28305, 1194, 1215);
INSERT INTO player_team_game_play(player_id, team_id, game_id, play_id, seconds_start, seconds_end) VALUES(7447, 1655, 25000, 28305, 1194, 1215);
INSERT INTO player_team_game_play(player_id, team_id, game_id, play_id, seconds_start, seconds_end) VALUES(7448, 1655, 25000, 28305, 1194, 1215);
INSERT INTO player_team_game_play(player_id, team_id, game_id, play_id, seconds_start, seconds_end) VALUES(378, 1655, 25000, 28305, 1194, 1215);
UPDATE player_team_game_play SET seconds_end = 1200 WHERE player_id = 4692 AND game_id = 25000 AND play_id = 28305;
UPDATE player_team_game_play SET seconds_end = 1200 WHERE player_id = 2103 AND game_id = 25000 AND play_id = 28305;
INSERT INTO player_team_game_play(player_id, team_id, game_id, play_id, seconds_start, seconds_end) VALUES(3176, 1649, 25000, 28305, 1200, 1215);
INSERT INTO player_team_game_play(player_id, team_id, game_id, play_id, seconds_start, seconds_end) VALUES(6138, 1649, 25000, 28305, 1200, 1215);
UPDATE player_team_game_play SET seconds_end = 1200 WHERE player_id = 6320 AND game_id = 25000 AND play_id = 28305;
UPDATE player_team_game_play SET seconds_end = 1200 WHERE player_id = 7448 AND game_id = 25000 AND play_id = 28305;
UPDATE player_team_game_play SET seconds_end = 1200 WHERE player_id = 378 AND game_id = 25000 AND play_id = 28305;
UPDATE player_team_game_play SET seconds_end = 1200 WHERE player_id = 2148 AND game_id = 25000 AND play_id = 28305;
INSERT INTO player_team_game_play(player_id, team_id, game_id, play_id, seconds_start, seconds_end) VALUES(7449, 1655, 25000, 28305, 1200, 1215);
INSERT INTO player_team_game_play(player_id, team_id, game_id, play_id, seconds_start, seconds_end) VALUES(7049, 1655, 25000, 28305, 1200, 1215);
INSERT INTO player_team_game_play(player_id, team_id, game_id, play_id, seconds_start, seconds_end) VALUES(7450, 1655, 25000, 28305, 1200, 1215);
INSERT INTO player_team_game_play(player_id, team_id, game_id, play_id, seconds_start, seconds_end) VALUES(7452, 1655, 25000, 28305, 1200, 1215);
INSERT INTO lba.sub_play (play_id, seconds_da_start, player_made_id, team_made_id, game_made_id, player_suffered_id, team_suffered_id, game_suffered_id, shot_id, turnover_id, foul_id, rebound_defensive_01, rebound_offensive_01, assist_01, blocks_01, time_out_01, x, y)VALUES(28305, 6, 7448, 1655, 25000, NULL, NULL, NULL, 4, NULL, NULL, '', '', '', '', '', 48, 83);
INSERT INTO lba.sub_play (play_id, seconds_da_start, player_made_id, team_made_id, game_made_id, player_suffered_id, team_suffered_id, game_suffered_id, shot_id, turnover_id, foul_id, rebound_defensive_01, rebound_offensive_01, assist_01, blocks_01, time_out_01, x, y)VALUES(28305, 21, 7049, 1655, 25000, NULL, NULL, NULL, 3, NULL, NULL, '', '', '', '', '', 71, 76);
INSERT INTO lba.sub_play (play_id, seconds_da_start, player_made_id, team_made_id, game_made_id, player_suffered_id, team_suffered_id, game_suffered_id, shot_id, turnover_id, foul_id, rebound_defensive_01, rebound_offensive_01, assist_01, blocks_01, time_out_01, x, y)VALUES(28305, 21, 7450, 1655, 25000, NULL, NULL, NULL, NULL, NULL, NULL, '', '', '1', '', '', 71, 76);

INSERT INTO play(id, game_id, seconds_start, seconds_end, quarter, attack_home_01, score_home, score_guest)VALUES(28306, 25000, 1215, 1238, 3, '1', 50, 38);
INSERT INTO player_team_game_play(player_id, team_id, game_id, play_id, seconds_start, seconds_end) VALUES(7015, 1649, 25000, 28306, 1215, 1238);
INSERT INTO player_team_game_play(player_id, team_id, game_id, play_id, seconds_start, seconds_end) VALUES(3176, 1649, 25000, 28306, 1215, 1238);
INSERT INTO player_team_game_play(player_id, team_id, game_id, play_id, seconds_start, seconds_end) VALUES(5150, 1649, 25000, 28306, 1215, 1238);
INSERT INTO player_team_game_play(player_id, team_id, game_id, play_id, seconds_start, seconds_end) VALUES(6138, 1649, 25000, 28306, 1215, 1238);
INSERT INTO player_team_game_play(player_id, team_id, game_id, play_id, seconds_start, seconds_end) VALUES(7406, 1649, 25000, 28306, 1215, 1238);
INSERT INTO player_team_game_play(player_id, team_id, game_id, play_id, seconds_start, seconds_end) VALUES(7449, 1655, 25000, 28306, 1215, 1238);
INSERT INTO player_team_game_play(player_id, team_id, game_id, play_id, seconds_start, seconds_end) VALUES(7447, 1655, 25000, 28306, 1215, 1238);
INSERT INTO player_team_game_play(player_id, team_id, game_id, play_id, seconds_start, seconds_end) VALUES(7049, 1655, 25000, 28306, 1215, 1238);
INSERT INTO player_team_game_play(player_id, team_id, game_id, play_id, seconds_start, seconds_end) VALUES(7450, 1655, 25000, 28306, 1215, 1238);
INSERT INTO player_team_game_play(player_id, team_id, game_id, play_id, seconds_start, seconds_end) VALUES(7452, 1655, 25000, 28306, 1215, 1238);
INSERT INTO lba.sub_play (play_id, seconds_da_start, player_made_id, team_made_id, game_made_id, player_suffered_id, team_suffered_id, game_suffered_id, shot_id, turnover_id, foul_id, rebound_defensive_01, rebound_offensive_01, assist_01, blocks_01, time_out_01, x, y)VALUES(28306, 23, 7015, 1649, 25000, NULL, NULL, NULL, 1, NULL, NULL, '', '', '', '', '', 11, 77);

INSERT INTO play(id, game_id, seconds_start, seconds_end, quarter, attack_home_01, score_home, score_guest)VALUES(28307, 25000, 1238, 1259, 3, '0', 50, 41);
INSERT INTO player_team_game_play(player_id, team_id, game_id, play_id, seconds_start, seconds_end) VALUES(7015, 1649, 25000, 28307, 1238, 1259);
INSERT INTO player_team_game_play(player_id, team_id, game_id, play_id, seconds_start, seconds_end) VALUES(3176, 1649, 25000, 28307, 1238, 1259);
INSERT INTO player_team_game_play(player_id, team_id, game_id, play_id, seconds_start, seconds_end) VALUES(5150, 1649, 25000, 28307, 1238, 1259);
INSERT INTO player_team_game_play(player_id, team_id, game_id, play_id, seconds_start, seconds_end) VALUES(6138, 1649, 25000, 28307, 1238, 1259);
INSERT INTO player_team_game_play(player_id, team_id, game_id, play_id, seconds_start, seconds_end) VALUES(7406, 1649, 25000, 28307, 1238, 1259);
INSERT INTO player_team_game_play(player_id, team_id, game_id, play_id, seconds_start, seconds_end) VALUES(7449, 1655, 25000, 28307, 1238, 1259);
INSERT INTO player_team_game_play(player_id, team_id, game_id, play_id, seconds_start, seconds_end) VALUES(7447, 1655, 25000, 28307, 1238, 1259);
INSERT INTO player_team_game_play(player_id, team_id, game_id, play_id, seconds_start, seconds_end) VALUES(7049, 1655, 25000, 28307, 1238, 1259);
INSERT INTO player_team_game_play(player_id, team_id, game_id, play_id, seconds_start, seconds_end) VALUES(7450, 1655, 25000, 28307, 1238, 1259);
INSERT INTO player_team_game_play(player_id, team_id, game_id, play_id, seconds_start, seconds_end) VALUES(7452, 1655, 25000, 28307, 1238, 1259);
INSERT INTO lba.sub_play (play_id, seconds_da_start, player_made_id, team_made_id, game_made_id, player_suffered_id, team_suffered_id, game_suffered_id, shot_id, turnover_id, foul_id, rebound_defensive_01, rebound_offensive_01, assist_01, blocks_01, time_out_01, x, y)VALUES(28307, 21, 7450, 1655, 25000, NULL, NULL, NULL, 3, NULL, NULL, '', '', '', '', '', 91, 3);
INSERT INTO lba.sub_play (play_id, seconds_da_start, player_made_id, team_made_id, game_made_id, player_suffered_id, team_suffered_id, game_suffered_id, shot_id, turnover_id, foul_id, rebound_defensive_01, rebound_offensive_01, assist_01, blocks_01, time_out_01, x, y)VALUES(28307, 21, 7452, 1655, 25000, NULL, NULL, NULL, NULL, NULL, NULL, '', '', '1', '', '', 91, 3);

INSERT INTO play(id, game_id, seconds_start, seconds_end, quarter, attack_home_01, score_home, score_guest)VALUES(28308, 25000, 1259, 1283, 3, '1', 52, 41);
INSERT INTO player_team_game_play(player_id, team_id, game_id, play_id, seconds_start, seconds_end) VALUES(7015, 1649, 25000, 28308, 1259, 1283);
INSERT INTO player_team_game_play(player_id, team_id, game_id, play_id, seconds_start, seconds_end) VALUES(3176, 1649, 25000, 28308, 1259, 1283);
INSERT INTO player_team_game_play(player_id, team_id, game_id, play_id, seconds_start, seconds_end) VALUES(5150, 1649, 25000, 28308, 1259, 1283);
INSERT INTO player_team_game_play(player_id, team_id, game_id, play_id, seconds_start, seconds_end) VALUES(6138, 1649, 25000, 28308, 1259, 1283);
INSERT INTO player_team_game_play(player_id, team_id, game_id, play_id, seconds_start, seconds_end) VALUES(7406, 1649, 25000, 28308, 1259, 1283);
INSERT INTO player_team_game_play(player_id, team_id, game_id, play_id, seconds_start, seconds_end) VALUES(7449, 1655, 25000, 28308, 1259, 1283);
INSERT INTO player_team_game_play(player_id, team_id, game_id, play_id, seconds_start, seconds_end) VALUES(7447, 1655, 25000, 28308, 1259, 1283);
INSERT INTO player_team_game_play(player_id, team_id, game_id, play_id, seconds_start, seconds_end) VALUES(7049, 1655, 25000, 28308, 1259, 1283);
INSERT INTO player_team_game_play(player_id, team_id, game_id, play_id, seconds_start, seconds_end) VALUES(7450, 1655, 25000, 28308, 1259, 1283);
INSERT INTO player_team_game_play(player_id, team_id, game_id, play_id, seconds_start, seconds_end) VALUES(7452, 1655, 25000, 28308, 1259, 1283);
INSERT INTO lba.sub_play (play_id, seconds_da_start, player_made_id, team_made_id, game_made_id, player_suffered_id, team_suffered_id, game_suffered_id, shot_id, turnover_id, foul_id, rebound_defensive_01, rebound_offensive_01, assist_01, blocks_01, time_out_01, x, y)VALUES(28308, 24, 3176, 1649, 25000, NULL, NULL, NULL, 1, NULL, NULL, '', '', '', '', '', 10, 53);
INSERT INTO lba.sub_play (play_id, seconds_da_start, player_made_id, team_made_id, game_made_id, player_suffered_id, team_suffered_id, game_suffered_id, shot_id, turnover_id, foul_id, rebound_defensive_01, rebound_offensive_01, assist_01, blocks_01, time_out_01, x, y)VALUES(28308, 24, 7406, 1649, 25000, NULL, NULL, NULL, NULL, NULL, NULL, '', '', '1', '', '', 10, 53);

INSERT INTO play(id, game_id, seconds_start, seconds_end, quarter, attack_home_01, score_home, score_guest)VALUES(28309, 25000, 1283, 1297, 3, '0', 52, 43);
INSERT INTO player_team_game_play(player_id, team_id, game_id, play_id, seconds_start, seconds_end) VALUES(7015, 1649, 25000, 28309, 1283, 1297);
INSERT INTO player_team_game_play(player_id, team_id, game_id, play_id, seconds_start, seconds_end) VALUES(3176, 1649, 25000, 28309, 1283, 1297);
INSERT INTO player_team_game_play(player_id, team_id, game_id, play_id, seconds_start, seconds_end) VALUES(5150, 1649, 25000, 28309, 1283, 1297);
INSERT INTO player_team_game_play(player_id, team_id, game_id, play_id, seconds_start, seconds_end) VALUES(6138, 1649, 25000, 28309, 1283, 1297);
INSERT INTO player_team_game_play(player_id, team_id, game_id, play_id, seconds_start, seconds_end) VALUES(7406, 1649, 25000, 28309, 1283, 1297);
INSERT INTO player_team_game_play(player_id, team_id, game_id, play_id, seconds_start, seconds_end) VALUES(7449, 1655, 25000, 28309, 1283, 1297);
INSERT INTO player_team_game_play(player_id, team_id, game_id, play_id, seconds_start, seconds_end) VALUES(7447, 1655, 25000, 28309, 1283, 1297);
INSERT INTO player_team_game_play(player_id, team_id, game_id, play_id, seconds_start, seconds_end) VALUES(7049, 1655, 25000, 28309, 1283, 1297);
INSERT INTO player_team_game_play(player_id, team_id, game_id, play_id, seconds_start, seconds_end) VALUES(7450, 1655, 25000, 28309, 1283, 1297);
INSERT INTO player_team_game_play(player_id, team_id, game_id, play_id, seconds_start, seconds_end) VALUES(7452, 1655, 25000, 28309, 1283, 1297);
INSERT INTO lba.sub_play (play_id, seconds_da_start, player_made_id, team_made_id, game_made_id, player_suffered_id, team_suffered_id, game_suffered_id, shot_id, turnover_id, foul_id, rebound_defensive_01, rebound_offensive_01, assist_01, blocks_01, time_out_01, x, y)VALUES(28309, 14, 3176, 1649, 25000, 7450, 1655, 25000, NULL, NULL, 4, '', '', '', '', '', 93, 57);
INSERT INTO lba.sub_play (play_id, seconds_da_start, player_made_id, team_made_id, game_made_id, player_suffered_id, team_suffered_id, game_suffered_id, shot_id, turnover_id, foul_id, rebound_defensive_01, rebound_offensive_01, assist_01, blocks_01, time_out_01, x, y)VALUES(28309, 14, 7450, 1655, 25000, NULL, NULL, NULL, 5, NULL, NULL, '', '', '', '', '', NULL, NULL);
INSERT INTO lba.sub_play (play_id, seconds_da_start, player_made_id, team_made_id, game_made_id, player_suffered_id, team_suffered_id, game_suffered_id, shot_id, turnover_id, foul_id, rebound_defensive_01, rebound_offensive_01, assist_01, blocks_01, time_out_01, x, y)VALUES(28309, 14, 7450, 1655, 25000, NULL, NULL, NULL, 5, NULL, NULL, '', '', '', '', '', NULL, NULL);

INSERT INTO play(id, game_id, seconds_start, seconds_end, quarter, attack_home_01, score_home, score_guest)VALUES(28310, 25000, 1297, 1336, 3, '0', 54, 45);
INSERT INTO player_team_game_play(player_id, team_id, game_id, play_id, seconds_start, seconds_end) VALUES(7015, 1649, 25000, 28310, 1297, 1336);
INSERT INTO player_team_game_play(player_id, team_id, game_id, play_id, seconds_start, seconds_end) VALUES(3176, 1649, 25000, 28310, 1297, 1336);
INSERT INTO player_team_game_play(player_id, team_id, game_id, play_id, seconds_start, seconds_end) VALUES(5150, 1649, 25000, 28310, 1297, 1336);
INSERT INTO player_team_game_play(player_id, team_id, game_id, play_id, seconds_start, seconds_end) VALUES(6138, 1649, 25000, 28310, 1297, 1336);
INSERT INTO player_team_game_play(player_id, team_id, game_id, play_id, seconds_start, seconds_end) VALUES(7406, 1649, 25000, 28310, 1297, 1336);
INSERT INTO player_team_game_play(player_id, team_id, game_id, play_id, seconds_start, seconds_end) VALUES(7449, 1655, 25000, 28310, 1297, 1336);
INSERT INTO player_team_game_play(player_id, team_id, game_id, play_id, seconds_start, seconds_end) VALUES(7447, 1655, 25000, 28310, 1297, 1336);
INSERT INTO player_team_game_play(player_id, team_id, game_id, play_id, seconds_start, seconds_end) VALUES(7049, 1655, 25000, 28310, 1297, 1336);
INSERT INTO player_team_game_play(player_id, team_id, game_id, play_id, seconds_start, seconds_end) VALUES(7450, 1655, 25000, 28310, 1297, 1336);
INSERT INTO player_team_game_play(player_id, team_id, game_id, play_id, seconds_start, seconds_end) VALUES(7452, 1655, 25000, 28310, 1297, 1336);
UPDATE player_team_game_play SET seconds_end = 1336 WHERE player_id = 3176 AND game_id = 25000 AND play_id = 28310;
INSERT INTO player_team_game_play(player_id, team_id, game_id, play_id, seconds_start, seconds_end) VALUES(4692, 1649, 25000, 28310, 1336, 1336);
INSERT INTO lba.sub_play (play_id, seconds_da_start, player_made_id, team_made_id, game_made_id, player_suffered_id, team_suffered_id, game_suffered_id, shot_id, turnover_id, foul_id, rebound_defensive_01, rebound_offensive_01, assist_01, blocks_01, time_out_01, x, y)VALUES(28310, 18, 7015, 1649, 25000, NULL, NULL, NULL, 2, NULL, NULL, '', '', '', '', '', 16, 23);
INSERT INTO lba.sub_play (play_id, seconds_da_start, player_made_id, team_made_id, game_made_id, player_suffered_id, team_suffered_id, game_suffered_id, shot_id, turnover_id, foul_id, rebound_defensive_01, rebound_offensive_01, assist_01, blocks_01, time_out_01, x, y)VALUES(28310, 18, 7406, 1649, 25000, NULL, NULL, NULL, NULL, NULL, NULL, '', '1', '', '', '', 16, 23);
INSERT INTO lba.sub_play (play_id, seconds_da_start, player_made_id, team_made_id, game_made_id, player_suffered_id, team_suffered_id, game_suffered_id, shot_id, turnover_id, foul_id, rebound_defensive_01, rebound_offensive_01, assist_01, blocks_01, time_out_01, x, y)VALUES(28310, 18, 7406, 1649, 25000, NULL, NULL, NULL, 1, NULL, NULL, '', '', '', '', '', 16, 23);
INSERT INTO lba.sub_play (play_id, seconds_da_start, player_made_id, team_made_id, game_made_id, player_suffered_id, team_suffered_id, game_suffered_id, shot_id, turnover_id, foul_id, rebound_defensive_01, rebound_offensive_01, assist_01, blocks_01, time_out_01, x, y)VALUES(28310, 39, 6138, 1649, 25000, 7447, 1655, 25000, NULL, NULL, 4, '', '', '', '', '', 91, 44);
INSERT INTO lba.sub_play (play_id, seconds_da_start, player_made_id, team_made_id, game_made_id, player_suffered_id, team_suffered_id, game_suffered_id, shot_id, turnover_id, foul_id, rebound_defensive_01, rebound_offensive_01, assist_01, blocks_01, time_out_01, x, y)VALUES(28310, 39, 7447, 1655, 25000, NULL, NULL, NULL, 5, NULL, NULL, '', '', '', '', '', NULL, NULL);
INSERT INTO lba.sub_play (play_id, seconds_da_start, player_made_id, team_made_id, game_made_id, player_suffered_id, team_suffered_id, game_suffered_id, shot_id, turnover_id, foul_id, rebound_defensive_01, rebound_offensive_01, assist_01, blocks_01, time_out_01, x, y)VALUES(28310, 39, 7447, 1655, 25000, NULL, NULL, NULL, 5, NULL, NULL, '', '', '', '', '', NULL, NULL);

INSERT INTO play(id, game_id, seconds_start, seconds_end, quarter, attack_home_01, score_home, score_guest)VALUES(28311, 25000, 1336, 1352, 3, '1', 54, 45);
INSERT INTO player_team_game_play(player_id, team_id, game_id, play_id, seconds_start, seconds_end) VALUES(7015, 1649, 25000, 28311, 1336, 1352);
INSERT INTO player_team_game_play(player_id, team_id, game_id, play_id, seconds_start, seconds_end) VALUES(3176, 1649, 25000, 28311, 1336, 1352);
INSERT INTO player_team_game_play(player_id, team_id, game_id, play_id, seconds_start, seconds_end) VALUES(5150, 1649, 25000, 28311, 1336, 1352);
INSERT INTO player_team_game_play(player_id, team_id, game_id, play_id, seconds_start, seconds_end) VALUES(6138, 1649, 25000, 28311, 1336, 1352);
INSERT INTO player_team_game_play(player_id, team_id, game_id, play_id, seconds_start, seconds_end) VALUES(7406, 1649, 25000, 28311, 1336, 1352);
INSERT INTO player_team_game_play(player_id, team_id, game_id, play_id, seconds_start, seconds_end) VALUES(7449, 1655, 25000, 28311, 1336, 1352);
INSERT INTO player_team_game_play(player_id, team_id, game_id, play_id, seconds_start, seconds_end) VALUES(7447, 1655, 25000, 28311, 1336, 1352);
INSERT INTO player_team_game_play(player_id, team_id, game_id, play_id, seconds_start, seconds_end) VALUES(7049, 1655, 25000, 28311, 1336, 1352);
INSERT INTO player_team_game_play(player_id, team_id, game_id, play_id, seconds_start, seconds_end) VALUES(7450, 1655, 25000, 28311, 1336, 1352);
INSERT INTO player_team_game_play(player_id, team_id, game_id, play_id, seconds_start, seconds_end) VALUES(7452, 1655, 25000, 28311, 1336, 1352);
UPDATE player_team_game_play SET seconds_end = 1336 WHERE player_id = 3176 AND game_id = 25000 AND play_id = 28311;
INSERT INTO player_team_game_play(player_id, team_id, game_id, play_id, seconds_start, seconds_end) VALUES(4692, 1649, 25000, 28311, 1336, 1352);
INSERT INTO lba.sub_play (play_id, seconds_da_start, player_made_id, team_made_id, game_made_id, player_suffered_id, team_suffered_id, game_suffered_id, shot_id, turnover_id, foul_id, rebound_defensive_01, rebound_offensive_01, assist_01, blocks_01, time_out_01, x, y)VALUES(28311, 16, 4692, 1649, 25000, NULL, NULL, NULL, 4, NULL, NULL, '', '', '', '', '', 12, 96);
INSERT INTO lba.sub_play (play_id, seconds_da_start, player_made_id, team_made_id, game_made_id, player_suffered_id, team_suffered_id, game_suffered_id, shot_id, turnover_id, foul_id, rebound_defensive_01, rebound_offensive_01, assist_01, blocks_01, time_out_01, x, y)VALUES(28311, 16, 7049, 1655, 25000, NULL, NULL, NULL, NULL, NULL, NULL, '1', '', '', '', '', 12, 96);

INSERT INTO play(id, game_id, seconds_start, seconds_end, quarter, attack_home_01, score_home, score_guest)VALUES(28312, 25000, 1352, 1369, 3, '0', 54, 45);
INSERT INTO player_team_game_play(player_id, team_id, game_id, play_id, seconds_start, seconds_end) VALUES(4692, 1649, 25000, 28312, 1352, 1369);
INSERT INTO player_team_game_play(player_id, team_id, game_id, play_id, seconds_start, seconds_end) VALUES(7015, 1649, 25000, 28312, 1352, 1369);
INSERT INTO player_team_game_play(player_id, team_id, game_id, play_id, seconds_start, seconds_end) VALUES(5150, 1649, 25000, 28312, 1352, 1369);
INSERT INTO player_team_game_play(player_id, team_id, game_id, play_id, seconds_start, seconds_end) VALUES(6138, 1649, 25000, 28312, 1352, 1369);
INSERT INTO player_team_game_play(player_id, team_id, game_id, play_id, seconds_start, seconds_end) VALUES(7406, 1649, 25000, 28312, 1352, 1369);
INSERT INTO player_team_game_play(player_id, team_id, game_id, play_id, seconds_start, seconds_end) VALUES(7449, 1655, 25000, 28312, 1352, 1369);
INSERT INTO player_team_game_play(player_id, team_id, game_id, play_id, seconds_start, seconds_end) VALUES(7447, 1655, 25000, 28312, 1352, 1369);
INSERT INTO player_team_game_play(player_id, team_id, game_id, play_id, seconds_start, seconds_end) VALUES(7049, 1655, 25000, 28312, 1352, 1369);
INSERT INTO player_team_game_play(player_id, team_id, game_id, play_id, seconds_start, seconds_end) VALUES(7450, 1655, 25000, 28312, 1352, 1369);
INSERT INTO player_team_game_play(player_id, team_id, game_id, play_id, seconds_start, seconds_end) VALUES(7452, 1655, 25000, 28312, 1352, 1369);
INSERT INTO lba.sub_play (play_id, seconds_da_start, player_made_id, team_made_id, game_made_id, player_suffered_id, team_suffered_id, game_suffered_id, shot_id, turnover_id, foul_id, rebound_defensive_01, rebound_offensive_01, assist_01, blocks_01, time_out_01, x, y)VALUES(28312, 7, 7447, 1655, 25000, NULL, NULL, NULL, 4, NULL, NULL, '', '', '', '', '', 66, 71);
INSERT INTO lba.sub_play (play_id, seconds_da_start, player_made_id, team_made_id, game_made_id, player_suffered_id, team_suffered_id, game_suffered_id, shot_id, turnover_id, foul_id, rebound_defensive_01, rebound_offensive_01, assist_01, blocks_01, time_out_01, x, y)VALUES(28312, 7, 7449, 1655, 25000, NULL, NULL, NULL, NULL, NULL, NULL, '', '1', '', '', '', 66, 71);
INSERT INTO lba.sub_play (play_id, seconds_da_start, player_made_id, team_made_id, game_made_id, player_suffered_id, team_suffered_id, game_suffered_id, shot_id, turnover_id, foul_id, rebound_defensive_01, rebound_offensive_01, assist_01, blocks_01, time_out_01, x, y)VALUES(28312, 17, 7449, 1655, 25000, NULL, NULL, NULL, 2, NULL, NULL, '', '', '', '', '', 90, 55);
INSERT INTO lba.sub_play (play_id, seconds_da_start, player_made_id, team_made_id, game_made_id, player_suffered_id, team_suffered_id, game_suffered_id, shot_id, turnover_id, foul_id, rebound_defensive_01, rebound_offensive_01, assist_01, blocks_01, time_out_01, x, y)VALUES(28312, 17, 7015, 1649, 25000, NULL, NULL, NULL, NULL, NULL, NULL, '1', '', '', '', '', 90, 55);

INSERT INTO play(id, game_id, seconds_start, seconds_end, quarter, attack_home_01, score_home, score_guest)VALUES(28313, 25000, 1369, 1377, 3, '1', 56, 45);
INSERT INTO player_team_game_play(player_id, team_id, game_id, play_id, seconds_start, seconds_end) VALUES(4692, 1649, 25000, 28313, 1369, 1377);
INSERT INTO player_team_game_play(player_id, team_id, game_id, play_id, seconds_start, seconds_end) VALUES(7015, 1649, 25000, 28313, 1369, 1377);
INSERT INTO player_team_game_play(player_id, team_id, game_id, play_id, seconds_start, seconds_end) VALUES(5150, 1649, 25000, 28313, 1369, 1377);
INSERT INTO player_team_game_play(player_id, team_id, game_id, play_id, seconds_start, seconds_end) VALUES(6138, 1649, 25000, 28313, 1369, 1377);
INSERT INTO player_team_game_play(player_id, team_id, game_id, play_id, seconds_start, seconds_end) VALUES(7406, 1649, 25000, 28313, 1369, 1377);
INSERT INTO player_team_game_play(player_id, team_id, game_id, play_id, seconds_start, seconds_end) VALUES(7449, 1655, 25000, 28313, 1369, 1377);
INSERT INTO player_team_game_play(player_id, team_id, game_id, play_id, seconds_start, seconds_end) VALUES(7447, 1655, 25000, 28313, 1369, 1377);
INSERT INTO player_team_game_play(player_id, team_id, game_id, play_id, seconds_start, seconds_end) VALUES(7049, 1655, 25000, 28313, 1369, 1377);
INSERT INTO player_team_game_play(player_id, team_id, game_id, play_id, seconds_start, seconds_end) VALUES(7450, 1655, 25000, 28313, 1369, 1377);
INSERT INTO player_team_game_play(player_id, team_id, game_id, play_id, seconds_start, seconds_end) VALUES(7452, 1655, 25000, 28313, 1369, 1377);
INSERT INTO lba.sub_play (play_id, seconds_da_start, player_made_id, team_made_id, game_made_id, player_suffered_id, team_suffered_id, game_suffered_id, shot_id, turnover_id, foul_id, rebound_defensive_01, rebound_offensive_01, assist_01, blocks_01, time_out_01, x, y)VALUES(28313, 8, 7406, 1649, 25000, NULL, NULL, NULL, 1, NULL, NULL, '', '', '', '', '', 7, 50);

INSERT INTO play(id, game_id, seconds_start, seconds_end, quarter, attack_home_01, score_home, score_guest)VALUES(28314, 25000, 1377, 1387, 3, '0', 56, 48);
INSERT INTO player_team_game_play(player_id, team_id, game_id, play_id, seconds_start, seconds_end) VALUES(4692, 1649, 25000, 28314, 1377, 1387);
INSERT INTO player_team_game_play(player_id, team_id, game_id, play_id, seconds_start, seconds_end) VALUES(7015, 1649, 25000, 28314, 1377, 1387);
INSERT INTO player_team_game_play(player_id, team_id, game_id, play_id, seconds_start, seconds_end) VALUES(5150, 1649, 25000, 28314, 1377, 1387);
INSERT INTO player_team_game_play(player_id, team_id, game_id, play_id, seconds_start, seconds_end) VALUES(6138, 1649, 25000, 28314, 1377, 1387);
INSERT INTO player_team_game_play(player_id, team_id, game_id, play_id, seconds_start, seconds_end) VALUES(7406, 1649, 25000, 28314, 1377, 1387);
INSERT INTO player_team_game_play(player_id, team_id, game_id, play_id, seconds_start, seconds_end) VALUES(7449, 1655, 25000, 28314, 1377, 1387);
INSERT INTO player_team_game_play(player_id, team_id, game_id, play_id, seconds_start, seconds_end) VALUES(7447, 1655, 25000, 28314, 1377, 1387);
INSERT INTO player_team_game_play(player_id, team_id, game_id, play_id, seconds_start, seconds_end) VALUES(7049, 1655, 25000, 28314, 1377, 1387);
INSERT INTO player_team_game_play(player_id, team_id, game_id, play_id, seconds_start, seconds_end) VALUES(7450, 1655, 25000, 28314, 1377, 1387);
INSERT INTO player_team_game_play(player_id, team_id, game_id, play_id, seconds_start, seconds_end) VALUES(7452, 1655, 25000, 28314, 1377, 1387);
INSERT INTO lba.sub_play (play_id, seconds_da_start, player_made_id, team_made_id, game_made_id, player_suffered_id, team_suffered_id, game_suffered_id, shot_id, turnover_id, foul_id, rebound_defensive_01, rebound_offensive_01, assist_01, blocks_01, time_out_01, x, y)VALUES(28314, 10, 7447, 1655, 25000, NULL, NULL, NULL, 3, NULL, NULL, '', '', '', '', '', 72, 22);
INSERT INTO lba.sub_play (play_id, seconds_da_start, player_made_id, team_made_id, game_made_id, player_suffered_id, team_suffered_id, game_suffered_id, shot_id, turnover_id, foul_id, rebound_defensive_01, rebound_offensive_01, assist_01, blocks_01, time_out_01, x, y)VALUES(28314, 10, 7452, 1655, 25000, NULL, NULL, NULL, NULL, NULL, NULL, '', '', '1', '', '', 72, 22);

INSERT INTO play(id, game_id, seconds_start, seconds_end, quarter, attack_home_01, score_home, score_guest)VALUES(28315, 25000, 1387, 1409, 3, '1', 58, 48);
INSERT INTO player_team_game_play(player_id, team_id, game_id, play_id, seconds_start, seconds_end) VALUES(4692, 1649, 25000, 28315, 1387, 1409);
INSERT INTO player_team_game_play(player_id, team_id, game_id, play_id, seconds_start, seconds_end) VALUES(7015, 1649, 25000, 28315, 1387, 1409);
INSERT INTO player_team_game_play(player_id, team_id, game_id, play_id, seconds_start, seconds_end) VALUES(5150, 1649, 25000, 28315, 1387, 1409);
INSERT INTO player_team_game_play(player_id, team_id, game_id, play_id, seconds_start, seconds_end) VALUES(6138, 1649, 25000, 28315, 1387, 1409);
INSERT INTO player_team_game_play(player_id, team_id, game_id, play_id, seconds_start, seconds_end) VALUES(7406, 1649, 25000, 28315, 1387, 1409);
INSERT INTO player_team_game_play(player_id, team_id, game_id, play_id, seconds_start, seconds_end) VALUES(7449, 1655, 25000, 28315, 1387, 1409);
INSERT INTO player_team_game_play(player_id, team_id, game_id, play_id, seconds_start, seconds_end) VALUES(7447, 1655, 25000, 28315, 1387, 1409);
INSERT INTO player_team_game_play(player_id, team_id, game_id, play_id, seconds_start, seconds_end) VALUES(7049, 1655, 25000, 28315, 1387, 1409);
INSERT INTO player_team_game_play(player_id, team_id, game_id, play_id, seconds_start, seconds_end) VALUES(7450, 1655, 25000, 28315, 1387, 1409);
INSERT INTO player_team_game_play(player_id, team_id, game_id, play_id, seconds_start, seconds_end) VALUES(7452, 1655, 25000, 28315, 1387, 1409);
INSERT INTO lba.sub_play (play_id, seconds_da_start, player_made_id, team_made_id, game_made_id, player_suffered_id, team_suffered_id, game_suffered_id, shot_id, turnover_id, foul_id, rebound_defensive_01, rebound_offensive_01, assist_01, blocks_01, time_out_01, x, y)VALUES(28315, 22, 4692, 1649, 25000, NULL, NULL, NULL, 1, NULL, NULL, '', '', '', '', '', 7, 56);
INSERT INTO lba.sub_play (play_id, seconds_da_start, player_made_id, team_made_id, game_made_id, player_suffered_id, team_suffered_id, game_suffered_id, shot_id, turnover_id, foul_id, rebound_defensive_01, rebound_offensive_01, assist_01, blocks_01, time_out_01, x, y)VALUES(28315, 22, 6138, 1649, 25000, NULL, NULL, NULL, NULL, NULL, NULL, '', '', '1', '', '', 7, 56);

INSERT INTO play(id, game_id, seconds_start, seconds_end, quarter, attack_home_01, score_home, score_guest)VALUES(28316, 25000, 1409, 1435, 3, '0', 58, 48);
INSERT INTO player_team_game_play(player_id, team_id, game_id, play_id, seconds_start, seconds_end) VALUES(4692, 1649, 25000, 28316, 1409, 1435);
INSERT INTO player_team_game_play(player_id, team_id, game_id, play_id, seconds_start, seconds_end) VALUES(7015, 1649, 25000, 28316, 1409, 1435);
INSERT INTO player_team_game_play(player_id, team_id, game_id, play_id, seconds_start, seconds_end) VALUES(5150, 1649, 25000, 28316, 1409, 1435);
INSERT INTO player_team_game_play(player_id, team_id, game_id, play_id, seconds_start, seconds_end) VALUES(6138, 1649, 25000, 28316, 1409, 1435);
INSERT INTO player_team_game_play(player_id, team_id, game_id, play_id, seconds_start, seconds_end) VALUES(7406, 1649, 25000, 28316, 1409, 1435);
INSERT INTO player_team_game_play(player_id, team_id, game_id, play_id, seconds_start, seconds_end) VALUES(7449, 1655, 25000, 28316, 1409, 1435);
INSERT INTO player_team_game_play(player_id, team_id, game_id, play_id, seconds_start, seconds_end) VALUES(7447, 1655, 25000, 28316, 1409, 1435);
INSERT INTO player_team_game_play(player_id, team_id, game_id, play_id, seconds_start, seconds_end) VALUES(7049, 1655, 25000, 28316, 1409, 1435);
INSERT INTO player_team_game_play(player_id, team_id, game_id, play_id, seconds_start, seconds_end) VALUES(7450, 1655, 25000, 28316, 1409, 1435);
INSERT INTO player_team_game_play(player_id, team_id, game_id, play_id, seconds_start, seconds_end) VALUES(7452, 1655, 25000, 28316, 1409, 1435);
UPDATE player_team_game_play SET seconds_end = 1421 WHERE player_id = 7450 AND game_id = 25000 AND play_id = 28316;
UPDATE player_team_game_play SET seconds_end = 1421 WHERE player_id = 7452 AND game_id = 25000 AND play_id = 28316;
INSERT INTO player_team_game_play(player_id, team_id, game_id, play_id, seconds_start, seconds_end) VALUES(6320, 1655, 25000, 28316, 1421, 1435);
INSERT INTO player_team_game_play(player_id, team_id, game_id, play_id, seconds_start, seconds_end) VALUES(7448, 1655, 25000, 28316, 1421, 1435);
INSERT INTO lba.sub_play (play_id, seconds_da_start, player_made_id, team_made_id, game_made_id, player_suffered_id, team_suffered_id, game_suffered_id, shot_id, turnover_id, foul_id, rebound_defensive_01, rebound_offensive_01, assist_01, blocks_01, time_out_01, x, y)VALUES(28316, 7, 7406, 1649, 25000, 7450, 1655, 25000, NULL, NULL, 1, '', '', '', '', '', 86, 27);
INSERT INTO lba.sub_play (play_id, seconds_da_start, player_made_id, team_made_id, game_made_id, player_suffered_id, team_suffered_id, game_suffered_id, shot_id, turnover_id, foul_id, rebound_defensive_01, rebound_offensive_01, assist_01, blocks_01, time_out_01, x, y)VALUES(28316, 26, 6320, 1655, 25000, NULL, NULL, NULL, 2, NULL, NULL, '', '', '', '', '', 91, 44);
INSERT INTO lba.sub_play (play_id, seconds_da_start, player_made_id, team_made_id, game_made_id, player_suffered_id, team_suffered_id, game_suffered_id, shot_id, turnover_id, foul_id, rebound_defensive_01, rebound_offensive_01, assist_01, blocks_01, time_out_01, x, y)VALUES(28316, 26, 4692, 1649, 25000, 6320, 1655, 25000, NULL, NULL, NULL, '', '', '', '1', '', 91, 44);
INSERT INTO lba.sub_play (play_id, seconds_da_start, player_made_id, team_made_id, game_made_id, player_suffered_id, team_suffered_id, game_suffered_id, shot_id, turnover_id, foul_id, rebound_defensive_01, rebound_offensive_01, assist_01, blocks_01, time_out_01, x, y)VALUES(28316, 26, 5150, 1649, 25000, NULL, NULL, NULL, NULL, NULL, NULL, '1', '', '', '', '', 91, 44);

INSERT INTO play(id, game_id, seconds_start, seconds_end, quarter, attack_home_01, score_home, score_guest)VALUES(28317, 25000, 1435, 1475, 3, '1', 58, 48);
INSERT INTO player_team_game_play(player_id, team_id, game_id, play_id, seconds_start, seconds_end) VALUES(4692, 1649, 25000, 28317, 1435, 1475);
INSERT INTO player_team_game_play(player_id, team_id, game_id, play_id, seconds_start, seconds_end) VALUES(7015, 1649, 25000, 28317, 1435, 1475);
INSERT INTO player_team_game_play(player_id, team_id, game_id, play_id, seconds_start, seconds_end) VALUES(5150, 1649, 25000, 28317, 1435, 1475);
INSERT INTO player_team_game_play(player_id, team_id, game_id, play_id, seconds_start, seconds_end) VALUES(6138, 1649, 25000, 28317, 1435, 1475);
INSERT INTO player_team_game_play(player_id, team_id, game_id, play_id, seconds_start, seconds_end) VALUES(7406, 1649, 25000, 28317, 1435, 1475);
INSERT INTO player_team_game_play(player_id, team_id, game_id, play_id, seconds_start, seconds_end) VALUES(6320, 1655, 25000, 28317, 1435, 1475);
INSERT INTO player_team_game_play(player_id, team_id, game_id, play_id, seconds_start, seconds_end) VALUES(7449, 1655, 25000, 28317, 1435, 1475);
INSERT INTO player_team_game_play(player_id, team_id, game_id, play_id, seconds_start, seconds_end) VALUES(7447, 1655, 25000, 28317, 1435, 1475);
INSERT INTO player_team_game_play(player_id, team_id, game_id, play_id, seconds_start, seconds_end) VALUES(7448, 1655, 25000, 28317, 1435, 1475);
INSERT INTO player_team_game_play(player_id, team_id, game_id, play_id, seconds_start, seconds_end) VALUES(7049, 1655, 25000, 28317, 1435, 1475);
INSERT INTO lba.sub_play (play_id, seconds_da_start, player_made_id, team_made_id, game_made_id, player_suffered_id, team_suffered_id, game_suffered_id, shot_id, turnover_id, foul_id, rebound_defensive_01, rebound_offensive_01, assist_01, blocks_01, time_out_01, x, y)VALUES(28317, 20, 7015, 1649, 25000, NULL, NULL, NULL, 4, NULL, NULL, '', '', '', '', '', 30, 78);
INSERT INTO lba.sub_play (play_id, seconds_da_start, player_made_id, team_made_id, game_made_id, player_suffered_id, team_suffered_id, game_suffered_id, shot_id, turnover_id, foul_id, rebound_defensive_01, rebound_offensive_01, assist_01, blocks_01, time_out_01, x, y)VALUES(28317, 20, 4692, 1649, 25000, NULL, NULL, NULL, NULL, NULL, NULL, '', '1', '', '', '', 30, 78);
INSERT INTO lba.sub_play (play_id, seconds_da_start, player_made_id, team_made_id, game_made_id, player_suffered_id, team_suffered_id, game_suffered_id, shot_id, turnover_id, foul_id, rebound_defensive_01, rebound_offensive_01, assist_01, blocks_01, time_out_01, x, y)VALUES(28317, 32, 4692, 1649, 25000, NULL, NULL, NULL, 2, NULL, NULL, '', '', '', '', '', 10, 50);
INSERT INTO lba.sub_play (play_id, seconds_da_start, player_made_id, team_made_id, game_made_id, player_suffered_id, team_suffered_id, game_suffered_id, shot_id, turnover_id, foul_id, rebound_defensive_01, rebound_offensive_01, assist_01, blocks_01, time_out_01, x, y)VALUES(28317, 32, 4692, 1649, 25000, NULL, NULL, NULL, NULL, NULL, NULL, '', '1', '', '', '', 10, 50);
INSERT INTO lba.sub_play (play_id, seconds_da_start, player_made_id, team_made_id, game_made_id, player_suffered_id, team_suffered_id, game_suffered_id, shot_id, turnover_id, foul_id, rebound_defensive_01, rebound_offensive_01, assist_01, blocks_01, time_out_01, x, y)VALUES(28317, 40, 4692, 1649, 25000, NULL, NULL, NULL, 2, NULL, NULL, '', '', '', '', '', 12, 48);
INSERT INTO lba.sub_play (play_id, seconds_da_start, player_made_id, team_made_id, game_made_id, player_suffered_id, team_suffered_id, game_suffered_id, shot_id, turnover_id, foul_id, rebound_defensive_01, rebound_offensive_01, assist_01, blocks_01, time_out_01, x, y)VALUES(28317, 40, 7449, 1655, 25000, 4692, 1649, 25000, NULL, NULL, NULL, '', '', '', '1', '', 12, 48);
INSERT INTO lba.sub_play (play_id, seconds_da_start, player_made_id, team_made_id, game_made_id, player_suffered_id, team_suffered_id, game_suffered_id, shot_id, turnover_id, foul_id, rebound_defensive_01, rebound_offensive_01, assist_01, blocks_01, time_out_01, x, y)VALUES(28317, 40, 7447, 1655, 25000, NULL, NULL, NULL, NULL, NULL, NULL, '1', '', '', '', '', 12, 48);

INSERT INTO play(id, game_id, seconds_start, seconds_end, quarter, attack_home_01, score_home, score_guest)VALUES(28318, 25000, 1475, 1493, 3, '0', 58, 48);
INSERT INTO player_team_game_play(player_id, team_id, game_id, play_id, seconds_start, seconds_end) VALUES(4692, 1649, 25000, 28318, 1475, 1493);
INSERT INTO player_team_game_play(player_id, team_id, game_id, play_id, seconds_start, seconds_end) VALUES(7015, 1649, 25000, 28318, 1475, 1493);
INSERT INTO player_team_game_play(player_id, team_id, game_id, play_id, seconds_start, seconds_end) VALUES(5150, 1649, 25000, 28318, 1475, 1493);
INSERT INTO player_team_game_play(player_id, team_id, game_id, play_id, seconds_start, seconds_end) VALUES(6138, 1649, 25000, 28318, 1475, 1493);
INSERT INTO player_team_game_play(player_id, team_id, game_id, play_id, seconds_start, seconds_end) VALUES(7406, 1649, 25000, 28318, 1475, 1493);
INSERT INTO player_team_game_play(player_id, team_id, game_id, play_id, seconds_start, seconds_end) VALUES(6320, 1655, 25000, 28318, 1475, 1493);
INSERT INTO player_team_game_play(player_id, team_id, game_id, play_id, seconds_start, seconds_end) VALUES(7449, 1655, 25000, 28318, 1475, 1493);
INSERT INTO player_team_game_play(player_id, team_id, game_id, play_id, seconds_start, seconds_end) VALUES(7447, 1655, 25000, 28318, 1475, 1493);
INSERT INTO player_team_game_play(player_id, team_id, game_id, play_id, seconds_start, seconds_end) VALUES(7448, 1655, 25000, 28318, 1475, 1493);
INSERT INTO player_team_game_play(player_id, team_id, game_id, play_id, seconds_start, seconds_end) VALUES(7049, 1655, 25000, 28318, 1475, 1493);
INSERT INTO lba.sub_play (play_id, seconds_da_start, player_made_id, team_made_id, game_made_id, player_suffered_id, team_suffered_id, game_suffered_id, shot_id, turnover_id, foul_id, rebound_defensive_01, rebound_offensive_01, assist_01, blocks_01, time_out_01, x, y)VALUES(28318, 7, 7015, 1649, 25000, 6320, 1655, 25000, NULL, NULL, 1, '', '', '', '', '', 91, 60);
INSERT INTO lba.sub_play (play_id, seconds_da_start, player_made_id, team_made_id, game_made_id, player_suffered_id, team_suffered_id, game_suffered_id, shot_id, turnover_id, foul_id, rebound_defensive_01, rebound_offensive_01, assist_01, blocks_01, time_out_01, x, y)VALUES(28318, 18, 7447, 1655, 25000, NULL, NULL, NULL, 2, NULL, NULL, '', '', '', '', '', 92, 26);
INSERT INTO lba.sub_play (play_id, seconds_da_start, player_made_id, team_made_id, game_made_id, player_suffered_id, team_suffered_id, game_suffered_id, shot_id, turnover_id, foul_id, rebound_defensive_01, rebound_offensive_01, assist_01, blocks_01, time_out_01, x, y)VALUES(28318, 18, 5150, 1649, 25000, NULL, NULL, NULL, NULL, NULL, NULL, '1', '', '', '', '', 92, 26);

INSERT INTO play(id, game_id, seconds_start, seconds_end, quarter, attack_home_01, score_home, score_guest)VALUES(28319, 25000, 1493, 1508, 3, '1', 58, 48);
INSERT INTO player_team_game_play(player_id, team_id, game_id, play_id, seconds_start, seconds_end) VALUES(4692, 1649, 25000, 28319, 1493, 1508);
INSERT INTO player_team_game_play(player_id, team_id, game_id, play_id, seconds_start, seconds_end) VALUES(7015, 1649, 25000, 28319, 1493, 1508);
INSERT INTO player_team_game_play(player_id, team_id, game_id, play_id, seconds_start, seconds_end) VALUES(5150, 1649, 25000, 28319, 1493, 1508);
INSERT INTO player_team_game_play(player_id, team_id, game_id, play_id, seconds_start, seconds_end) VALUES(6138, 1649, 25000, 28319, 1493, 1508);
INSERT INTO player_team_game_play(player_id, team_id, game_id, play_id, seconds_start, seconds_end) VALUES(7406, 1649, 25000, 28319, 1493, 1508);
INSERT INTO player_team_game_play(player_id, team_id, game_id, play_id, seconds_start, seconds_end) VALUES(6320, 1655, 25000, 28319, 1493, 1508);
INSERT INTO player_team_game_play(player_id, team_id, game_id, play_id, seconds_start, seconds_end) VALUES(7449, 1655, 25000, 28319, 1493, 1508);
INSERT INTO player_team_game_play(player_id, team_id, game_id, play_id, seconds_start, seconds_end) VALUES(7447, 1655, 25000, 28319, 1493, 1508);
INSERT INTO player_team_game_play(player_id, team_id, game_id, play_id, seconds_start, seconds_end) VALUES(7448, 1655, 25000, 28319, 1493, 1508);
INSERT INTO player_team_game_play(player_id, team_id, game_id, play_id, seconds_start, seconds_end) VALUES(7049, 1655, 25000, 28319, 1493, 1508);
INSERT INTO lba.sub_play (play_id, seconds_da_start, player_made_id, team_made_id, game_made_id, player_suffered_id, team_suffered_id, game_suffered_id, shot_id, turnover_id, foul_id, rebound_defensive_01, rebound_offensive_01, assist_01, blocks_01, time_out_01, x, y)VALUES(28319, 15, 5150, 1649, 25000, NULL, NULL, NULL, 2, NULL, NULL, '', '', '', '', '', 9, 44);
INSERT INTO lba.sub_play (play_id, seconds_da_start, player_made_id, team_made_id, game_made_id, player_suffered_id, team_suffered_id, game_suffered_id, shot_id, turnover_id, foul_id, rebound_defensive_01, rebound_offensive_01, assist_01, blocks_01, time_out_01, x, y)VALUES(28319, 15, 6320, 1655, 25000, NULL, NULL, NULL, NULL, NULL, NULL, '1', '', '', '', '', 9, 44);

INSERT INTO play(id, game_id, seconds_start, seconds_end, quarter, attack_home_01, score_home, score_guest)VALUES(28320, 25000, 1508, 1514, 3, '0', 58, 50);
INSERT INTO player_team_game_play(player_id, team_id, game_id, play_id, seconds_start, seconds_end) VALUES(4692, 1649, 25000, 28320, 1508, 1514);
INSERT INTO player_team_game_play(player_id, team_id, game_id, play_id, seconds_start, seconds_end) VALUES(7015, 1649, 25000, 28320, 1508, 1514);
INSERT INTO player_team_game_play(player_id, team_id, game_id, play_id, seconds_start, seconds_end) VALUES(5150, 1649, 25000, 28320, 1508, 1514);
INSERT INTO player_team_game_play(player_id, team_id, game_id, play_id, seconds_start, seconds_end) VALUES(6138, 1649, 25000, 28320, 1508, 1514);
INSERT INTO player_team_game_play(player_id, team_id, game_id, play_id, seconds_start, seconds_end) VALUES(7406, 1649, 25000, 28320, 1508, 1514);
INSERT INTO player_team_game_play(player_id, team_id, game_id, play_id, seconds_start, seconds_end) VALUES(6320, 1655, 25000, 28320, 1508, 1514);
INSERT INTO player_team_game_play(player_id, team_id, game_id, play_id, seconds_start, seconds_end) VALUES(7449, 1655, 25000, 28320, 1508, 1514);
INSERT INTO player_team_game_play(player_id, team_id, game_id, play_id, seconds_start, seconds_end) VALUES(7447, 1655, 25000, 28320, 1508, 1514);
INSERT INTO player_team_game_play(player_id, team_id, game_id, play_id, seconds_start, seconds_end) VALUES(7448, 1655, 25000, 28320, 1508, 1514);
INSERT INTO player_team_game_play(player_id, team_id, game_id, play_id, seconds_start, seconds_end) VALUES(7049, 1655, 25000, 28320, 1508, 1514);
INSERT INTO lba.sub_play (play_id, seconds_da_start, player_made_id, team_made_id, game_made_id, player_suffered_id, team_suffered_id, game_suffered_id, shot_id, turnover_id, foul_id, rebound_defensive_01, rebound_offensive_01, assist_01, blocks_01, time_out_01, x, y)VALUES(28320, 6, 7448, 1655, 25000, NULL, NULL, NULL, 1, NULL, NULL, '', '', '', '', '', 92, 53);
INSERT INTO lba.sub_play (play_id, seconds_da_start, player_made_id, team_made_id, game_made_id, player_suffered_id, team_suffered_id, game_suffered_id, shot_id, turnover_id, foul_id, rebound_defensive_01, rebound_offensive_01, assist_01, blocks_01, time_out_01, x, y)VALUES(28320, 6, 6320, 1655, 25000, NULL, NULL, NULL, NULL, NULL, NULL, '', '', '1', '', '', 92, 53);

INSERT INTO play(id, game_id, seconds_start, seconds_end, quarter, attack_home_01, score_home, score_guest)VALUES(28321, 25000, 1514, 1528, 3, '1', 58, 50);
INSERT INTO player_team_game_play(player_id, team_id, game_id, play_id, seconds_start, seconds_end) VALUES(4692, 1649, 25000, 28321, 1514, 1528);
INSERT INTO player_team_game_play(player_id, team_id, game_id, play_id, seconds_start, seconds_end) VALUES(7015, 1649, 25000, 28321, 1514, 1528);
INSERT INTO player_team_game_play(player_id, team_id, game_id, play_id, seconds_start, seconds_end) VALUES(5150, 1649, 25000, 28321, 1514, 1528);
INSERT INTO player_team_game_play(player_id, team_id, game_id, play_id, seconds_start, seconds_end) VALUES(6138, 1649, 25000, 28321, 1514, 1528);
INSERT INTO player_team_game_play(player_id, team_id, game_id, play_id, seconds_start, seconds_end) VALUES(7406, 1649, 25000, 28321, 1514, 1528);
INSERT INTO player_team_game_play(player_id, team_id, game_id, play_id, seconds_start, seconds_end) VALUES(6320, 1655, 25000, 28321, 1514, 1528);
INSERT INTO player_team_game_play(player_id, team_id, game_id, play_id, seconds_start, seconds_end) VALUES(7449, 1655, 25000, 28321, 1514, 1528);
INSERT INTO player_team_game_play(player_id, team_id, game_id, play_id, seconds_start, seconds_end) VALUES(7447, 1655, 25000, 28321, 1514, 1528);
INSERT INTO player_team_game_play(player_id, team_id, game_id, play_id, seconds_start, seconds_end) VALUES(7448, 1655, 25000, 28321, 1514, 1528);
INSERT INTO player_team_game_play(player_id, team_id, game_id, play_id, seconds_start, seconds_end) VALUES(7049, 1655, 25000, 28321, 1514, 1528);
INSERT INTO lba.sub_play (play_id, seconds_da_start, player_made_id, team_made_id, game_made_id, player_suffered_id, team_suffered_id, game_suffered_id, shot_id, turnover_id, foul_id, rebound_defensive_01, rebound_offensive_01, assist_01, blocks_01, time_out_01, x, y)VALUES(28321, 14, 7015, 1649, 25000, NULL, NULL, NULL, 4, NULL, NULL, '', '', '', '', '', 32, 63);
INSERT INTO lba.sub_play (play_id, seconds_da_start, player_made_id, team_made_id, game_made_id, player_suffered_id, team_suffered_id, game_suffered_id, shot_id, turnover_id, foul_id, rebound_defensive_01, rebound_offensive_01, assist_01, blocks_01, time_out_01, x, y)VALUES(28321, 14, 7049, 1655, 25000, NULL, NULL, NULL, NULL, NULL, NULL, '1', '', '', '', '', 32, 63);

INSERT INTO play(id, game_id, seconds_start, seconds_end, quarter, attack_home_01, score_home, score_guest)VALUES(28322, 25000, 1528, 1531, 3, '0', 58, 52);
INSERT INTO player_team_game_play(player_id, team_id, game_id, play_id, seconds_start, seconds_end) VALUES(4692, 1649, 25000, 28322, 1528, 1531);
INSERT INTO player_team_game_play(player_id, team_id, game_id, play_id, seconds_start, seconds_end) VALUES(7015, 1649, 25000, 28322, 1528, 1531);
INSERT INTO player_team_game_play(player_id, team_id, game_id, play_id, seconds_start, seconds_end) VALUES(5150, 1649, 25000, 28322, 1528, 1531);
INSERT INTO player_team_game_play(player_id, team_id, game_id, play_id, seconds_start, seconds_end) VALUES(6138, 1649, 25000, 28322, 1528, 1531);
INSERT INTO player_team_game_play(player_id, team_id, game_id, play_id, seconds_start, seconds_end) VALUES(7406, 1649, 25000, 28322, 1528, 1531);
INSERT INTO player_team_game_play(player_id, team_id, game_id, play_id, seconds_start, seconds_end) VALUES(6320, 1655, 25000, 28322, 1528, 1531);
INSERT INTO player_team_game_play(player_id, team_id, game_id, play_id, seconds_start, seconds_end) VALUES(7449, 1655, 25000, 28322, 1528, 1531);
INSERT INTO player_team_game_play(player_id, team_id, game_id, play_id, seconds_start, seconds_end) VALUES(7447, 1655, 25000, 28322, 1528, 1531);
INSERT INTO player_team_game_play(player_id, team_id, game_id, play_id, seconds_start, seconds_end) VALUES(7448, 1655, 25000, 28322, 1528, 1531);
INSERT INTO player_team_game_play(player_id, team_id, game_id, play_id, seconds_start, seconds_end) VALUES(7049, 1655, 25000, 28322, 1528, 1531);
UPDATE player_team_game_play SET seconds_end = 1531 WHERE player_id = 6138 AND game_id = 25000 AND play_id = 28322;
UPDATE player_team_game_play SET seconds_end = 1531 WHERE player_id = 5150 AND game_id = 25000 AND play_id = 28322;
UPDATE player_team_game_play SET seconds_end = 1531 WHERE player_id = 7015 AND game_id = 25000 AND play_id = 28322;
INSERT INTO player_team_game_play(player_id, team_id, game_id, play_id, seconds_start, seconds_end) VALUES(1775, 1649, 25000, 28322, 1531, 1531);
INSERT INTO player_team_game_play(player_id, team_id, game_id, play_id, seconds_start, seconds_end) VALUES(7405, 1649, 25000, 28322, 1531, 1531);
INSERT INTO player_team_game_play(player_id, team_id, game_id, play_id, seconds_start, seconds_end) VALUES(2103, 1649, 25000, 28322, 1531, 1531);
INSERT INTO lba.sub_play (play_id, seconds_da_start, player_made_id, team_made_id, game_made_id, player_suffered_id, team_suffered_id, game_suffered_id, shot_id, turnover_id, foul_id, rebound_defensive_01, rebound_offensive_01, assist_01, blocks_01, time_out_01, x, y)VALUES(28322, 3, 4692, 1649, 25000, 6320, 1655, 25000, NULL, NULL, 3, '', '', '', '', '', 83, 37);
INSERT INTO lba.sub_play (play_id, seconds_da_start, player_made_id, team_made_id, game_made_id, player_suffered_id, team_suffered_id, game_suffered_id, shot_id, turnover_id, foul_id, rebound_defensive_01, rebound_offensive_01, assist_01, blocks_01, time_out_01, x, y)VALUES(28322, 3, 6320, 1655, 25000, NULL, NULL, NULL, 5, NULL, NULL, '', '', '', '', '', NULL, NULL);
INSERT INTO lba.sub_play (play_id, seconds_da_start, player_made_id, team_made_id, game_made_id, player_suffered_id, team_suffered_id, game_suffered_id, shot_id, turnover_id, foul_id, rebound_defensive_01, rebound_offensive_01, assist_01, blocks_01, time_out_01, x, y)VALUES(28322, 3, 6320, 1655, 25000, NULL, NULL, NULL, 5, NULL, NULL, '', '', '', '', '', NULL, NULL);

INSERT INTO play(id, game_id, seconds_start, seconds_end, quarter, attack_home_01, score_home, score_guest)VALUES(28323, 25000, 1531, 1534, 3, '0', 58, 52);
INSERT INTO player_team_game_play(player_id, team_id, game_id, play_id, seconds_start, seconds_end) VALUES(4692, 1649, 25000, 28323, 1531, 1534);
INSERT INTO player_team_game_play(player_id, team_id, game_id, play_id, seconds_start, seconds_end) VALUES(7015, 1649, 25000, 28323, 1531, 1534);
INSERT INTO player_team_game_play(player_id, team_id, game_id, play_id, seconds_start, seconds_end) VALUES(5150, 1649, 25000, 28323, 1531, 1534);
INSERT INTO player_team_game_play(player_id, team_id, game_id, play_id, seconds_start, seconds_end) VALUES(6138, 1649, 25000, 28323, 1531, 1534);
INSERT INTO player_team_game_play(player_id, team_id, game_id, play_id, seconds_start, seconds_end) VALUES(7406, 1649, 25000, 28323, 1531, 1534);
INSERT INTO player_team_game_play(player_id, team_id, game_id, play_id, seconds_start, seconds_end) VALUES(6320, 1655, 25000, 28323, 1531, 1534);
INSERT INTO player_team_game_play(player_id, team_id, game_id, play_id, seconds_start, seconds_end) VALUES(7449, 1655, 25000, 28323, 1531, 1534);
INSERT INTO player_team_game_play(player_id, team_id, game_id, play_id, seconds_start, seconds_end) VALUES(7447, 1655, 25000, 28323, 1531, 1534);
INSERT INTO player_team_game_play(player_id, team_id, game_id, play_id, seconds_start, seconds_end) VALUES(7448, 1655, 25000, 28323, 1531, 1534);
INSERT INTO player_team_game_play(player_id, team_id, game_id, play_id, seconds_start, seconds_end) VALUES(7049, 1655, 25000, 28323, 1531, 1534);
UPDATE player_team_game_play SET seconds_end = 1531 WHERE player_id = 6138 AND game_id = 25000 AND play_id = 28323;
UPDATE player_team_game_play SET seconds_end = 1531 WHERE player_id = 5150 AND game_id = 25000 AND play_id = 28323;
UPDATE player_team_game_play SET seconds_end = 1531 WHERE player_id = 7015 AND game_id = 25000 AND play_id = 28323;
INSERT INTO player_team_game_play(player_id, team_id, game_id, play_id, seconds_start, seconds_end) VALUES(1775, 1649, 25000, 28323, 1531, 1534);
INSERT INTO player_team_game_play(player_id, team_id, game_id, play_id, seconds_start, seconds_end) VALUES(7405, 1649, 25000, 28323, 1531, 1534);
INSERT INTO player_team_game_play(player_id, team_id, game_id, play_id, seconds_start, seconds_end) VALUES(2103, 1649, 25000, 28323, 1531, 1534);
INSERT INTO lba.sub_play (play_id, seconds_da_start, player_made_id, team_made_id, game_made_id, player_suffered_id, team_suffered_id, game_suffered_id, shot_id, turnover_id, foul_id, rebound_defensive_01, rebound_offensive_01, assist_01, blocks_01, time_out_01, x, y)VALUES(28323, 3, 7448, 1655, 25000, NULL, NULL, NULL, 4, NULL, NULL, '', '', '', '', '', 66, 47);
INSERT INTO lba.sub_play (play_id, seconds_da_start, player_made_id, team_made_id, game_made_id, player_suffered_id, team_suffered_id, game_suffered_id, shot_id, turnover_id, foul_id, rebound_defensive_01, rebound_offensive_01, assist_01, blocks_01, time_out_01, x, y)VALUES(28323, 3, 1775, 1649, 25000, NULL, NULL, NULL, NULL, NULL, NULL, '1', '', '', '', '', 66, 47);

INSERT INTO play(id, game_id, seconds_start, seconds_end, quarter, attack_home_01, score_home, score_guest)VALUES(28324, 25000, 1534, 1548, 3, '1', 58, 52);
INSERT INTO player_team_game_play(player_id, team_id, game_id, play_id, seconds_start, seconds_end) VALUES(4692, 1649, 25000, 28324, 1534, 1548);
INSERT INTO player_team_game_play(player_id, team_id, game_id, play_id, seconds_start, seconds_end) VALUES(2103, 1649, 25000, 28324, 1534, 1548);
INSERT INTO player_team_game_play(player_id, team_id, game_id, play_id, seconds_start, seconds_end) VALUES(7405, 1649, 25000, 28324, 1534, 1548);
INSERT INTO player_team_game_play(player_id, team_id, game_id, play_id, seconds_start, seconds_end) VALUES(7406, 1649, 25000, 28324, 1534, 1548);
INSERT INTO player_team_game_play(player_id, team_id, game_id, play_id, seconds_start, seconds_end) VALUES(1775, 1649, 25000, 28324, 1534, 1548);
INSERT INTO player_team_game_play(player_id, team_id, game_id, play_id, seconds_start, seconds_end) VALUES(6320, 1655, 25000, 28324, 1534, 1548);
INSERT INTO player_team_game_play(player_id, team_id, game_id, play_id, seconds_start, seconds_end) VALUES(7449, 1655, 25000, 28324, 1534, 1548);
INSERT INTO player_team_game_play(player_id, team_id, game_id, play_id, seconds_start, seconds_end) VALUES(7447, 1655, 25000, 28324, 1534, 1548);
INSERT INTO player_team_game_play(player_id, team_id, game_id, play_id, seconds_start, seconds_end) VALUES(7448, 1655, 25000, 28324, 1534, 1548);
INSERT INTO player_team_game_play(player_id, team_id, game_id, play_id, seconds_start, seconds_end) VALUES(7049, 1655, 25000, 28324, 1534, 1548);
INSERT INTO lba.sub_play (play_id, seconds_da_start, player_made_id, team_made_id, game_made_id, player_suffered_id, team_suffered_id, game_suffered_id, shot_id, turnover_id, foul_id, rebound_defensive_01, rebound_offensive_01, assist_01, blocks_01, time_out_01, x, y)VALUES(28324, 14, 7406, 1649, 25000, NULL, NULL, NULL, 4, NULL, NULL, '', '', '', '', '', 31, 39);
INSERT INTO lba.sub_play (play_id, seconds_da_start, player_made_id, team_made_id, game_made_id, player_suffered_id, team_suffered_id, game_suffered_id, shot_id, turnover_id, foul_id, rebound_defensive_01, rebound_offensive_01, assist_01, blocks_01, time_out_01, x, y)VALUES(28324, 14, 7449, 1655, 25000, NULL, NULL, NULL, NULL, NULL, NULL, '1', '', '', '', '', 31, 39);

INSERT INTO play(id, game_id, seconds_start, seconds_end, quarter, attack_home_01, score_home, score_guest)VALUES(28325, 25000, 1548, 1561, 3, '0', 58, 54);
INSERT INTO player_team_game_play(player_id, team_id, game_id, play_id, seconds_start, seconds_end) VALUES(4692, 1649, 25000, 28325, 1548, 1561);
INSERT INTO player_team_game_play(player_id, team_id, game_id, play_id, seconds_start, seconds_end) VALUES(2103, 1649, 25000, 28325, 1548, 1561);
INSERT INTO player_team_game_play(player_id, team_id, game_id, play_id, seconds_start, seconds_end) VALUES(7405, 1649, 25000, 28325, 1548, 1561);
INSERT INTO player_team_game_play(player_id, team_id, game_id, play_id, seconds_start, seconds_end) VALUES(7406, 1649, 25000, 28325, 1548, 1561);
INSERT INTO player_team_game_play(player_id, team_id, game_id, play_id, seconds_start, seconds_end) VALUES(1775, 1649, 25000, 28325, 1548, 1561);
INSERT INTO player_team_game_play(player_id, team_id, game_id, play_id, seconds_start, seconds_end) VALUES(6320, 1655, 25000, 28325, 1548, 1561);
INSERT INTO player_team_game_play(player_id, team_id, game_id, play_id, seconds_start, seconds_end) VALUES(7449, 1655, 25000, 28325, 1548, 1561);
INSERT INTO player_team_game_play(player_id, team_id, game_id, play_id, seconds_start, seconds_end) VALUES(7447, 1655, 25000, 28325, 1548, 1561);
INSERT INTO player_team_game_play(player_id, team_id, game_id, play_id, seconds_start, seconds_end) VALUES(7448, 1655, 25000, 28325, 1548, 1561);
INSERT INTO player_team_game_play(player_id, team_id, game_id, play_id, seconds_start, seconds_end) VALUES(7049, 1655, 25000, 28325, 1548, 1561);
INSERT INTO lba.sub_play (play_id, seconds_da_start, player_made_id, team_made_id, game_made_id, player_suffered_id, team_suffered_id, game_suffered_id, shot_id, turnover_id, foul_id, rebound_defensive_01, rebound_offensive_01, assist_01, blocks_01, time_out_01, x, y)VALUES(28325, 13, 7049, 1655, 25000, NULL, NULL, NULL, 1, NULL, NULL, '', '', '', '', '', 91, 64);

INSERT INTO play(id, game_id, seconds_start, seconds_end, quarter, attack_home_01, score_home, score_guest)VALUES(28326, 25000, 1561, 1574, 3, '1', 58, 54);
INSERT INTO player_team_game_play(player_id, team_id, game_id, play_id, seconds_start, seconds_end) VALUES(4692, 1649, 25000, 28326, 1561, 1574);
INSERT INTO player_team_game_play(player_id, team_id, game_id, play_id, seconds_start, seconds_end) VALUES(2103, 1649, 25000, 28326, 1561, 1574);
INSERT INTO player_team_game_play(player_id, team_id, game_id, play_id, seconds_start, seconds_end) VALUES(7405, 1649, 25000, 28326, 1561, 1574);
INSERT INTO player_team_game_play(player_id, team_id, game_id, play_id, seconds_start, seconds_end) VALUES(7406, 1649, 25000, 28326, 1561, 1574);
INSERT INTO player_team_game_play(player_id, team_id, game_id, play_id, seconds_start, seconds_end) VALUES(1775, 1649, 25000, 28326, 1561, 1574);
INSERT INTO player_team_game_play(player_id, team_id, game_id, play_id, seconds_start, seconds_end) VALUES(6320, 1655, 25000, 28326, 1561, 1574);
INSERT INTO player_team_game_play(player_id, team_id, game_id, play_id, seconds_start, seconds_end) VALUES(7449, 1655, 25000, 28326, 1561, 1574);
INSERT INTO player_team_game_play(player_id, team_id, game_id, play_id, seconds_start, seconds_end) VALUES(7447, 1655, 25000, 28326, 1561, 1574);
INSERT INTO player_team_game_play(player_id, team_id, game_id, play_id, seconds_start, seconds_end) VALUES(7448, 1655, 25000, 28326, 1561, 1574);
INSERT INTO player_team_game_play(player_id, team_id, game_id, play_id, seconds_start, seconds_end) VALUES(7049, 1655, 25000, 28326, 1561, 1574);
INSERT INTO lba.sub_play (play_id, seconds_da_start, player_made_id, team_made_id, game_made_id, player_suffered_id, team_suffered_id, game_suffered_id, shot_id, turnover_id, foul_id, rebound_defensive_01, rebound_offensive_01, assist_01, blocks_01, time_out_01, x, y)VALUES(28326, 13, 1775, 1649, 25000, 7449, 1655, 25000, NULL, 1, NULL, '', '', '', '', '', 25, 52);

INSERT INTO play(id, game_id, seconds_start, seconds_end, quarter, attack_home_01, score_home, score_guest)VALUES(28327, 25000, 1574, 1586, 3, '0', 58, 54);
INSERT INTO player_team_game_play(player_id, team_id, game_id, play_id, seconds_start, seconds_end) VALUES(4692, 1649, 25000, 28327, 1574, 1586);
INSERT INTO player_team_game_play(player_id, team_id, game_id, play_id, seconds_start, seconds_end) VALUES(2103, 1649, 25000, 28327, 1574, 1586);
INSERT INTO player_team_game_play(player_id, team_id, game_id, play_id, seconds_start, seconds_end) VALUES(7405, 1649, 25000, 28327, 1574, 1586);
INSERT INTO player_team_game_play(player_id, team_id, game_id, play_id, seconds_start, seconds_end) VALUES(7406, 1649, 25000, 28327, 1574, 1586);
INSERT INTO player_team_game_play(player_id, team_id, game_id, play_id, seconds_start, seconds_end) VALUES(1775, 1649, 25000, 28327, 1574, 1586);
INSERT INTO player_team_game_play(player_id, team_id, game_id, play_id, seconds_start, seconds_end) VALUES(6320, 1655, 25000, 28327, 1574, 1586);
INSERT INTO player_team_game_play(player_id, team_id, game_id, play_id, seconds_start, seconds_end) VALUES(7449, 1655, 25000, 28327, 1574, 1586);
INSERT INTO player_team_game_play(player_id, team_id, game_id, play_id, seconds_start, seconds_end) VALUES(7447, 1655, 25000, 28327, 1574, 1586);
INSERT INTO player_team_game_play(player_id, team_id, game_id, play_id, seconds_start, seconds_end) VALUES(7448, 1655, 25000, 28327, 1574, 1586);
INSERT INTO player_team_game_play(player_id, team_id, game_id, play_id, seconds_start, seconds_end) VALUES(7049, 1655, 25000, 28327, 1574, 1586);
UPDATE player_team_game_play SET seconds_end = 1586 WHERE player_id = 4692 AND game_id = 25000 AND play_id = 28327;
INSERT INTO player_team_game_play(player_id, team_id, game_id, play_id, seconds_start, seconds_end) VALUES(3176, 1649, 25000, 28327, 1586, 1586);
UPDATE player_team_game_play SET seconds_end = 1586 WHERE player_id = 7449 AND game_id = 25000 AND play_id = 28327;
UPDATE player_team_game_play SET seconds_end = 1586 WHERE player_id = 7447 AND game_id = 25000 AND play_id = 28327;
INSERT INTO player_team_game_play(player_id, team_id, game_id, play_id, seconds_start, seconds_end) VALUES(378, 1655, 25000, 28327, 1586, 1586);
INSERT INTO player_team_game_play(player_id, team_id, game_id, play_id, seconds_start, seconds_end) VALUES(2148, 1655, 25000, 28327, 1586, 1586);
INSERT INTO lba.sub_play (play_id, seconds_da_start, player_made_id, team_made_id, game_made_id, player_suffered_id, team_suffered_id, game_suffered_id, shot_id, turnover_id, foul_id, rebound_defensive_01, rebound_offensive_01, assist_01, blocks_01, time_out_01, x, y)VALUES(28327, 7, 7448, 1655, 25000, NULL, NULL, NULL, 4, NULL, NULL, '', '', '', '', '', 95, 4);
INSERT INTO lba.sub_play (play_id, seconds_da_start, player_made_id, team_made_id, game_made_id, player_suffered_id, team_suffered_id, game_suffered_id, shot_id, turnover_id, foul_id, rebound_defensive_01, rebound_offensive_01, assist_01, blocks_01, time_out_01, x, y)VALUES(28327, 7, 7447, 1655, 25000, NULL, NULL, NULL, NULL, NULL, NULL, '', '1', '', '', '', 95, 4);
INSERT INTO lba.sub_play (play_id, seconds_da_start, player_made_id, team_made_id, game_made_id, player_suffered_id, team_suffered_id, game_suffered_id, shot_id, turnover_id, foul_id, rebound_defensive_01, rebound_offensive_01, assist_01, blocks_01, time_out_01, x, y)VALUES(28327, 12, 7447, 1655, 25000, NULL, NULL, NULL, NULL, 2, NULL, '', '', '', '', '', 92, 59);

INSERT INTO play(id, game_id, seconds_start, seconds_end, quarter, attack_home_01, score_home, score_guest)VALUES(28328, 25000, 1586, 1618, 3, '1', 60, 54);
INSERT INTO player_team_game_play(player_id, team_id, game_id, play_id, seconds_start, seconds_end) VALUES(4692, 1649, 25000, 28328, 1586, 1618);
INSERT INTO player_team_game_play(player_id, team_id, game_id, play_id, seconds_start, seconds_end) VALUES(2103, 1649, 25000, 28328, 1586, 1618);
INSERT INTO player_team_game_play(player_id, team_id, game_id, play_id, seconds_start, seconds_end) VALUES(7405, 1649, 25000, 28328, 1586, 1618);
INSERT INTO player_team_game_play(player_id, team_id, game_id, play_id, seconds_start, seconds_end) VALUES(7406, 1649, 25000, 28328, 1586, 1618);
INSERT INTO player_team_game_play(player_id, team_id, game_id, play_id, seconds_start, seconds_end) VALUES(1775, 1649, 25000, 28328, 1586, 1618);
INSERT INTO player_team_game_play(player_id, team_id, game_id, play_id, seconds_start, seconds_end) VALUES(6320, 1655, 25000, 28328, 1586, 1618);
INSERT INTO player_team_game_play(player_id, team_id, game_id, play_id, seconds_start, seconds_end) VALUES(7449, 1655, 25000, 28328, 1586, 1618);
INSERT INTO player_team_game_play(player_id, team_id, game_id, play_id, seconds_start, seconds_end) VALUES(7447, 1655, 25000, 28328, 1586, 1618);
INSERT INTO player_team_game_play(player_id, team_id, game_id, play_id, seconds_start, seconds_end) VALUES(7448, 1655, 25000, 28328, 1586, 1618);
INSERT INTO player_team_game_play(player_id, team_id, game_id, play_id, seconds_start, seconds_end) VALUES(7049, 1655, 25000, 28328, 1586, 1618);
UPDATE player_team_game_play SET seconds_end = 1586 WHERE player_id = 4692 AND game_id = 25000 AND play_id = 28328;
INSERT INTO player_team_game_play(player_id, team_id, game_id, play_id, seconds_start, seconds_end) VALUES(3176, 1649, 25000, 28328, 1586, 1618);
UPDATE player_team_game_play SET seconds_end = 1586 WHERE player_id = 7449 AND game_id = 25000 AND play_id = 28328;
UPDATE player_team_game_play SET seconds_end = 1586 WHERE player_id = 7447 AND game_id = 25000 AND play_id = 28328;
INSERT INTO player_team_game_play(player_id, team_id, game_id, play_id, seconds_start, seconds_end) VALUES(378, 1655, 25000, 28328, 1586, 1618);
INSERT INTO player_team_game_play(player_id, team_id, game_id, play_id, seconds_start, seconds_end) VALUES(2148, 1655, 25000, 28328, 1586, 1618);
UPDATE player_team_game_play SET seconds_end = 1599 WHERE player_id = 7049 AND game_id = 25000 AND play_id = 28328;
INSERT INTO player_team_game_play(player_id, team_id, game_id, play_id, seconds_start, seconds_end) VALUES(7450, 1655, 25000, 28328, 1599, 1618);
INSERT INTO lba.sub_play (play_id, seconds_da_start, player_made_id, team_made_id, game_made_id, player_suffered_id, team_suffered_id, game_suffered_id, shot_id, turnover_id, foul_id, rebound_defensive_01, rebound_offensive_01, assist_01, blocks_01, time_out_01, x, y)VALUES(28328, 12, 2148, 1655, 25000, 3176, 1649, 25000, NULL, NULL, 1, '', '', '', '', '', 24, 52);
INSERT INTO lba.sub_play (play_id, seconds_da_start, player_made_id, team_made_id, game_made_id, player_suffered_id, team_suffered_id, game_suffered_id, shot_id, turnover_id, foul_id, rebound_defensive_01, rebound_offensive_01, assist_01, blocks_01, time_out_01, x, y)VALUES(28328, 28, 7406, 1649, 25000, NULL, NULL, NULL, 2, NULL, NULL, '', '', '', '', '', 7, 61);
INSERT INTO lba.sub_play (play_id, seconds_da_start, player_made_id, team_made_id, game_made_id, player_suffered_id, team_suffered_id, game_suffered_id, shot_id, turnover_id, foul_id, rebound_defensive_01, rebound_offensive_01, assist_01, blocks_01, time_out_01, x, y)VALUES(28328, 32, 7405, 1649, 25000, NULL, NULL, NULL, 1, NULL, NULL, '', '', '', '', '', 6, 59);
INSERT INTO lba.sub_play (play_id, seconds_da_start, player_made_id, team_made_id, game_made_id, player_suffered_id, team_suffered_id, game_suffered_id, shot_id, turnover_id, foul_id, rebound_defensive_01, rebound_offensive_01, assist_01, blocks_01, time_out_01, x, y)VALUES(28328, 32, 2103, 1649, 25000, NULL, NULL, NULL, NULL, NULL, NULL, '', '', '1', '', '', 6, 59);

INSERT INTO play(id, game_id, seconds_start, seconds_end, quarter, attack_home_01, score_home, score_guest)VALUES(28329, 25000, 1618, 1633, 3, '0', 60, 54);
INSERT INTO player_team_game_play(player_id, team_id, game_id, play_id, seconds_start, seconds_end) VALUES(2103, 1649, 25000, 28329, 1618, 1633);
INSERT INTO player_team_game_play(player_id, team_id, game_id, play_id, seconds_start, seconds_end) VALUES(3176, 1649, 25000, 28329, 1618, 1633);
INSERT INTO player_team_game_play(player_id, team_id, game_id, play_id, seconds_start, seconds_end) VALUES(7405, 1649, 25000, 28329, 1618, 1633);
INSERT INTO player_team_game_play(player_id, team_id, game_id, play_id, seconds_start, seconds_end) VALUES(7406, 1649, 25000, 28329, 1618, 1633);
INSERT INTO player_team_game_play(player_id, team_id, game_id, play_id, seconds_start, seconds_end) VALUES(1775, 1649, 25000, 28329, 1618, 1633);
INSERT INTO player_team_game_play(player_id, team_id, game_id, play_id, seconds_start, seconds_end) VALUES(6320, 1655, 25000, 28329, 1618, 1633);
INSERT INTO player_team_game_play(player_id, team_id, game_id, play_id, seconds_start, seconds_end) VALUES(2148, 1655, 25000, 28329, 1618, 1633);
INSERT INTO player_team_game_play(player_id, team_id, game_id, play_id, seconds_start, seconds_end) VALUES(7448, 1655, 25000, 28329, 1618, 1633);
INSERT INTO player_team_game_play(player_id, team_id, game_id, play_id, seconds_start, seconds_end) VALUES(7450, 1655, 25000, 28329, 1618, 1633);
INSERT INTO player_team_game_play(player_id, team_id, game_id, play_id, seconds_start, seconds_end) VALUES(378, 1655, 25000, 28329, 1618, 1633);
INSERT INTO lba.sub_play (play_id, seconds_da_start, player_made_id, team_made_id, game_made_id, player_suffered_id, team_suffered_id, game_suffered_id, shot_id, turnover_id, foul_id, rebound_defensive_01, rebound_offensive_01, assist_01, blocks_01, time_out_01, x, y)VALUES(28329, 15, 2148, 1655, 25000, NULL, NULL, NULL, 2, NULL, NULL, '', '', '', '', '', 92, 44);
INSERT INTO lba.sub_play (play_id, seconds_da_start, player_made_id, team_made_id, game_made_id, player_suffered_id, team_suffered_id, game_suffered_id, shot_id, turnover_id, foul_id, rebound_defensive_01, rebound_offensive_01, assist_01, blocks_01, time_out_01, x, y)VALUES(28329, 15, 7405, 1649, 25000, NULL, NULL, NULL, NULL, NULL, NULL, '1', '', '', '', '', 92, 44);

INSERT INTO play(id, game_id, seconds_start, seconds_end, quarter, attack_home_01, score_home, score_guest)VALUES(28330, 25000, 1633, 1642, 3, '1', 60, 54);
INSERT INTO player_team_game_play(player_id, team_id, game_id, play_id, seconds_start, seconds_end) VALUES(2103, 1649, 25000, 28330, 1633, 1642);
INSERT INTO player_team_game_play(player_id, team_id, game_id, play_id, seconds_start, seconds_end) VALUES(3176, 1649, 25000, 28330, 1633, 1642);
INSERT INTO player_team_game_play(player_id, team_id, game_id, play_id, seconds_start, seconds_end) VALUES(7405, 1649, 25000, 28330, 1633, 1642);
INSERT INTO player_team_game_play(player_id, team_id, game_id, play_id, seconds_start, seconds_end) VALUES(7406, 1649, 25000, 28330, 1633, 1642);
INSERT INTO player_team_game_play(player_id, team_id, game_id, play_id, seconds_start, seconds_end) VALUES(1775, 1649, 25000, 28330, 1633, 1642);
INSERT INTO player_team_game_play(player_id, team_id, game_id, play_id, seconds_start, seconds_end) VALUES(6320, 1655, 25000, 28330, 1633, 1642);
INSERT INTO player_team_game_play(player_id, team_id, game_id, play_id, seconds_start, seconds_end) VALUES(2148, 1655, 25000, 28330, 1633, 1642);
INSERT INTO player_team_game_play(player_id, team_id, game_id, play_id, seconds_start, seconds_end) VALUES(7448, 1655, 25000, 28330, 1633, 1642);
INSERT INTO player_team_game_play(player_id, team_id, game_id, play_id, seconds_start, seconds_end) VALUES(7450, 1655, 25000, 28330, 1633, 1642);
INSERT INTO player_team_game_play(player_id, team_id, game_id, play_id, seconds_start, seconds_end) VALUES(378, 1655, 25000, 28330, 1633, 1642);
INSERT INTO lba.sub_play (play_id, seconds_da_start, player_made_id, team_made_id, game_made_id, player_suffered_id, team_suffered_id, game_suffered_id, shot_id, turnover_id, foul_id, rebound_defensive_01, rebound_offensive_01, assist_01, blocks_01, time_out_01, x, y)VALUES(28330, 7, 7448, 1655, 25000, 7406, 1649, 25000, NULL, NULL, 1, '', '', '', '', '', 21, 21);
INSERT INTO lba.sub_play (play_id, seconds_da_start, player_made_id, team_made_id, game_made_id, player_suffered_id, team_suffered_id, game_suffered_id, shot_id, turnover_id, foul_id, rebound_defensive_01, rebound_offensive_01, assist_01, blocks_01, time_out_01, x, y)VALUES(28330, 9, 2103, 1649, 25000, 7450, 1655, 25000, NULL, NULL, 7, '', '', '', '', '', 18, 28);
INSERT INTO lba.sub_play (play_id, seconds_da_start, player_made_id, team_made_id, game_made_id, player_suffered_id, team_suffered_id, game_suffered_id, shot_id, turnover_id, foul_id, rebound_defensive_01, rebound_offensive_01, assist_01, blocks_01, time_out_01, x, y)VALUES(28330, 9, 2103, 1649, 25000, NULL, NULL, NULL, NULL, 13, NULL, '', '', '', '', '', 18, 28);

INSERT INTO play(id, game_id, seconds_start, seconds_end, quarter, attack_home_01, score_home, score_guest)VALUES(28331, 25000, 1642, 1666, 3, '0', 60, 56);
INSERT INTO player_team_game_play(player_id, team_id, game_id, play_id, seconds_start, seconds_end) VALUES(2103, 1649, 25000, 28331, 1642, 1666);
INSERT INTO player_team_game_play(player_id, team_id, game_id, play_id, seconds_start, seconds_end) VALUES(3176, 1649, 25000, 28331, 1642, 1666);
INSERT INTO player_team_game_play(player_id, team_id, game_id, play_id, seconds_start, seconds_end) VALUES(7405, 1649, 25000, 28331, 1642, 1666);
INSERT INTO player_team_game_play(player_id, team_id, game_id, play_id, seconds_start, seconds_end) VALUES(7406, 1649, 25000, 28331, 1642, 1666);
INSERT INTO player_team_game_play(player_id, team_id, game_id, play_id, seconds_start, seconds_end) VALUES(1775, 1649, 25000, 28331, 1642, 1666);
INSERT INTO player_team_game_play(player_id, team_id, game_id, play_id, seconds_start, seconds_end) VALUES(6320, 1655, 25000, 28331, 1642, 1666);
INSERT INTO player_team_game_play(player_id, team_id, game_id, play_id, seconds_start, seconds_end) VALUES(2148, 1655, 25000, 28331, 1642, 1666);
INSERT INTO player_team_game_play(player_id, team_id, game_id, play_id, seconds_start, seconds_end) VALUES(7448, 1655, 25000, 28331, 1642, 1666);
INSERT INTO player_team_game_play(player_id, team_id, game_id, play_id, seconds_start, seconds_end) VALUES(7450, 1655, 25000, 28331, 1642, 1666);
INSERT INTO player_team_game_play(player_id, team_id, game_id, play_id, seconds_start, seconds_end) VALUES(378, 1655, 25000, 28331, 1642, 1666);
INSERT INTO lba.sub_play (play_id, seconds_da_start, player_made_id, team_made_id, game_made_id, player_suffered_id, team_suffered_id, game_suffered_id, shot_id, turnover_id, foul_id, rebound_defensive_01, rebound_offensive_01, assist_01, blocks_01, time_out_01, x, y)VALUES(28331, 22, 2148, 1655, 25000, NULL, NULL, NULL, 2, NULL, NULL, '', '', '', '', '', 88, 47);
INSERT INTO lba.sub_play (play_id, seconds_da_start, player_made_id, team_made_id, game_made_id, player_suffered_id, team_suffered_id, game_suffered_id, shot_id, turnover_id, foul_id, rebound_defensive_01, rebound_offensive_01, assist_01, blocks_01, time_out_01, x, y)VALUES(28331, 24, 1775, 1649, 25000, 378, 1655, 25000, NULL, NULL, 1, '', '', '', '', '', 90, 45);
INSERT INTO lba.sub_play (play_id, seconds_da_start, player_made_id, team_made_id, game_made_id, player_suffered_id, team_suffered_id, game_suffered_id, shot_id, turnover_id, foul_id, rebound_defensive_01, rebound_offensive_01, assist_01, blocks_01, time_out_01, x, y)VALUES(28331, 24, 378, 1655, 25000, NULL, NULL, NULL, 5, NULL, NULL, '', '', '', '', '', NULL, NULL);
INSERT INTO lba.sub_play (play_id, seconds_da_start, player_made_id, team_made_id, game_made_id, player_suffered_id, team_suffered_id, game_suffered_id, shot_id, turnover_id, foul_id, rebound_defensive_01, rebound_offensive_01, assist_01, blocks_01, time_out_01, x, y)VALUES(28331, 24, 378, 1655, 25000, NULL, NULL, NULL, 5, NULL, NULL, '', '', '', '', '', NULL, NULL);

INSERT INTO play(id, game_id, seconds_start, seconds_end, quarter, attack_home_01, score_home, score_guest)VALUES(28332, 25000, 1666, 1680, 3, '1', 63, 56);
INSERT INTO player_team_game_play(player_id, team_id, game_id, play_id, seconds_start, seconds_end) VALUES(2103, 1649, 25000, 28332, 1666, 1680);
INSERT INTO player_team_game_play(player_id, team_id, game_id, play_id, seconds_start, seconds_end) VALUES(3176, 1649, 25000, 28332, 1666, 1680);
INSERT INTO player_team_game_play(player_id, team_id, game_id, play_id, seconds_start, seconds_end) VALUES(7405, 1649, 25000, 28332, 1666, 1680);
INSERT INTO player_team_game_play(player_id, team_id, game_id, play_id, seconds_start, seconds_end) VALUES(7406, 1649, 25000, 28332, 1666, 1680);
INSERT INTO player_team_game_play(player_id, team_id, game_id, play_id, seconds_start, seconds_end) VALUES(1775, 1649, 25000, 28332, 1666, 1680);
INSERT INTO player_team_game_play(player_id, team_id, game_id, play_id, seconds_start, seconds_end) VALUES(6320, 1655, 25000, 28332, 1666, 1680);
INSERT INTO player_team_game_play(player_id, team_id, game_id, play_id, seconds_start, seconds_end) VALUES(2148, 1655, 25000, 28332, 1666, 1680);
INSERT INTO player_team_game_play(player_id, team_id, game_id, play_id, seconds_start, seconds_end) VALUES(7448, 1655, 25000, 28332, 1666, 1680);
INSERT INTO player_team_game_play(player_id, team_id, game_id, play_id, seconds_start, seconds_end) VALUES(7450, 1655, 25000, 28332, 1666, 1680);
INSERT INTO player_team_game_play(player_id, team_id, game_id, play_id, seconds_start, seconds_end) VALUES(378, 1655, 25000, 28332, 1666, 1680);
INSERT INTO lba.sub_play (play_id, seconds_da_start, player_made_id, team_made_id, game_made_id, player_suffered_id, team_suffered_id, game_suffered_id, shot_id, turnover_id, foul_id, rebound_defensive_01, rebound_offensive_01, assist_01, blocks_01, time_out_01, x, y)VALUES(28332, 14, 7405, 1649, 25000, NULL, NULL, NULL, 3, NULL, NULL, '', '', '', '', '', 8, 97);
INSERT INTO lba.sub_play (play_id, seconds_da_start, player_made_id, team_made_id, game_made_id, player_suffered_id, team_suffered_id, game_suffered_id, shot_id, turnover_id, foul_id, rebound_defensive_01, rebound_offensive_01, assist_01, blocks_01, time_out_01, x, y)VALUES(28332, 14, 2103, 1649, 25000, NULL, NULL, NULL, NULL, NULL, NULL, '', '', '1', '', '', 8, 97);

INSERT INTO play(id, game_id, seconds_start, seconds_end, quarter, attack_home_01, score_home, score_guest)VALUES(28333, 25000, 1680, 1709, 3, '0', 63, 59);
INSERT INTO player_team_game_play(player_id, team_id, game_id, play_id, seconds_start, seconds_end) VALUES(2103, 1649, 25000, 28333, 1680, 1709);
INSERT INTO player_team_game_play(player_id, team_id, game_id, play_id, seconds_start, seconds_end) VALUES(3176, 1649, 25000, 28333, 1680, 1709);
INSERT INTO player_team_game_play(player_id, team_id, game_id, play_id, seconds_start, seconds_end) VALUES(7405, 1649, 25000, 28333, 1680, 1709);
INSERT INTO player_team_game_play(player_id, team_id, game_id, play_id, seconds_start, seconds_end) VALUES(7406, 1649, 25000, 28333, 1680, 1709);
INSERT INTO player_team_game_play(player_id, team_id, game_id, play_id, seconds_start, seconds_end) VALUES(1775, 1649, 25000, 28333, 1680, 1709);
INSERT INTO player_team_game_play(player_id, team_id, game_id, play_id, seconds_start, seconds_end) VALUES(6320, 1655, 25000, 28333, 1680, 1709);
INSERT INTO player_team_game_play(player_id, team_id, game_id, play_id, seconds_start, seconds_end) VALUES(2148, 1655, 25000, 28333, 1680, 1709);
INSERT INTO player_team_game_play(player_id, team_id, game_id, play_id, seconds_start, seconds_end) VALUES(7448, 1655, 25000, 28333, 1680, 1709);
INSERT INTO player_team_game_play(player_id, team_id, game_id, play_id, seconds_start, seconds_end) VALUES(7450, 1655, 25000, 28333, 1680, 1709);
INSERT INTO player_team_game_play(player_id, team_id, game_id, play_id, seconds_start, seconds_end) VALUES(378, 1655, 25000, 28333, 1680, 1709);
INSERT INTO lba.sub_play (play_id, seconds_da_start, player_made_id, team_made_id, game_made_id, player_suffered_id, team_suffered_id, game_suffered_id, shot_id, turnover_id, foul_id, rebound_defensive_01, rebound_offensive_01, assist_01, blocks_01, time_out_01, x, y)VALUES(28333, 29, 2148, 1655, 25000, NULL, NULL, NULL, 3, NULL, NULL, '', '', '', '', '', 97, 3);
INSERT INTO lba.sub_play (play_id, seconds_da_start, player_made_id, team_made_id, game_made_id, player_suffered_id, team_suffered_id, game_suffered_id, shot_id, turnover_id, foul_id, rebound_defensive_01, rebound_offensive_01, assist_01, blocks_01, time_out_01, x, y)VALUES(28333, 29, 7450, 1655, 25000, NULL, NULL, NULL, NULL, NULL, NULL, '', '', '1', '', '', 97, 3);

INSERT INTO play(id, game_id, seconds_start, seconds_end, quarter, attack_home_01, score_home, score_guest)VALUES(28334, 25000, 1709, 1736, 3, '1', 63, 59);
INSERT INTO player_team_game_play(player_id, team_id, game_id, play_id, seconds_start, seconds_end) VALUES(2103, 1649, 25000, 28334, 1709, 1736);
INSERT INTO player_team_game_play(player_id, team_id, game_id, play_id, seconds_start, seconds_end) VALUES(3176, 1649, 25000, 28334, 1709, 1736);
INSERT INTO player_team_game_play(player_id, team_id, game_id, play_id, seconds_start, seconds_end) VALUES(7405, 1649, 25000, 28334, 1709, 1736);
INSERT INTO player_team_game_play(player_id, team_id, game_id, play_id, seconds_start, seconds_end) VALUES(7406, 1649, 25000, 28334, 1709, 1736);
INSERT INTO player_team_game_play(player_id, team_id, game_id, play_id, seconds_start, seconds_end) VALUES(1775, 1649, 25000, 28334, 1709, 1736);
INSERT INTO player_team_game_play(player_id, team_id, game_id, play_id, seconds_start, seconds_end) VALUES(6320, 1655, 25000, 28334, 1709, 1736);
INSERT INTO player_team_game_play(player_id, team_id, game_id, play_id, seconds_start, seconds_end) VALUES(2148, 1655, 25000, 28334, 1709, 1736);
INSERT INTO player_team_game_play(player_id, team_id, game_id, play_id, seconds_start, seconds_end) VALUES(7448, 1655, 25000, 28334, 1709, 1736);
INSERT INTO player_team_game_play(player_id, team_id, game_id, play_id, seconds_start, seconds_end) VALUES(7450, 1655, 25000, 28334, 1709, 1736);
INSERT INTO player_team_game_play(player_id, team_id, game_id, play_id, seconds_start, seconds_end) VALUES(378, 1655, 25000, 28334, 1709, 1736);
UPDATE player_team_game_play SET seconds_end = 1714 WHERE player_id = 7406 AND game_id = 25000 AND play_id = 28334;
INSERT INTO player_team_game_play(player_id, team_id, game_id, play_id, seconds_start, seconds_end) VALUES(7404, 1649, 25000, 28334, 1714, 1736);
UPDATE player_team_game_play SET seconds_end = 1733 WHERE player_id = 1775 AND game_id = 25000 AND play_id = 28334;
INSERT INTO player_team_game_play(player_id, team_id, game_id, play_id, seconds_start, seconds_end) VALUES(4692, 1649, 25000, 28334, 1733, 1736);
UPDATE player_team_game_play SET seconds_end = 1733 WHERE player_id = 7450 AND game_id = 25000 AND play_id = 28334;
INSERT INTO player_team_game_play(player_id, team_id, game_id, play_id, seconds_start, seconds_end) VALUES(7449, 1655, 25000, 28334, 1733, 1736);
UPDATE player_team_game_play SET seconds_end = 1736 WHERE player_id = 6320 AND game_id = 25000 AND play_id = 28334;
INSERT INTO player_team_game_play(player_id, team_id, game_id, play_id, seconds_start, seconds_end) VALUES(7447, 1655, 25000, 28334, 1736, 1736);
INSERT INTO lba.sub_play (play_id, seconds_da_start, player_made_id, team_made_id, game_made_id, player_suffered_id, team_suffered_id, game_suffered_id, shot_id, turnover_id, foul_id, rebound_defensive_01, rebound_offensive_01, assist_01, blocks_01, time_out_01, x, y)VALUES(28334, 24, 7450, 1655, 25000, 3176, 1649, 25000, NULL, NULL, 1, '', '', '', '', '', 18, 79);
INSERT INTO lba.sub_play (play_id, seconds_da_start, player_made_id, team_made_id, game_made_id, player_suffered_id, team_suffered_id, game_suffered_id, shot_id, turnover_id, foul_id, rebound_defensive_01, rebound_offensive_01, assist_01, blocks_01, time_out_01, x, y)VALUES(28334, 27, 2103, 1649, 25000, NULL, NULL, NULL, NULL, 1, NULL, '', '', '', '', '', 12, 74);

INSERT INTO play(id, game_id, seconds_start, seconds_end, quarter, attack_home_01, score_home, score_guest)VALUES(28335, 25000, 1736, 1754, 3, '0', 63, 61);
INSERT INTO player_team_game_play(player_id, team_id, game_id, play_id, seconds_start, seconds_end) VALUES(4692, 1649, 25000, 28335, 1736, 1754);
INSERT INTO player_team_game_play(player_id, team_id, game_id, play_id, seconds_start, seconds_end) VALUES(2103, 1649, 25000, 28335, 1736, 1754);
INSERT INTO player_team_game_play(player_id, team_id, game_id, play_id, seconds_start, seconds_end) VALUES(3176, 1649, 25000, 28335, 1736, 1754);
INSERT INTO player_team_game_play(player_id, team_id, game_id, play_id, seconds_start, seconds_end) VALUES(7404, 1649, 25000, 28335, 1736, 1754);
INSERT INTO player_team_game_play(player_id, team_id, game_id, play_id, seconds_start, seconds_end) VALUES(7405, 1649, 25000, 28335, 1736, 1754);
INSERT INTO player_team_game_play(player_id, team_id, game_id, play_id, seconds_start, seconds_end) VALUES(6320, 1655, 25000, 28335, 1736, 1754);
INSERT INTO player_team_game_play(player_id, team_id, game_id, play_id, seconds_start, seconds_end) VALUES(2148, 1655, 25000, 28335, 1736, 1754);
INSERT INTO player_team_game_play(player_id, team_id, game_id, play_id, seconds_start, seconds_end) VALUES(7448, 1655, 25000, 28335, 1736, 1754);
INSERT INTO player_team_game_play(player_id, team_id, game_id, play_id, seconds_start, seconds_end) VALUES(7449, 1655, 25000, 28335, 1736, 1754);
INSERT INTO player_team_game_play(player_id, team_id, game_id, play_id, seconds_start, seconds_end) VALUES(378, 1655, 25000, 28335, 1736, 1754);
UPDATE player_team_game_play SET seconds_end = 1736 WHERE player_id = 6320 AND game_id = 25000 AND play_id = 28335;
INSERT INTO player_team_game_play(player_id, team_id, game_id, play_id, seconds_start, seconds_end) VALUES(7447, 1655, 25000, 28335, 1736, 1754);
INSERT INTO lba.sub_play (play_id, seconds_da_start, player_made_id, team_made_id, game_made_id, player_suffered_id, team_suffered_id, game_suffered_id, shot_id, turnover_id, foul_id, rebound_defensive_01, rebound_offensive_01, assist_01, blocks_01, time_out_01, x, y)VALUES(28335, 18, 7449, 1655, 25000, NULL, NULL, NULL, 1, NULL, NULL, '', '', '', '', '', 89, 52);
INSERT INTO lba.sub_play (play_id, seconds_da_start, player_made_id, team_made_id, game_made_id, player_suffered_id, team_suffered_id, game_suffered_id, shot_id, turnover_id, foul_id, rebound_defensive_01, rebound_offensive_01, assist_01, blocks_01, time_out_01, x, y)VALUES(28335, 18, 7447, 1655, 25000, NULL, NULL, NULL, NULL, NULL, NULL, '', '', '1', '', '', 89, 52);

INSERT INTO play(id, game_id, seconds_start, seconds_end, quarter, attack_home_01, score_home, score_guest)VALUES(28336, 25000, 1754, 1777, 3, '1', 63, 61);
INSERT INTO player_team_game_play(player_id, team_id, game_id, play_id, seconds_start, seconds_end) VALUES(4692, 1649, 25000, 28336, 1754, 1777);
INSERT INTO player_team_game_play(player_id, team_id, game_id, play_id, seconds_start, seconds_end) VALUES(2103, 1649, 25000, 28336, 1754, 1777);
INSERT INTO player_team_game_play(player_id, team_id, game_id, play_id, seconds_start, seconds_end) VALUES(3176, 1649, 25000, 28336, 1754, 1777);
INSERT INTO player_team_game_play(player_id, team_id, game_id, play_id, seconds_start, seconds_end) VALUES(7404, 1649, 25000, 28336, 1754, 1777);
INSERT INTO player_team_game_play(player_id, team_id, game_id, play_id, seconds_start, seconds_end) VALUES(7405, 1649, 25000, 28336, 1754, 1777);
INSERT INTO player_team_game_play(player_id, team_id, game_id, play_id, seconds_start, seconds_end) VALUES(2148, 1655, 25000, 28336, 1754, 1777);
INSERT INTO player_team_game_play(player_id, team_id, game_id, play_id, seconds_start, seconds_end) VALUES(7447, 1655, 25000, 28336, 1754, 1777);
INSERT INTO player_team_game_play(player_id, team_id, game_id, play_id, seconds_start, seconds_end) VALUES(7448, 1655, 25000, 28336, 1754, 1777);
INSERT INTO player_team_game_play(player_id, team_id, game_id, play_id, seconds_start, seconds_end) VALUES(7449, 1655, 25000, 28336, 1754, 1777);
INSERT INTO player_team_game_play(player_id, team_id, game_id, play_id, seconds_start, seconds_end) VALUES(378, 1655, 25000, 28336, 1754, 1777);
INSERT INTO lba.sub_play (play_id, seconds_da_start, player_made_id, team_made_id, game_made_id, player_suffered_id, team_suffered_id, game_suffered_id, shot_id, turnover_id, foul_id, rebound_defensive_01, rebound_offensive_01, assist_01, blocks_01, time_out_01, x, y)VALUES(28336, 16, 7404, 1649, 25000, NULL, NULL, NULL, 2, NULL, NULL, '', '', '', '', '', 13, 46);
INSERT INTO lba.sub_play (play_id, seconds_da_start, player_made_id, team_made_id, game_made_id, player_suffered_id, team_suffered_id, game_suffered_id, shot_id, turnover_id, foul_id, rebound_defensive_01, rebound_offensive_01, assist_01, blocks_01, time_out_01, x, y)VALUES(28336, 16, 7449, 1655, 25000, 7404, 1649, 25000, NULL, NULL, NULL, '', '', '', '1', '', 13, 46);
INSERT INTO lba.sub_play (play_id, seconds_da_start, player_made_id, team_made_id, game_made_id, player_suffered_id, team_suffered_id, game_suffered_id, shot_id, turnover_id, foul_id, rebound_defensive_01, rebound_offensive_01, assist_01, blocks_01, time_out_01, x, y)VALUES(28336, 16, 7404, 1649, 25000, NULL, NULL, NULL, NULL, NULL, NULL, '', '1', '', '', '', 13, 46);
INSERT INTO lba.sub_play (play_id, seconds_da_start, player_made_id, team_made_id, game_made_id, player_suffered_id, team_suffered_id, game_suffered_id, shot_id, turnover_id, foul_id, rebound_defensive_01, rebound_offensive_01, assist_01, blocks_01, time_out_01, x, y)VALUES(28336, 23, 3176, 1649, 25000, NULL, NULL, NULL, 2, NULL, NULL, '', '', '', '', '', 12, 47);
INSERT INTO lba.sub_play (play_id, seconds_da_start, player_made_id, team_made_id, game_made_id, player_suffered_id, team_suffered_id, game_suffered_id, shot_id, turnover_id, foul_id, rebound_defensive_01, rebound_offensive_01, assist_01, blocks_01, time_out_01, x, y)VALUES(28336, 23, 378, 1655, 25000, 3176, 1649, 25000, NULL, NULL, NULL, '', '', '', '1', '', 12, 47);

INSERT INTO play(id, game_id, seconds_start, seconds_end, quarter, attack_home_01, score_home, score_guest)VALUES(28337, 25000, 1777, 1779, 3, '0', 63, 62);
INSERT INTO player_team_game_play(player_id, team_id, game_id, play_id, seconds_start, seconds_end) VALUES(4692, 1649, 25000, 28337, 1777, 1779);
INSERT INTO player_team_game_play(player_id, team_id, game_id, play_id, seconds_start, seconds_end) VALUES(2103, 1649, 25000, 28337, 1777, 1779);
INSERT INTO player_team_game_play(player_id, team_id, game_id, play_id, seconds_start, seconds_end) VALUES(3176, 1649, 25000, 28337, 1777, 1779);
INSERT INTO player_team_game_play(player_id, team_id, game_id, play_id, seconds_start, seconds_end) VALUES(7404, 1649, 25000, 28337, 1777, 1779);
INSERT INTO player_team_game_play(player_id, team_id, game_id, play_id, seconds_start, seconds_end) VALUES(7405, 1649, 25000, 28337, 1777, 1779);
INSERT INTO player_team_game_play(player_id, team_id, game_id, play_id, seconds_start, seconds_end) VALUES(2148, 1655, 25000, 28337, 1777, 1779);
INSERT INTO player_team_game_play(player_id, team_id, game_id, play_id, seconds_start, seconds_end) VALUES(7447, 1655, 25000, 28337, 1777, 1779);
INSERT INTO player_team_game_play(player_id, team_id, game_id, play_id, seconds_start, seconds_end) VALUES(7448, 1655, 25000, 28337, 1777, 1779);
INSERT INTO player_team_game_play(player_id, team_id, game_id, play_id, seconds_start, seconds_end) VALUES(7449, 1655, 25000, 28337, 1777, 1779);
INSERT INTO player_team_game_play(player_id, team_id, game_id, play_id, seconds_start, seconds_end) VALUES(378, 1655, 25000, 28337, 1777, 1779);
UPDATE player_team_game_play SET seconds_end = 1779 WHERE player_id = 3176 AND game_id = 25000 AND play_id = 28337;
INSERT INTO player_team_game_play(player_id, team_id, game_id, play_id, seconds_start, seconds_end) VALUES(1775, 1649, 25000, 28337, 1779, 1779);
INSERT INTO lba.sub_play (play_id, seconds_da_start, player_made_id, team_made_id, game_made_id, player_suffered_id, team_suffered_id, game_suffered_id, shot_id, turnover_id, foul_id, rebound_defensive_01, rebound_offensive_01, assist_01, blocks_01, time_out_01, x, y)VALUES(28337, 2, 3176, 1649, 25000, NULL, NULL, NULL, NULL, NULL, 2, '', '', '', '', '', 21, 31);
INSERT INTO lba.sub_play (play_id, seconds_da_start, player_made_id, team_made_id, game_made_id, player_suffered_id, team_suffered_id, game_suffered_id, shot_id, turnover_id, foul_id, rebound_defensive_01, rebound_offensive_01, assist_01, blocks_01, time_out_01, x, y)VALUES(28337, 2, 7448, 1655, 25000, NULL, NULL, NULL, 5, NULL, NULL, '', '', '', '', '', NULL, NULL);

INSERT INTO play(id, game_id, seconds_start, seconds_end, quarter, attack_home_01, score_home, score_guest)VALUES(28338, 25000, 1779, 1792, 3, '0', 63, 64);
INSERT INTO player_team_game_play(player_id, team_id, game_id, play_id, seconds_start, seconds_end) VALUES(4692, 1649, 25000, 28338, 1779, 1792);
INSERT INTO player_team_game_play(player_id, team_id, game_id, play_id, seconds_start, seconds_end) VALUES(2103, 1649, 25000, 28338, 1779, 1792);
INSERT INTO player_team_game_play(player_id, team_id, game_id, play_id, seconds_start, seconds_end) VALUES(3176, 1649, 25000, 28338, 1779, 1792);
INSERT INTO player_team_game_play(player_id, team_id, game_id, play_id, seconds_start, seconds_end) VALUES(7404, 1649, 25000, 28338, 1779, 1792);
INSERT INTO player_team_game_play(player_id, team_id, game_id, play_id, seconds_start, seconds_end) VALUES(7405, 1649, 25000, 28338, 1779, 1792);
INSERT INTO player_team_game_play(player_id, team_id, game_id, play_id, seconds_start, seconds_end) VALUES(2148, 1655, 25000, 28338, 1779, 1792);
INSERT INTO player_team_game_play(player_id, team_id, game_id, play_id, seconds_start, seconds_end) VALUES(7447, 1655, 25000, 28338, 1779, 1792);
INSERT INTO player_team_game_play(player_id, team_id, game_id, play_id, seconds_start, seconds_end) VALUES(7448, 1655, 25000, 28338, 1779, 1792);
INSERT INTO player_team_game_play(player_id, team_id, game_id, play_id, seconds_start, seconds_end) VALUES(7449, 1655, 25000, 28338, 1779, 1792);
INSERT INTO player_team_game_play(player_id, team_id, game_id, play_id, seconds_start, seconds_end) VALUES(378, 1655, 25000, 28338, 1779, 1792);
UPDATE player_team_game_play SET seconds_end = 1779 WHERE player_id = 3176 AND game_id = 25000 AND play_id = 28338;
INSERT INTO player_team_game_play(player_id, team_id, game_id, play_id, seconds_start, seconds_end) VALUES(1775, 1649, 25000, 28338, 1779, 1792);
INSERT INTO lba.sub_play (play_id, seconds_da_start, player_made_id, team_made_id, game_made_id, player_suffered_id, team_suffered_id, game_suffered_id, shot_id, turnover_id, foul_id, rebound_defensive_01, rebound_offensive_01, assist_01, blocks_01, time_out_01, x, y)VALUES(28338, 13, 7448, 1655, 25000, NULL, NULL, NULL, 1, NULL, NULL, '', '', '', '', '', 87, 55);

INSERT INTO play(id, game_id, seconds_start, seconds_end, quarter, attack_home_01, score_home, score_guest)VALUES(28339, 25000, 1792, 1818, 4, '1', 65, 64);
INSERT INTO player_team_game_play(player_id, team_id, game_id, play_id, seconds_start, seconds_end) VALUES(4692, 1649, 25000, 28339, 1792, 1818);
INSERT INTO player_team_game_play(player_id, team_id, game_id, play_id, seconds_start, seconds_end) VALUES(2103, 1649, 25000, 28339, 1792, 1818);
INSERT INTO player_team_game_play(player_id, team_id, game_id, play_id, seconds_start, seconds_end) VALUES(7404, 1649, 25000, 28339, 1792, 1818);
INSERT INTO player_team_game_play(player_id, team_id, game_id, play_id, seconds_start, seconds_end) VALUES(7405, 1649, 25000, 28339, 1792, 1818);
INSERT INTO player_team_game_play(player_id, team_id, game_id, play_id, seconds_start, seconds_end) VALUES(1775, 1649, 25000, 28339, 1792, 1818);
INSERT INTO player_team_game_play(player_id, team_id, game_id, play_id, seconds_start, seconds_end) VALUES(2148, 1655, 25000, 28339, 1792, 1818);
INSERT INTO player_team_game_play(player_id, team_id, game_id, play_id, seconds_start, seconds_end) VALUES(7447, 1655, 25000, 28339, 1792, 1818);
INSERT INTO player_team_game_play(player_id, team_id, game_id, play_id, seconds_start, seconds_end) VALUES(7448, 1655, 25000, 28339, 1792, 1818);
INSERT INTO player_team_game_play(player_id, team_id, game_id, play_id, seconds_start, seconds_end) VALUES(7449, 1655, 25000, 28339, 1792, 1818);
INSERT INTO player_team_game_play(player_id, team_id, game_id, play_id, seconds_start, seconds_end) VALUES(378, 1655, 25000, 28339, 1792, 1818);
UPDATE player_team_game_play SET seconds_end = 1800 WHERE player_id = 1775 AND game_id = 25000 AND play_id = 28339;
UPDATE player_team_game_play SET seconds_end = 1800 WHERE player_id = 7404 AND game_id = 25000 AND play_id = 28339;
UPDATE player_team_game_play SET seconds_end = 1800 WHERE player_id = 7405 AND game_id = 25000 AND play_id = 28339;
UPDATE player_team_game_play SET seconds_end = 1800 WHERE player_id = 2103 AND game_id = 25000 AND play_id = 28339;
INSERT INTO player_team_game_play(player_id, team_id, game_id, play_id, seconds_start, seconds_end) VALUES(6138, 1649, 25000, 28339, 1800, 1818);
INSERT INTO player_team_game_play(player_id, team_id, game_id, play_id, seconds_start, seconds_end) VALUES(7406, 1649, 25000, 28339, 1800, 1818);
INSERT INTO player_team_game_play(player_id, team_id, game_id, play_id, seconds_start, seconds_end) VALUES(5150, 1649, 25000, 28339, 1800, 1818);
INSERT INTO player_team_game_play(player_id, team_id, game_id, play_id, seconds_start, seconds_end) VALUES(7015, 1649, 25000, 28339, 1800, 1818);
INSERT INTO lba.sub_play (play_id, seconds_da_start, player_made_id, team_made_id, game_made_id, player_suffered_id, team_suffered_id, game_suffered_id, shot_id, turnover_id, foul_id, rebound_defensive_01, rebound_offensive_01, assist_01, blocks_01, time_out_01, x, y)VALUES(28339, 7, 7404, 1649, 25000, NULL, NULL, NULL, 4, NULL, NULL, '', '', '', '', '', 43, 86);
INSERT INTO lba.sub_play (play_id, seconds_da_start, player_made_id, team_made_id, game_made_id, player_suffered_id, team_suffered_id, game_suffered_id, shot_id, turnover_id, foul_id, rebound_defensive_01, rebound_offensive_01, assist_01, blocks_01, time_out_01, x, y)VALUES(28339, 25, 7447, 1655, 25000, 7015, 1649, 25000, NULL, NULL, 4, '', '', '', '', '', 10, 53);
INSERT INTO lba.sub_play (play_id, seconds_da_start, player_made_id, team_made_id, game_made_id, player_suffered_id, team_suffered_id, game_suffered_id, shot_id, turnover_id, foul_id, rebound_defensive_01, rebound_offensive_01, assist_01, blocks_01, time_out_01, x, y)VALUES(28339, 26, 7015, 1649, 25000, NULL, NULL, NULL, 5, NULL, NULL, '', '', '', '', '', NULL, NULL);
INSERT INTO lba.sub_play (play_id, seconds_da_start, player_made_id, team_made_id, game_made_id, player_suffered_id, team_suffered_id, game_suffered_id, shot_id, turnover_id, foul_id, rebound_defensive_01, rebound_offensive_01, assist_01, blocks_01, time_out_01, x, y)VALUES(28339, 26, 7015, 1649, 25000, NULL, NULL, NULL, 5, NULL, NULL, '', '', '', '', '', NULL, NULL);

INSERT INTO play(id, game_id, seconds_start, seconds_end, quarter, attack_home_01, score_home, score_guest)VALUES(28340, 25000, 1818, 1821, 4, '0', 65, 64);
INSERT INTO player_team_game_play(player_id, team_id, game_id, play_id, seconds_start, seconds_end) VALUES(4692, 1649, 25000, 28340, 1818, 1821);
INSERT INTO player_team_game_play(player_id, team_id, game_id, play_id, seconds_start, seconds_end) VALUES(7015, 1649, 25000, 28340, 1818, 1821);
INSERT INTO player_team_game_play(player_id, team_id, game_id, play_id, seconds_start, seconds_end) VALUES(5150, 1649, 25000, 28340, 1818, 1821);
INSERT INTO player_team_game_play(player_id, team_id, game_id, play_id, seconds_start, seconds_end) VALUES(6138, 1649, 25000, 28340, 1818, 1821);
INSERT INTO player_team_game_play(player_id, team_id, game_id, play_id, seconds_start, seconds_end) VALUES(7406, 1649, 25000, 28340, 1818, 1821);
INSERT INTO player_team_game_play(player_id, team_id, game_id, play_id, seconds_start, seconds_end) VALUES(2148, 1655, 25000, 28340, 1818, 1821);
INSERT INTO player_team_game_play(player_id, team_id, game_id, play_id, seconds_start, seconds_end) VALUES(7447, 1655, 25000, 28340, 1818, 1821);
INSERT INTO player_team_game_play(player_id, team_id, game_id, play_id, seconds_start, seconds_end) VALUES(7448, 1655, 25000, 28340, 1818, 1821);
INSERT INTO player_team_game_play(player_id, team_id, game_id, play_id, seconds_start, seconds_end) VALUES(7449, 1655, 25000, 28340, 1818, 1821);
INSERT INTO player_team_game_play(player_id, team_id, game_id, play_id, seconds_start, seconds_end) VALUES(378, 1655, 25000, 28340, 1818, 1821);
INSERT INTO lba.sub_play (play_id, seconds_da_start, player_made_id, team_made_id, game_made_id, player_suffered_id, team_suffered_id, game_suffered_id, shot_id, turnover_id, foul_id, rebound_defensive_01, rebound_offensive_01, assist_01, blocks_01, time_out_01, x, y)VALUES(28340, 3, 7448, 1655, 25000, NULL, NULL, NULL, 4, NULL, NULL, '', '', '', '', '', 77, 91);
INSERT INTO lba.sub_play (play_id, seconds_da_start, player_made_id, team_made_id, game_made_id, player_suffered_id, team_suffered_id, game_suffered_id, shot_id, turnover_id, foul_id, rebound_defensive_01, rebound_offensive_01, assist_01, blocks_01, time_out_01, x, y)VALUES(28340, 3, 7015, 1649, 25000, NULL, NULL, NULL, NULL, NULL, NULL, '1', '', '', '', '', 77, 91);

INSERT INTO play(id, game_id, seconds_start, seconds_end, quarter, attack_home_01, score_home, score_guest)VALUES(28341, 25000, 1821, 1848, 4, '1', 65, 64);
INSERT INTO player_team_game_play(player_id, team_id, game_id, play_id, seconds_start, seconds_end) VALUES(4692, 1649, 25000, 28341, 1821, 1848);
INSERT INTO player_team_game_play(player_id, team_id, game_id, play_id, seconds_start, seconds_end) VALUES(7015, 1649, 25000, 28341, 1821, 1848);
INSERT INTO player_team_game_play(player_id, team_id, game_id, play_id, seconds_start, seconds_end) VALUES(5150, 1649, 25000, 28341, 1821, 1848);
INSERT INTO player_team_game_play(player_id, team_id, game_id, play_id, seconds_start, seconds_end) VALUES(6138, 1649, 25000, 28341, 1821, 1848);
INSERT INTO player_team_game_play(player_id, team_id, game_id, play_id, seconds_start, seconds_end) VALUES(7406, 1649, 25000, 28341, 1821, 1848);
INSERT INTO player_team_game_play(player_id, team_id, game_id, play_id, seconds_start, seconds_end) VALUES(2148, 1655, 25000, 28341, 1821, 1848);
INSERT INTO player_team_game_play(player_id, team_id, game_id, play_id, seconds_start, seconds_end) VALUES(7447, 1655, 25000, 28341, 1821, 1848);
INSERT INTO player_team_game_play(player_id, team_id, game_id, play_id, seconds_start, seconds_end) VALUES(7448, 1655, 25000, 28341, 1821, 1848);
INSERT INTO player_team_game_play(player_id, team_id, game_id, play_id, seconds_start, seconds_end) VALUES(7449, 1655, 25000, 28341, 1821, 1848);
INSERT INTO player_team_game_play(player_id, team_id, game_id, play_id, seconds_start, seconds_end) VALUES(378, 1655, 25000, 28341, 1821, 1848);
INSERT INTO lba.sub_play (play_id, seconds_da_start, player_made_id, team_made_id, game_made_id, player_suffered_id, team_suffered_id, game_suffered_id, shot_id, turnover_id, foul_id, rebound_defensive_01, rebound_offensive_01, assist_01, blocks_01, time_out_01, x, y)VALUES(28341, 25, 6138, 1649, 25000, NULL, NULL, NULL, 2, NULL, NULL, '', '', '', '', '', 7, 56);
INSERT INTO lba.sub_play (play_id, seconds_da_start, player_made_id, team_made_id, game_made_id, player_suffered_id, team_suffered_id, game_suffered_id, shot_id, turnover_id, foul_id, rebound_defensive_01, rebound_offensive_01, assist_01, blocks_01, time_out_01, x, y)VALUES(28341, 25, 7449, 1655, 25000, 6138, 1649, 25000, NULL, NULL, NULL, '', '', '', '1', '', 7, 56);
INSERT INTO lba.sub_play (play_id, seconds_da_start, player_made_id, team_made_id, game_made_id, player_suffered_id, team_suffered_id, game_suffered_id, shot_id, turnover_id, foul_id, rebound_defensive_01, rebound_offensive_01, assist_01, blocks_01, time_out_01, x, y)VALUES(28341, 25, 7015, 1649, 25000, NULL, NULL, NULL, NULL, NULL, NULL, '', '1', '', '', '', 7, 56);
INSERT INTO lba.sub_play (play_id, seconds_da_start, player_made_id, team_made_id, game_made_id, player_suffered_id, team_suffered_id, game_suffered_id, shot_id, turnover_id, foul_id, rebound_defensive_01, rebound_offensive_01, assist_01, blocks_01, time_out_01, x, y)VALUES(28341, 27, 7015, 1649, 25000, NULL, NULL, NULL, 2, NULL, NULL, '', '', '', '', '', 8, 49);

INSERT INTO play(id, game_id, seconds_start, seconds_end, quarter, attack_home_01, score_home, score_guest)VALUES(28342, 25000, 1848, 1860, 4, '0', 65, 66);
INSERT INTO player_team_game_play(player_id, team_id, game_id, play_id, seconds_start, seconds_end) VALUES(4692, 1649, 25000, 28342, 1848, 1860);
INSERT INTO player_team_game_play(player_id, team_id, game_id, play_id, seconds_start, seconds_end) VALUES(7015, 1649, 25000, 28342, 1848, 1860);
INSERT INTO player_team_game_play(player_id, team_id, game_id, play_id, seconds_start, seconds_end) VALUES(5150, 1649, 25000, 28342, 1848, 1860);
INSERT INTO player_team_game_play(player_id, team_id, game_id, play_id, seconds_start, seconds_end) VALUES(6138, 1649, 25000, 28342, 1848, 1860);
INSERT INTO player_team_game_play(player_id, team_id, game_id, play_id, seconds_start, seconds_end) VALUES(7406, 1649, 25000, 28342, 1848, 1860);
INSERT INTO player_team_game_play(player_id, team_id, game_id, play_id, seconds_start, seconds_end) VALUES(2148, 1655, 25000, 28342, 1848, 1860);
INSERT INTO player_team_game_play(player_id, team_id, game_id, play_id, seconds_start, seconds_end) VALUES(7447, 1655, 25000, 28342, 1848, 1860);
INSERT INTO player_team_game_play(player_id, team_id, game_id, play_id, seconds_start, seconds_end) VALUES(7448, 1655, 25000, 28342, 1848, 1860);
INSERT INTO player_team_game_play(player_id, team_id, game_id, play_id, seconds_start, seconds_end) VALUES(7449, 1655, 25000, 28342, 1848, 1860);
INSERT INTO player_team_game_play(player_id, team_id, game_id, play_id, seconds_start, seconds_end) VALUES(378, 1655, 25000, 28342, 1848, 1860);
INSERT INTO lba.sub_play (play_id, seconds_da_start, player_made_id, team_made_id, game_made_id, player_suffered_id, team_suffered_id, game_suffered_id, shot_id, turnover_id, foul_id, rebound_defensive_01, rebound_offensive_01, assist_01, blocks_01, time_out_01, x, y)VALUES(28342, 12, 7448, 1655, 25000, NULL, NULL, NULL, 1, NULL, NULL, '', '', '', '', '', 86, 55);

INSERT INTO play(id, game_id, seconds_start, seconds_end, quarter, attack_home_01, score_home, score_guest)VALUES(28343, 25000, 1860, 1879, 4, '1', 67, 66);
INSERT INTO player_team_game_play(player_id, team_id, game_id, play_id, seconds_start, seconds_end) VALUES(4692, 1649, 25000, 28343, 1860, 1879);
INSERT INTO player_team_game_play(player_id, team_id, game_id, play_id, seconds_start, seconds_end) VALUES(7015, 1649, 25000, 28343, 1860, 1879);
INSERT INTO player_team_game_play(player_id, team_id, game_id, play_id, seconds_start, seconds_end) VALUES(5150, 1649, 25000, 28343, 1860, 1879);
INSERT INTO player_team_game_play(player_id, team_id, game_id, play_id, seconds_start, seconds_end) VALUES(6138, 1649, 25000, 28343, 1860, 1879);
INSERT INTO player_team_game_play(player_id, team_id, game_id, play_id, seconds_start, seconds_end) VALUES(7406, 1649, 25000, 28343, 1860, 1879);
INSERT INTO player_team_game_play(player_id, team_id, game_id, play_id, seconds_start, seconds_end) VALUES(2148, 1655, 25000, 28343, 1860, 1879);
INSERT INTO player_team_game_play(player_id, team_id, game_id, play_id, seconds_start, seconds_end) VALUES(7447, 1655, 25000, 28343, 1860, 1879);
INSERT INTO player_team_game_play(player_id, team_id, game_id, play_id, seconds_start, seconds_end) VALUES(7448, 1655, 25000, 28343, 1860, 1879);
INSERT INTO player_team_game_play(player_id, team_id, game_id, play_id, seconds_start, seconds_end) VALUES(7449, 1655, 25000, 28343, 1860, 1879);
INSERT INTO player_team_game_play(player_id, team_id, game_id, play_id, seconds_start, seconds_end) VALUES(378, 1655, 25000, 28343, 1860, 1879);
INSERT INTO lba.sub_play (play_id, seconds_da_start, player_made_id, team_made_id, game_made_id, player_suffered_id, team_suffered_id, game_suffered_id, shot_id, turnover_id, foul_id, rebound_defensive_01, rebound_offensive_01, assist_01, blocks_01, time_out_01, x, y)VALUES(28343, 19, 7015, 1649, 25000, NULL, NULL, NULL, 1, NULL, NULL, '', '', '', '', '', 16, 76);

INSERT INTO play(id, game_id, seconds_start, seconds_end, quarter, attack_home_01, score_home, score_guest)VALUES(28344, 25000, 1879, 1903, 4, '0', 67, 68);
INSERT INTO player_team_game_play(player_id, team_id, game_id, play_id, seconds_start, seconds_end) VALUES(4692, 1649, 25000, 28344, 1879, 1903);
INSERT INTO player_team_game_play(player_id, team_id, game_id, play_id, seconds_start, seconds_end) VALUES(7015, 1649, 25000, 28344, 1879, 1903);
INSERT INTO player_team_game_play(player_id, team_id, game_id, play_id, seconds_start, seconds_end) VALUES(5150, 1649, 25000, 28344, 1879, 1903);
INSERT INTO player_team_game_play(player_id, team_id, game_id, play_id, seconds_start, seconds_end) VALUES(6138, 1649, 25000, 28344, 1879, 1903);
INSERT INTO player_team_game_play(player_id, team_id, game_id, play_id, seconds_start, seconds_end) VALUES(7406, 1649, 25000, 28344, 1879, 1903);
INSERT INTO player_team_game_play(player_id, team_id, game_id, play_id, seconds_start, seconds_end) VALUES(2148, 1655, 25000, 28344, 1879, 1903);
INSERT INTO player_team_game_play(player_id, team_id, game_id, play_id, seconds_start, seconds_end) VALUES(7447, 1655, 25000, 28344, 1879, 1903);
INSERT INTO player_team_game_play(player_id, team_id, game_id, play_id, seconds_start, seconds_end) VALUES(7448, 1655, 25000, 28344, 1879, 1903);
INSERT INTO player_team_game_play(player_id, team_id, game_id, play_id, seconds_start, seconds_end) VALUES(7449, 1655, 25000, 28344, 1879, 1903);
INSERT INTO player_team_game_play(player_id, team_id, game_id, play_id, seconds_start, seconds_end) VALUES(378, 1655, 25000, 28344, 1879, 1903);
INSERT INTO lba.sub_play (play_id, seconds_da_start, player_made_id, team_made_id, game_made_id, player_suffered_id, team_suffered_id, game_suffered_id, shot_id, turnover_id, foul_id, rebound_defensive_01, rebound_offensive_01, assist_01, blocks_01, time_out_01, x, y)VALUES(28344, 24, 2148, 1655, 25000, NULL, NULL, NULL, 1, NULL, NULL, '', '', '', '', '', 94, 57);

INSERT INTO play(id, game_id, seconds_start, seconds_end, quarter, attack_home_01, score_home, score_guest)VALUES(28345, 25000, 1903, 1913, 4, '1', 67, 68);
INSERT INTO player_team_game_play(player_id, team_id, game_id, play_id, seconds_start, seconds_end) VALUES(4692, 1649, 25000, 28345, 1903, 1913);
INSERT INTO player_team_game_play(player_id, team_id, game_id, play_id, seconds_start, seconds_end) VALUES(7015, 1649, 25000, 28345, 1903, 1913);
INSERT INTO player_team_game_play(player_id, team_id, game_id, play_id, seconds_start, seconds_end) VALUES(5150, 1649, 25000, 28345, 1903, 1913);
INSERT INTO player_team_game_play(player_id, team_id, game_id, play_id, seconds_start, seconds_end) VALUES(6138, 1649, 25000, 28345, 1903, 1913);
INSERT INTO player_team_game_play(player_id, team_id, game_id, play_id, seconds_start, seconds_end) VALUES(7406, 1649, 25000, 28345, 1903, 1913);
INSERT INTO player_team_game_play(player_id, team_id, game_id, play_id, seconds_start, seconds_end) VALUES(2148, 1655, 25000, 28345, 1903, 1913);
INSERT INTO player_team_game_play(player_id, team_id, game_id, play_id, seconds_start, seconds_end) VALUES(7447, 1655, 25000, 28345, 1903, 1913);
INSERT INTO player_team_game_play(player_id, team_id, game_id, play_id, seconds_start, seconds_end) VALUES(7448, 1655, 25000, 28345, 1903, 1913);
INSERT INTO player_team_game_play(player_id, team_id, game_id, play_id, seconds_start, seconds_end) VALUES(7449, 1655, 25000, 28345, 1903, 1913);
INSERT INTO player_team_game_play(player_id, team_id, game_id, play_id, seconds_start, seconds_end) VALUES(378, 1655, 25000, 28345, 1903, 1913);
INSERT INTO lba.sub_play (play_id, seconds_da_start, player_made_id, team_made_id, game_made_id, player_suffered_id, team_suffered_id, game_suffered_id, shot_id, turnover_id, foul_id, rebound_defensive_01, rebound_offensive_01, assist_01, blocks_01, time_out_01, x, y)VALUES(28345, 10, 7015, 1649, 25000, NULL, NULL, NULL, 4, NULL, NULL, '', '', '', '', '', 31, 82);
INSERT INTO lba.sub_play (play_id, seconds_da_start, player_made_id, team_made_id, game_made_id, player_suffered_id, team_suffered_id, game_suffered_id, shot_id, turnover_id, foul_id, rebound_defensive_01, rebound_offensive_01, assist_01, blocks_01, time_out_01, x, y)VALUES(28345, 10, 7447, 1655, 25000, NULL, NULL, NULL, NULL, NULL, NULL, '1', '', '', '', '', 31, 82);

INSERT INTO play(id, game_id, seconds_start, seconds_end, quarter, attack_home_01, score_home, score_guest)VALUES(28346, 25000, 1913, 1930, 4, '0', 67, 70);
INSERT INTO player_team_game_play(player_id, team_id, game_id, play_id, seconds_start, seconds_end) VALUES(4692, 1649, 25000, 28346, 1913, 1930);
INSERT INTO player_team_game_play(player_id, team_id, game_id, play_id, seconds_start, seconds_end) VALUES(7015, 1649, 25000, 28346, 1913, 1930);
INSERT INTO player_team_game_play(player_id, team_id, game_id, play_id, seconds_start, seconds_end) VALUES(5150, 1649, 25000, 28346, 1913, 1930);
INSERT INTO player_team_game_play(player_id, team_id, game_id, play_id, seconds_start, seconds_end) VALUES(6138, 1649, 25000, 28346, 1913, 1930);
INSERT INTO player_team_game_play(player_id, team_id, game_id, play_id, seconds_start, seconds_end) VALUES(7406, 1649, 25000, 28346, 1913, 1930);
INSERT INTO player_team_game_play(player_id, team_id, game_id, play_id, seconds_start, seconds_end) VALUES(2148, 1655, 25000, 28346, 1913, 1930);
INSERT INTO player_team_game_play(player_id, team_id, game_id, play_id, seconds_start, seconds_end) VALUES(7447, 1655, 25000, 28346, 1913, 1930);
INSERT INTO player_team_game_play(player_id, team_id, game_id, play_id, seconds_start, seconds_end) VALUES(7448, 1655, 25000, 28346, 1913, 1930);
INSERT INTO player_team_game_play(player_id, team_id, game_id, play_id, seconds_start, seconds_end) VALUES(7449, 1655, 25000, 28346, 1913, 1930);
INSERT INTO player_team_game_play(player_id, team_id, game_id, play_id, seconds_start, seconds_end) VALUES(378, 1655, 25000, 28346, 1913, 1930);
INSERT INTO lba.sub_play (play_id, seconds_da_start, player_made_id, team_made_id, game_made_id, player_suffered_id, team_suffered_id, game_suffered_id, shot_id, turnover_id, foul_id, rebound_defensive_01, rebound_offensive_01, assist_01, blocks_01, time_out_01, x, y)VALUES(28346, 17, 7448, 1655, 25000, NULL, NULL, NULL, 1, NULL, NULL, '', '', '', '', '', 81, 74);

INSERT INTO play(id, game_id, seconds_start, seconds_end, quarter, attack_home_01, score_home, score_guest)VALUES(28347, 25000, 1930, 1951, 4, '1', 69, 70);
INSERT INTO player_team_game_play(player_id, team_id, game_id, play_id, seconds_start, seconds_end) VALUES(4692, 1649, 25000, 28347, 1930, 1951);
INSERT INTO player_team_game_play(player_id, team_id, game_id, play_id, seconds_start, seconds_end) VALUES(7015, 1649, 25000, 28347, 1930, 1951);
INSERT INTO player_team_game_play(player_id, team_id, game_id, play_id, seconds_start, seconds_end) VALUES(5150, 1649, 25000, 28347, 1930, 1951);
INSERT INTO player_team_game_play(player_id, team_id, game_id, play_id, seconds_start, seconds_end) VALUES(6138, 1649, 25000, 28347, 1930, 1951);
INSERT INTO player_team_game_play(player_id, team_id, game_id, play_id, seconds_start, seconds_end) VALUES(7406, 1649, 25000, 28347, 1930, 1951);
INSERT INTO player_team_game_play(player_id, team_id, game_id, play_id, seconds_start, seconds_end) VALUES(2148, 1655, 25000, 28347, 1930, 1951);
INSERT INTO player_team_game_play(player_id, team_id, game_id, play_id, seconds_start, seconds_end) VALUES(7447, 1655, 25000, 28347, 1930, 1951);
INSERT INTO player_team_game_play(player_id, team_id, game_id, play_id, seconds_start, seconds_end) VALUES(7448, 1655, 25000, 28347, 1930, 1951);
INSERT INTO player_team_game_play(player_id, team_id, game_id, play_id, seconds_start, seconds_end) VALUES(7449, 1655, 25000, 28347, 1930, 1951);
INSERT INTO player_team_game_play(player_id, team_id, game_id, play_id, seconds_start, seconds_end) VALUES(378, 1655, 25000, 28347, 1930, 1951);
INSERT INTO lba.sub_play (play_id, seconds_da_start, player_made_id, team_made_id, game_made_id, player_suffered_id, team_suffered_id, game_suffered_id, shot_id, turnover_id, foul_id, rebound_defensive_01, rebound_offensive_01, assist_01, blocks_01, time_out_01, x, y)VALUES(28347, 21, 7406, 1649, 25000, NULL, NULL, NULL, 1, NULL, NULL, '', '', '', '', '', 9, 56);

INSERT INTO play(id, game_id, seconds_start, seconds_end, quarter, attack_home_01, score_home, score_guest)VALUES(28348, 25000, 1951, 1967, 4, '0', 69, 70);
INSERT INTO player_team_game_play(player_id, team_id, game_id, play_id, seconds_start, seconds_end) VALUES(4692, 1649, 25000, 28348, 1951, 1967);
INSERT INTO player_team_game_play(player_id, team_id, game_id, play_id, seconds_start, seconds_end) VALUES(7015, 1649, 25000, 28348, 1951, 1967);
INSERT INTO player_team_game_play(player_id, team_id, game_id, play_id, seconds_start, seconds_end) VALUES(5150, 1649, 25000, 28348, 1951, 1967);
INSERT INTO player_team_game_play(player_id, team_id, game_id, play_id, seconds_start, seconds_end) VALUES(6138, 1649, 25000, 28348, 1951, 1967);
INSERT INTO player_team_game_play(player_id, team_id, game_id, play_id, seconds_start, seconds_end) VALUES(7406, 1649, 25000, 28348, 1951, 1967);
INSERT INTO player_team_game_play(player_id, team_id, game_id, play_id, seconds_start, seconds_end) VALUES(2148, 1655, 25000, 28348, 1951, 1967);
INSERT INTO player_team_game_play(player_id, team_id, game_id, play_id, seconds_start, seconds_end) VALUES(7447, 1655, 25000, 28348, 1951, 1967);
INSERT INTO player_team_game_play(player_id, team_id, game_id, play_id, seconds_start, seconds_end) VALUES(7448, 1655, 25000, 28348, 1951, 1967);
INSERT INTO player_team_game_play(player_id, team_id, game_id, play_id, seconds_start, seconds_end) VALUES(7449, 1655, 25000, 28348, 1951, 1967);
INSERT INTO player_team_game_play(player_id, team_id, game_id, play_id, seconds_start, seconds_end) VALUES(378, 1655, 25000, 28348, 1951, 1967);
INSERT INTO lba.sub_play (play_id, seconds_da_start, player_made_id, team_made_id, game_made_id, player_suffered_id, team_suffered_id, game_suffered_id, shot_id, turnover_id, foul_id, rebound_defensive_01, rebound_offensive_01, assist_01, blocks_01, time_out_01, x, y)VALUES(28348, 16, 7448, 1655, 25000, 4692, 1649, 25000, NULL, 1, NULL, '', '', '', '', '', 92, 29);

INSERT INTO play(id, game_id, seconds_start, seconds_end, quarter, attack_home_01, score_home, score_guest)VALUES(28349, 25000, 1967, 1988, 4, '1', 69, 70);
INSERT INTO player_team_game_play(player_id, team_id, game_id, play_id, seconds_start, seconds_end) VALUES(4692, 1649, 25000, 28349, 1967, 1988);
INSERT INTO player_team_game_play(player_id, team_id, game_id, play_id, seconds_start, seconds_end) VALUES(7015, 1649, 25000, 28349, 1967, 1988);
INSERT INTO player_team_game_play(player_id, team_id, game_id, play_id, seconds_start, seconds_end) VALUES(5150, 1649, 25000, 28349, 1967, 1988);
INSERT INTO player_team_game_play(player_id, team_id, game_id, play_id, seconds_start, seconds_end) VALUES(6138, 1649, 25000, 28349, 1967, 1988);
INSERT INTO player_team_game_play(player_id, team_id, game_id, play_id, seconds_start, seconds_end) VALUES(7406, 1649, 25000, 28349, 1967, 1988);
INSERT INTO player_team_game_play(player_id, team_id, game_id, play_id, seconds_start, seconds_end) VALUES(2148, 1655, 25000, 28349, 1967, 1988);
INSERT INTO player_team_game_play(player_id, team_id, game_id, play_id, seconds_start, seconds_end) VALUES(7447, 1655, 25000, 28349, 1967, 1988);
INSERT INTO player_team_game_play(player_id, team_id, game_id, play_id, seconds_start, seconds_end) VALUES(7448, 1655, 25000, 28349, 1967, 1988);
INSERT INTO player_team_game_play(player_id, team_id, game_id, play_id, seconds_start, seconds_end) VALUES(7449, 1655, 25000, 28349, 1967, 1988);
INSERT INTO player_team_game_play(player_id, team_id, game_id, play_id, seconds_start, seconds_end) VALUES(378, 1655, 25000, 28349, 1967, 1988);
UPDATE player_team_game_play SET seconds_end = 1968 WHERE player_id = 4692 AND game_id = 25000 AND play_id = 28349;
INSERT INTO player_team_game_play(player_id, team_id, game_id, play_id, seconds_start, seconds_end) VALUES(7405, 1649, 25000, 28349, 1968, 1988);
UPDATE player_team_game_play SET seconds_end = 1968 WHERE player_id = 7448 AND game_id = 25000 AND play_id = 28349;
UPDATE player_team_game_play SET seconds_end = 1968 WHERE player_id = 378 AND game_id = 25000 AND play_id = 28349;
UPDATE player_team_game_play SET seconds_end = 1968 WHERE player_id = 2148 AND game_id = 25000 AND play_id = 28349;
INSERT INTO player_team_game_play(player_id, team_id, game_id, play_id, seconds_start, seconds_end) VALUES(6320, 1655, 25000, 28349, 1968, 1988);
INSERT INTO player_team_game_play(player_id, team_id, game_id, play_id, seconds_start, seconds_end) VALUES(7049, 1655, 25000, 28349, 1968, 1988);
INSERT INTO player_team_game_play(player_id, team_id, game_id, play_id, seconds_start, seconds_end) VALUES(7450, 1655, 25000, 28349, 1968, 1988);
INSERT INTO lba.sub_play (play_id, seconds_da_start, player_made_id, team_made_id, game_made_id, player_suffered_id, team_suffered_id, game_suffered_id, shot_id, turnover_id, foul_id, rebound_defensive_01, rebound_offensive_01, assist_01, blocks_01, time_out_01, x, y)VALUES(28349, 1, 7448, 1655, 25000, 6138, 1649, 25000, NULL, NULL, 1, '', '', '', '', '', 90, 27);
INSERT INTO lba.sub_play (play_id, seconds_da_start, player_made_id, team_made_id, game_made_id, player_suffered_id, team_suffered_id, game_suffered_id, shot_id, turnover_id, foul_id, rebound_defensive_01, rebound_offensive_01, assist_01, blocks_01, time_out_01, x, y)VALUES(28349, 21, 5150, 1649, 25000, NULL, NULL, NULL, 4, NULL, NULL, '', '', '', '', '', 31, 69);
INSERT INTO lba.sub_play (play_id, seconds_da_start, player_made_id, team_made_id, game_made_id, player_suffered_id, team_suffered_id, game_suffered_id, shot_id, turnover_id, foul_id, rebound_defensive_01, rebound_offensive_01, assist_01, blocks_01, time_out_01, x, y)VALUES(28349, 21, 7450, 1655, 25000, NULL, NULL, NULL, NULL, NULL, NULL, '1', '', '', '', '', 31, 69);

INSERT INTO play(id, game_id, seconds_start, seconds_end, quarter, attack_home_01, score_home, score_guest)VALUES(28350, 25000, 1988, 2005, 4, '0', 69, 70);
INSERT INTO player_team_game_play(player_id, team_id, game_id, play_id, seconds_start, seconds_end) VALUES(7015, 1649, 25000, 28350, 1988, 2005);
INSERT INTO player_team_game_play(player_id, team_id, game_id, play_id, seconds_start, seconds_end) VALUES(5150, 1649, 25000, 28350, 1988, 2005);
INSERT INTO player_team_game_play(player_id, team_id, game_id, play_id, seconds_start, seconds_end) VALUES(6138, 1649, 25000, 28350, 1988, 2005);
INSERT INTO player_team_game_play(player_id, team_id, game_id, play_id, seconds_start, seconds_end) VALUES(7405, 1649, 25000, 28350, 1988, 2005);
INSERT INTO player_team_game_play(player_id, team_id, game_id, play_id, seconds_start, seconds_end) VALUES(7406, 1649, 25000, 28350, 1988, 2005);
INSERT INTO player_team_game_play(player_id, team_id, game_id, play_id, seconds_start, seconds_end) VALUES(6320, 1655, 25000, 28350, 1988, 2005);
INSERT INTO player_team_game_play(player_id, team_id, game_id, play_id, seconds_start, seconds_end) VALUES(7449, 1655, 25000, 28350, 1988, 2005);
INSERT INTO player_team_game_play(player_id, team_id, game_id, play_id, seconds_start, seconds_end) VALUES(7447, 1655, 25000, 28350, 1988, 2005);
INSERT INTO player_team_game_play(player_id, team_id, game_id, play_id, seconds_start, seconds_end) VALUES(7049, 1655, 25000, 28350, 1988, 2005);
INSERT INTO player_team_game_play(player_id, team_id, game_id, play_id, seconds_start, seconds_end) VALUES(7450, 1655, 25000, 28350, 1988, 2005);
UPDATE player_team_game_play SET seconds_end = 2005 WHERE player_id = 6138 AND game_id = 25000 AND play_id = 28350;
INSERT INTO player_team_game_play(player_id, team_id, game_id, play_id, seconds_start, seconds_end) VALUES(2103, 1649, 25000, 28350, 2005, 2005);
INSERT INTO lba.sub_play (play_id, seconds_da_start, player_made_id, team_made_id, game_made_id, player_suffered_id, team_suffered_id, game_suffered_id, shot_id, turnover_id, foul_id, rebound_defensive_01, rebound_offensive_01, assist_01, blocks_01, time_out_01, x, y)VALUES(28350, 14, 6138, 1649, 25000, 7450, 1655, 25000, NULL, NULL, 1, '', '', '', '', '', 90, 28);
INSERT INTO lba.sub_play (play_id, seconds_da_start, player_made_id, team_made_id, game_made_id, player_suffered_id, team_suffered_id, game_suffered_id, shot_id, turnover_id, foul_id, rebound_defensive_01, rebound_offensive_01, assist_01, blocks_01, time_out_01, x, y)VALUES(28350, 17, 7447, 1655, 25000, 2103, 1649, 25000, NULL, NULL, 7, '', '', '', '', '', 87, 82);
INSERT INTO lba.sub_play (play_id, seconds_da_start, player_made_id, team_made_id, game_made_id, player_suffered_id, team_suffered_id, game_suffered_id, shot_id, turnover_id, foul_id, rebound_defensive_01, rebound_offensive_01, assist_01, blocks_01, time_out_01, x, y)VALUES(28350, 17, 7447, 1655, 25000, NULL, NULL, NULL, NULL, 13, NULL, '', '', '', '', '', 87, 82);

INSERT INTO play(id, game_id, seconds_start, seconds_end, quarter, attack_home_01, score_home, score_guest)VALUES(28351, 25000, 2005, 2027, 4, '0', 71, 70);
INSERT INTO player_team_game_play(player_id, team_id, game_id, play_id, seconds_start, seconds_end) VALUES(7015, 1649, 25000, 28351, 2005, 2027);
INSERT INTO player_team_game_play(player_id, team_id, game_id, play_id, seconds_start, seconds_end) VALUES(5150, 1649, 25000, 28351, 2005, 2027);
INSERT INTO player_team_game_play(player_id, team_id, game_id, play_id, seconds_start, seconds_end) VALUES(6138, 1649, 25000, 28351, 2005, 2027);
INSERT INTO player_team_game_play(player_id, team_id, game_id, play_id, seconds_start, seconds_end) VALUES(7405, 1649, 25000, 28351, 2005, 2027);
INSERT INTO player_team_game_play(player_id, team_id, game_id, play_id, seconds_start, seconds_end) VALUES(7406, 1649, 25000, 28351, 2005, 2027);
INSERT INTO player_team_game_play(player_id, team_id, game_id, play_id, seconds_start, seconds_end) VALUES(6320, 1655, 25000, 28351, 2005, 2027);
INSERT INTO player_team_game_play(player_id, team_id, game_id, play_id, seconds_start, seconds_end) VALUES(7449, 1655, 25000, 28351, 2005, 2027);
INSERT INTO player_team_game_play(player_id, team_id, game_id, play_id, seconds_start, seconds_end) VALUES(7447, 1655, 25000, 28351, 2005, 2027);
INSERT INTO player_team_game_play(player_id, team_id, game_id, play_id, seconds_start, seconds_end) VALUES(7049, 1655, 25000, 28351, 2005, 2027);
INSERT INTO player_team_game_play(player_id, team_id, game_id, play_id, seconds_start, seconds_end) VALUES(7450, 1655, 25000, 28351, 2005, 2027);
UPDATE player_team_game_play SET seconds_end = 2005 WHERE player_id = 6138 AND game_id = 25000 AND play_id = 28351;
INSERT INTO player_team_game_play(player_id, team_id, game_id, play_id, seconds_start, seconds_end) VALUES(2103, 1649, 25000, 28351, 2005, 2027);
INSERT INTO lba.sub_play (play_id, seconds_da_start, player_made_id, team_made_id, game_made_id, player_suffered_id, team_suffered_id, game_suffered_id, shot_id, turnover_id, foul_id, rebound_defensive_01, rebound_offensive_01, assist_01, blocks_01, time_out_01, x, y)VALUES(28351, 10, 2103, 1649, 25000, NULL, NULL, NULL, 4, NULL, NULL, '', '', '', '', '', 21, 10);
INSERT INTO lba.sub_play (play_id, seconds_da_start, player_made_id, team_made_id, game_made_id, player_suffered_id, team_suffered_id, game_suffered_id, shot_id, turnover_id, foul_id, rebound_defensive_01, rebound_offensive_01, assist_01, blocks_01, time_out_01, x, y)VALUES(28351, 10, 7406, 1649, 25000, NULL, NULL, NULL, NULL, NULL, NULL, '', '1', '', '', '', 21, 10);
INSERT INTO lba.sub_play (play_id, seconds_da_start, player_made_id, team_made_id, game_made_id, player_suffered_id, team_suffered_id, game_suffered_id, shot_id, turnover_id, foul_id, rebound_defensive_01, rebound_offensive_01, assist_01, blocks_01, time_out_01, x, y)VALUES(28351, 16, 7406, 1649, 25000, NULL, NULL, NULL, 1, NULL, NULL, '', '', '', '', '', 9, 60);
INSERT INTO lba.sub_play (play_id, seconds_da_start, player_made_id, team_made_id, game_made_id, player_suffered_id, team_suffered_id, game_suffered_id, shot_id, turnover_id, foul_id, rebound_defensive_01, rebound_offensive_01, assist_01, blocks_01, time_out_01, x, y)VALUES(28351, 22, 5150, 1649, 25000, 7049, 1655, 25000, NULL, NULL, 1, '', '', '', '', '', 54, 53);

INSERT INTO play(id, game_id, seconds_start, seconds_end, quarter, attack_home_01, score_home, score_guest)VALUES(28352, 25000, 2027, 2045, 4, '1', 71, 70);
INSERT INTO player_team_game_play(player_id, team_id, game_id, play_id, seconds_start, seconds_end) VALUES(2103, 1649, 25000, 28352, 2027, 2045);
INSERT INTO player_team_game_play(player_id, team_id, game_id, play_id, seconds_start, seconds_end) VALUES(7015, 1649, 25000, 28352, 2027, 2045);
INSERT INTO player_team_game_play(player_id, team_id, game_id, play_id, seconds_start, seconds_end) VALUES(5150, 1649, 25000, 28352, 2027, 2045);
INSERT INTO player_team_game_play(player_id, team_id, game_id, play_id, seconds_start, seconds_end) VALUES(7405, 1649, 25000, 28352, 2027, 2045);
INSERT INTO player_team_game_play(player_id, team_id, game_id, play_id, seconds_start, seconds_end) VALUES(7406, 1649, 25000, 28352, 2027, 2045);
INSERT INTO player_team_game_play(player_id, team_id, game_id, play_id, seconds_start, seconds_end) VALUES(6320, 1655, 25000, 28352, 2027, 2045);
INSERT INTO player_team_game_play(player_id, team_id, game_id, play_id, seconds_start, seconds_end) VALUES(7449, 1655, 25000, 28352, 2027, 2045);
INSERT INTO player_team_game_play(player_id, team_id, game_id, play_id, seconds_start, seconds_end) VALUES(7447, 1655, 25000, 28352, 2027, 2045);
INSERT INTO player_team_game_play(player_id, team_id, game_id, play_id, seconds_start, seconds_end) VALUES(7049, 1655, 25000, 28352, 2027, 2045);
INSERT INTO player_team_game_play(player_id, team_id, game_id, play_id, seconds_start, seconds_end) VALUES(7450, 1655, 25000, 28352, 2027, 2045);
INSERT INTO lba.sub_play (play_id, seconds_da_start, player_made_id, team_made_id, game_made_id, player_suffered_id, team_suffered_id, game_suffered_id, shot_id, turnover_id, foul_id, rebound_defensive_01, rebound_offensive_01, assist_01, blocks_01, time_out_01, x, y)VALUES(28352, 18, 7015, 1649, 25000, NULL, NULL, NULL, 2, NULL, NULL, '', '', '', '', '', 14, 32);
INSERT INTO lba.sub_play (play_id, seconds_da_start, player_made_id, team_made_id, game_made_id, player_suffered_id, team_suffered_id, game_suffered_id, shot_id, turnover_id, foul_id, rebound_defensive_01, rebound_offensive_01, assist_01, blocks_01, time_out_01, x, y)VALUES(28352, 18, 7049, 1655, 25000, NULL, NULL, NULL, NULL, NULL, NULL, '1', '', '', '', '', 14, 32);

INSERT INTO play(id, game_id, seconds_start, seconds_end, quarter, attack_home_01, score_home, score_guest)VALUES(28353, 25000, 2045, 2076, 4, '0', 71, 72);
INSERT INTO player_team_game_play(player_id, team_id, game_id, play_id, seconds_start, seconds_end) VALUES(2103, 1649, 25000, 28353, 2045, 2076);
INSERT INTO player_team_game_play(player_id, team_id, game_id, play_id, seconds_start, seconds_end) VALUES(7015, 1649, 25000, 28353, 2045, 2076);
INSERT INTO player_team_game_play(player_id, team_id, game_id, play_id, seconds_start, seconds_end) VALUES(5150, 1649, 25000, 28353, 2045, 2076);
INSERT INTO player_team_game_play(player_id, team_id, game_id, play_id, seconds_start, seconds_end) VALUES(7405, 1649, 25000, 28353, 2045, 2076);
INSERT INTO player_team_game_play(player_id, team_id, game_id, play_id, seconds_start, seconds_end) VALUES(7406, 1649, 25000, 28353, 2045, 2076);
INSERT INTO player_team_game_play(player_id, team_id, game_id, play_id, seconds_start, seconds_end) VALUES(6320, 1655, 25000, 28353, 2045, 2076);
INSERT INTO player_team_game_play(player_id, team_id, game_id, play_id, seconds_start, seconds_end) VALUES(7449, 1655, 25000, 28353, 2045, 2076);
INSERT INTO player_team_game_play(player_id, team_id, game_id, play_id, seconds_start, seconds_end) VALUES(7447, 1655, 25000, 28353, 2045, 2076);
INSERT INTO player_team_game_play(player_id, team_id, game_id, play_id, seconds_start, seconds_end) VALUES(7049, 1655, 25000, 28353, 2045, 2076);
INSERT INTO player_team_game_play(player_id, team_id, game_id, play_id, seconds_start, seconds_end) VALUES(7450, 1655, 25000, 28353, 2045, 2076);
UPDATE player_team_game_play SET seconds_end = 2058 WHERE player_id = 7049 AND game_id = 25000 AND play_id = 28353;
INSERT INTO player_team_game_play(player_id, team_id, game_id, play_id, seconds_start, seconds_end) VALUES(7448, 1655, 25000, 28353, 2058, 2076);
INSERT INTO lba.sub_play (play_id, seconds_da_start, player_made_id, team_made_id, game_made_id, player_suffered_id, team_suffered_id, game_suffered_id, shot_id, turnover_id, foul_id, rebound_defensive_01, rebound_offensive_01, assist_01, blocks_01, time_out_01, x, y)VALUES(28353, 8, 7049, 1655, 25000, NULL, NULL, NULL, 2, NULL, NULL, '', '', '', '', '', 93, 59);
INSERT INTO lba.sub_play (play_id, seconds_da_start, player_made_id, team_made_id, game_made_id, player_suffered_id, team_suffered_id, game_suffered_id, shot_id, turnover_id, foul_id, rebound_defensive_01, rebound_offensive_01, assist_01, blocks_01, time_out_01, x, y)VALUES(28353, 8, 6320, 1655, 25000, NULL, NULL, NULL, NULL, NULL, NULL, '', '1', '', '', '', 93, 59);
INSERT INTO lba.sub_play (play_id, seconds_da_start, player_made_id, team_made_id, game_made_id, player_suffered_id, team_suffered_id, game_suffered_id, shot_id, turnover_id, foul_id, rebound_defensive_01, rebound_offensive_01, assist_01, blocks_01, time_out_01, x, y)VALUES(28353, 13, 6320, 1655, 25000, NULL, NULL, NULL, 2, NULL, NULL, '', '', '', '', '', 93, 54);
INSERT INTO lba.sub_play (play_id, seconds_da_start, player_made_id, team_made_id, game_made_id, player_suffered_id, team_suffered_id, game_suffered_id, shot_id, turnover_id, foul_id, rebound_defensive_01, rebound_offensive_01, assist_01, blocks_01, time_out_01, x, y)VALUES(28353, 13, 6320, 1655, 25000, NULL, NULL, NULL, NULL, NULL, NULL, '', '1', '', '', '', 93, 54);
INSERT INTO lba.sub_play (play_id, seconds_da_start, player_made_id, team_made_id, game_made_id, player_suffered_id, team_suffered_id, game_suffered_id, shot_id, turnover_id, foul_id, rebound_defensive_01, rebound_offensive_01, assist_01, blocks_01, time_out_01, x, y)VALUES(28353, 13, 7015, 1649, 25000, 6320, 1655, 25000, NULL, NULL, 1, '', '', '', '', '', 90, 33);
INSERT INTO lba.sub_play (play_id, seconds_da_start, player_made_id, team_made_id, game_made_id, player_suffered_id, team_suffered_id, game_suffered_id, shot_id, turnover_id, foul_id, rebound_defensive_01, rebound_offensive_01, assist_01, blocks_01, time_out_01, x, y)VALUES(28353, 19, 5150, 1649, 25000, 7450, 1655, 25000, NULL, NULL, 1, '', '', '', '', '', 89, 33);
INSERT INTO lba.sub_play (play_id, seconds_da_start, player_made_id, team_made_id, game_made_id, player_suffered_id, team_suffered_id, game_suffered_id, shot_id, turnover_id, foul_id, rebound_defensive_01, rebound_offensive_01, assist_01, blocks_01, time_out_01, x, y)VALUES(28353, 31, 6320, 1655, 25000, NULL, NULL, NULL, 1, NULL, NULL, '', '', '', '', '', 93, 55);
INSERT INTO lba.sub_play (play_id, seconds_da_start, player_made_id, team_made_id, game_made_id, player_suffered_id, team_suffered_id, game_suffered_id, shot_id, turnover_id, foul_id, rebound_defensive_01, rebound_offensive_01, assist_01, blocks_01, time_out_01, x, y)VALUES(28353, 31, 7447, 1655, 25000, NULL, NULL, NULL, NULL, NULL, NULL, '', '', '1', '', '', 93, 55);

INSERT INTO play(id, game_id, seconds_start, seconds_end, quarter, attack_home_01, score_home, score_guest)VALUES(28354, 25000, 2076, 2090, 4, '1', 73, 72);
INSERT INTO player_team_game_play(player_id, team_id, game_id, play_id, seconds_start, seconds_end) VALUES(2103, 1649, 25000, 28354, 2076, 2090);
INSERT INTO player_team_game_play(player_id, team_id, game_id, play_id, seconds_start, seconds_end) VALUES(7015, 1649, 25000, 28354, 2076, 2090);
INSERT INTO player_team_game_play(player_id, team_id, game_id, play_id, seconds_start, seconds_end) VALUES(5150, 1649, 25000, 28354, 2076, 2090);
INSERT INTO player_team_game_play(player_id, team_id, game_id, play_id, seconds_start, seconds_end) VALUES(7405, 1649, 25000, 28354, 2076, 2090);
INSERT INTO player_team_game_play(player_id, team_id, game_id, play_id, seconds_start, seconds_end) VALUES(7406, 1649, 25000, 28354, 2076, 2090);
INSERT INTO player_team_game_play(player_id, team_id, game_id, play_id, seconds_start, seconds_end) VALUES(6320, 1655, 25000, 28354, 2076, 2090);
INSERT INTO player_team_game_play(player_id, team_id, game_id, play_id, seconds_start, seconds_end) VALUES(7447, 1655, 25000, 28354, 2076, 2090);
INSERT INTO player_team_game_play(player_id, team_id, game_id, play_id, seconds_start, seconds_end) VALUES(7448, 1655, 25000, 28354, 2076, 2090);
INSERT INTO player_team_game_play(player_id, team_id, game_id, play_id, seconds_start, seconds_end) VALUES(7449, 1655, 25000, 28354, 2076, 2090);
INSERT INTO player_team_game_play(player_id, team_id, game_id, play_id, seconds_start, seconds_end) VALUES(7450, 1655, 25000, 28354, 2076, 2090);
INSERT INTO lba.sub_play (play_id, seconds_da_start, player_made_id, team_made_id, game_made_id, player_suffered_id, team_suffered_id, game_suffered_id, shot_id, turnover_id, foul_id, rebound_defensive_01, rebound_offensive_01, assist_01, blocks_01, time_out_01, x, y)VALUES(28354, 14, 7405, 1649, 25000, NULL, NULL, NULL, 1, NULL, NULL, '', '', '', '', '', 5, 57);

INSERT INTO play(id, game_id, seconds_start, seconds_end, quarter, attack_home_01, score_home, score_guest)VALUES(28355, 25000, 2090, 2120, 4, '0', 73, 72);
INSERT INTO player_team_game_play(player_id, team_id, game_id, play_id, seconds_start, seconds_end) VALUES(2103, 1649, 25000, 28355, 2090, 2120);
INSERT INTO player_team_game_play(player_id, team_id, game_id, play_id, seconds_start, seconds_end) VALUES(7015, 1649, 25000, 28355, 2090, 2120);
INSERT INTO player_team_game_play(player_id, team_id, game_id, play_id, seconds_start, seconds_end) VALUES(5150, 1649, 25000, 28355, 2090, 2120);
INSERT INTO player_team_game_play(player_id, team_id, game_id, play_id, seconds_start, seconds_end) VALUES(7405, 1649, 25000, 28355, 2090, 2120);
INSERT INTO player_team_game_play(player_id, team_id, game_id, play_id, seconds_start, seconds_end) VALUES(7406, 1649, 25000, 28355, 2090, 2120);
INSERT INTO player_team_game_play(player_id, team_id, game_id, play_id, seconds_start, seconds_end) VALUES(6320, 1655, 25000, 28355, 2090, 2120);
INSERT INTO player_team_game_play(player_id, team_id, game_id, play_id, seconds_start, seconds_end) VALUES(7447, 1655, 25000, 28355, 2090, 2120);
INSERT INTO player_team_game_play(player_id, team_id, game_id, play_id, seconds_start, seconds_end) VALUES(7448, 1655, 25000, 28355, 2090, 2120);
INSERT INTO player_team_game_play(player_id, team_id, game_id, play_id, seconds_start, seconds_end) VALUES(7449, 1655, 25000, 28355, 2090, 2120);
INSERT INTO player_team_game_play(player_id, team_id, game_id, play_id, seconds_start, seconds_end) VALUES(7450, 1655, 25000, 28355, 2090, 2120);
INSERT INTO lba.sub_play (play_id, seconds_da_start, player_made_id, team_made_id, game_made_id, player_suffered_id, team_suffered_id, game_suffered_id, shot_id, turnover_id, foul_id, rebound_defensive_01, rebound_offensive_01, assist_01, blocks_01, time_out_01, x, y)VALUES(28355, 24, 7449, 1655, 25000, NULL, NULL, NULL, 2, NULL, NULL, '', '', '', '', '', 92, 51);
INSERT INTO lba.sub_play (play_id, seconds_da_start, player_made_id, team_made_id, game_made_id, player_suffered_id, team_suffered_id, game_suffered_id, shot_id, turnover_id, foul_id, rebound_defensive_01, rebound_offensive_01, assist_01, blocks_01, time_out_01, x, y)VALUES(28355, 24, 6320, 1655, 25000, NULL, NULL, NULL, NULL, NULL, NULL, '', '1', '', '', '', 92, 51);
INSERT INTO lba.sub_play (play_id, seconds_da_start, player_made_id, team_made_id, game_made_id, player_suffered_id, team_suffered_id, game_suffered_id, shot_id, turnover_id, foul_id, rebound_defensive_01, rebound_offensive_01, assist_01, blocks_01, time_out_01, x, y)VALUES(28355, 30, 6320, 1655, 25000, NULL, NULL, NULL, 2, NULL, NULL, '', '', '', '', '', 89, 50);
INSERT INTO lba.sub_play (play_id, seconds_da_start, player_made_id, team_made_id, game_made_id, player_suffered_id, team_suffered_id, game_suffered_id, shot_id, turnover_id, foul_id, rebound_defensive_01, rebound_offensive_01, assist_01, blocks_01, time_out_01, x, y)VALUES(28355, 30, 7405, 1649, 25000, NULL, NULL, NULL, NULL, NULL, NULL, '1', '', '', '', '', 89, 50);

INSERT INTO play(id, game_id, seconds_start, seconds_end, quarter, attack_home_01, score_home, score_guest)VALUES(28356, 25000, 2120, 2132, 4, '1', 73, 72);
INSERT INTO player_team_game_play(player_id, team_id, game_id, play_id, seconds_start, seconds_end) VALUES(2103, 1649, 25000, 28356, 2120, 2132);
INSERT INTO player_team_game_play(player_id, team_id, game_id, play_id, seconds_start, seconds_end) VALUES(7015, 1649, 25000, 28356, 2120, 2132);
INSERT INTO player_team_game_play(player_id, team_id, game_id, play_id, seconds_start, seconds_end) VALUES(5150, 1649, 25000, 28356, 2120, 2132);
INSERT INTO player_team_game_play(player_id, team_id, game_id, play_id, seconds_start, seconds_end) VALUES(7405, 1649, 25000, 28356, 2120, 2132);
INSERT INTO player_team_game_play(player_id, team_id, game_id, play_id, seconds_start, seconds_end) VALUES(7406, 1649, 25000, 28356, 2120, 2132);
INSERT INTO player_team_game_play(player_id, team_id, game_id, play_id, seconds_start, seconds_end) VALUES(6320, 1655, 25000, 28356, 2120, 2132);
INSERT INTO player_team_game_play(player_id, team_id, game_id, play_id, seconds_start, seconds_end) VALUES(7447, 1655, 25000, 28356, 2120, 2132);
INSERT INTO player_team_game_play(player_id, team_id, game_id, play_id, seconds_start, seconds_end) VALUES(7448, 1655, 25000, 28356, 2120, 2132);
INSERT INTO player_team_game_play(player_id, team_id, game_id, play_id, seconds_start, seconds_end) VALUES(7449, 1655, 25000, 28356, 2120, 2132);
INSERT INTO player_team_game_play(player_id, team_id, game_id, play_id, seconds_start, seconds_end) VALUES(7450, 1655, 25000, 28356, 2120, 2132);
INSERT INTO lba.sub_play (play_id, seconds_da_start, player_made_id, team_made_id, game_made_id, player_suffered_id, team_suffered_id, game_suffered_id, shot_id, turnover_id, foul_id, rebound_defensive_01, rebound_offensive_01, assist_01, blocks_01, time_out_01, x, y)VALUES(28356, 12, 7406, 1649, 25000, NULL, NULL, NULL, 4, NULL, NULL, '', '', '', '', '', 29, 26);
INSERT INTO lba.sub_play (play_id, seconds_da_start, player_made_id, team_made_id, game_made_id, player_suffered_id, team_suffered_id, game_suffered_id, shot_id, turnover_id, foul_id, rebound_defensive_01, rebound_offensive_01, assist_01, blocks_01, time_out_01, x, y)VALUES(28356, 12, 7448, 1655, 25000, NULL, NULL, NULL, NULL, NULL, NULL, '1', '', '', '', '', 29, 26);

INSERT INTO play(id, game_id, seconds_start, seconds_end, quarter, attack_home_01, score_home, score_guest)VALUES(28357, 25000, 2132, 2140, 4, '0', 73, 73);
INSERT INTO player_team_game_play(player_id, team_id, game_id, play_id, seconds_start, seconds_end) VALUES(2103, 1649, 25000, 28357, 2132, 2140);
INSERT INTO player_team_game_play(player_id, team_id, game_id, play_id, seconds_start, seconds_end) VALUES(7015, 1649, 25000, 28357, 2132, 2140);
INSERT INTO player_team_game_play(player_id, team_id, game_id, play_id, seconds_start, seconds_end) VALUES(5150, 1649, 25000, 28357, 2132, 2140);
INSERT INTO player_team_game_play(player_id, team_id, game_id, play_id, seconds_start, seconds_end) VALUES(7405, 1649, 25000, 28357, 2132, 2140);
INSERT INTO player_team_game_play(player_id, team_id, game_id, play_id, seconds_start, seconds_end) VALUES(7406, 1649, 25000, 28357, 2132, 2140);
INSERT INTO player_team_game_play(player_id, team_id, game_id, play_id, seconds_start, seconds_end) VALUES(6320, 1655, 25000, 28357, 2132, 2140);
INSERT INTO player_team_game_play(player_id, team_id, game_id, play_id, seconds_start, seconds_end) VALUES(7447, 1655, 25000, 28357, 2132, 2140);
INSERT INTO player_team_game_play(player_id, team_id, game_id, play_id, seconds_start, seconds_end) VALUES(7448, 1655, 25000, 28357, 2132, 2140);
INSERT INTO player_team_game_play(player_id, team_id, game_id, play_id, seconds_start, seconds_end) VALUES(7449, 1655, 25000, 28357, 2132, 2140);
INSERT INTO player_team_game_play(player_id, team_id, game_id, play_id, seconds_start, seconds_end) VALUES(7450, 1655, 25000, 28357, 2132, 2140);
UPDATE player_team_game_play SET seconds_end = 2140 WHERE player_id = 7015 AND game_id = 25000 AND play_id = 28357;
INSERT INTO player_team_game_play(player_id, team_id, game_id, play_id, seconds_start, seconds_end) VALUES(3176, 1649, 25000, 28357, 2140, 2140);
INSERT INTO lba.sub_play (play_id, seconds_da_start, player_made_id, team_made_id, game_made_id, player_suffered_id, team_suffered_id, game_suffered_id, shot_id, turnover_id, foul_id, rebound_defensive_01, rebound_offensive_01, assist_01, blocks_01, time_out_01, x, y)VALUES(28357, 8, 7406, 1649, 25000, 7450, 1655, 25000, NULL, NULL, 1, '', '', '', '', '', 91, 25);
INSERT INTO lba.sub_play (play_id, seconds_da_start, player_made_id, team_made_id, game_made_id, player_suffered_id, team_suffered_id, game_suffered_id, shot_id, turnover_id, foul_id, rebound_defensive_01, rebound_offensive_01, assist_01, blocks_01, time_out_01, x, y)VALUES(28357, 8, 7450, 1655, 25000, NULL, NULL, NULL, 6, NULL, NULL, '', '', '', '', '', NULL, NULL);
INSERT INTO lba.sub_play (play_id, seconds_da_start, player_made_id, team_made_id, game_made_id, player_suffered_id, team_suffered_id, game_suffered_id, shot_id, turnover_id, foul_id, rebound_defensive_01, rebound_offensive_01, assist_01, blocks_01, time_out_01, x, y)VALUES(28357, 8, 7450, 1655, 25000, NULL, NULL, NULL, 5, NULL, NULL, '', '', '', '', '', NULL, NULL);
INSERT INTO lba.sub_play (play_id, seconds_da_start, player_made_id, team_made_id, game_made_id, player_suffered_id, team_suffered_id, game_suffered_id, shot_id, turnover_id, foul_id, rebound_defensive_01, rebound_offensive_01, assist_01, blocks_01, time_out_01, x, y)VALUES(28357, 8, 7448, 1655, 25000, NULL, NULL, NULL, NULL, NULL, NULL, '', '', '1', '', '', NULL, NULL);

INSERT INTO play(id, game_id, seconds_start, seconds_end, quarter, attack_home_01, score_home, score_guest)VALUES(28358, 25000, 2140, 2165, 4, '0', 75, 73);
INSERT INTO player_team_game_play(player_id, team_id, game_id, play_id, seconds_start, seconds_end) VALUES(2103, 1649, 25000, 28358, 2140, 2165);
INSERT INTO player_team_game_play(player_id, team_id, game_id, play_id, seconds_start, seconds_end) VALUES(7015, 1649, 25000, 28358, 2140, 2165);
INSERT INTO player_team_game_play(player_id, team_id, game_id, play_id, seconds_start, seconds_end) VALUES(5150, 1649, 25000, 28358, 2140, 2165);
INSERT INTO player_team_game_play(player_id, team_id, game_id, play_id, seconds_start, seconds_end) VALUES(7405, 1649, 25000, 28358, 2140, 2165);
INSERT INTO player_team_game_play(player_id, team_id, game_id, play_id, seconds_start, seconds_end) VALUES(7406, 1649, 25000, 28358, 2140, 2165);
INSERT INTO player_team_game_play(player_id, team_id, game_id, play_id, seconds_start, seconds_end) VALUES(6320, 1655, 25000, 28358, 2140, 2165);
INSERT INTO player_team_game_play(player_id, team_id, game_id, play_id, seconds_start, seconds_end) VALUES(7447, 1655, 25000, 28358, 2140, 2165);
INSERT INTO player_team_game_play(player_id, team_id, game_id, play_id, seconds_start, seconds_end) VALUES(7448, 1655, 25000, 28358, 2140, 2165);
INSERT INTO player_team_game_play(player_id, team_id, game_id, play_id, seconds_start, seconds_end) VALUES(7449, 1655, 25000, 28358, 2140, 2165);
INSERT INTO player_team_game_play(player_id, team_id, game_id, play_id, seconds_start, seconds_end) VALUES(7450, 1655, 25000, 28358, 2140, 2165);
UPDATE player_team_game_play SET seconds_end = 2140 WHERE player_id = 7015 AND game_id = 25000 AND play_id = 28358;
INSERT INTO player_team_game_play(player_id, team_id, game_id, play_id, seconds_start, seconds_end) VALUES(3176, 1649, 25000, 28358, 2140, 2165);
INSERT INTO lba.sub_play (play_id, seconds_da_start, player_made_id, team_made_id, game_made_id, player_suffered_id, team_suffered_id, game_suffered_id, shot_id, turnover_id, foul_id, rebound_defensive_01, rebound_offensive_01, assist_01, blocks_01, time_out_01, x, y)VALUES(28358, 19, 7405, 1649, 25000, NULL, NULL, NULL, 1, NULL, NULL, '', '', '', '', '', 8, 46);
INSERT INTO lba.sub_play (play_id, seconds_da_start, player_made_id, team_made_id, game_made_id, player_suffered_id, team_suffered_id, game_suffered_id, shot_id, turnover_id, foul_id, rebound_defensive_01, rebound_offensive_01, assist_01, blocks_01, time_out_01, x, y)VALUES(28358, 25, 7449, 1655, 25000, 5150, 1649, 25000, NULL, NULL, 7, '', '', '', '', '', 88, 21);
INSERT INTO lba.sub_play (play_id, seconds_da_start, player_made_id, team_made_id, game_made_id, player_suffered_id, team_suffered_id, game_suffered_id, shot_id, turnover_id, foul_id, rebound_defensive_01, rebound_offensive_01, assist_01, blocks_01, time_out_01, x, y)VALUES(28358, 25, 7449, 1655, 25000, NULL, NULL, NULL, NULL, 13, NULL, '', '', '', '', '', 88, 21);

INSERT INTO play(id, game_id, seconds_start, seconds_end, quarter, attack_home_01, score_home, score_guest)VALUES(28359, 25000, 2165, 2179, 4, '1', 76, 73);
INSERT INTO player_team_game_play(player_id, team_id, game_id, play_id, seconds_start, seconds_end) VALUES(2103, 1649, 25000, 28359, 2165, 2179);
INSERT INTO player_team_game_play(player_id, team_id, game_id, play_id, seconds_start, seconds_end) VALUES(3176, 1649, 25000, 28359, 2165, 2179);
INSERT INTO player_team_game_play(player_id, team_id, game_id, play_id, seconds_start, seconds_end) VALUES(5150, 1649, 25000, 28359, 2165, 2179);
INSERT INTO player_team_game_play(player_id, team_id, game_id, play_id, seconds_start, seconds_end) VALUES(7405, 1649, 25000, 28359, 2165, 2179);
INSERT INTO player_team_game_play(player_id, team_id, game_id, play_id, seconds_start, seconds_end) VALUES(7406, 1649, 25000, 28359, 2165, 2179);
INSERT INTO player_team_game_play(player_id, team_id, game_id, play_id, seconds_start, seconds_end) VALUES(6320, 1655, 25000, 28359, 2165, 2179);
INSERT INTO player_team_game_play(player_id, team_id, game_id, play_id, seconds_start, seconds_end) VALUES(7447, 1655, 25000, 28359, 2165, 2179);
INSERT INTO player_team_game_play(player_id, team_id, game_id, play_id, seconds_start, seconds_end) VALUES(7448, 1655, 25000, 28359, 2165, 2179);
INSERT INTO player_team_game_play(player_id, team_id, game_id, play_id, seconds_start, seconds_end) VALUES(7449, 1655, 25000, 28359, 2165, 2179);
INSERT INTO player_team_game_play(player_id, team_id, game_id, play_id, seconds_start, seconds_end) VALUES(7450, 1655, 25000, 28359, 2165, 2179);
UPDATE player_team_game_play SET seconds_end = 2166 WHERE player_id = 7447 AND game_id = 25000 AND play_id = 28359;
INSERT INTO player_team_game_play(player_id, team_id, game_id, play_id, seconds_start, seconds_end) VALUES(7049, 1655, 25000, 28359, 2166, 2179);
INSERT INTO lba.sub_play (play_id, seconds_da_start, player_made_id, team_made_id, game_made_id, player_suffered_id, team_suffered_id, game_suffered_id, shot_id, turnover_id, foul_id, rebound_defensive_01, rebound_offensive_01, assist_01, blocks_01, time_out_01, x, y)VALUES(28359, 14, 7448, 1655, 25000, 3176, 1649, 25000, NULL, NULL, 1, '', '', '', '', '', 11, 52);
INSERT INTO lba.sub_play (play_id, seconds_da_start, player_made_id, team_made_id, game_made_id, player_suffered_id, team_suffered_id, game_suffered_id, shot_id, turnover_id, foul_id, rebound_defensive_01, rebound_offensive_01, assist_01, blocks_01, time_out_01, x, y)VALUES(28359, 14, 3176, 1649, 25000, NULL, NULL, NULL, 5, NULL, NULL, '', '', '', '', '', NULL, NULL);

INSERT INTO play(id, game_id, seconds_start, seconds_end, quarter, attack_home_01, score_home, score_guest)VALUES(28360, 25000, 2179, 2179, 4, '1', 76, 73);
INSERT INTO player_team_game_play(player_id, team_id, game_id, play_id, seconds_start, seconds_end) VALUES(2103, 1649, 25000, 28360, 2179, 2179);
INSERT INTO player_team_game_play(player_id, team_id, game_id, play_id, seconds_start, seconds_end) VALUES(3176, 1649, 25000, 28360, 2179, 2179);
INSERT INTO player_team_game_play(player_id, team_id, game_id, play_id, seconds_start, seconds_end) VALUES(5150, 1649, 25000, 28360, 2179, 2179);
INSERT INTO player_team_game_play(player_id, team_id, game_id, play_id, seconds_start, seconds_end) VALUES(7405, 1649, 25000, 28360, 2179, 2179);
INSERT INTO player_team_game_play(player_id, team_id, game_id, play_id, seconds_start, seconds_end) VALUES(7406, 1649, 25000, 28360, 2179, 2179);
INSERT INTO player_team_game_play(player_id, team_id, game_id, play_id, seconds_start, seconds_end) VALUES(6320, 1655, 25000, 28360, 2179, 2179);
INSERT INTO player_team_game_play(player_id, team_id, game_id, play_id, seconds_start, seconds_end) VALUES(7449, 1655, 25000, 28360, 2179, 2179);
INSERT INTO player_team_game_play(player_id, team_id, game_id, play_id, seconds_start, seconds_end) VALUES(7448, 1655, 25000, 28360, 2179, 2179);
INSERT INTO player_team_game_play(player_id, team_id, game_id, play_id, seconds_start, seconds_end) VALUES(7049, 1655, 25000, 28360, 2179, 2179);
INSERT INTO player_team_game_play(player_id, team_id, game_id, play_id, seconds_start, seconds_end) VALUES(7450, 1655, 25000, 28360, 2179, 2179);
INSERT INTO lba.sub_play (play_id, seconds_da_start, player_made_id, team_made_id, game_made_id, player_suffered_id, team_suffered_id, game_suffered_id, shot_id, turnover_id, foul_id, rebound_defensive_01, rebound_offensive_01, assist_01, blocks_01, time_out_01, x, y)VALUES(28360, 0, 3176, 1649, 25000, NULL, NULL, NULL, 6, NULL, NULL, '', '', '', '', '', NULL, NULL);
INSERT INTO lba.sub_play (play_id, seconds_da_start, player_made_id, team_made_id, game_made_id, player_suffered_id, team_suffered_id, game_suffered_id, shot_id, turnover_id, foul_id, rebound_defensive_01, rebound_offensive_01, assist_01, blocks_01, time_out_01, x, y)VALUES(28360, 0, 7450, 1655, 25000, NULL, NULL, NULL, NULL, NULL, NULL, '1', '', '', '', '', NULL, NULL);

INSERT INTO play(id, game_id, seconds_start, seconds_end, quarter, attack_home_01, score_home, score_guest)VALUES(28361, 25000, 2179, 2195, 4, '0', 76, 75);
INSERT INTO player_team_game_play(player_id, team_id, game_id, play_id, seconds_start, seconds_end) VALUES(2103, 1649, 25000, 28361, 2179, 2195);
INSERT INTO player_team_game_play(player_id, team_id, game_id, play_id, seconds_start, seconds_end) VALUES(3176, 1649, 25000, 28361, 2179, 2195);
INSERT INTO player_team_game_play(player_id, team_id, game_id, play_id, seconds_start, seconds_end) VALUES(5150, 1649, 25000, 28361, 2179, 2195);
INSERT INTO player_team_game_play(player_id, team_id, game_id, play_id, seconds_start, seconds_end) VALUES(7405, 1649, 25000, 28361, 2179, 2195);
INSERT INTO player_team_game_play(player_id, team_id, game_id, play_id, seconds_start, seconds_end) VALUES(7406, 1649, 25000, 28361, 2179, 2195);
INSERT INTO player_team_game_play(player_id, team_id, game_id, play_id, seconds_start, seconds_end) VALUES(6320, 1655, 25000, 28361, 2179, 2195);
INSERT INTO player_team_game_play(player_id, team_id, game_id, play_id, seconds_start, seconds_end) VALUES(7449, 1655, 25000, 28361, 2179, 2195);
INSERT INTO player_team_game_play(player_id, team_id, game_id, play_id, seconds_start, seconds_end) VALUES(7448, 1655, 25000, 28361, 2179, 2195);
INSERT INTO player_team_game_play(player_id, team_id, game_id, play_id, seconds_start, seconds_end) VALUES(7049, 1655, 25000, 28361, 2179, 2195);
INSERT INTO player_team_game_play(player_id, team_id, game_id, play_id, seconds_start, seconds_end) VALUES(7450, 1655, 25000, 28361, 2179, 2195);
INSERT INTO lba.sub_play (play_id, seconds_da_start, player_made_id, team_made_id, game_made_id, player_suffered_id, team_suffered_id, game_suffered_id, shot_id, turnover_id, foul_id, rebound_defensive_01, rebound_offensive_01, assist_01, blocks_01, time_out_01, x, y)VALUES(28361, 16, 7448, 1655, 25000, NULL, NULL, NULL, 1, NULL, NULL, '', '', '', '', '', 93, 39);

INSERT INTO play(id, game_id, seconds_start, seconds_end, quarter, attack_home_01, score_home, score_guest)VALUES(28362, 25000, 2195, 2228, 4, '0', 79, 77);
INSERT INTO player_team_game_play(player_id, team_id, game_id, play_id, seconds_start, seconds_end) VALUES(2103, 1649, 25000, 28362, 2195, 2228);
INSERT INTO player_team_game_play(player_id, team_id, game_id, play_id, seconds_start, seconds_end) VALUES(3176, 1649, 25000, 28362, 2195, 2228);
INSERT INTO player_team_game_play(player_id, team_id, game_id, play_id, seconds_start, seconds_end) VALUES(5150, 1649, 25000, 28362, 2195, 2228);
INSERT INTO player_team_game_play(player_id, team_id, game_id, play_id, seconds_start, seconds_end) VALUES(7405, 1649, 25000, 28362, 2195, 2228);
INSERT INTO player_team_game_play(player_id, team_id, game_id, play_id, seconds_start, seconds_end) VALUES(7406, 1649, 25000, 28362, 2195, 2228);
INSERT INTO player_team_game_play(player_id, team_id, game_id, play_id, seconds_start, seconds_end) VALUES(6320, 1655, 25000, 28362, 2195, 2228);
INSERT INTO player_team_game_play(player_id, team_id, game_id, play_id, seconds_start, seconds_end) VALUES(7449, 1655, 25000, 28362, 2195, 2228);
INSERT INTO player_team_game_play(player_id, team_id, game_id, play_id, seconds_start, seconds_end) VALUES(7448, 1655, 25000, 28362, 2195, 2228);
INSERT INTO player_team_game_play(player_id, team_id, game_id, play_id, seconds_start, seconds_end) VALUES(7049, 1655, 25000, 28362, 2195, 2228);
INSERT INTO player_team_game_play(player_id, team_id, game_id, play_id, seconds_start, seconds_end) VALUES(7450, 1655, 25000, 28362, 2195, 2228);
UPDATE player_team_game_play SET seconds_end = 2228 WHERE player_id = 3176 AND game_id = 25000 AND play_id = 28362;
INSERT INTO player_team_game_play(player_id, team_id, game_id, play_id, seconds_start, seconds_end) VALUES(7015, 1649, 25000, 28362, 2228, 2228);
UPDATE player_team_game_play SET seconds_end = 2228 WHERE player_id = 6320 AND game_id = 25000 AND play_id = 28362;
UPDATE player_team_game_play SET seconds_end = 2228 WHERE player_id = 7448 AND game_id = 25000 AND play_id = 28362;
INSERT INTO player_team_game_play(player_id, team_id, game_id, play_id, seconds_start, seconds_end) VALUES(2148, 1655, 25000, 28362, 2228, 2228);
INSERT INTO player_team_game_play(player_id, team_id, game_id, play_id, seconds_start, seconds_end) VALUES(7447, 1655, 25000, 28362, 2228, 2228);
INSERT INTO lba.sub_play (play_id, seconds_da_start, player_made_id, team_made_id, game_made_id, player_suffered_id, team_suffered_id, game_suffered_id, shot_id, turnover_id, foul_id, rebound_defensive_01, rebound_offensive_01, assist_01, blocks_01, time_out_01, x, y)VALUES(28362, 18, 5150, 1649, 25000, NULL, NULL, NULL, 3, NULL, NULL, '', '', '', '', '', 32, 62);
INSERT INTO lba.sub_play (play_id, seconds_da_start, player_made_id, team_made_id, game_made_id, player_suffered_id, team_suffered_id, game_suffered_id, shot_id, turnover_id, foul_id, rebound_defensive_01, rebound_offensive_01, assist_01, blocks_01, time_out_01, x, y)VALUES(28362, 33, 3176, 1649, 25000, 7450, 1655, 25000, NULL, NULL, 4, '', '', '', '', '', 92, 43);
INSERT INTO lba.sub_play (play_id, seconds_da_start, player_made_id, team_made_id, game_made_id, player_suffered_id, team_suffered_id, game_suffered_id, shot_id, turnover_id, foul_id, rebound_defensive_01, rebound_offensive_01, assist_01, blocks_01, time_out_01, x, y)VALUES(28362, 33, 7450, 1655, 25000, NULL, NULL, NULL, 5, NULL, NULL, '', '', '', '', '', NULL, NULL);
INSERT INTO lba.sub_play (play_id, seconds_da_start, player_made_id, team_made_id, game_made_id, player_suffered_id, team_suffered_id, game_suffered_id, shot_id, turnover_id, foul_id, rebound_defensive_01, rebound_offensive_01, assist_01, blocks_01, time_out_01, x, y)VALUES(28362, 33, 7450, 1655, 25000, NULL, NULL, NULL, 5, NULL, NULL, '', '', '', '', '', NULL, NULL);

INSERT INTO play(id, game_id, seconds_start, seconds_end, quarter, attack_home_01, score_home, score_guest)VALUES(28363, 25000, 2228, 2242, 4, '1', 81, 77);
INSERT INTO player_team_game_play(player_id, team_id, game_id, play_id, seconds_start, seconds_end) VALUES(2103, 1649, 25000, 28363, 2228, 2242);
INSERT INTO player_team_game_play(player_id, team_id, game_id, play_id, seconds_start, seconds_end) VALUES(3176, 1649, 25000, 28363, 2228, 2242);
INSERT INTO player_team_game_play(player_id, team_id, game_id, play_id, seconds_start, seconds_end) VALUES(5150, 1649, 25000, 28363, 2228, 2242);
INSERT INTO player_team_game_play(player_id, team_id, game_id, play_id, seconds_start, seconds_end) VALUES(7405, 1649, 25000, 28363, 2228, 2242);
INSERT INTO player_team_game_play(player_id, team_id, game_id, play_id, seconds_start, seconds_end) VALUES(7406, 1649, 25000, 28363, 2228, 2242);
INSERT INTO player_team_game_play(player_id, team_id, game_id, play_id, seconds_start, seconds_end) VALUES(6320, 1655, 25000, 28363, 2228, 2242);
INSERT INTO player_team_game_play(player_id, team_id, game_id, play_id, seconds_start, seconds_end) VALUES(7449, 1655, 25000, 28363, 2228, 2242);
INSERT INTO player_team_game_play(player_id, team_id, game_id, play_id, seconds_start, seconds_end) VALUES(7448, 1655, 25000, 28363, 2228, 2242);
INSERT INTO player_team_game_play(player_id, team_id, game_id, play_id, seconds_start, seconds_end) VALUES(7049, 1655, 25000, 28363, 2228, 2242);
INSERT INTO player_team_game_play(player_id, team_id, game_id, play_id, seconds_start, seconds_end) VALUES(7450, 1655, 25000, 28363, 2228, 2242);
UPDATE player_team_game_play SET seconds_end = 2228 WHERE player_id = 3176 AND game_id = 25000 AND play_id = 28363;
INSERT INTO player_team_game_play(player_id, team_id, game_id, play_id, seconds_start, seconds_end) VALUES(7015, 1649, 25000, 28363, 2228, 2242);
UPDATE player_team_game_play SET seconds_end = 2228 WHERE player_id = 6320 AND game_id = 25000 AND play_id = 28363;
UPDATE player_team_game_play SET seconds_end = 2228 WHERE player_id = 7448 AND game_id = 25000 AND play_id = 28363;
INSERT INTO player_team_game_play(player_id, team_id, game_id, play_id, seconds_start, seconds_end) VALUES(2148, 1655, 25000, 28363, 2228, 2242);
INSERT INTO player_team_game_play(player_id, team_id, game_id, play_id, seconds_start, seconds_end) VALUES(7447, 1655, 25000, 28363, 2228, 2242);
INSERT INTO lba.sub_play (play_id, seconds_da_start, player_made_id, team_made_id, game_made_id, player_suffered_id, team_suffered_id, game_suffered_id, shot_id, turnover_id, foul_id, rebound_defensive_01, rebound_offensive_01, assist_01, blocks_01, time_out_01, x, y)VALUES(28363, 14, 5150, 1649, 25000, NULL, NULL, NULL, 1, NULL, NULL, '', '', '', '', '', 6, 43);

INSERT INTO play(id, game_id, seconds_start, seconds_end, quarter, attack_home_01, score_home, score_guest)VALUES(28364, 25000, 2242, 2257, 4, '0', 81, 79);
INSERT INTO player_team_game_play(player_id, team_id, game_id, play_id, seconds_start, seconds_end) VALUES(2103, 1649, 25000, 28364, 2242, 2257);
INSERT INTO player_team_game_play(player_id, team_id, game_id, play_id, seconds_start, seconds_end) VALUES(7015, 1649, 25000, 28364, 2242, 2257);
INSERT INTO player_team_game_play(player_id, team_id, game_id, play_id, seconds_start, seconds_end) VALUES(5150, 1649, 25000, 28364, 2242, 2257);
INSERT INTO player_team_game_play(player_id, team_id, game_id, play_id, seconds_start, seconds_end) VALUES(7405, 1649, 25000, 28364, 2242, 2257);
INSERT INTO player_team_game_play(player_id, team_id, game_id, play_id, seconds_start, seconds_end) VALUES(7406, 1649, 25000, 28364, 2242, 2257);
INSERT INTO player_team_game_play(player_id, team_id, game_id, play_id, seconds_start, seconds_end) VALUES(2148, 1655, 25000, 28364, 2242, 2257);
INSERT INTO player_team_game_play(player_id, team_id, game_id, play_id, seconds_start, seconds_end) VALUES(7449, 1655, 25000, 28364, 2242, 2257);
INSERT INTO player_team_game_play(player_id, team_id, game_id, play_id, seconds_start, seconds_end) VALUES(7447, 1655, 25000, 28364, 2242, 2257);
INSERT INTO player_team_game_play(player_id, team_id, game_id, play_id, seconds_start, seconds_end) VALUES(7049, 1655, 25000, 28364, 2242, 2257);
INSERT INTO player_team_game_play(player_id, team_id, game_id, play_id, seconds_start, seconds_end) VALUES(7450, 1655, 25000, 28364, 2242, 2257);
UPDATE player_team_game_play SET seconds_end = 2257 WHERE player_id = 7015 AND game_id = 25000 AND play_id = 28364;
INSERT INTO player_team_game_play(player_id, team_id, game_id, play_id, seconds_start, seconds_end) VALUES(4692, 1649, 25000, 28364, 2257, 2257);
UPDATE player_team_game_play SET seconds_end = 2257 WHERE player_id = 2148 AND game_id = 25000 AND play_id = 28364;
INSERT INTO player_team_game_play(player_id, team_id, game_id, play_id, seconds_start, seconds_end) VALUES(6320, 1655, 25000, 28364, 2257, 2257);
INSERT INTO lba.sub_play (play_id, seconds_da_start, player_made_id, team_made_id, game_made_id, player_suffered_id, team_suffered_id, game_suffered_id, shot_id, turnover_id, foul_id, rebound_defensive_01, rebound_offensive_01, assist_01, blocks_01, time_out_01, x, y)VALUES(28364, 11, 7450, 1655, 25000, NULL, NULL, NULL, 4, NULL, NULL, '', '', '', '', '', 69, 29);
INSERT INTO lba.sub_play (play_id, seconds_da_start, player_made_id, team_made_id, game_made_id, player_suffered_id, team_suffered_id, game_suffered_id, shot_id, turnover_id, foul_id, rebound_defensive_01, rebound_offensive_01, assist_01, blocks_01, time_out_01, x, y)VALUES(28364, 11, 7449, 1655, 25000, NULL, NULL, NULL, NULL, NULL, NULL, '', '1', '', '', '', 69, 29);
INSERT INTO lba.sub_play (play_id, seconds_da_start, player_made_id, team_made_id, game_made_id, player_suffered_id, team_suffered_id, game_suffered_id, shot_id, turnover_id, foul_id, rebound_defensive_01, rebound_offensive_01, assist_01, blocks_01, time_out_01, x, y)VALUES(28364, 15, 7015, 1649, 25000, 7449, 1655, 25000, NULL, NULL, 1, '', '', '', '', '', 93, 47);
INSERT INTO lba.sub_play (play_id, seconds_da_start, player_made_id, team_made_id, game_made_id, player_suffered_id, team_suffered_id, game_suffered_id, shot_id, turnover_id, foul_id, rebound_defensive_01, rebound_offensive_01, assist_01, blocks_01, time_out_01, x, y)VALUES(28364, 15, 7449, 1655, 25000, NULL, NULL, NULL, 5, NULL, NULL, '', '', '', '', '', NULL, NULL);
INSERT INTO lba.sub_play (play_id, seconds_da_start, player_made_id, team_made_id, game_made_id, player_suffered_id, team_suffered_id, game_suffered_id, shot_id, turnover_id, foul_id, rebound_defensive_01, rebound_offensive_01, assist_01, blocks_01, time_out_01, x, y)VALUES(28364, 15, 7449, 1655, 25000, NULL, NULL, NULL, 5, NULL, NULL, '', '', '', '', '', NULL, NULL);

INSERT INTO play(id, game_id, seconds_start, seconds_end, quarter, attack_home_01, score_home, score_guest)VALUES(28365, 25000, 2257, 2281, 4, '1', 83, 79);
INSERT INTO player_team_game_play(player_id, team_id, game_id, play_id, seconds_start, seconds_end) VALUES(2103, 1649, 25000, 28365, 2257, 2281);
INSERT INTO player_team_game_play(player_id, team_id, game_id, play_id, seconds_start, seconds_end) VALUES(7015, 1649, 25000, 28365, 2257, 2281);
INSERT INTO player_team_game_play(player_id, team_id, game_id, play_id, seconds_start, seconds_end) VALUES(5150, 1649, 25000, 28365, 2257, 2281);
INSERT INTO player_team_game_play(player_id, team_id, game_id, play_id, seconds_start, seconds_end) VALUES(7405, 1649, 25000, 28365, 2257, 2281);
INSERT INTO player_team_game_play(player_id, team_id, game_id, play_id, seconds_start, seconds_end) VALUES(7406, 1649, 25000, 28365, 2257, 2281);
INSERT INTO player_team_game_play(player_id, team_id, game_id, play_id, seconds_start, seconds_end) VALUES(2148, 1655, 25000, 28365, 2257, 2281);
INSERT INTO player_team_game_play(player_id, team_id, game_id, play_id, seconds_start, seconds_end) VALUES(7449, 1655, 25000, 28365, 2257, 2281);
INSERT INTO player_team_game_play(player_id, team_id, game_id, play_id, seconds_start, seconds_end) VALUES(7447, 1655, 25000, 28365, 2257, 2281);
INSERT INTO player_team_game_play(player_id, team_id, game_id, play_id, seconds_start, seconds_end) VALUES(7049, 1655, 25000, 28365, 2257, 2281);
INSERT INTO player_team_game_play(player_id, team_id, game_id, play_id, seconds_start, seconds_end) VALUES(7450, 1655, 25000, 28365, 2257, 2281);
UPDATE player_team_game_play SET seconds_end = 2257 WHERE player_id = 7015 AND game_id = 25000 AND play_id = 28365;
INSERT INTO player_team_game_play(player_id, team_id, game_id, play_id, seconds_start, seconds_end) VALUES(4692, 1649, 25000, 28365, 2257, 2281);
UPDATE player_team_game_play SET seconds_end = 2257 WHERE player_id = 2148 AND game_id = 25000 AND play_id = 28365;
INSERT INTO player_team_game_play(player_id, team_id, game_id, play_id, seconds_start, seconds_end) VALUES(6320, 1655, 25000, 28365, 2257, 2281);
UPDATE player_team_game_play SET seconds_end = 2281 WHERE player_id = 7449 AND game_id = 25000 AND play_id = 28365;
INSERT INTO player_team_game_play(player_id, team_id, game_id, play_id, seconds_start, seconds_end) VALUES(7448, 1655, 25000, 28365, 2281, 2281);
INSERT INTO lba.sub_play (play_id, seconds_da_start, player_made_id, team_made_id, game_made_id, player_suffered_id, team_suffered_id, game_suffered_id, shot_id, turnover_id, foul_id, rebound_defensive_01, rebound_offensive_01, assist_01, blocks_01, time_out_01, x, y)VALUES(28365, 24, 7405, 1649, 25000, NULL, NULL, NULL, 2, NULL, NULL, '', '', '', '', '', 10, 74);
INSERT INTO lba.sub_play (play_id, seconds_da_start, player_made_id, team_made_id, game_made_id, player_suffered_id, team_suffered_id, game_suffered_id, shot_id, turnover_id, foul_id, rebound_defensive_01, rebound_offensive_01, assist_01, blocks_01, time_out_01, x, y)VALUES(28365, 24, 4692, 1649, 25000, NULL, NULL, NULL, NULL, NULL, NULL, '', '1', '', '', '', 10, 74);
INSERT INTO lba.sub_play (play_id, seconds_da_start, player_made_id, team_made_id, game_made_id, player_suffered_id, team_suffered_id, game_suffered_id, shot_id, turnover_id, foul_id, rebound_defensive_01, rebound_offensive_01, assist_01, blocks_01, time_out_01, x, y)VALUES(28365, 24, 4692, 1649, 25000, NULL, NULL, NULL, 1, NULL, NULL, '', '', '', '', '', 10, 74);
INSERT INTO lba.sub_play (play_id, seconds_da_start, player_made_id, team_made_id, game_made_id, player_suffered_id, team_suffered_id, game_suffered_id, shot_id, turnover_id, foul_id, rebound_defensive_01, rebound_offensive_01, assist_01, blocks_01, time_out_01, x, y)VALUES(28365, 24, 6320, 1655, 25000, 4692, 1649, 25000, NULL, NULL, 4, '', '', '', '', '', 10, 74);
INSERT INTO lba.sub_play (play_id, seconds_da_start, player_made_id, team_made_id, game_made_id, player_suffered_id, team_suffered_id, game_suffered_id, shot_id, turnover_id, foul_id, rebound_defensive_01, rebound_offensive_01, assist_01, blocks_01, time_out_01, x, y)VALUES(28365, 24, 4692, 1649, 25000, NULL, NULL, NULL, 6, NULL, NULL, '', '', '', '', '', NULL, NULL);
INSERT INTO lba.sub_play (play_id, seconds_da_start, player_made_id, team_made_id, game_made_id, player_suffered_id, team_suffered_id, game_suffered_id, shot_id, turnover_id, foul_id, rebound_defensive_01, rebound_offensive_01, assist_01, blocks_01, time_out_01, x, y)VALUES(28365, 24, 7447, 1655, 25000, NULL, NULL, NULL, NULL, NULL, NULL, '1', '', '', '', '', NULL, NULL);

INSERT INTO play(id, game_id, seconds_start, seconds_end, quarter, attack_home_01, score_home, score_guest)VALUES(28366, 25000, 2281, 2291, 4, '0', 83, 80);
INSERT INTO player_team_game_play(player_id, team_id, game_id, play_id, seconds_start, seconds_end) VALUES(4692, 1649, 25000, 28366, 2281, 2291);
INSERT INTO player_team_game_play(player_id, team_id, game_id, play_id, seconds_start, seconds_end) VALUES(2103, 1649, 25000, 28366, 2281, 2291);
INSERT INTO player_team_game_play(player_id, team_id, game_id, play_id, seconds_start, seconds_end) VALUES(5150, 1649, 25000, 28366, 2281, 2291);
INSERT INTO player_team_game_play(player_id, team_id, game_id, play_id, seconds_start, seconds_end) VALUES(7405, 1649, 25000, 28366, 2281, 2291);
INSERT INTO player_team_game_play(player_id, team_id, game_id, play_id, seconds_start, seconds_end) VALUES(7406, 1649, 25000, 28366, 2281, 2291);
INSERT INTO player_team_game_play(player_id, team_id, game_id, play_id, seconds_start, seconds_end) VALUES(6320, 1655, 25000, 28366, 2281, 2291);
INSERT INTO player_team_game_play(player_id, team_id, game_id, play_id, seconds_start, seconds_end) VALUES(7449, 1655, 25000, 28366, 2281, 2291);
INSERT INTO player_team_game_play(player_id, team_id, game_id, play_id, seconds_start, seconds_end) VALUES(7447, 1655, 25000, 28366, 2281, 2291);
INSERT INTO player_team_game_play(player_id, team_id, game_id, play_id, seconds_start, seconds_end) VALUES(7049, 1655, 25000, 28366, 2281, 2291);
INSERT INTO player_team_game_play(player_id, team_id, game_id, play_id, seconds_start, seconds_end) VALUES(7450, 1655, 25000, 28366, 2281, 2291);
UPDATE player_team_game_play SET seconds_end = 2281 WHERE player_id = 7449 AND game_id = 25000 AND play_id = 28366;
INSERT INTO player_team_game_play(player_id, team_id, game_id, play_id, seconds_start, seconds_end) VALUES(7448, 1655, 25000, 28366, 2281, 2291);
UPDATE player_team_game_play SET seconds_end = 2291 WHERE player_id = 7448 AND game_id = 25000 AND play_id = 28366;
INSERT INTO lba.sub_play (play_id, seconds_da_start, player_made_id, team_made_id, game_made_id, player_suffered_id, team_suffered_id, game_suffered_id, shot_id, turnover_id, foul_id, rebound_defensive_01, rebound_offensive_01, assist_01, blocks_01, time_out_01, x, y)VALUES(28366, 10, 2103, 1649, 25000, 6320, 1655, 25000, NULL, NULL, 1, '', '', '', '', '', 93, 29);
INSERT INTO lba.sub_play (play_id, seconds_da_start, player_made_id, team_made_id, game_made_id, player_suffered_id, team_suffered_id, game_suffered_id, shot_id, turnover_id, foul_id, rebound_defensive_01, rebound_offensive_01, assist_01, blocks_01, time_out_01, x, y)VALUES(28366, 10, 6320, 1655, 25000, NULL, NULL, NULL, 6, NULL, NULL, '', '', '', '', '', NULL, NULL);
INSERT INTO lba.sub_play (play_id, seconds_da_start, player_made_id, team_made_id, game_made_id, player_suffered_id, team_suffered_id, game_suffered_id, shot_id, turnover_id, foul_id, rebound_defensive_01, rebound_offensive_01, assist_01, blocks_01, time_out_01, x, y)VALUES(28366, 10, 6320, 1655, 25000, NULL, NULL, NULL, 5, NULL, NULL, '', '', '', '', '', NULL, NULL);

INSERT INTO play(id, game_id, seconds_start, seconds_end, quarter, attack_home_01, score_home, score_guest)VALUES(28367, 25000, 2291, 2305, 4, '1', 85, 80);
INSERT INTO player_team_game_play(player_id, team_id, game_id, play_id, seconds_start, seconds_end) VALUES(4692, 1649, 25000, 28367, 2291, 2305);
INSERT INTO player_team_game_play(player_id, team_id, game_id, play_id, seconds_start, seconds_end) VALUES(2103, 1649, 25000, 28367, 2291, 2305);
INSERT INTO player_team_game_play(player_id, team_id, game_id, play_id, seconds_start, seconds_end) VALUES(5150, 1649, 25000, 28367, 2291, 2305);
INSERT INTO player_team_game_play(player_id, team_id, game_id, play_id, seconds_start, seconds_end) VALUES(7405, 1649, 25000, 28367, 2291, 2305);
INSERT INTO player_team_game_play(player_id, team_id, game_id, play_id, seconds_start, seconds_end) VALUES(7406, 1649, 25000, 28367, 2291, 2305);
INSERT INTO player_team_game_play(player_id, team_id, game_id, play_id, seconds_start, seconds_end) VALUES(6320, 1655, 25000, 28367, 2291, 2305);
INSERT INTO player_team_game_play(player_id, team_id, game_id, play_id, seconds_start, seconds_end) VALUES(7447, 1655, 25000, 28367, 2291, 2305);
INSERT INTO player_team_game_play(player_id, team_id, game_id, play_id, seconds_start, seconds_end) VALUES(7448, 1655, 25000, 28367, 2291, 2305);
INSERT INTO player_team_game_play(player_id, team_id, game_id, play_id, seconds_start, seconds_end) VALUES(7049, 1655, 25000, 28367, 2291, 2305);
INSERT INTO player_team_game_play(player_id, team_id, game_id, play_id, seconds_start, seconds_end) VALUES(7450, 1655, 25000, 28367, 2291, 2305);
UPDATE player_team_game_play SET seconds_end = 2291 WHERE player_id = 7448 AND game_id = 25000 AND play_id = 28367;
INSERT INTO player_team_game_play(player_id, team_id, game_id, play_id, seconds_start, seconds_end) VALUES(7449, 1655, 25000, 28367, 2291, 2305);
INSERT INTO lba.sub_play (play_id, seconds_da_start, player_made_id, team_made_id, game_made_id, player_suffered_id, team_suffered_id, game_suffered_id, shot_id, turnover_id, foul_id, rebound_defensive_01, rebound_offensive_01, assist_01, blocks_01, time_out_01, x, y)VALUES(28367, 14, 5150, 1649, 25000, NULL, NULL, NULL, 1, NULL, NULL, '', '', '', '', '', 8, 52);

INSERT INTO play(id, game_id, seconds_start, seconds_end, quarter, attack_home_01, score_home, score_guest)VALUES(28368, 25000, 2305, 2318, 4, '0', 85, 82);
INSERT INTO player_team_game_play(player_id, team_id, game_id, play_id, seconds_start, seconds_end) VALUES(4692, 1649, 25000, 28368, 2305, 2318);
INSERT INTO player_team_game_play(player_id, team_id, game_id, play_id, seconds_start, seconds_end) VALUES(2103, 1649, 25000, 28368, 2305, 2318);
INSERT INTO player_team_game_play(player_id, team_id, game_id, play_id, seconds_start, seconds_end) VALUES(5150, 1649, 25000, 28368, 2305, 2318);
INSERT INTO player_team_game_play(player_id, team_id, game_id, play_id, seconds_start, seconds_end) VALUES(7405, 1649, 25000, 28368, 2305, 2318);
INSERT INTO player_team_game_play(player_id, team_id, game_id, play_id, seconds_start, seconds_end) VALUES(7406, 1649, 25000, 28368, 2305, 2318);
INSERT INTO player_team_game_play(player_id, team_id, game_id, play_id, seconds_start, seconds_end) VALUES(6320, 1655, 25000, 28368, 2305, 2318);
INSERT INTO player_team_game_play(player_id, team_id, game_id, play_id, seconds_start, seconds_end) VALUES(7449, 1655, 25000, 28368, 2305, 2318);
INSERT INTO player_team_game_play(player_id, team_id, game_id, play_id, seconds_start, seconds_end) VALUES(7447, 1655, 25000, 28368, 2305, 2318);
INSERT INTO player_team_game_play(player_id, team_id, game_id, play_id, seconds_start, seconds_end) VALUES(7049, 1655, 25000, 28368, 2305, 2318);
INSERT INTO player_team_game_play(player_id, team_id, game_id, play_id, seconds_start, seconds_end) VALUES(7450, 1655, 25000, 28368, 2305, 2318);
INSERT INTO lba.sub_play (play_id, seconds_da_start, player_made_id, team_made_id, game_made_id, player_suffered_id, team_suffered_id, game_suffered_id, shot_id, turnover_id, foul_id, rebound_defensive_01, rebound_offensive_01, assist_01, blocks_01, time_out_01, x, y)VALUES(28368, 13, 7450, 1655, 25000, NULL, NULL, NULL, 1, NULL, NULL, '', '', '', '', '', 93, 44);

INSERT INTO play(id, game_id, seconds_start, seconds_end, quarter, attack_home_01, score_home, score_guest)VALUES(28369, 25000, 2318, 2341, 4, '1', 85, 82);
INSERT INTO player_team_game_play(player_id, team_id, game_id, play_id, seconds_start, seconds_end) VALUES(4692, 1649, 25000, 28369, 2318, 2341);
INSERT INTO player_team_game_play(player_id, team_id, game_id, play_id, seconds_start, seconds_end) VALUES(2103, 1649, 25000, 28369, 2318, 2341);
INSERT INTO player_team_game_play(player_id, team_id, game_id, play_id, seconds_start, seconds_end) VALUES(5150, 1649, 25000, 28369, 2318, 2341);
INSERT INTO player_team_game_play(player_id, team_id, game_id, play_id, seconds_start, seconds_end) VALUES(7405, 1649, 25000, 28369, 2318, 2341);
INSERT INTO player_team_game_play(player_id, team_id, game_id, play_id, seconds_start, seconds_end) VALUES(7406, 1649, 25000, 28369, 2318, 2341);
INSERT INTO player_team_game_play(player_id, team_id, game_id, play_id, seconds_start, seconds_end) VALUES(6320, 1655, 25000, 28369, 2318, 2341);
INSERT INTO player_team_game_play(player_id, team_id, game_id, play_id, seconds_start, seconds_end) VALUES(7449, 1655, 25000, 28369, 2318, 2341);
INSERT INTO player_team_game_play(player_id, team_id, game_id, play_id, seconds_start, seconds_end) VALUES(7447, 1655, 25000, 28369, 2318, 2341);
INSERT INTO player_team_game_play(player_id, team_id, game_id, play_id, seconds_start, seconds_end) VALUES(7049, 1655, 25000, 28369, 2318, 2341);
INSERT INTO player_team_game_play(player_id, team_id, game_id, play_id, seconds_start, seconds_end) VALUES(7450, 1655, 25000, 28369, 2318, 2341);
INSERT INTO lba.sub_play (play_id, seconds_da_start, player_made_id, team_made_id, game_made_id, player_suffered_id, team_suffered_id, game_suffered_id, shot_id, turnover_id, foul_id, rebound_defensive_01, rebound_offensive_01, assist_01, blocks_01, time_out_01, x, y)VALUES(28369, 23, 7405, 1649, 25000, NULL, NULL, NULL, 4, NULL, NULL, '', '', '', '', '', 27, 25);
INSERT INTO lba.sub_play (play_id, seconds_da_start, player_made_id, team_made_id, game_made_id, player_suffered_id, team_suffered_id, game_suffered_id, shot_id, turnover_id, foul_id, rebound_defensive_01, rebound_offensive_01, assist_01, blocks_01, time_out_01, x, y)VALUES(28369, 23, 7450, 1655, 25000, NULL, NULL, NULL, NULL, NULL, NULL, '1', '', '', '', '', 27, 25);

INSERT INTO play(id, game_id, seconds_start, seconds_end, quarter, attack_home_01, score_home, score_guest)VALUES(28370, 25000, 2341, 2348, 4, '0', 85, 82);
INSERT INTO player_team_game_play(player_id, team_id, game_id, play_id, seconds_start, seconds_end) VALUES(4692, 1649, 25000, 28370, 2341, 2348);
INSERT INTO player_team_game_play(player_id, team_id, game_id, play_id, seconds_start, seconds_end) VALUES(2103, 1649, 25000, 28370, 2341, 2348);
INSERT INTO player_team_game_play(player_id, team_id, game_id, play_id, seconds_start, seconds_end) VALUES(5150, 1649, 25000, 28370, 2341, 2348);
INSERT INTO player_team_game_play(player_id, team_id, game_id, play_id, seconds_start, seconds_end) VALUES(7405, 1649, 25000, 28370, 2341, 2348);
INSERT INTO player_team_game_play(player_id, team_id, game_id, play_id, seconds_start, seconds_end) VALUES(7406, 1649, 25000, 28370, 2341, 2348);
INSERT INTO player_team_game_play(player_id, team_id, game_id, play_id, seconds_start, seconds_end) VALUES(6320, 1655, 25000, 28370, 2341, 2348);
INSERT INTO player_team_game_play(player_id, team_id, game_id, play_id, seconds_start, seconds_end) VALUES(7449, 1655, 25000, 28370, 2341, 2348);
INSERT INTO player_team_game_play(player_id, team_id, game_id, play_id, seconds_start, seconds_end) VALUES(7447, 1655, 25000, 28370, 2341, 2348);
INSERT INTO player_team_game_play(player_id, team_id, game_id, play_id, seconds_start, seconds_end) VALUES(7049, 1655, 25000, 28370, 2341, 2348);
INSERT INTO player_team_game_play(player_id, team_id, game_id, play_id, seconds_start, seconds_end) VALUES(7450, 1655, 25000, 28370, 2341, 2348);
INSERT INTO lba.sub_play (play_id, seconds_da_start, player_made_id, team_made_id, game_made_id, player_suffered_id, team_suffered_id, game_suffered_id, shot_id, turnover_id, foul_id, rebound_defensive_01, rebound_offensive_01, assist_01, blocks_01, time_out_01, x, y)VALUES(28370, 7, 7450, 1655, 25000, 7406, 1649, 25000, NULL, 1, NULL, '', '', '', '', '', 17, 43);

INSERT INTO play(id, game_id, seconds_start, seconds_end, quarter, attack_home_01, score_home, score_guest)VALUES(28371, 25000, 2348, 2354, 4, '1', 87, 82);
INSERT INTO player_team_game_play(player_id, team_id, game_id, play_id, seconds_start, seconds_end) VALUES(4692, 1649, 25000, 28371, 2348, 2354);
INSERT INTO player_team_game_play(player_id, team_id, game_id, play_id, seconds_start, seconds_end) VALUES(2103, 1649, 25000, 28371, 2348, 2354);
INSERT INTO player_team_game_play(player_id, team_id, game_id, play_id, seconds_start, seconds_end) VALUES(5150, 1649, 25000, 28371, 2348, 2354);
INSERT INTO player_team_game_play(player_id, team_id, game_id, play_id, seconds_start, seconds_end) VALUES(7405, 1649, 25000, 28371, 2348, 2354);
INSERT INTO player_team_game_play(player_id, team_id, game_id, play_id, seconds_start, seconds_end) VALUES(7406, 1649, 25000, 28371, 2348, 2354);
INSERT INTO player_team_game_play(player_id, team_id, game_id, play_id, seconds_start, seconds_end) VALUES(6320, 1655, 25000, 28371, 2348, 2354);
INSERT INTO player_team_game_play(player_id, team_id, game_id, play_id, seconds_start, seconds_end) VALUES(7449, 1655, 25000, 28371, 2348, 2354);
INSERT INTO player_team_game_play(player_id, team_id, game_id, play_id, seconds_start, seconds_end) VALUES(7447, 1655, 25000, 28371, 2348, 2354);
INSERT INTO player_team_game_play(player_id, team_id, game_id, play_id, seconds_start, seconds_end) VALUES(7049, 1655, 25000, 28371, 2348, 2354);
INSERT INTO player_team_game_play(player_id, team_id, game_id, play_id, seconds_start, seconds_end) VALUES(7450, 1655, 25000, 28371, 2348, 2354);
UPDATE player_team_game_play SET seconds_end = 2354 WHERE player_id = 7449 AND game_id = 25000 AND play_id = 28371;
INSERT INTO player_team_game_play(player_id, team_id, game_id, play_id, seconds_start, seconds_end) VALUES(7448, 1655, 25000, 28371, 2354, 2354);
INSERT INTO lba.sub_play (play_id, seconds_da_start, player_made_id, team_made_id, game_made_id, player_suffered_id, team_suffered_id, game_suffered_id, shot_id, turnover_id, foul_id, rebound_defensive_01, rebound_offensive_01, assist_01, blocks_01, time_out_01, x, y)VALUES(28371, 6, 7405, 1649, 25000, NULL, NULL, NULL, 1, NULL, NULL, '', '', '', '', '', 4, 51);
INSERT INTO lba.sub_play (play_id, seconds_da_start, player_made_id, team_made_id, game_made_id, player_suffered_id, team_suffered_id, game_suffered_id, shot_id, turnover_id, foul_id, rebound_defensive_01, rebound_offensive_01, assist_01, blocks_01, time_out_01, x, y)VALUES(28371, 6, 7406, 1649, 25000, NULL, NULL, NULL, NULL, NULL, NULL, '', '', '1', '', '', 4, 51);

INSERT INTO play(id, game_id, seconds_start, seconds_end, quarter, attack_home_01, score_home, score_guest)VALUES(28372, 25000, 2354, 2360, 4, '0', 87, 82);
INSERT INTO player_team_game_play(player_id, team_id, game_id, play_id, seconds_start, seconds_end) VALUES(4692, 1649, 25000, 28372, 2354, 2360);
INSERT INTO player_team_game_play(player_id, team_id, game_id, play_id, seconds_start, seconds_end) VALUES(2103, 1649, 25000, 28372, 2354, 2360);
INSERT INTO player_team_game_play(player_id, team_id, game_id, play_id, seconds_start, seconds_end) VALUES(5150, 1649, 25000, 28372, 2354, 2360);
INSERT INTO player_team_game_play(player_id, team_id, game_id, play_id, seconds_start, seconds_end) VALUES(7405, 1649, 25000, 28372, 2354, 2360);
INSERT INTO player_team_game_play(player_id, team_id, game_id, play_id, seconds_start, seconds_end) VALUES(7406, 1649, 25000, 28372, 2354, 2360);
INSERT INTO player_team_game_play(player_id, team_id, game_id, play_id, seconds_start, seconds_end) VALUES(6320, 1655, 25000, 28372, 2354, 2360);
INSERT INTO player_team_game_play(player_id, team_id, game_id, play_id, seconds_start, seconds_end) VALUES(7449, 1655, 25000, 28372, 2354, 2360);
INSERT INTO player_team_game_play(player_id, team_id, game_id, play_id, seconds_start, seconds_end) VALUES(7447, 1655, 25000, 28372, 2354, 2360);
INSERT INTO player_team_game_play(player_id, team_id, game_id, play_id, seconds_start, seconds_end) VALUES(7049, 1655, 25000, 28372, 2354, 2360);
INSERT INTO player_team_game_play(player_id, team_id, game_id, play_id, seconds_start, seconds_end) VALUES(7450, 1655, 25000, 28372, 2354, 2360);
UPDATE player_team_game_play SET seconds_end = 2354 WHERE player_id = 7449 AND game_id = 25000 AND play_id = 28372;
INSERT INTO player_team_game_play(player_id, team_id, game_id, play_id, seconds_start, seconds_end) VALUES(7448, 1655, 25000, 28372, 2354, 2360);
INSERT INTO lba.sub_play (play_id, seconds_da_start, player_made_id, team_made_id, game_made_id, player_suffered_id, team_suffered_id, game_suffered_id, shot_id, turnover_id, foul_id, rebound_defensive_01, rebound_offensive_01, assist_01, blocks_01, time_out_01, x, y)VALUES(28372, 6, 7049, 1655, 25000, NULL, NULL, NULL, 4, NULL, NULL, '', '', '', '', '', 67, 70);
INSERT INTO lba.sub_play (play_id, seconds_da_start, player_made_id, team_made_id, game_made_id, player_suffered_id, team_suffered_id, game_suffered_id, shot_id, turnover_id, foul_id, rebound_defensive_01, rebound_offensive_01, assist_01, blocks_01, time_out_01, x, y)VALUES(28372, 6, 7405, 1649, 25000, NULL, NULL, NULL, NULL, NULL, NULL, '1', '', '', '', '', 67, 70);

INSERT INTO play(id, game_id, seconds_start, seconds_end, quarter, attack_home_01, score_home, score_guest)VALUES(28373, 25000, 2360, 2384, 4, '1', 89, 82);
INSERT INTO player_team_game_play(player_id, team_id, game_id, play_id, seconds_start, seconds_end) VALUES(4692, 1649, 25000, 28373, 2360, 2384);
INSERT INTO player_team_game_play(player_id, team_id, game_id, play_id, seconds_start, seconds_end) VALUES(2103, 1649, 25000, 28373, 2360, 2384);
INSERT INTO player_team_game_play(player_id, team_id, game_id, play_id, seconds_start, seconds_end) VALUES(5150, 1649, 25000, 28373, 2360, 2384);
INSERT INTO player_team_game_play(player_id, team_id, game_id, play_id, seconds_start, seconds_end) VALUES(7405, 1649, 25000, 28373, 2360, 2384);
INSERT INTO player_team_game_play(player_id, team_id, game_id, play_id, seconds_start, seconds_end) VALUES(7406, 1649, 25000, 28373, 2360, 2384);
INSERT INTO player_team_game_play(player_id, team_id, game_id, play_id, seconds_start, seconds_end) VALUES(6320, 1655, 25000, 28373, 2360, 2384);
INSERT INTO player_team_game_play(player_id, team_id, game_id, play_id, seconds_start, seconds_end) VALUES(7447, 1655, 25000, 28373, 2360, 2384);
INSERT INTO player_team_game_play(player_id, team_id, game_id, play_id, seconds_start, seconds_end) VALUES(7448, 1655, 25000, 28373, 2360, 2384);
INSERT INTO player_team_game_play(player_id, team_id, game_id, play_id, seconds_start, seconds_end) VALUES(7049, 1655, 25000, 28373, 2360, 2384);
INSERT INTO player_team_game_play(player_id, team_id, game_id, play_id, seconds_start, seconds_end) VALUES(7450, 1655, 25000, 28373, 2360, 2384);
INSERT INTO lba.sub_play (play_id, seconds_da_start, player_made_id, team_made_id, game_made_id, player_suffered_id, team_suffered_id, game_suffered_id, shot_id, turnover_id, foul_id, rebound_defensive_01, rebound_offensive_01, assist_01, blocks_01, time_out_01, x, y)VALUES(28373, 24, 5150, 1649, 25000, NULL, NULL, NULL, 1, NULL, NULL, '', '', '', '', '', 7, 55);

INSERT INTO play(id, game_id, seconds_start, seconds_end, quarter, attack_home_01, score_home, score_guest)VALUES(28374, 25000, 2384, 2400, 4, '0', 89, 82);
INSERT INTO player_team_game_play(player_id, team_id, game_id, play_id, seconds_start, seconds_end) VALUES(4692, 1649, 25000, 28374, 2384, 2400);
INSERT INTO player_team_game_play(player_id, team_id, game_id, play_id, seconds_start, seconds_end) VALUES(2103, 1649, 25000, 28374, 2384, 2400);
INSERT INTO player_team_game_play(player_id, team_id, game_id, play_id, seconds_start, seconds_end) VALUES(5150, 1649, 25000, 28374, 2384, 2400);
INSERT INTO player_team_game_play(player_id, team_id, game_id, play_id, seconds_start, seconds_end) VALUES(7405, 1649, 25000, 28374, 2384, 2400);
INSERT INTO player_team_game_play(player_id, team_id, game_id, play_id, seconds_start, seconds_end) VALUES(7406, 1649, 25000, 28374, 2384, 2400);
INSERT INTO player_team_game_play(player_id, team_id, game_id, play_id, seconds_start, seconds_end) VALUES(6320, 1655, 25000, 28374, 2384, 2400);
INSERT INTO player_team_game_play(player_id, team_id, game_id, play_id, seconds_start, seconds_end) VALUES(7447, 1655, 25000, 28374, 2384, 2400);
INSERT INTO player_team_game_play(player_id, team_id, game_id, play_id, seconds_start, seconds_end) VALUES(7448, 1655, 25000, 28374, 2384, 2400);
INSERT INTO player_team_game_play(player_id, team_id, game_id, play_id, seconds_start, seconds_end) VALUES(7049, 1655, 25000, 28374, 2384, 2400);
INSERT INTO player_team_game_play(player_id, team_id, game_id, play_id, seconds_start, seconds_end) VALUES(7450, 1655, 25000, 28374, 2384, 2400);
INSERT INTO lba.sub_play (play_id, seconds_da_start, player_made_id, team_made_id, game_made_id, player_suffered_id, team_suffered_id, game_suffered_id, shot_id, turnover_id, foul_id, rebound_defensive_01, rebound_offensive_01, assist_01, blocks_01, time_out_01, x, y)VALUES(28374, 14, 7450, 1655, 25000, NULL, NULL, NULL, 4, NULL, NULL, '', '', '', '', '', 66, 54);
INSERT INTO lba.sub_play (play_id, seconds_da_start, player_made_id, team_made_id, game_made_id, player_suffered_id, team_suffered_id, game_suffered_id, shot_id, turnover_id, foul_id, rebound_defensive_01, rebound_offensive_01, assist_01, blocks_01, time_out_01, x, y)VALUES(28374, 14, 7406, 1649, 25000, NULL, NULL, NULL, NULL, NULL, NULL, '1', '', '', '', '', 66, 54);

