INSERT INTO game (id, league_year_id, type_game_id, team_home_id, team_guest_id, team_home_points, team_guest_points, date_hours_utc, referee_1_id, referee_2_id, referee_3_id) VALUES (25005, 1, 1, 1646, 1649, 68, 67, 1748710800000, 1, 2, 3);
INSERT INTO lba.player_team_game(player_id, team_id, game_id) VALUES(45, 1646, 25005);
INSERT INTO lba.player_team_game(player_id, team_id, game_id) VALUES(1774, 1646, 25005);
INSERT INTO lba.player_team_game(player_id, team_id, game_id) VALUES(1775, 1649, 25005);
INSERT INTO lba.player_team_game(player_id, team_id, game_id) VALUES(2103, 1649, 25005);
INSERT INTO lba.player_team_game(player_id, team_id, game_id) VALUES(2608, 1646, 25005);
INSERT INTO lba.player_team_game(player_id, team_id, game_id) VALUES(3176, 1649, 25005);
INSERT INTO lba.player_team_game(player_id, team_id, game_id) VALUES(4162, 1646, 25005);
INSERT INTO lba.player_team_game(player_id, team_id, game_id) VALUES(4452, 1646, 25005);
INSERT INTO lba.player_team_game(player_id, team_id, game_id) VALUES(4692, 1649, 25005);
INSERT INTO lba.player_team_game(player_id, team_id, game_id) VALUES(5150, 1649, 25005);
INSERT INTO lba.player_team_game(player_id, team_id, game_id) VALUES(5449, 1646, 25005);
INSERT INTO lba.player_team_game(player_id, team_id, game_id) VALUES(6138, 1649, 25005);
INSERT INTO lba.player_team_game(player_id, team_id, game_id) VALUES(6223, 1646, 25005);
INSERT INTO lba.player_team_game(player_id, team_id, game_id) VALUES(6328, 1646, 25005);
INSERT INTO lba.player_team_game(player_id, team_id, game_id) VALUES(7015, 1649, 25005);
INSERT INTO lba.player_team_game(player_id, team_id, game_id) VALUES(7314, 1646, 25005);
INSERT INTO lba.player_team_game(player_id, team_id, game_id) VALUES(7404, 1649, 25005);
INSERT INTO lba.player_team_game(player_id, team_id, game_id) VALUES(7405, 1649, 25005);
INSERT INTO lba.player_team_game(player_id, team_id, game_id) VALUES(7406, 1649, 25005);
INSERT INTO lba.player_team_game(player_id, team_id, game_id) VALUES(7461, 1646, 25005);
INSERT INTO lba.player_team_game(player_id, team_id, game_id) VALUES(7462, 1646, 25005);
INSERT INTO play(id, game_id, seconds_start, seconds_end, quarter, attack_home_01, score_home, score_guest)VALUES(27293, 25005, 0, 14, 1, '1', 2, 0);
INSERT INTO player_team_game_play(player_id, team_id, game_id, play_id, seconds_start, seconds_end) VALUES(7461, 1646, 25005, 27293, 0, 14);
INSERT INTO player_team_game_play(player_id, team_id, game_id, play_id, seconds_start, seconds_end) VALUES(45, 1646, 25005, 27293, 0, 14);
INSERT INTO player_team_game_play(player_id, team_id, game_id, play_id, seconds_start, seconds_end) VALUES(1774, 1646, 25005, 27293, 0, 14);
INSERT INTO player_team_game_play(player_id, team_id, game_id, play_id, seconds_start, seconds_end) VALUES(6223, 1646, 25005, 27293, 0, 14);
INSERT INTO player_team_game_play(player_id, team_id, game_id, play_id, seconds_start, seconds_end) VALUES(2608, 1646, 25005, 27293, 0, 14);
INSERT INTO player_team_game_play(player_id, team_id, game_id, play_id, seconds_start, seconds_end) VALUES(7015, 1649, 25005, 27293, 0, 14);
INSERT INTO player_team_game_play(player_id, team_id, game_id, play_id, seconds_start, seconds_end) VALUES(3176, 1649, 25005, 27293, 0, 14);
INSERT INTO player_team_game_play(player_id, team_id, game_id, play_id, seconds_start, seconds_end) VALUES(7405, 1649, 25005, 27293, 0, 14);
INSERT INTO player_team_game_play(player_id, team_id, game_id, play_id, seconds_start, seconds_end) VALUES(6138, 1649, 25005, 27293, 0, 14);
INSERT INTO player_team_game_play(player_id, team_id, game_id, play_id, seconds_start, seconds_end) VALUES(5150, 1649, 25005, 27293, 0, 14);
INSERT INTO lba.sub_play (play_id, seconds_da_start, player_made_id, team_made_id, game_made_id, player_suffered_id, team_suffered_id, game_suffered_id, shot_id, turnover_id, foul_id, rebound_defensive_01, rebound_offensive_01, assist_01, blocks_01, time_out_01, x, y)VALUES(27293, 14, 7461, 1646, 25005, NULL, NULL, NULL, 1, NULL, NULL, '', '', '', '', '', 7, 42);
INSERT INTO lba.sub_play (play_id, seconds_da_start, player_made_id, team_made_id, game_made_id, player_suffered_id, team_suffered_id, game_suffered_id, shot_id, turnover_id, foul_id, rebound_defensive_01, rebound_offensive_01, assist_01, blocks_01, time_out_01, x, y)VALUES(27293, 14, 6223, 1646, 25005, NULL, NULL, NULL, NULL, NULL, NULL, '', '', '1', '', '', 7, 42);

INSERT INTO play(id, game_id, seconds_start, seconds_end, quarter, attack_home_01, score_home, score_guest)VALUES(27294, 25005, 14, 71, 1, '1', 2, 2);
INSERT INTO player_team_game_play(player_id, team_id, game_id, play_id, seconds_start, seconds_end) VALUES(7461, 1646, 25005, 27294, 14, 71);
INSERT INTO player_team_game_play(player_id, team_id, game_id, play_id, seconds_start, seconds_end) VALUES(45, 1646, 25005, 27294, 14, 71);
INSERT INTO player_team_game_play(player_id, team_id, game_id, play_id, seconds_start, seconds_end) VALUES(1774, 1646, 25005, 27294, 14, 71);
INSERT INTO player_team_game_play(player_id, team_id, game_id, play_id, seconds_start, seconds_end) VALUES(6223, 1646, 25005, 27294, 14, 71);
INSERT INTO player_team_game_play(player_id, team_id, game_id, play_id, seconds_start, seconds_end) VALUES(2608, 1646, 25005, 27294, 14, 71);
INSERT INTO player_team_game_play(player_id, team_id, game_id, play_id, seconds_start, seconds_end) VALUES(7015, 1649, 25005, 27294, 14, 71);
INSERT INTO player_team_game_play(player_id, team_id, game_id, play_id, seconds_start, seconds_end) VALUES(3176, 1649, 25005, 27294, 14, 71);
INSERT INTO player_team_game_play(player_id, team_id, game_id, play_id, seconds_start, seconds_end) VALUES(7405, 1649, 25005, 27294, 14, 71);
INSERT INTO player_team_game_play(player_id, team_id, game_id, play_id, seconds_start, seconds_end) VALUES(6138, 1649, 25005, 27294, 14, 71);
INSERT INTO player_team_game_play(player_id, team_id, game_id, play_id, seconds_start, seconds_end) VALUES(5150, 1649, 25005, 27294, 14, 71);
INSERT INTO lba.sub_play (play_id, seconds_da_start, player_made_id, team_made_id, game_made_id, player_suffered_id, team_suffered_id, game_suffered_id, shot_id, turnover_id, foul_id, rebound_defensive_01, rebound_offensive_01, assist_01, blocks_01, time_out_01, x, y)VALUES(27294, 22, 45, 1646, 25005, 5150, 1649, 25005, NULL, NULL, 1, '', '', '', '', '', 78, 82);
INSERT INTO lba.sub_play (play_id, seconds_da_start, player_made_id, team_made_id, game_made_id, player_suffered_id, team_suffered_id, game_suffered_id, shot_id, turnover_id, foul_id, rebound_defensive_01, rebound_offensive_01, assist_01, blocks_01, time_out_01, x, y)VALUES(27294, 32, 7405, 1649, 25005, NULL, NULL, NULL, 1, NULL, NULL, '', '', '', '', '', 79, 67);
INSERT INTO lba.sub_play (play_id, seconds_da_start, player_made_id, team_made_id, game_made_id, player_suffered_id, team_suffered_id, game_suffered_id, shot_id, turnover_id, foul_id, rebound_defensive_01, rebound_offensive_01, assist_01, blocks_01, time_out_01, x, y)VALUES(27294, 36, 6138, 1649, 25005, 2608, 1646, 25005, NULL, NULL, 1, '', '', '', '', '', 68, 27);
INSERT INTO lba.sub_play (play_id, seconds_da_start, player_made_id, team_made_id, game_made_id, player_suffered_id, team_suffered_id, game_suffered_id, shot_id, turnover_id, foul_id, rebound_defensive_01, rebound_offensive_01, assist_01, blocks_01, time_out_01, x, y)VALUES(27294, 57, 45, 1646, 25005, NULL, NULL, NULL, 4, NULL, NULL, '', '', '', '', '', 15, 96);
INSERT INTO lba.sub_play (play_id, seconds_da_start, player_made_id, team_made_id, game_made_id, player_suffered_id, team_suffered_id, game_suffered_id, shot_id, turnover_id, foul_id, rebound_defensive_01, rebound_offensive_01, assist_01, blocks_01, time_out_01, x, y)VALUES(27294, 57, 5150, 1649, 25005, NULL, NULL, NULL, NULL, NULL, NULL, '1', '', '', '', '', 15, 96);

INSERT INTO play(id, game_id, seconds_start, seconds_end, quarter, attack_home_01, score_home, score_guest)VALUES(27295, 25005, 71, 87, 1, '0', 2, 2);
INSERT INTO player_team_game_play(player_id, team_id, game_id, play_id, seconds_start, seconds_end) VALUES(7461, 1646, 25005, 27295, 71, 87);
INSERT INTO player_team_game_play(player_id, team_id, game_id, play_id, seconds_start, seconds_end) VALUES(45, 1646, 25005, 27295, 71, 87);
INSERT INTO player_team_game_play(player_id, team_id, game_id, play_id, seconds_start, seconds_end) VALUES(1774, 1646, 25005, 27295, 71, 87);
INSERT INTO player_team_game_play(player_id, team_id, game_id, play_id, seconds_start, seconds_end) VALUES(6223, 1646, 25005, 27295, 71, 87);
INSERT INTO player_team_game_play(player_id, team_id, game_id, play_id, seconds_start, seconds_end) VALUES(2608, 1646, 25005, 27295, 71, 87);
INSERT INTO player_team_game_play(player_id, team_id, game_id, play_id, seconds_start, seconds_end) VALUES(7015, 1649, 25005, 27295, 71, 87);
INSERT INTO player_team_game_play(player_id, team_id, game_id, play_id, seconds_start, seconds_end) VALUES(3176, 1649, 25005, 27295, 71, 87);
INSERT INTO player_team_game_play(player_id, team_id, game_id, play_id, seconds_start, seconds_end) VALUES(7405, 1649, 25005, 27295, 71, 87);
INSERT INTO player_team_game_play(player_id, team_id, game_id, play_id, seconds_start, seconds_end) VALUES(6138, 1649, 25005, 27295, 71, 87);
INSERT INTO player_team_game_play(player_id, team_id, game_id, play_id, seconds_start, seconds_end) VALUES(5150, 1649, 25005, 27295, 71, 87);
INSERT INTO lba.sub_play (play_id, seconds_da_start, player_made_id, team_made_id, game_made_id, player_suffered_id, team_suffered_id, game_suffered_id, shot_id, turnover_id, foul_id, rebound_defensive_01, rebound_offensive_01, assist_01, blocks_01, time_out_01, x, y)VALUES(27295, 16, 7015, 1649, 25005, NULL, NULL, NULL, 2, NULL, NULL, '', '', '', '', '', 95, 43);
INSERT INTO lba.sub_play (play_id, seconds_da_start, player_made_id, team_made_id, game_made_id, player_suffered_id, team_suffered_id, game_suffered_id, shot_id, turnover_id, foul_id, rebound_defensive_01, rebound_offensive_01, assist_01, blocks_01, time_out_01, x, y)VALUES(27295, 16, 45, 1646, 25005, 7015, 1649, 25005, NULL, NULL, NULL, '', '', '', '1', '', 95, 43);
INSERT INTO lba.sub_play (play_id, seconds_da_start, player_made_id, team_made_id, game_made_id, player_suffered_id, team_suffered_id, game_suffered_id, shot_id, turnover_id, foul_id, rebound_defensive_01, rebound_offensive_01, assist_01, blocks_01, time_out_01, x, y)VALUES(27295, 16, 45, 1646, 25005, NULL, NULL, NULL, NULL, NULL, NULL, '1', '', '', '', '', 95, 43);

INSERT INTO play(id, game_id, seconds_start, seconds_end, quarter, attack_home_01, score_home, score_guest)VALUES(27296, 25005, 87, 110, 1, '1', 4, 2);
INSERT INTO player_team_game_play(player_id, team_id, game_id, play_id, seconds_start, seconds_end) VALUES(7461, 1646, 25005, 27296, 87, 110);
INSERT INTO player_team_game_play(player_id, team_id, game_id, play_id, seconds_start, seconds_end) VALUES(45, 1646, 25005, 27296, 87, 110);
INSERT INTO player_team_game_play(player_id, team_id, game_id, play_id, seconds_start, seconds_end) VALUES(1774, 1646, 25005, 27296, 87, 110);
INSERT INTO player_team_game_play(player_id, team_id, game_id, play_id, seconds_start, seconds_end) VALUES(6223, 1646, 25005, 27296, 87, 110);
INSERT INTO player_team_game_play(player_id, team_id, game_id, play_id, seconds_start, seconds_end) VALUES(2608, 1646, 25005, 27296, 87, 110);
INSERT INTO player_team_game_play(player_id, team_id, game_id, play_id, seconds_start, seconds_end) VALUES(7015, 1649, 25005, 27296, 87, 110);
INSERT INTO player_team_game_play(player_id, team_id, game_id, play_id, seconds_start, seconds_end) VALUES(3176, 1649, 25005, 27296, 87, 110);
INSERT INTO player_team_game_play(player_id, team_id, game_id, play_id, seconds_start, seconds_end) VALUES(7405, 1649, 25005, 27296, 87, 110);
INSERT INTO player_team_game_play(player_id, team_id, game_id, play_id, seconds_start, seconds_end) VALUES(6138, 1649, 25005, 27296, 87, 110);
INSERT INTO player_team_game_play(player_id, team_id, game_id, play_id, seconds_start, seconds_end) VALUES(5150, 1649, 25005, 27296, 87, 110);
INSERT INTO lba.sub_play (play_id, seconds_da_start, player_made_id, team_made_id, game_made_id, player_suffered_id, team_suffered_id, game_suffered_id, shot_id, turnover_id, foul_id, rebound_defensive_01, rebound_offensive_01, assist_01, blocks_01, time_out_01, x, y)VALUES(27296, 9, 1774, 1646, 25005, NULL, NULL, NULL, 2, NULL, NULL, '', '', '', '', '', 7, 47);
INSERT INTO lba.sub_play (play_id, seconds_da_start, player_made_id, team_made_id, game_made_id, player_suffered_id, team_suffered_id, game_suffered_id, shot_id, turnover_id, foul_id, rebound_defensive_01, rebound_offensive_01, assist_01, blocks_01, time_out_01, x, y)VALUES(27296, 9, 45, 1646, 25005, NULL, NULL, NULL, NULL, NULL, NULL, '', '1', '', '', '', 7, 47);
INSERT INTO lba.sub_play (play_id, seconds_da_start, player_made_id, team_made_id, game_made_id, player_suffered_id, team_suffered_id, game_suffered_id, shot_id, turnover_id, foul_id, rebound_defensive_01, rebound_offensive_01, assist_01, blocks_01, time_out_01, x, y)VALUES(27296, 23, 1774, 1646, 25005, NULL, NULL, NULL, 1, NULL, NULL, '', '', '', '', '', 9, 55);
INSERT INTO lba.sub_play (play_id, seconds_da_start, player_made_id, team_made_id, game_made_id, player_suffered_id, team_suffered_id, game_suffered_id, shot_id, turnover_id, foul_id, rebound_defensive_01, rebound_offensive_01, assist_01, blocks_01, time_out_01, x, y)VALUES(27296, 23, 45, 1646, 25005, NULL, NULL, NULL, NULL, NULL, NULL, '', '', '1', '', '', 9, 55);

INSERT INTO play(id, game_id, seconds_start, seconds_end, quarter, attack_home_01, score_home, score_guest)VALUES(27297, 25005, 110, 118, 1, '0', 4, 4);
INSERT INTO player_team_game_play(player_id, team_id, game_id, play_id, seconds_start, seconds_end) VALUES(7461, 1646, 25005, 27297, 110, 118);
INSERT INTO player_team_game_play(player_id, team_id, game_id, play_id, seconds_start, seconds_end) VALUES(45, 1646, 25005, 27297, 110, 118);
INSERT INTO player_team_game_play(player_id, team_id, game_id, play_id, seconds_start, seconds_end) VALUES(1774, 1646, 25005, 27297, 110, 118);
INSERT INTO player_team_game_play(player_id, team_id, game_id, play_id, seconds_start, seconds_end) VALUES(6223, 1646, 25005, 27297, 110, 118);
INSERT INTO player_team_game_play(player_id, team_id, game_id, play_id, seconds_start, seconds_end) VALUES(2608, 1646, 25005, 27297, 110, 118);
INSERT INTO player_team_game_play(player_id, team_id, game_id, play_id, seconds_start, seconds_end) VALUES(7015, 1649, 25005, 27297, 110, 118);
INSERT INTO player_team_game_play(player_id, team_id, game_id, play_id, seconds_start, seconds_end) VALUES(3176, 1649, 25005, 27297, 110, 118);
INSERT INTO player_team_game_play(player_id, team_id, game_id, play_id, seconds_start, seconds_end) VALUES(7405, 1649, 25005, 27297, 110, 118);
INSERT INTO player_team_game_play(player_id, team_id, game_id, play_id, seconds_start, seconds_end) VALUES(6138, 1649, 25005, 27297, 110, 118);
INSERT INTO player_team_game_play(player_id, team_id, game_id, play_id, seconds_start, seconds_end) VALUES(5150, 1649, 25005, 27297, 110, 118);
INSERT INTO lba.sub_play (play_id, seconds_da_start, player_made_id, team_made_id, game_made_id, player_suffered_id, team_suffered_id, game_suffered_id, shot_id, turnover_id, foul_id, rebound_defensive_01, rebound_offensive_01, assist_01, blocks_01, time_out_01, x, y)VALUES(27297, 8, 3176, 1649, 25005, NULL, NULL, NULL, 2, NULL, NULL, '', '', '', '', '', 90, 43);
INSERT INTO lba.sub_play (play_id, seconds_da_start, player_made_id, team_made_id, game_made_id, player_suffered_id, team_suffered_id, game_suffered_id, shot_id, turnover_id, foul_id, rebound_defensive_01, rebound_offensive_01, assist_01, blocks_01, time_out_01, x, y)VALUES(27297, 8, 7015, 1649, 25005, NULL, NULL, NULL, NULL, NULL, NULL, '', '1', '', '', '', 90, 43);
INSERT INTO lba.sub_play (play_id, seconds_da_start, player_made_id, team_made_id, game_made_id, player_suffered_id, team_suffered_id, game_suffered_id, shot_id, turnover_id, foul_id, rebound_defensive_01, rebound_offensive_01, assist_01, blocks_01, time_out_01, x, y)VALUES(27297, 8, 7015, 1649, 25005, NULL, NULL, NULL, 1, NULL, NULL, '', '', '', '', '', 90, 43);

INSERT INTO play(id, game_id, seconds_start, seconds_end, quarter, attack_home_01, score_home, score_guest)VALUES(27298, 25005, 118, 155, 1, '1', 4, 4);
INSERT INTO player_team_game_play(player_id, team_id, game_id, play_id, seconds_start, seconds_end) VALUES(7461, 1646, 25005, 27298, 118, 155);
INSERT INTO player_team_game_play(player_id, team_id, game_id, play_id, seconds_start, seconds_end) VALUES(45, 1646, 25005, 27298, 118, 155);
INSERT INTO player_team_game_play(player_id, team_id, game_id, play_id, seconds_start, seconds_end) VALUES(1774, 1646, 25005, 27298, 118, 155);
INSERT INTO player_team_game_play(player_id, team_id, game_id, play_id, seconds_start, seconds_end) VALUES(6223, 1646, 25005, 27298, 118, 155);
INSERT INTO player_team_game_play(player_id, team_id, game_id, play_id, seconds_start, seconds_end) VALUES(2608, 1646, 25005, 27298, 118, 155);
INSERT INTO player_team_game_play(player_id, team_id, game_id, play_id, seconds_start, seconds_end) VALUES(7015, 1649, 25005, 27298, 118, 155);
INSERT INTO player_team_game_play(player_id, team_id, game_id, play_id, seconds_start, seconds_end) VALUES(3176, 1649, 25005, 27298, 118, 155);
INSERT INTO player_team_game_play(player_id, team_id, game_id, play_id, seconds_start, seconds_end) VALUES(7405, 1649, 25005, 27298, 118, 155);
INSERT INTO player_team_game_play(player_id, team_id, game_id, play_id, seconds_start, seconds_end) VALUES(6138, 1649, 25005, 27298, 118, 155);
INSERT INTO player_team_game_play(player_id, team_id, game_id, play_id, seconds_start, seconds_end) VALUES(5150, 1649, 25005, 27298, 118, 155);
INSERT INTO lba.sub_play (play_id, seconds_da_start, player_made_id, team_made_id, game_made_id, player_suffered_id, team_suffered_id, game_suffered_id, shot_id, turnover_id, foul_id, rebound_defensive_01, rebound_offensive_01, assist_01, blocks_01, time_out_01, x, y)VALUES(27298, 28, 2608, 1646, 25005, NULL, NULL, NULL, 4, NULL, NULL, '', '', '', '', '', 33, 46);
INSERT INTO lba.sub_play (play_id, seconds_da_start, player_made_id, team_made_id, game_made_id, player_suffered_id, team_suffered_id, game_suffered_id, shot_id, turnover_id, foul_id, rebound_defensive_01, rebound_offensive_01, assist_01, blocks_01, time_out_01, x, y)VALUES(27298, 28, 1774, 1646, 25005, NULL, NULL, NULL, NULL, NULL, NULL, '', '1', '', '', '', 33, 46);
INSERT INTO lba.sub_play (play_id, seconds_da_start, player_made_id, team_made_id, game_made_id, player_suffered_id, team_suffered_id, game_suffered_id, shot_id, turnover_id, foul_id, rebound_defensive_01, rebound_offensive_01, assist_01, blocks_01, time_out_01, x, y)VALUES(27298, 37, 6223, 1646, 25005, NULL, NULL, NULL, 4, NULL, NULL, '', '', '', '', '', 30, 32);
INSERT INTO lba.sub_play (play_id, seconds_da_start, player_made_id, team_made_id, game_made_id, player_suffered_id, team_suffered_id, game_suffered_id, shot_id, turnover_id, foul_id, rebound_defensive_01, rebound_offensive_01, assist_01, blocks_01, time_out_01, x, y)VALUES(27298, 37, 6138, 1649, 25005, 6223, 1646, 25005, NULL, NULL, NULL, '', '', '', '1', '', 30, 32);
INSERT INTO lba.sub_play (play_id, seconds_da_start, player_made_id, team_made_id, game_made_id, player_suffered_id, team_suffered_id, game_suffered_id, shot_id, turnover_id, foul_id, rebound_defensive_01, rebound_offensive_01, assist_01, blocks_01, time_out_01, x, y)VALUES(27298, 37, 7015, 1649, 25005, NULL, NULL, NULL, NULL, NULL, NULL, '1', '', '', '', '', 30, 32);

INSERT INTO play(id, game_id, seconds_start, seconds_end, quarter, attack_home_01, score_home, score_guest)VALUES(27299, 25005, 155, 164, 1, '0', 4, 4);
INSERT INTO player_team_game_play(player_id, team_id, game_id, play_id, seconds_start, seconds_end) VALUES(7461, 1646, 25005, 27299, 155, 164);
INSERT INTO player_team_game_play(player_id, team_id, game_id, play_id, seconds_start, seconds_end) VALUES(45, 1646, 25005, 27299, 155, 164);
INSERT INTO player_team_game_play(player_id, team_id, game_id, play_id, seconds_start, seconds_end) VALUES(1774, 1646, 25005, 27299, 155, 164);
INSERT INTO player_team_game_play(player_id, team_id, game_id, play_id, seconds_start, seconds_end) VALUES(6223, 1646, 25005, 27299, 155, 164);
INSERT INTO player_team_game_play(player_id, team_id, game_id, play_id, seconds_start, seconds_end) VALUES(2608, 1646, 25005, 27299, 155, 164);
INSERT INTO player_team_game_play(player_id, team_id, game_id, play_id, seconds_start, seconds_end) VALUES(7015, 1649, 25005, 27299, 155, 164);
INSERT INTO player_team_game_play(player_id, team_id, game_id, play_id, seconds_start, seconds_end) VALUES(3176, 1649, 25005, 27299, 155, 164);
INSERT INTO player_team_game_play(player_id, team_id, game_id, play_id, seconds_start, seconds_end) VALUES(7405, 1649, 25005, 27299, 155, 164);
INSERT INTO player_team_game_play(player_id, team_id, game_id, play_id, seconds_start, seconds_end) VALUES(6138, 1649, 25005, 27299, 155, 164);
INSERT INTO player_team_game_play(player_id, team_id, game_id, play_id, seconds_start, seconds_end) VALUES(5150, 1649, 25005, 27299, 155, 164);
INSERT INTO lba.sub_play (play_id, seconds_da_start, player_made_id, team_made_id, game_made_id, player_suffered_id, team_suffered_id, game_suffered_id, shot_id, turnover_id, foul_id, rebound_defensive_01, rebound_offensive_01, assist_01, blocks_01, time_out_01, x, y)VALUES(27299, 9, 6138, 1649, 25005, NULL, NULL, NULL, NULL, 5, NULL, '', '', '', '', '', 81, 100);

INSERT INTO play(id, game_id, seconds_start, seconds_end, quarter, attack_home_01, score_home, score_guest)VALUES(27300, 25005, 164, 180, 1, '1', 6, 4);
INSERT INTO player_team_game_play(player_id, team_id, game_id, play_id, seconds_start, seconds_end) VALUES(7461, 1646, 25005, 27300, 164, 180);
INSERT INTO player_team_game_play(player_id, team_id, game_id, play_id, seconds_start, seconds_end) VALUES(45, 1646, 25005, 27300, 164, 180);
INSERT INTO player_team_game_play(player_id, team_id, game_id, play_id, seconds_start, seconds_end) VALUES(1774, 1646, 25005, 27300, 164, 180);
INSERT INTO player_team_game_play(player_id, team_id, game_id, play_id, seconds_start, seconds_end) VALUES(6223, 1646, 25005, 27300, 164, 180);
INSERT INTO player_team_game_play(player_id, team_id, game_id, play_id, seconds_start, seconds_end) VALUES(2608, 1646, 25005, 27300, 164, 180);
INSERT INTO player_team_game_play(player_id, team_id, game_id, play_id, seconds_start, seconds_end) VALUES(7015, 1649, 25005, 27300, 164, 180);
INSERT INTO player_team_game_play(player_id, team_id, game_id, play_id, seconds_start, seconds_end) VALUES(3176, 1649, 25005, 27300, 164, 180);
INSERT INTO player_team_game_play(player_id, team_id, game_id, play_id, seconds_start, seconds_end) VALUES(7405, 1649, 25005, 27300, 164, 180);
INSERT INTO player_team_game_play(player_id, team_id, game_id, play_id, seconds_start, seconds_end) VALUES(6138, 1649, 25005, 27300, 164, 180);
INSERT INTO player_team_game_play(player_id, team_id, game_id, play_id, seconds_start, seconds_end) VALUES(5150, 1649, 25005, 27300, 164, 180);
INSERT INTO lba.sub_play (play_id, seconds_da_start, player_made_id, team_made_id, game_made_id, player_suffered_id, team_suffered_id, game_suffered_id, shot_id, turnover_id, foul_id, rebound_defensive_01, rebound_offensive_01, assist_01, blocks_01, time_out_01, x, y)VALUES(27300, 11, 2608, 1646, 25005, NULL, NULL, NULL, 2, NULL, NULL, '', '', '', '', '', 8, 60);
INSERT INTO lba.sub_play (play_id, seconds_da_start, player_made_id, team_made_id, game_made_id, player_suffered_id, team_suffered_id, game_suffered_id, shot_id, turnover_id, foul_id, rebound_defensive_01, rebound_offensive_01, assist_01, blocks_01, time_out_01, x, y)VALUES(27300, 11, 45, 1646, 25005, NULL, NULL, NULL, NULL, NULL, NULL, '', '1', '', '', '', 8, 60);
INSERT INTO lba.sub_play (play_id, seconds_da_start, player_made_id, team_made_id, game_made_id, player_suffered_id, team_suffered_id, game_suffered_id, shot_id, turnover_id, foul_id, rebound_defensive_01, rebound_offensive_01, assist_01, blocks_01, time_out_01, x, y)VALUES(27300, 16, 45, 1646, 25005, NULL, NULL, NULL, 1, NULL, NULL, '', '', '', '', '', 9, 47);

INSERT INTO play(id, game_id, seconds_start, seconds_end, quarter, attack_home_01, score_home, score_guest)VALUES(27301, 25005, 180, 203, 1, '0', 6, 6);
INSERT INTO player_team_game_play(player_id, team_id, game_id, play_id, seconds_start, seconds_end) VALUES(7461, 1646, 25005, 27301, 180, 203);
INSERT INTO player_team_game_play(player_id, team_id, game_id, play_id, seconds_start, seconds_end) VALUES(45, 1646, 25005, 27301, 180, 203);
INSERT INTO player_team_game_play(player_id, team_id, game_id, play_id, seconds_start, seconds_end) VALUES(1774, 1646, 25005, 27301, 180, 203);
INSERT INTO player_team_game_play(player_id, team_id, game_id, play_id, seconds_start, seconds_end) VALUES(6223, 1646, 25005, 27301, 180, 203);
INSERT INTO player_team_game_play(player_id, team_id, game_id, play_id, seconds_start, seconds_end) VALUES(2608, 1646, 25005, 27301, 180, 203);
INSERT INTO player_team_game_play(player_id, team_id, game_id, play_id, seconds_start, seconds_end) VALUES(7015, 1649, 25005, 27301, 180, 203);
INSERT INTO player_team_game_play(player_id, team_id, game_id, play_id, seconds_start, seconds_end) VALUES(3176, 1649, 25005, 27301, 180, 203);
INSERT INTO player_team_game_play(player_id, team_id, game_id, play_id, seconds_start, seconds_end) VALUES(7405, 1649, 25005, 27301, 180, 203);
INSERT INTO player_team_game_play(player_id, team_id, game_id, play_id, seconds_start, seconds_end) VALUES(6138, 1649, 25005, 27301, 180, 203);
INSERT INTO player_team_game_play(player_id, team_id, game_id, play_id, seconds_start, seconds_end) VALUES(5150, 1649, 25005, 27301, 180, 203);
INSERT INTO lba.sub_play (play_id, seconds_da_start, player_made_id, team_made_id, game_made_id, player_suffered_id, team_suffered_id, game_suffered_id, shot_id, turnover_id, foul_id, rebound_defensive_01, rebound_offensive_01, assist_01, blocks_01, time_out_01, x, y)VALUES(27301, 23, 7015, 1649, 25005, NULL, NULL, NULL, 1, NULL, NULL, '', '', '', '', '', 92, 60);

INSERT INTO play(id, game_id, seconds_start, seconds_end, quarter, attack_home_01, score_home, score_guest)VALUES(27302, 25005, 203, 232, 1, '1', 6, 6);
INSERT INTO player_team_game_play(player_id, team_id, game_id, play_id, seconds_start, seconds_end) VALUES(7461, 1646, 25005, 27302, 203, 232);
INSERT INTO player_team_game_play(player_id, team_id, game_id, play_id, seconds_start, seconds_end) VALUES(45, 1646, 25005, 27302, 203, 232);
INSERT INTO player_team_game_play(player_id, team_id, game_id, play_id, seconds_start, seconds_end) VALUES(1774, 1646, 25005, 27302, 203, 232);
INSERT INTO player_team_game_play(player_id, team_id, game_id, play_id, seconds_start, seconds_end) VALUES(6223, 1646, 25005, 27302, 203, 232);
INSERT INTO player_team_game_play(player_id, team_id, game_id, play_id, seconds_start, seconds_end) VALUES(2608, 1646, 25005, 27302, 203, 232);
INSERT INTO player_team_game_play(player_id, team_id, game_id, play_id, seconds_start, seconds_end) VALUES(7015, 1649, 25005, 27302, 203, 232);
INSERT INTO player_team_game_play(player_id, team_id, game_id, play_id, seconds_start, seconds_end) VALUES(3176, 1649, 25005, 27302, 203, 232);
INSERT INTO player_team_game_play(player_id, team_id, game_id, play_id, seconds_start, seconds_end) VALUES(7405, 1649, 25005, 27302, 203, 232);
INSERT INTO player_team_game_play(player_id, team_id, game_id, play_id, seconds_start, seconds_end) VALUES(6138, 1649, 25005, 27302, 203, 232);
INSERT INTO player_team_game_play(player_id, team_id, game_id, play_id, seconds_start, seconds_end) VALUES(5150, 1649, 25005, 27302, 203, 232);
INSERT INTO lba.sub_play (play_id, seconds_da_start, player_made_id, team_made_id, game_made_id, player_suffered_id, team_suffered_id, game_suffered_id, shot_id, turnover_id, foul_id, rebound_defensive_01, rebound_offensive_01, assist_01, blocks_01, time_out_01, x, y)VALUES(27302, 20, 1774, 1646, 25005, NULL, NULL, NULL, 2, NULL, NULL, '', '', '', '', '', 8, 59);
INSERT INTO lba.sub_play (play_id, seconds_da_start, player_made_id, team_made_id, game_made_id, player_suffered_id, team_suffered_id, game_suffered_id, shot_id, turnover_id, foul_id, rebound_defensive_01, rebound_offensive_01, assist_01, blocks_01, time_out_01, x, y)VALUES(27302, 20, 7405, 1649, 25005, 1774, 1646, 25005, NULL, NULL, NULL, '', '', '', '1', '', 8, 59);
INSERT INTO lba.sub_play (play_id, seconds_da_start, player_made_id, team_made_id, game_made_id, player_suffered_id, team_suffered_id, game_suffered_id, shot_id, turnover_id, foul_id, rebound_defensive_01, rebound_offensive_01, assist_01, blocks_01, time_out_01, x, y)VALUES(27302, 25, 7461, 1646, 25005, NULL, NULL, NULL, 4, NULL, NULL, '', '', '', '', '', 17, 6);
INSERT INTO lba.sub_play (play_id, seconds_da_start, player_made_id, team_made_id, game_made_id, player_suffered_id, team_suffered_id, game_suffered_id, shot_id, turnover_id, foul_id, rebound_defensive_01, rebound_offensive_01, assist_01, blocks_01, time_out_01, x, y)VALUES(27302, 25, 6223, 1646, 25005, NULL, NULL, NULL, NULL, NULL, NULL, '', '1', '', '', '', 17, 6);
INSERT INTO lba.sub_play (play_id, seconds_da_start, player_made_id, team_made_id, game_made_id, player_suffered_id, team_suffered_id, game_suffered_id, shot_id, turnover_id, foul_id, rebound_defensive_01, rebound_offensive_01, assist_01, blocks_01, time_out_01, x, y)VALUES(27302, 29, 6223, 1646, 25005, 5150, 1649, 25005, NULL, 2, NULL, '', '', '', '', '', 12, 55);

INSERT INTO play(id, game_id, seconds_start, seconds_end, quarter, attack_home_01, score_home, score_guest)VALUES(27303, 25005, 232, 247, 1, '0', 6, 6);
INSERT INTO player_team_game_play(player_id, team_id, game_id, play_id, seconds_start, seconds_end) VALUES(7461, 1646, 25005, 27303, 232, 247);
INSERT INTO player_team_game_play(player_id, team_id, game_id, play_id, seconds_start, seconds_end) VALUES(45, 1646, 25005, 27303, 232, 247);
INSERT INTO player_team_game_play(player_id, team_id, game_id, play_id, seconds_start, seconds_end) VALUES(1774, 1646, 25005, 27303, 232, 247);
INSERT INTO player_team_game_play(player_id, team_id, game_id, play_id, seconds_start, seconds_end) VALUES(6223, 1646, 25005, 27303, 232, 247);
INSERT INTO player_team_game_play(player_id, team_id, game_id, play_id, seconds_start, seconds_end) VALUES(2608, 1646, 25005, 27303, 232, 247);
INSERT INTO player_team_game_play(player_id, team_id, game_id, play_id, seconds_start, seconds_end) VALUES(7015, 1649, 25005, 27303, 232, 247);
INSERT INTO player_team_game_play(player_id, team_id, game_id, play_id, seconds_start, seconds_end) VALUES(3176, 1649, 25005, 27303, 232, 247);
INSERT INTO player_team_game_play(player_id, team_id, game_id, play_id, seconds_start, seconds_end) VALUES(7405, 1649, 25005, 27303, 232, 247);
INSERT INTO player_team_game_play(player_id, team_id, game_id, play_id, seconds_start, seconds_end) VALUES(6138, 1649, 25005, 27303, 232, 247);
INSERT INTO player_team_game_play(player_id, team_id, game_id, play_id, seconds_start, seconds_end) VALUES(5150, 1649, 25005, 27303, 232, 247);
INSERT INTO lba.sub_play (play_id, seconds_da_start, player_made_id, team_made_id, game_made_id, player_suffered_id, team_suffered_id, game_suffered_id, shot_id, turnover_id, foul_id, rebound_defensive_01, rebound_offensive_01, assist_01, blocks_01, time_out_01, x, y)VALUES(27303, 15, 7015, 1649, 25005, NULL, NULL, NULL, 4, NULL, NULL, '', '', '', '', '', 66, 45);
INSERT INTO lba.sub_play (play_id, seconds_da_start, player_made_id, team_made_id, game_made_id, player_suffered_id, team_suffered_id, game_suffered_id, shot_id, turnover_id, foul_id, rebound_defensive_01, rebound_offensive_01, assist_01, blocks_01, time_out_01, x, y)VALUES(27303, 15, 2608, 1646, 25005, NULL, NULL, NULL, NULL, NULL, NULL, '1', '', '', '', '', 66, 45);

INSERT INTO play(id, game_id, seconds_start, seconds_end, quarter, attack_home_01, score_home, score_guest)VALUES(27304, 25005, 247, 255, 1, '1', 6, 6);
INSERT INTO player_team_game_play(player_id, team_id, game_id, play_id, seconds_start, seconds_end) VALUES(7461, 1646, 25005, 27304, 247, 255);
INSERT INTO player_team_game_play(player_id, team_id, game_id, play_id, seconds_start, seconds_end) VALUES(45, 1646, 25005, 27304, 247, 255);
INSERT INTO player_team_game_play(player_id, team_id, game_id, play_id, seconds_start, seconds_end) VALUES(1774, 1646, 25005, 27304, 247, 255);
INSERT INTO player_team_game_play(player_id, team_id, game_id, play_id, seconds_start, seconds_end) VALUES(6223, 1646, 25005, 27304, 247, 255);
INSERT INTO player_team_game_play(player_id, team_id, game_id, play_id, seconds_start, seconds_end) VALUES(2608, 1646, 25005, 27304, 247, 255);
INSERT INTO player_team_game_play(player_id, team_id, game_id, play_id, seconds_start, seconds_end) VALUES(7015, 1649, 25005, 27304, 247, 255);
INSERT INTO player_team_game_play(player_id, team_id, game_id, play_id, seconds_start, seconds_end) VALUES(3176, 1649, 25005, 27304, 247, 255);
INSERT INTO player_team_game_play(player_id, team_id, game_id, play_id, seconds_start, seconds_end) VALUES(7405, 1649, 25005, 27304, 247, 255);
INSERT INTO player_team_game_play(player_id, team_id, game_id, play_id, seconds_start, seconds_end) VALUES(6138, 1649, 25005, 27304, 247, 255);
INSERT INTO player_team_game_play(player_id, team_id, game_id, play_id, seconds_start, seconds_end) VALUES(5150, 1649, 25005, 27304, 247, 255);
INSERT INTO lba.sub_play (play_id, seconds_da_start, player_made_id, team_made_id, game_made_id, player_suffered_id, team_suffered_id, game_suffered_id, shot_id, turnover_id, foul_id, rebound_defensive_01, rebound_offensive_01, assist_01, blocks_01, time_out_01, x, y)VALUES(27304, 0, 7405, 1649, 25005, 6223, 1646, 25005, NULL, NULL, 1, '', '', '', '', '', 15, 43);
INSERT INTO lba.sub_play (play_id, seconds_da_start, player_made_id, team_made_id, game_made_id, player_suffered_id, team_suffered_id, game_suffered_id, shot_id, turnover_id, foul_id, rebound_defensive_01, rebound_offensive_01, assist_01, blocks_01, time_out_01, x, y)VALUES(27304, 8, 7461, 1646, 25005, NULL, NULL, NULL, 2, NULL, NULL, '', '', '', '', '', 11, 52);
INSERT INTO lba.sub_play (play_id, seconds_da_start, player_made_id, team_made_id, game_made_id, player_suffered_id, team_suffered_id, game_suffered_id, shot_id, turnover_id, foul_id, rebound_defensive_01, rebound_offensive_01, assist_01, blocks_01, time_out_01, x, y)VALUES(27304, 8, 7015, 1649, 25005, NULL, NULL, NULL, NULL, NULL, NULL, '1', '', '', '', '', 11, 52);

INSERT INTO play(id, game_id, seconds_start, seconds_end, quarter, attack_home_01, score_home, score_guest)VALUES(27305, 25005, 255, 264, 1, '0', 6, 6);
INSERT INTO player_team_game_play(player_id, team_id, game_id, play_id, seconds_start, seconds_end) VALUES(7461, 1646, 25005, 27305, 255, 264);
INSERT INTO player_team_game_play(player_id, team_id, game_id, play_id, seconds_start, seconds_end) VALUES(45, 1646, 25005, 27305, 255, 264);
INSERT INTO player_team_game_play(player_id, team_id, game_id, play_id, seconds_start, seconds_end) VALUES(1774, 1646, 25005, 27305, 255, 264);
INSERT INTO player_team_game_play(player_id, team_id, game_id, play_id, seconds_start, seconds_end) VALUES(6223, 1646, 25005, 27305, 255, 264);
INSERT INTO player_team_game_play(player_id, team_id, game_id, play_id, seconds_start, seconds_end) VALUES(2608, 1646, 25005, 27305, 255, 264);
INSERT INTO player_team_game_play(player_id, team_id, game_id, play_id, seconds_start, seconds_end) VALUES(7015, 1649, 25005, 27305, 255, 264);
INSERT INTO player_team_game_play(player_id, team_id, game_id, play_id, seconds_start, seconds_end) VALUES(3176, 1649, 25005, 27305, 255, 264);
INSERT INTO player_team_game_play(player_id, team_id, game_id, play_id, seconds_start, seconds_end) VALUES(7405, 1649, 25005, 27305, 255, 264);
INSERT INTO player_team_game_play(player_id, team_id, game_id, play_id, seconds_start, seconds_end) VALUES(6138, 1649, 25005, 27305, 255, 264);
INSERT INTO player_team_game_play(player_id, team_id, game_id, play_id, seconds_start, seconds_end) VALUES(5150, 1649, 25005, 27305, 255, 264);
INSERT INTO lba.sub_play (play_id, seconds_da_start, player_made_id, team_made_id, game_made_id, player_suffered_id, team_suffered_id, game_suffered_id, shot_id, turnover_id, foul_id, rebound_defensive_01, rebound_offensive_01, assist_01, blocks_01, time_out_01, x, y)VALUES(27305, 9, 3176, 1649, 25005, NULL, NULL, NULL, 4, NULL, NULL, '', '', '', '', '', 74, 87);
INSERT INTO lba.sub_play (play_id, seconds_da_start, player_made_id, team_made_id, game_made_id, player_suffered_id, team_suffered_id, game_suffered_id, shot_id, turnover_id, foul_id, rebound_defensive_01, rebound_offensive_01, assist_01, blocks_01, time_out_01, x, y)VALUES(27305, 9, 2608, 1646, 25005, NULL, NULL, NULL, NULL, NULL, NULL, '1', '', '', '', '', 74, 87);

INSERT INTO play(id, game_id, seconds_start, seconds_end, quarter, attack_home_01, score_home, score_guest)VALUES(27306, 25005, 264, 280, 1, '1', 6, 6);
INSERT INTO player_team_game_play(player_id, team_id, game_id, play_id, seconds_start, seconds_end) VALUES(7461, 1646, 25005, 27306, 264, 280);
INSERT INTO player_team_game_play(player_id, team_id, game_id, play_id, seconds_start, seconds_end) VALUES(45, 1646, 25005, 27306, 264, 280);
INSERT INTO player_team_game_play(player_id, team_id, game_id, play_id, seconds_start, seconds_end) VALUES(1774, 1646, 25005, 27306, 264, 280);
INSERT INTO player_team_game_play(player_id, team_id, game_id, play_id, seconds_start, seconds_end) VALUES(6223, 1646, 25005, 27306, 264, 280);
INSERT INTO player_team_game_play(player_id, team_id, game_id, play_id, seconds_start, seconds_end) VALUES(2608, 1646, 25005, 27306, 264, 280);
INSERT INTO player_team_game_play(player_id, team_id, game_id, play_id, seconds_start, seconds_end) VALUES(7015, 1649, 25005, 27306, 264, 280);
INSERT INTO player_team_game_play(player_id, team_id, game_id, play_id, seconds_start, seconds_end) VALUES(3176, 1649, 25005, 27306, 264, 280);
INSERT INTO player_team_game_play(player_id, team_id, game_id, play_id, seconds_start, seconds_end) VALUES(7405, 1649, 25005, 27306, 264, 280);
INSERT INTO player_team_game_play(player_id, team_id, game_id, play_id, seconds_start, seconds_end) VALUES(6138, 1649, 25005, 27306, 264, 280);
INSERT INTO player_team_game_play(player_id, team_id, game_id, play_id, seconds_start, seconds_end) VALUES(5150, 1649, 25005, 27306, 264, 280);
INSERT INTO lba.sub_play (play_id, seconds_da_start, player_made_id, team_made_id, game_made_id, player_suffered_id, team_suffered_id, game_suffered_id, shot_id, turnover_id, foul_id, rebound_defensive_01, rebound_offensive_01, assist_01, blocks_01, time_out_01, x, y)VALUES(27306, 16, 6223, 1646, 25005, 7405, 1649, 25005, NULL, 1, NULL, '', '', '', '', '', 21, 7);

INSERT INTO play(id, game_id, seconds_start, seconds_end, quarter, attack_home_01, score_home, score_guest)VALUES(27307, 25005, 280, 285, 1, '0', 6, 6);
INSERT INTO player_team_game_play(player_id, team_id, game_id, play_id, seconds_start, seconds_end) VALUES(7461, 1646, 25005, 27307, 280, 285);
INSERT INTO player_team_game_play(player_id, team_id, game_id, play_id, seconds_start, seconds_end) VALUES(45, 1646, 25005, 27307, 280, 285);
INSERT INTO player_team_game_play(player_id, team_id, game_id, play_id, seconds_start, seconds_end) VALUES(1774, 1646, 25005, 27307, 280, 285);
INSERT INTO player_team_game_play(player_id, team_id, game_id, play_id, seconds_start, seconds_end) VALUES(6223, 1646, 25005, 27307, 280, 285);
INSERT INTO player_team_game_play(player_id, team_id, game_id, play_id, seconds_start, seconds_end) VALUES(2608, 1646, 25005, 27307, 280, 285);
INSERT INTO player_team_game_play(player_id, team_id, game_id, play_id, seconds_start, seconds_end) VALUES(7015, 1649, 25005, 27307, 280, 285);
INSERT INTO player_team_game_play(player_id, team_id, game_id, play_id, seconds_start, seconds_end) VALUES(3176, 1649, 25005, 27307, 280, 285);
INSERT INTO player_team_game_play(player_id, team_id, game_id, play_id, seconds_start, seconds_end) VALUES(7405, 1649, 25005, 27307, 280, 285);
INSERT INTO player_team_game_play(player_id, team_id, game_id, play_id, seconds_start, seconds_end) VALUES(6138, 1649, 25005, 27307, 280, 285);
INSERT INTO player_team_game_play(player_id, team_id, game_id, play_id, seconds_start, seconds_end) VALUES(5150, 1649, 25005, 27307, 280, 285);
INSERT INTO lba.sub_play (play_id, seconds_da_start, player_made_id, team_made_id, game_made_id, player_suffered_id, team_suffered_id, game_suffered_id, shot_id, turnover_id, foul_id, rebound_defensive_01, rebound_offensive_01, assist_01, blocks_01, time_out_01, x, y)VALUES(27307, 5, 7405, 1649, 25005, NULL, NULL, NULL, 2, NULL, NULL, '', '', '', '', '', 90, 39);
INSERT INTO lba.sub_play (play_id, seconds_da_start, player_made_id, team_made_id, game_made_id, player_suffered_id, team_suffered_id, game_suffered_id, shot_id, turnover_id, foul_id, rebound_defensive_01, rebound_offensive_01, assist_01, blocks_01, time_out_01, x, y)VALUES(27307, 5, 2608, 1646, 25005, NULL, NULL, NULL, NULL, NULL, NULL, '1', '', '', '', '', 90, 39);

INSERT INTO play(id, game_id, seconds_start, seconds_end, quarter, attack_home_01, score_home, score_guest)VALUES(27308, 25005, 285, 306, 1, '1', 9, 6);
INSERT INTO player_team_game_play(player_id, team_id, game_id, play_id, seconds_start, seconds_end) VALUES(7461, 1646, 25005, 27308, 285, 306);
INSERT INTO player_team_game_play(player_id, team_id, game_id, play_id, seconds_start, seconds_end) VALUES(45, 1646, 25005, 27308, 285, 306);
INSERT INTO player_team_game_play(player_id, team_id, game_id, play_id, seconds_start, seconds_end) VALUES(1774, 1646, 25005, 27308, 285, 306);
INSERT INTO player_team_game_play(player_id, team_id, game_id, play_id, seconds_start, seconds_end) VALUES(6223, 1646, 25005, 27308, 285, 306);
INSERT INTO player_team_game_play(player_id, team_id, game_id, play_id, seconds_start, seconds_end) VALUES(2608, 1646, 25005, 27308, 285, 306);
INSERT INTO player_team_game_play(player_id, team_id, game_id, play_id, seconds_start, seconds_end) VALUES(7015, 1649, 25005, 27308, 285, 306);
INSERT INTO player_team_game_play(player_id, team_id, game_id, play_id, seconds_start, seconds_end) VALUES(3176, 1649, 25005, 27308, 285, 306);
INSERT INTO player_team_game_play(player_id, team_id, game_id, play_id, seconds_start, seconds_end) VALUES(7405, 1649, 25005, 27308, 285, 306);
INSERT INTO player_team_game_play(player_id, team_id, game_id, play_id, seconds_start, seconds_end) VALUES(6138, 1649, 25005, 27308, 285, 306);
INSERT INTO player_team_game_play(player_id, team_id, game_id, play_id, seconds_start, seconds_end) VALUES(5150, 1649, 25005, 27308, 285, 306);
INSERT INTO lba.sub_play (play_id, seconds_da_start, player_made_id, team_made_id, game_made_id, player_suffered_id, team_suffered_id, game_suffered_id, shot_id, turnover_id, foul_id, rebound_defensive_01, rebound_offensive_01, assist_01, blocks_01, time_out_01, x, y)VALUES(27308, 21, 7461, 1646, 25005, NULL, NULL, NULL, 3, NULL, NULL, '', '', '', '', '', 19, 96);
INSERT INTO lba.sub_play (play_id, seconds_da_start, player_made_id, team_made_id, game_made_id, player_suffered_id, team_suffered_id, game_suffered_id, shot_id, turnover_id, foul_id, rebound_defensive_01, rebound_offensive_01, assist_01, blocks_01, time_out_01, x, y)VALUES(27308, 21, 2608, 1646, 25005, NULL, NULL, NULL, NULL, NULL, NULL, '', '', '1', '', '', 19, 96);

INSERT INTO play(id, game_id, seconds_start, seconds_end, quarter, attack_home_01, score_home, score_guest)VALUES(27309, 25005, 306, 329, 1, '0', 9, 6);
INSERT INTO player_team_game_play(player_id, team_id, game_id, play_id, seconds_start, seconds_end) VALUES(7461, 1646, 25005, 27309, 306, 329);
INSERT INTO player_team_game_play(player_id, team_id, game_id, play_id, seconds_start, seconds_end) VALUES(45, 1646, 25005, 27309, 306, 329);
INSERT INTO player_team_game_play(player_id, team_id, game_id, play_id, seconds_start, seconds_end) VALUES(1774, 1646, 25005, 27309, 306, 329);
INSERT INTO player_team_game_play(player_id, team_id, game_id, play_id, seconds_start, seconds_end) VALUES(6223, 1646, 25005, 27309, 306, 329);
INSERT INTO player_team_game_play(player_id, team_id, game_id, play_id, seconds_start, seconds_end) VALUES(2608, 1646, 25005, 27309, 306, 329);
INSERT INTO player_team_game_play(player_id, team_id, game_id, play_id, seconds_start, seconds_end) VALUES(7015, 1649, 25005, 27309, 306, 329);
INSERT INTO player_team_game_play(player_id, team_id, game_id, play_id, seconds_start, seconds_end) VALUES(3176, 1649, 25005, 27309, 306, 329);
INSERT INTO player_team_game_play(player_id, team_id, game_id, play_id, seconds_start, seconds_end) VALUES(7405, 1649, 25005, 27309, 306, 329);
INSERT INTO player_team_game_play(player_id, team_id, game_id, play_id, seconds_start, seconds_end) VALUES(6138, 1649, 25005, 27309, 306, 329);
INSERT INTO player_team_game_play(player_id, team_id, game_id, play_id, seconds_start, seconds_end) VALUES(5150, 1649, 25005, 27309, 306, 329);
INSERT INTO lba.sub_play (play_id, seconds_da_start, player_made_id, team_made_id, game_made_id, player_suffered_id, team_suffered_id, game_suffered_id, shot_id, turnover_id, foul_id, rebound_defensive_01, rebound_offensive_01, assist_01, blocks_01, time_out_01, x, y)VALUES(27309, 23, 6138, 1649, 25005, 2608, 1646, 25005, NULL, 1, NULL, '', '', '', '', '', 67, 53);

INSERT INTO play(id, game_id, seconds_start, seconds_end, quarter, attack_home_01, score_home, score_guest)VALUES(27310, 25005, 329, 332, 1, '1', 11, 6);
INSERT INTO player_team_game_play(player_id, team_id, game_id, play_id, seconds_start, seconds_end) VALUES(7461, 1646, 25005, 27310, 329, 332);
INSERT INTO player_team_game_play(player_id, team_id, game_id, play_id, seconds_start, seconds_end) VALUES(45, 1646, 25005, 27310, 329, 332);
INSERT INTO player_team_game_play(player_id, team_id, game_id, play_id, seconds_start, seconds_end) VALUES(1774, 1646, 25005, 27310, 329, 332);
INSERT INTO player_team_game_play(player_id, team_id, game_id, play_id, seconds_start, seconds_end) VALUES(6223, 1646, 25005, 27310, 329, 332);
INSERT INTO player_team_game_play(player_id, team_id, game_id, play_id, seconds_start, seconds_end) VALUES(2608, 1646, 25005, 27310, 329, 332);
INSERT INTO player_team_game_play(player_id, team_id, game_id, play_id, seconds_start, seconds_end) VALUES(7015, 1649, 25005, 27310, 329, 332);
INSERT INTO player_team_game_play(player_id, team_id, game_id, play_id, seconds_start, seconds_end) VALUES(3176, 1649, 25005, 27310, 329, 332);
INSERT INTO player_team_game_play(player_id, team_id, game_id, play_id, seconds_start, seconds_end) VALUES(7405, 1649, 25005, 27310, 329, 332);
INSERT INTO player_team_game_play(player_id, team_id, game_id, play_id, seconds_start, seconds_end) VALUES(6138, 1649, 25005, 27310, 329, 332);
INSERT INTO player_team_game_play(player_id, team_id, game_id, play_id, seconds_start, seconds_end) VALUES(5150, 1649, 25005, 27310, 329, 332);
INSERT INTO lba.sub_play (play_id, seconds_da_start, player_made_id, team_made_id, game_made_id, player_suffered_id, team_suffered_id, game_suffered_id, shot_id, turnover_id, foul_id, rebound_defensive_01, rebound_offensive_01, assist_01, blocks_01, time_out_01, x, y)VALUES(27310, 3, 45, 1646, 25005, NULL, NULL, NULL, 1, NULL, NULL, '', '', '', '', '', 6, 57);
INSERT INTO lba.sub_play (play_id, seconds_da_start, player_made_id, team_made_id, game_made_id, player_suffered_id, team_suffered_id, game_suffered_id, shot_id, turnover_id, foul_id, rebound_defensive_01, rebound_offensive_01, assist_01, blocks_01, time_out_01, x, y)VALUES(27310, 3, 2608, 1646, 25005, NULL, NULL, NULL, NULL, NULL, NULL, '', '', '1', '', '', 6, 57);

INSERT INTO play(id, game_id, seconds_start, seconds_end, quarter, attack_home_01, score_home, score_guest)VALUES(27311, 25005, 332, 353, 1, '0', 11, 6);
INSERT INTO player_team_game_play(player_id, team_id, game_id, play_id, seconds_start, seconds_end) VALUES(7461, 1646, 25005, 27311, 332, 353);
INSERT INTO player_team_game_play(player_id, team_id, game_id, play_id, seconds_start, seconds_end) VALUES(45, 1646, 25005, 27311, 332, 353);
INSERT INTO player_team_game_play(player_id, team_id, game_id, play_id, seconds_start, seconds_end) VALUES(1774, 1646, 25005, 27311, 332, 353);
INSERT INTO player_team_game_play(player_id, team_id, game_id, play_id, seconds_start, seconds_end) VALUES(6223, 1646, 25005, 27311, 332, 353);
INSERT INTO player_team_game_play(player_id, team_id, game_id, play_id, seconds_start, seconds_end) VALUES(2608, 1646, 25005, 27311, 332, 353);
INSERT INTO player_team_game_play(player_id, team_id, game_id, play_id, seconds_start, seconds_end) VALUES(7015, 1649, 25005, 27311, 332, 353);
INSERT INTO player_team_game_play(player_id, team_id, game_id, play_id, seconds_start, seconds_end) VALUES(3176, 1649, 25005, 27311, 332, 353);
INSERT INTO player_team_game_play(player_id, team_id, game_id, play_id, seconds_start, seconds_end) VALUES(7405, 1649, 25005, 27311, 332, 353);
INSERT INTO player_team_game_play(player_id, team_id, game_id, play_id, seconds_start, seconds_end) VALUES(6138, 1649, 25005, 27311, 332, 353);
INSERT INTO player_team_game_play(player_id, team_id, game_id, play_id, seconds_start, seconds_end) VALUES(5150, 1649, 25005, 27311, 332, 353);
UPDATE player_team_game_play SET seconds_end = 333 WHERE player_id = 2608 AND game_id = 25005 AND play_id = 27311;
UPDATE player_team_game_play SET seconds_end = 333 WHERE player_id = 6223 AND game_id = 25005 AND play_id = 27311;
INSERT INTO player_team_game_play(player_id, team_id, game_id, play_id, seconds_start, seconds_end) VALUES(4162, 1646, 25005, 27311, 333, 353);
INSERT INTO player_team_game_play(player_id, team_id, game_id, play_id, seconds_start, seconds_end) VALUES(7462, 1646, 25005, 27311, 333, 353);
UPDATE player_team_game_play SET seconds_end = 333 WHERE player_id = 6138 AND game_id = 25005 AND play_id = 27311;
UPDATE player_team_game_play SET seconds_end = 333 WHERE player_id = 7405 AND game_id = 25005 AND play_id = 27311;
INSERT INTO player_team_game_play(player_id, team_id, game_id, play_id, seconds_start, seconds_end) VALUES(7404, 1649, 25005, 27311, 333, 353);
INSERT INTO player_team_game_play(player_id, team_id, game_id, play_id, seconds_start, seconds_end) VALUES(2103, 1649, 25005, 27311, 333, 353);
INSERT INTO lba.sub_play (play_id, seconds_da_start, player_made_id, team_made_id, game_made_id, player_suffered_id, team_suffered_id, game_suffered_id, shot_id, turnover_id, foul_id, rebound_defensive_01, rebound_offensive_01, assist_01, blocks_01, time_out_01, x, y)VALUES(27311, 21, 7015, 1649, 25005, NULL, NULL, NULL, 2, NULL, NULL, '', '', '', '', '', 92, 58);
INSERT INTO lba.sub_play (play_id, seconds_da_start, player_made_id, team_made_id, game_made_id, player_suffered_id, team_suffered_id, game_suffered_id, shot_id, turnover_id, foul_id, rebound_defensive_01, rebound_offensive_01, assist_01, blocks_01, time_out_01, x, y)VALUES(27311, 21, 4162, 1646, 25005, NULL, NULL, NULL, NULL, NULL, NULL, '1', '', '', '', '', 92, 58);

INSERT INTO play(id, game_id, seconds_start, seconds_end, quarter, attack_home_01, score_home, score_guest)VALUES(27312, 25005, 353, 369, 1, '1', 11, 6);
INSERT INTO player_team_game_play(player_id, team_id, game_id, play_id, seconds_start, seconds_end) VALUES(4162, 1646, 25005, 27312, 353, 369);
INSERT INTO player_team_game_play(player_id, team_id, game_id, play_id, seconds_start, seconds_end) VALUES(7461, 1646, 25005, 27312, 353, 369);
INSERT INTO player_team_game_play(player_id, team_id, game_id, play_id, seconds_start, seconds_end) VALUES(7462, 1646, 25005, 27312, 353, 369);
INSERT INTO player_team_game_play(player_id, team_id, game_id, play_id, seconds_start, seconds_end) VALUES(45, 1646, 25005, 27312, 353, 369);
INSERT INTO player_team_game_play(player_id, team_id, game_id, play_id, seconds_start, seconds_end) VALUES(1774, 1646, 25005, 27312, 353, 369);
INSERT INTO player_team_game_play(player_id, team_id, game_id, play_id, seconds_start, seconds_end) VALUES(7015, 1649, 25005, 27312, 353, 369);
INSERT INTO player_team_game_play(player_id, team_id, game_id, play_id, seconds_start, seconds_end) VALUES(3176, 1649, 25005, 27312, 353, 369);
INSERT INTO player_team_game_play(player_id, team_id, game_id, play_id, seconds_start, seconds_end) VALUES(7404, 1649, 25005, 27312, 353, 369);
INSERT INTO player_team_game_play(player_id, team_id, game_id, play_id, seconds_start, seconds_end) VALUES(2103, 1649, 25005, 27312, 353, 369);
INSERT INTO player_team_game_play(player_id, team_id, game_id, play_id, seconds_start, seconds_end) VALUES(5150, 1649, 25005, 27312, 353, 369);
INSERT INTO lba.sub_play (play_id, seconds_da_start, player_made_id, team_made_id, game_made_id, player_suffered_id, team_suffered_id, game_suffered_id, shot_id, turnover_id, foul_id, rebound_defensive_01, rebound_offensive_01, assist_01, blocks_01, time_out_01, x, y)VALUES(27312, 16, 45, 1646, 25005, NULL, NULL, NULL, 4, NULL, NULL, '', '', '', '', '', 28, 83);
INSERT INTO lba.sub_play (play_id, seconds_da_start, player_made_id, team_made_id, game_made_id, player_suffered_id, team_suffered_id, game_suffered_id, shot_id, turnover_id, foul_id, rebound_defensive_01, rebound_offensive_01, assist_01, blocks_01, time_out_01, x, y)VALUES(27312, 16, 5150, 1649, 25005, NULL, NULL, NULL, NULL, NULL, NULL, '1', '', '', '', '', 28, 83);

INSERT INTO play(id, game_id, seconds_start, seconds_end, quarter, attack_home_01, score_home, score_guest)VALUES(27313, 25005, 369, 389, 1, '0', 11, 6);
INSERT INTO player_team_game_play(player_id, team_id, game_id, play_id, seconds_start, seconds_end) VALUES(4162, 1646, 25005, 27313, 369, 389);
INSERT INTO player_team_game_play(player_id, team_id, game_id, play_id, seconds_start, seconds_end) VALUES(7461, 1646, 25005, 27313, 369, 389);
INSERT INTO player_team_game_play(player_id, team_id, game_id, play_id, seconds_start, seconds_end) VALUES(7462, 1646, 25005, 27313, 369, 389);
INSERT INTO player_team_game_play(player_id, team_id, game_id, play_id, seconds_start, seconds_end) VALUES(45, 1646, 25005, 27313, 369, 389);
INSERT INTO player_team_game_play(player_id, team_id, game_id, play_id, seconds_start, seconds_end) VALUES(1774, 1646, 25005, 27313, 369, 389);
INSERT INTO player_team_game_play(player_id, team_id, game_id, play_id, seconds_start, seconds_end) VALUES(7015, 1649, 25005, 27313, 369, 389);
INSERT INTO player_team_game_play(player_id, team_id, game_id, play_id, seconds_start, seconds_end) VALUES(3176, 1649, 25005, 27313, 369, 389);
INSERT INTO player_team_game_play(player_id, team_id, game_id, play_id, seconds_start, seconds_end) VALUES(7404, 1649, 25005, 27313, 369, 389);
INSERT INTO player_team_game_play(player_id, team_id, game_id, play_id, seconds_start, seconds_end) VALUES(2103, 1649, 25005, 27313, 369, 389);
INSERT INTO player_team_game_play(player_id, team_id, game_id, play_id, seconds_start, seconds_end) VALUES(5150, 1649, 25005, 27313, 369, 389);
INSERT INTO lba.sub_play (play_id, seconds_da_start, player_made_id, team_made_id, game_made_id, player_suffered_id, team_suffered_id, game_suffered_id, shot_id, turnover_id, foul_id, rebound_defensive_01, rebound_offensive_01, assist_01, blocks_01, time_out_01, x, y)VALUES(27313, 20, 7015, 1649, 25005, NULL, NULL, NULL, 4, NULL, NULL, '', '', '', '', '', 85, 4);
INSERT INTO lba.sub_play (play_id, seconds_da_start, player_made_id, team_made_id, game_made_id, player_suffered_id, team_suffered_id, game_suffered_id, shot_id, turnover_id, foul_id, rebound_defensive_01, rebound_offensive_01, assist_01, blocks_01, time_out_01, x, y)VALUES(27313, 20, 4162, 1646, 25005, NULL, NULL, NULL, NULL, NULL, NULL, '1', '', '', '', '', 85, 4);

INSERT INTO play(id, game_id, seconds_start, seconds_end, quarter, attack_home_01, score_home, score_guest)VALUES(27314, 25005, 389, 396, 1, '1', 11, 6);
INSERT INTO player_team_game_play(player_id, team_id, game_id, play_id, seconds_start, seconds_end) VALUES(4162, 1646, 25005, 27314, 389, 396);
INSERT INTO player_team_game_play(player_id, team_id, game_id, play_id, seconds_start, seconds_end) VALUES(7461, 1646, 25005, 27314, 389, 396);
INSERT INTO player_team_game_play(player_id, team_id, game_id, play_id, seconds_start, seconds_end) VALUES(7462, 1646, 25005, 27314, 389, 396);
INSERT INTO player_team_game_play(player_id, team_id, game_id, play_id, seconds_start, seconds_end) VALUES(45, 1646, 25005, 27314, 389, 396);
INSERT INTO player_team_game_play(player_id, team_id, game_id, play_id, seconds_start, seconds_end) VALUES(1774, 1646, 25005, 27314, 389, 396);
INSERT INTO player_team_game_play(player_id, team_id, game_id, play_id, seconds_start, seconds_end) VALUES(7015, 1649, 25005, 27314, 389, 396);
INSERT INTO player_team_game_play(player_id, team_id, game_id, play_id, seconds_start, seconds_end) VALUES(3176, 1649, 25005, 27314, 389, 396);
INSERT INTO player_team_game_play(player_id, team_id, game_id, play_id, seconds_start, seconds_end) VALUES(7404, 1649, 25005, 27314, 389, 396);
INSERT INTO player_team_game_play(player_id, team_id, game_id, play_id, seconds_start, seconds_end) VALUES(2103, 1649, 25005, 27314, 389, 396);
INSERT INTO player_team_game_play(player_id, team_id, game_id, play_id, seconds_start, seconds_end) VALUES(5150, 1649, 25005, 27314, 389, 396);
INSERT INTO lba.sub_play (play_id, seconds_da_start, player_made_id, team_made_id, game_made_id, player_suffered_id, team_suffered_id, game_suffered_id, shot_id, turnover_id, foul_id, rebound_defensive_01, rebound_offensive_01, assist_01, blocks_01, time_out_01, x, y)VALUES(27314, 7, 4162, 1646, 25005, 7404, 1649, 25005, NULL, 1, NULL, '', '', '', '', '', 50, 80);

INSERT INTO play(id, game_id, seconds_start, seconds_end, quarter, attack_home_01, score_home, score_guest)VALUES(27315, 25005, 396, 412, 1, '0', 11, 8);
INSERT INTO player_team_game_play(player_id, team_id, game_id, play_id, seconds_start, seconds_end) VALUES(4162, 1646, 25005, 27315, 396, 412);
INSERT INTO player_team_game_play(player_id, team_id, game_id, play_id, seconds_start, seconds_end) VALUES(7461, 1646, 25005, 27315, 396, 412);
INSERT INTO player_team_game_play(player_id, team_id, game_id, play_id, seconds_start, seconds_end) VALUES(7462, 1646, 25005, 27315, 396, 412);
INSERT INTO player_team_game_play(player_id, team_id, game_id, play_id, seconds_start, seconds_end) VALUES(45, 1646, 25005, 27315, 396, 412);
INSERT INTO player_team_game_play(player_id, team_id, game_id, play_id, seconds_start, seconds_end) VALUES(1774, 1646, 25005, 27315, 396, 412);
INSERT INTO player_team_game_play(player_id, team_id, game_id, play_id, seconds_start, seconds_end) VALUES(7015, 1649, 25005, 27315, 396, 412);
INSERT INTO player_team_game_play(player_id, team_id, game_id, play_id, seconds_start, seconds_end) VALUES(3176, 1649, 25005, 27315, 396, 412);
INSERT INTO player_team_game_play(player_id, team_id, game_id, play_id, seconds_start, seconds_end) VALUES(7404, 1649, 25005, 27315, 396, 412);
INSERT INTO player_team_game_play(player_id, team_id, game_id, play_id, seconds_start, seconds_end) VALUES(2103, 1649, 25005, 27315, 396, 412);
INSERT INTO player_team_game_play(player_id, team_id, game_id, play_id, seconds_start, seconds_end) VALUES(5150, 1649, 25005, 27315, 396, 412);
UPDATE player_team_game_play SET seconds_end = 401 WHERE player_id = 45 AND game_id = 25005 AND play_id = 27315;
UPDATE player_team_game_play SET seconds_end = 401 WHERE player_id = 1774 AND game_id = 25005 AND play_id = 27315;
INSERT INTO player_team_game_play(player_id, team_id, game_id, play_id, seconds_start, seconds_end) VALUES(6328, 1646, 25005, 27315, 401, 412);
INSERT INTO player_team_game_play(player_id, team_id, game_id, play_id, seconds_start, seconds_end) VALUES(7314, 1646, 25005, 27315, 401, 412);
UPDATE player_team_game_play SET seconds_end = 401 WHERE player_id = 7015 AND game_id = 25005 AND play_id = 27315;
INSERT INTO player_team_game_play(player_id, team_id, game_id, play_id, seconds_start, seconds_end) VALUES(1775, 1649, 25005, 27315, 401, 412);
INSERT INTO lba.sub_play (play_id, seconds_da_start, player_made_id, team_made_id, game_made_id, player_suffered_id, team_suffered_id, game_suffered_id, shot_id, turnover_id, foul_id, rebound_defensive_01, rebound_offensive_01, assist_01, blocks_01, time_out_01, x, y)VALUES(27315, 16, 2103, 1649, 25005, NULL, NULL, NULL, 1, NULL, NULL, '', '', '', '', '', 95, 58);

INSERT INTO play(id, game_id, seconds_start, seconds_end, quarter, attack_home_01, score_home, score_guest)VALUES(27316, 25005, 412, 455, 1, '0', 13, 8);
INSERT INTO player_team_game_play(player_id, team_id, game_id, play_id, seconds_start, seconds_end) VALUES(4162, 1646, 25005, 27316, 412, 455);
INSERT INTO player_team_game_play(player_id, team_id, game_id, play_id, seconds_start, seconds_end) VALUES(7461, 1646, 25005, 27316, 412, 455);
INSERT INTO player_team_game_play(player_id, team_id, game_id, play_id, seconds_start, seconds_end) VALUES(7462, 1646, 25005, 27316, 412, 455);
INSERT INTO player_team_game_play(player_id, team_id, game_id, play_id, seconds_start, seconds_end) VALUES(7314, 1646, 25005, 27316, 412, 455);
INSERT INTO player_team_game_play(player_id, team_id, game_id, play_id, seconds_start, seconds_end) VALUES(6328, 1646, 25005, 27316, 412, 455);
INSERT INTO player_team_game_play(player_id, team_id, game_id, play_id, seconds_start, seconds_end) VALUES(3176, 1649, 25005, 27316, 412, 455);
INSERT INTO player_team_game_play(player_id, team_id, game_id, play_id, seconds_start, seconds_end) VALUES(7404, 1649, 25005, 27316, 412, 455);
INSERT INTO player_team_game_play(player_id, team_id, game_id, play_id, seconds_start, seconds_end) VALUES(1775, 1649, 25005, 27316, 412, 455);
INSERT INTO player_team_game_play(player_id, team_id, game_id, play_id, seconds_start, seconds_end) VALUES(2103, 1649, 25005, 27316, 412, 455);
INSERT INTO player_team_game_play(player_id, team_id, game_id, play_id, seconds_start, seconds_end) VALUES(5150, 1649, 25005, 27316, 412, 455);
UPDATE player_team_game_play SET seconds_end = 447 WHERE player_id = 5150 AND game_id = 25005 AND play_id = 27316;
INSERT INTO player_team_game_play(player_id, team_id, game_id, play_id, seconds_start, seconds_end) VALUES(7406, 1649, 25005, 27316, 447, 455);
INSERT INTO lba.sub_play (play_id, seconds_da_start, player_made_id, team_made_id, game_made_id, player_suffered_id, team_suffered_id, game_suffered_id, shot_id, turnover_id, foul_id, rebound_defensive_01, rebound_offensive_01, assist_01, blocks_01, time_out_01, x, y)VALUES(27316, 15, 7461, 1646, 25005, NULL, NULL, NULL, 1, NULL, NULL, '', '', '', '', '', 5, 45);
INSERT INTO lba.sub_play (play_id, seconds_da_start, player_made_id, team_made_id, game_made_id, player_suffered_id, team_suffered_id, game_suffered_id, shot_id, turnover_id, foul_id, rebound_defensive_01, rebound_offensive_01, assist_01, blocks_01, time_out_01, x, y)VALUES(27316, 23, 4162, 1646, 25005, 5150, 1649, 25005, NULL, NULL, 1, '', '', '', '', '', 55, 11);
INSERT INTO lba.sub_play (play_id, seconds_da_start, player_made_id, team_made_id, game_made_id, player_suffered_id, team_suffered_id, game_suffered_id, shot_id, turnover_id, foul_id, rebound_defensive_01, rebound_offensive_01, assist_01, blocks_01, time_out_01, x, y)VALUES(27316, 31, 2103, 1649, 25005, NULL, NULL, NULL, 2, NULL, NULL, '', '', '', '', '', 90, 18);
INSERT INTO lba.sub_play (play_id, seconds_da_start, player_made_id, team_made_id, game_made_id, player_suffered_id, team_suffered_id, game_suffered_id, shot_id, turnover_id, foul_id, rebound_defensive_01, rebound_offensive_01, assist_01, blocks_01, time_out_01, x, y)VALUES(27316, 43, 3176, 1649, 25005, NULL, NULL, NULL, 2, NULL, NULL, '', '', '', '', '', 92, 65);
INSERT INTO lba.sub_play (play_id, seconds_da_start, player_made_id, team_made_id, game_made_id, player_suffered_id, team_suffered_id, game_suffered_id, shot_id, turnover_id, foul_id, rebound_defensive_01, rebound_offensive_01, assist_01, blocks_01, time_out_01, x, y)VALUES(27316, 43, 6328, 1646, 25005, NULL, NULL, NULL, NULL, NULL, NULL, '1', '', '', '', '', 92, 65);

INSERT INTO play(id, game_id, seconds_start, seconds_end, quarter, attack_home_01, score_home, score_guest)VALUES(27317, 25005, 455, 467, 1, '1', 15, 8);
INSERT INTO player_team_game_play(player_id, team_id, game_id, play_id, seconds_start, seconds_end) VALUES(4162, 1646, 25005, 27317, 455, 467);
INSERT INTO player_team_game_play(player_id, team_id, game_id, play_id, seconds_start, seconds_end) VALUES(7461, 1646, 25005, 27317, 455, 467);
INSERT INTO player_team_game_play(player_id, team_id, game_id, play_id, seconds_start, seconds_end) VALUES(7462, 1646, 25005, 27317, 455, 467);
INSERT INTO player_team_game_play(player_id, team_id, game_id, play_id, seconds_start, seconds_end) VALUES(7314, 1646, 25005, 27317, 455, 467);
INSERT INTO player_team_game_play(player_id, team_id, game_id, play_id, seconds_start, seconds_end) VALUES(6328, 1646, 25005, 27317, 455, 467);
INSERT INTO player_team_game_play(player_id, team_id, game_id, play_id, seconds_start, seconds_end) VALUES(3176, 1649, 25005, 27317, 455, 467);
INSERT INTO player_team_game_play(player_id, team_id, game_id, play_id, seconds_start, seconds_end) VALUES(7404, 1649, 25005, 27317, 455, 467);
INSERT INTO player_team_game_play(player_id, team_id, game_id, play_id, seconds_start, seconds_end) VALUES(7406, 1649, 25005, 27317, 455, 467);
INSERT INTO player_team_game_play(player_id, team_id, game_id, play_id, seconds_start, seconds_end) VALUES(1775, 1649, 25005, 27317, 455, 467);
INSERT INTO player_team_game_play(player_id, team_id, game_id, play_id, seconds_start, seconds_end) VALUES(2103, 1649, 25005, 27317, 455, 467);
INSERT INTO lba.sub_play (play_id, seconds_da_start, player_made_id, team_made_id, game_made_id, player_suffered_id, team_suffered_id, game_suffered_id, shot_id, turnover_id, foul_id, rebound_defensive_01, rebound_offensive_01, assist_01, blocks_01, time_out_01, x, y)VALUES(27317, 12, 7461, 1646, 25005, NULL, NULL, NULL, 1, NULL, NULL, '', '', '', '', '', 9, 49);

INSERT INTO play(id, game_id, seconds_start, seconds_end, quarter, attack_home_01, score_home, score_guest)VALUES(27318, 25005, 467, 481, 1, '0', 15, 8);
INSERT INTO player_team_game_play(player_id, team_id, game_id, play_id, seconds_start, seconds_end) VALUES(4162, 1646, 25005, 27318, 467, 481);
INSERT INTO player_team_game_play(player_id, team_id, game_id, play_id, seconds_start, seconds_end) VALUES(7461, 1646, 25005, 27318, 467, 481);
INSERT INTO player_team_game_play(player_id, team_id, game_id, play_id, seconds_start, seconds_end) VALUES(7462, 1646, 25005, 27318, 467, 481);
INSERT INTO player_team_game_play(player_id, team_id, game_id, play_id, seconds_start, seconds_end) VALUES(7314, 1646, 25005, 27318, 467, 481);
INSERT INTO player_team_game_play(player_id, team_id, game_id, play_id, seconds_start, seconds_end) VALUES(6328, 1646, 25005, 27318, 467, 481);
INSERT INTO player_team_game_play(player_id, team_id, game_id, play_id, seconds_start, seconds_end) VALUES(3176, 1649, 25005, 27318, 467, 481);
INSERT INTO player_team_game_play(player_id, team_id, game_id, play_id, seconds_start, seconds_end) VALUES(7404, 1649, 25005, 27318, 467, 481);
INSERT INTO player_team_game_play(player_id, team_id, game_id, play_id, seconds_start, seconds_end) VALUES(7406, 1649, 25005, 27318, 467, 481);
INSERT INTO player_team_game_play(player_id, team_id, game_id, play_id, seconds_start, seconds_end) VALUES(1775, 1649, 25005, 27318, 467, 481);
INSERT INTO player_team_game_play(player_id, team_id, game_id, play_id, seconds_start, seconds_end) VALUES(2103, 1649, 25005, 27318, 467, 481);
INSERT INTO lba.sub_play (play_id, seconds_da_start, player_made_id, team_made_id, game_made_id, player_suffered_id, team_suffered_id, game_suffered_id, shot_id, turnover_id, foul_id, rebound_defensive_01, rebound_offensive_01, assist_01, blocks_01, time_out_01, x, y)VALUES(27318, 14, 1775, 1649, 25005, 4162, 1646, 25005, NULL, 1, NULL, '', '', '', '', '', 67, 63);

INSERT INTO play(id, game_id, seconds_start, seconds_end, quarter, attack_home_01, score_home, score_guest)VALUES(27319, 25005, 481, 486, 1, '1', 17, 8);
INSERT INTO player_team_game_play(player_id, team_id, game_id, play_id, seconds_start, seconds_end) VALUES(4162, 1646, 25005, 27319, 481, 486);
INSERT INTO player_team_game_play(player_id, team_id, game_id, play_id, seconds_start, seconds_end) VALUES(7461, 1646, 25005, 27319, 481, 486);
INSERT INTO player_team_game_play(player_id, team_id, game_id, play_id, seconds_start, seconds_end) VALUES(7462, 1646, 25005, 27319, 481, 486);
INSERT INTO player_team_game_play(player_id, team_id, game_id, play_id, seconds_start, seconds_end) VALUES(7314, 1646, 25005, 27319, 481, 486);
INSERT INTO player_team_game_play(player_id, team_id, game_id, play_id, seconds_start, seconds_end) VALUES(6328, 1646, 25005, 27319, 481, 486);
INSERT INTO player_team_game_play(player_id, team_id, game_id, play_id, seconds_start, seconds_end) VALUES(3176, 1649, 25005, 27319, 481, 486);
INSERT INTO player_team_game_play(player_id, team_id, game_id, play_id, seconds_start, seconds_end) VALUES(7404, 1649, 25005, 27319, 481, 486);
INSERT INTO player_team_game_play(player_id, team_id, game_id, play_id, seconds_start, seconds_end) VALUES(7406, 1649, 25005, 27319, 481, 486);
INSERT INTO player_team_game_play(player_id, team_id, game_id, play_id, seconds_start, seconds_end) VALUES(1775, 1649, 25005, 27319, 481, 486);
INSERT INTO player_team_game_play(player_id, team_id, game_id, play_id, seconds_start, seconds_end) VALUES(2103, 1649, 25005, 27319, 481, 486);
UPDATE player_team_game_play SET seconds_end = 486 WHERE player_id = 7461 AND game_id = 25005 AND play_id = 27319;
INSERT INTO player_team_game_play(player_id, team_id, game_id, play_id, seconds_start, seconds_end) VALUES(5449, 1646, 25005, 27319, 486, 486);
INSERT INTO lba.sub_play (play_id, seconds_da_start, player_made_id, team_made_id, game_made_id, player_suffered_id, team_suffered_id, game_suffered_id, shot_id, turnover_id, foul_id, rebound_defensive_01, rebound_offensive_01, assist_01, blocks_01, time_out_01, x, y)VALUES(27319, 5, 1775, 1649, 25005, 6328, 1646, 25005, NULL, NULL, 4, '', '', '', '', '', 11, 58);
INSERT INTO lba.sub_play (play_id, seconds_da_start, player_made_id, team_made_id, game_made_id, player_suffered_id, team_suffered_id, game_suffered_id, shot_id, turnover_id, foul_id, rebound_defensive_01, rebound_offensive_01, assist_01, blocks_01, time_out_01, x, y)VALUES(27319, 5, 6328, 1646, 25005, NULL, NULL, NULL, 5, NULL, NULL, '', '', '', '', '', NULL, NULL);
INSERT INTO lba.sub_play (play_id, seconds_da_start, player_made_id, team_made_id, game_made_id, player_suffered_id, team_suffered_id, game_suffered_id, shot_id, turnover_id, foul_id, rebound_defensive_01, rebound_offensive_01, assist_01, blocks_01, time_out_01, x, y)VALUES(27319, 5, 6328, 1646, 25005, NULL, NULL, NULL, 5, NULL, NULL, '', '', '', '', '', NULL, NULL);
INSERT INTO lba.sub_play (play_id, seconds_da_start, player_made_id, team_made_id, game_made_id, player_suffered_id, team_suffered_id, game_suffered_id, shot_id, turnover_id, foul_id, rebound_defensive_01, rebound_offensive_01, assist_01, blocks_01, time_out_01, x, y)VALUES(27319, 5, 4162, 1646, 25005, NULL, NULL, NULL, NULL, NULL, NULL, '', '', '1', '', '', NULL, NULL);

INSERT INTO play(id, game_id, seconds_start, seconds_end, quarter, attack_home_01, score_home, score_guest)VALUES(27320, 25005, 486, 513, 1, '0', 17, 11);
INSERT INTO player_team_game_play(player_id, team_id, game_id, play_id, seconds_start, seconds_end) VALUES(4162, 1646, 25005, 27320, 486, 513);
INSERT INTO player_team_game_play(player_id, team_id, game_id, play_id, seconds_start, seconds_end) VALUES(7461, 1646, 25005, 27320, 486, 513);
INSERT INTO player_team_game_play(player_id, team_id, game_id, play_id, seconds_start, seconds_end) VALUES(7462, 1646, 25005, 27320, 486, 513);
INSERT INTO player_team_game_play(player_id, team_id, game_id, play_id, seconds_start, seconds_end) VALUES(7314, 1646, 25005, 27320, 486, 513);
INSERT INTO player_team_game_play(player_id, team_id, game_id, play_id, seconds_start, seconds_end) VALUES(6328, 1646, 25005, 27320, 486, 513);
INSERT INTO player_team_game_play(player_id, team_id, game_id, play_id, seconds_start, seconds_end) VALUES(3176, 1649, 25005, 27320, 486, 513);
INSERT INTO player_team_game_play(player_id, team_id, game_id, play_id, seconds_start, seconds_end) VALUES(7404, 1649, 25005, 27320, 486, 513);
INSERT INTO player_team_game_play(player_id, team_id, game_id, play_id, seconds_start, seconds_end) VALUES(7406, 1649, 25005, 27320, 486, 513);
INSERT INTO player_team_game_play(player_id, team_id, game_id, play_id, seconds_start, seconds_end) VALUES(1775, 1649, 25005, 27320, 486, 513);
INSERT INTO player_team_game_play(player_id, team_id, game_id, play_id, seconds_start, seconds_end) VALUES(2103, 1649, 25005, 27320, 486, 513);
UPDATE player_team_game_play SET seconds_end = 486 WHERE player_id = 7461 AND game_id = 25005 AND play_id = 27320;
INSERT INTO player_team_game_play(player_id, team_id, game_id, play_id, seconds_start, seconds_end) VALUES(5449, 1646, 25005, 27320, 486, 513);
INSERT INTO lba.sub_play (play_id, seconds_da_start, player_made_id, team_made_id, game_made_id, player_suffered_id, team_suffered_id, game_suffered_id, shot_id, turnover_id, foul_id, rebound_defensive_01, rebound_offensive_01, assist_01, blocks_01, time_out_01, x, y)VALUES(27320, 9, 5449, 1646, 25005, 7404, 1649, 25005, NULL, NULL, 1, '', '', '', '', '', 94, 39);
INSERT INTO lba.sub_play (play_id, seconds_da_start, player_made_id, team_made_id, game_made_id, player_suffered_id, team_suffered_id, game_suffered_id, shot_id, turnover_id, foul_id, rebound_defensive_01, rebound_offensive_01, assist_01, blocks_01, time_out_01, x, y)VALUES(27320, 22, 7406, 1649, 25005, NULL, NULL, NULL, 4, NULL, NULL, '', '', '', '', '', 67, 35);
INSERT INTO lba.sub_play (play_id, seconds_da_start, player_made_id, team_made_id, game_made_id, player_suffered_id, team_suffered_id, game_suffered_id, shot_id, turnover_id, foul_id, rebound_defensive_01, rebound_offensive_01, assist_01, blocks_01, time_out_01, x, y)VALUES(27320, 22, 7406, 1649, 25005, NULL, NULL, NULL, NULL, NULL, NULL, '', '1', '', '', '', 67, 35);
INSERT INTO lba.sub_play (play_id, seconds_da_start, player_made_id, team_made_id, game_made_id, player_suffered_id, team_suffered_id, game_suffered_id, shot_id, turnover_id, foul_id, rebound_defensive_01, rebound_offensive_01, assist_01, blocks_01, time_out_01, x, y)VALUES(27320, 27, 7404, 1649, 25005, NULL, NULL, NULL, 3, NULL, NULL, '', '', '', '', '', 77, 12);
INSERT INTO lba.sub_play (play_id, seconds_da_start, player_made_id, team_made_id, game_made_id, player_suffered_id, team_suffered_id, game_suffered_id, shot_id, turnover_id, foul_id, rebound_defensive_01, rebound_offensive_01, assist_01, blocks_01, time_out_01, x, y)VALUES(27320, 27, 7406, 1649, 25005, NULL, NULL, NULL, NULL, NULL, NULL, '', '', '1', '', '', 77, 12);

INSERT INTO play(id, game_id, seconds_start, seconds_end, quarter, attack_home_01, score_home, score_guest)VALUES(27321, 25005, 513, 533, 1, '1', 17, 11);
INSERT INTO player_team_game_play(player_id, team_id, game_id, play_id, seconds_start, seconds_end) VALUES(4162, 1646, 25005, 27321, 513, 533);
INSERT INTO player_team_game_play(player_id, team_id, game_id, play_id, seconds_start, seconds_end) VALUES(7314, 1646, 25005, 27321, 513, 533);
INSERT INTO player_team_game_play(player_id, team_id, game_id, play_id, seconds_start, seconds_end) VALUES(7462, 1646, 25005, 27321, 513, 533);
INSERT INTO player_team_game_play(player_id, team_id, game_id, play_id, seconds_start, seconds_end) VALUES(6328, 1646, 25005, 27321, 513, 533);
INSERT INTO player_team_game_play(player_id, team_id, game_id, play_id, seconds_start, seconds_end) VALUES(5449, 1646, 25005, 27321, 513, 533);
INSERT INTO player_team_game_play(player_id, team_id, game_id, play_id, seconds_start, seconds_end) VALUES(3176, 1649, 25005, 27321, 513, 533);
INSERT INTO player_team_game_play(player_id, team_id, game_id, play_id, seconds_start, seconds_end) VALUES(7404, 1649, 25005, 27321, 513, 533);
INSERT INTO player_team_game_play(player_id, team_id, game_id, play_id, seconds_start, seconds_end) VALUES(7406, 1649, 25005, 27321, 513, 533);
INSERT INTO player_team_game_play(player_id, team_id, game_id, play_id, seconds_start, seconds_end) VALUES(1775, 1649, 25005, 27321, 513, 533);
INSERT INTO player_team_game_play(player_id, team_id, game_id, play_id, seconds_start, seconds_end) VALUES(2103, 1649, 25005, 27321, 513, 533);
INSERT INTO lba.sub_play (play_id, seconds_da_start, player_made_id, team_made_id, game_made_id, player_suffered_id, team_suffered_id, game_suffered_id, shot_id, turnover_id, foul_id, rebound_defensive_01, rebound_offensive_01, assist_01, blocks_01, time_out_01, x, y)VALUES(27321, 20, 7462, 1646, 25005, NULL, NULL, NULL, 4, NULL, NULL, '', '', '', '', '', 28, 19);
INSERT INTO lba.sub_play (play_id, seconds_da_start, player_made_id, team_made_id, game_made_id, player_suffered_id, team_suffered_id, game_suffered_id, shot_id, turnover_id, foul_id, rebound_defensive_01, rebound_offensive_01, assist_01, blocks_01, time_out_01, x, y)VALUES(27321, 20, 1775, 1649, 25005, NULL, NULL, NULL, NULL, NULL, NULL, '1', '', '', '', '', 28, 19);

INSERT INTO play(id, game_id, seconds_start, seconds_end, quarter, attack_home_01, score_home, score_guest)VALUES(27322, 25005, 533, 552, 1, '0', 17, 11);
INSERT INTO player_team_game_play(player_id, team_id, game_id, play_id, seconds_start, seconds_end) VALUES(4162, 1646, 25005, 27322, 533, 552);
INSERT INTO player_team_game_play(player_id, team_id, game_id, play_id, seconds_start, seconds_end) VALUES(7314, 1646, 25005, 27322, 533, 552);
INSERT INTO player_team_game_play(player_id, team_id, game_id, play_id, seconds_start, seconds_end) VALUES(7462, 1646, 25005, 27322, 533, 552);
INSERT INTO player_team_game_play(player_id, team_id, game_id, play_id, seconds_start, seconds_end) VALUES(6328, 1646, 25005, 27322, 533, 552);
INSERT INTO player_team_game_play(player_id, team_id, game_id, play_id, seconds_start, seconds_end) VALUES(5449, 1646, 25005, 27322, 533, 552);
INSERT INTO player_team_game_play(player_id, team_id, game_id, play_id, seconds_start, seconds_end) VALUES(3176, 1649, 25005, 27322, 533, 552);
INSERT INTO player_team_game_play(player_id, team_id, game_id, play_id, seconds_start, seconds_end) VALUES(7404, 1649, 25005, 27322, 533, 552);
INSERT INTO player_team_game_play(player_id, team_id, game_id, play_id, seconds_start, seconds_end) VALUES(7406, 1649, 25005, 27322, 533, 552);
INSERT INTO player_team_game_play(player_id, team_id, game_id, play_id, seconds_start, seconds_end) VALUES(1775, 1649, 25005, 27322, 533, 552);
INSERT INTO player_team_game_play(player_id, team_id, game_id, play_id, seconds_start, seconds_end) VALUES(2103, 1649, 25005, 27322, 533, 552);
INSERT INTO lba.sub_play (play_id, seconds_da_start, player_made_id, team_made_id, game_made_id, player_suffered_id, team_suffered_id, game_suffered_id, shot_id, turnover_id, foul_id, rebound_defensive_01, rebound_offensive_01, assist_01, blocks_01, time_out_01, x, y)VALUES(27322, 19, 7404, 1649, 25005, NULL, NULL, NULL, 4, NULL, NULL, '', '', '', '', '', 82, 94);
INSERT INTO lba.sub_play (play_id, seconds_da_start, player_made_id, team_made_id, game_made_id, player_suffered_id, team_suffered_id, game_suffered_id, shot_id, turnover_id, foul_id, rebound_defensive_01, rebound_offensive_01, assist_01, blocks_01, time_out_01, x, y)VALUES(27322, 19, 6328, 1646, 25005, NULL, NULL, NULL, NULL, NULL, NULL, '1', '', '', '', '', 82, 94);

INSERT INTO play(id, game_id, seconds_start, seconds_end, quarter, attack_home_01, score_home, score_guest)VALUES(27323, 25005, 552, 574, 1, '1', 17, 11);
INSERT INTO player_team_game_play(player_id, team_id, game_id, play_id, seconds_start, seconds_end) VALUES(4162, 1646, 25005, 27323, 552, 574);
INSERT INTO player_team_game_play(player_id, team_id, game_id, play_id, seconds_start, seconds_end) VALUES(7314, 1646, 25005, 27323, 552, 574);
INSERT INTO player_team_game_play(player_id, team_id, game_id, play_id, seconds_start, seconds_end) VALUES(7462, 1646, 25005, 27323, 552, 574);
INSERT INTO player_team_game_play(player_id, team_id, game_id, play_id, seconds_start, seconds_end) VALUES(6328, 1646, 25005, 27323, 552, 574);
INSERT INTO player_team_game_play(player_id, team_id, game_id, play_id, seconds_start, seconds_end) VALUES(5449, 1646, 25005, 27323, 552, 574);
INSERT INTO player_team_game_play(player_id, team_id, game_id, play_id, seconds_start, seconds_end) VALUES(3176, 1649, 25005, 27323, 552, 574);
INSERT INTO player_team_game_play(player_id, team_id, game_id, play_id, seconds_start, seconds_end) VALUES(7404, 1649, 25005, 27323, 552, 574);
INSERT INTO player_team_game_play(player_id, team_id, game_id, play_id, seconds_start, seconds_end) VALUES(7406, 1649, 25005, 27323, 552, 574);
INSERT INTO player_team_game_play(player_id, team_id, game_id, play_id, seconds_start, seconds_end) VALUES(1775, 1649, 25005, 27323, 552, 574);
INSERT INTO player_team_game_play(player_id, team_id, game_id, play_id, seconds_start, seconds_end) VALUES(2103, 1649, 25005, 27323, 552, 574);
UPDATE player_team_game_play SET seconds_end = 574 WHERE player_id = 3176 AND game_id = 25005 AND play_id = 27323;
INSERT INTO player_team_game_play(player_id, team_id, game_id, play_id, seconds_start, seconds_end) VALUES(4692, 1649, 25005, 27323, 574, 574);
INSERT INTO lba.sub_play (play_id, seconds_da_start, player_made_id, team_made_id, game_made_id, player_suffered_id, team_suffered_id, game_suffered_id, shot_id, turnover_id, foul_id, rebound_defensive_01, rebound_offensive_01, assist_01, blocks_01, time_out_01, x, y)VALUES(27323, 22, 4162, 1646, 25005, NULL, NULL, NULL, NULL, 1, NULL, '', '', '', '', '', 35, 46);

INSERT INTO play(id, game_id, seconds_start, seconds_end, quarter, attack_home_01, score_home, score_guest)VALUES(27324, 25005, 574, 623, 2, '0', 17, 15);
INSERT INTO player_team_game_play(player_id, team_id, game_id, play_id, seconds_start, seconds_end) VALUES(4162, 1646, 25005, 27324, 574, 623);
INSERT INTO player_team_game_play(player_id, team_id, game_id, play_id, seconds_start, seconds_end) VALUES(7314, 1646, 25005, 27324, 574, 623);
INSERT INTO player_team_game_play(player_id, team_id, game_id, play_id, seconds_start, seconds_end) VALUES(7462, 1646, 25005, 27324, 574, 623);
INSERT INTO player_team_game_play(player_id, team_id, game_id, play_id, seconds_start, seconds_end) VALUES(6328, 1646, 25005, 27324, 574, 623);
INSERT INTO player_team_game_play(player_id, team_id, game_id, play_id, seconds_start, seconds_end) VALUES(5449, 1646, 25005, 27324, 574, 623);
INSERT INTO player_team_game_play(player_id, team_id, game_id, play_id, seconds_start, seconds_end) VALUES(3176, 1649, 25005, 27324, 574, 623);
INSERT INTO player_team_game_play(player_id, team_id, game_id, play_id, seconds_start, seconds_end) VALUES(7404, 1649, 25005, 27324, 574, 623);
INSERT INTO player_team_game_play(player_id, team_id, game_id, play_id, seconds_start, seconds_end) VALUES(7406, 1649, 25005, 27324, 574, 623);
INSERT INTO player_team_game_play(player_id, team_id, game_id, play_id, seconds_start, seconds_end) VALUES(1775, 1649, 25005, 27324, 574, 623);
INSERT INTO player_team_game_play(player_id, team_id, game_id, play_id, seconds_start, seconds_end) VALUES(2103, 1649, 25005, 27324, 574, 623);
UPDATE player_team_game_play SET seconds_end = 574 WHERE player_id = 3176 AND game_id = 25005 AND play_id = 27324;
INSERT INTO player_team_game_play(player_id, team_id, game_id, play_id, seconds_start, seconds_end) VALUES(4692, 1649, 25005, 27324, 574, 623);
INSERT INTO lba.sub_play (play_id, seconds_da_start, player_made_id, team_made_id, game_made_id, player_suffered_id, team_suffered_id, game_suffered_id, shot_id, turnover_id, foul_id, rebound_defensive_01, rebound_offensive_01, assist_01, blocks_01, time_out_01, x, y)VALUES(27324, 10, 2103, 1649, 25005, NULL, NULL, NULL, 1, NULL, NULL, '', '', '', '', '', 92, 56);
INSERT INTO lba.sub_play (play_id, seconds_da_start, player_made_id, team_made_id, game_made_id, player_suffered_id, team_suffered_id, game_suffered_id, shot_id, turnover_id, foul_id, rebound_defensive_01, rebound_offensive_01, assist_01, blocks_01, time_out_01, x, y)VALUES(27324, 22, 7404, 1649, 25005, 5449, 1646, 25005, NULL, NULL, 1, '', '', '', '', '', 32, 33);
INSERT INTO lba.sub_play (play_id, seconds_da_start, player_made_id, team_made_id, game_made_id, player_suffered_id, team_suffered_id, game_suffered_id, shot_id, turnover_id, foul_id, rebound_defensive_01, rebound_offensive_01, assist_01, blocks_01, time_out_01, x, y)VALUES(27324, 26, 5449, 1646, 25005, NULL, NULL, NULL, 2, NULL, NULL, '', '', '', '', '', 9, 23);
INSERT INTO lba.sub_play (play_id, seconds_da_start, player_made_id, team_made_id, game_made_id, player_suffered_id, team_suffered_id, game_suffered_id, shot_id, turnover_id, foul_id, rebound_defensive_01, rebound_offensive_01, assist_01, blocks_01, time_out_01, x, y)VALUES(27324, 49, 4162, 1646, 25005, 2103, 1649, 25005, NULL, NULL, 4, '', '', '', '', '', 78, 37);
INSERT INTO lba.sub_play (play_id, seconds_da_start, player_made_id, team_made_id, game_made_id, player_suffered_id, team_suffered_id, game_suffered_id, shot_id, turnover_id, foul_id, rebound_defensive_01, rebound_offensive_01, assist_01, blocks_01, time_out_01, x, y)VALUES(27324, 49, 2103, 1649, 25005, NULL, NULL, NULL, 5, NULL, NULL, '', '', '', '', '', NULL, NULL);
INSERT INTO lba.sub_play (play_id, seconds_da_start, player_made_id, team_made_id, game_made_id, player_suffered_id, team_suffered_id, game_suffered_id, shot_id, turnover_id, foul_id, rebound_defensive_01, rebound_offensive_01, assist_01, blocks_01, time_out_01, x, y)VALUES(27324, 49, 2103, 1649, 25005, NULL, NULL, NULL, 5, NULL, NULL, '', '', '', '', '', NULL, NULL);

INSERT INTO play(id, game_id, seconds_start, seconds_end, quarter, attack_home_01, score_home, score_guest)VALUES(27325, 25005, 623, 647, 2, '1', 17, 15);
INSERT INTO player_team_game_play(player_id, team_id, game_id, play_id, seconds_start, seconds_end) VALUES(4162, 1646, 25005, 27325, 623, 647);
INSERT INTO player_team_game_play(player_id, team_id, game_id, play_id, seconds_start, seconds_end) VALUES(7314, 1646, 25005, 27325, 623, 647);
INSERT INTO player_team_game_play(player_id, team_id, game_id, play_id, seconds_start, seconds_end) VALUES(7462, 1646, 25005, 27325, 623, 647);
INSERT INTO player_team_game_play(player_id, team_id, game_id, play_id, seconds_start, seconds_end) VALUES(6328, 1646, 25005, 27325, 623, 647);
INSERT INTO player_team_game_play(player_id, team_id, game_id, play_id, seconds_start, seconds_end) VALUES(5449, 1646, 25005, 27325, 623, 647);
INSERT INTO player_team_game_play(player_id, team_id, game_id, play_id, seconds_start, seconds_end) VALUES(4692, 1649, 25005, 27325, 623, 647);
INSERT INTO player_team_game_play(player_id, team_id, game_id, play_id, seconds_start, seconds_end) VALUES(2103, 1649, 25005, 27325, 623, 647);
INSERT INTO player_team_game_play(player_id, team_id, game_id, play_id, seconds_start, seconds_end) VALUES(7404, 1649, 25005, 27325, 623, 647);
INSERT INTO player_team_game_play(player_id, team_id, game_id, play_id, seconds_start, seconds_end) VALUES(7406, 1649, 25005, 27325, 623, 647);
INSERT INTO player_team_game_play(player_id, team_id, game_id, play_id, seconds_start, seconds_end) VALUES(1775, 1649, 25005, 27325, 623, 647);
INSERT INTO lba.sub_play (play_id, seconds_da_start, player_made_id, team_made_id, game_made_id, player_suffered_id, team_suffered_id, game_suffered_id, shot_id, turnover_id, foul_id, rebound_defensive_01, rebound_offensive_01, assist_01, blocks_01, time_out_01, x, y)VALUES(27325, 14, 4692, 1649, 25005, 6328, 1646, 25005, NULL, NULL, 1, '', '', '', '', '', 7, 29);
INSERT INTO lba.sub_play (play_id, seconds_da_start, player_made_id, team_made_id, game_made_id, player_suffered_id, team_suffered_id, game_suffered_id, shot_id, turnover_id, foul_id, rebound_defensive_01, rebound_offensive_01, assist_01, blocks_01, time_out_01, x, y)VALUES(27325, 24, 5449, 1646, 25005, NULL, NULL, NULL, 4, NULL, NULL, '', '', '', '', '', 25, 16);
INSERT INTO lba.sub_play (play_id, seconds_da_start, player_made_id, team_made_id, game_made_id, player_suffered_id, team_suffered_id, game_suffered_id, shot_id, turnover_id, foul_id, rebound_defensive_01, rebound_offensive_01, assist_01, blocks_01, time_out_01, x, y)VALUES(27325, 24, 7406, 1649, 25005, NULL, NULL, NULL, NULL, NULL, NULL, '1', '', '', '', '', 25, 16);

INSERT INTO play(id, game_id, seconds_start, seconds_end, quarter, attack_home_01, score_home, score_guest)VALUES(27326, 25005, 647, 661, 2, '0', 17, 18);
INSERT INTO player_team_game_play(player_id, team_id, game_id, play_id, seconds_start, seconds_end) VALUES(4162, 1646, 25005, 27326, 647, 661);
INSERT INTO player_team_game_play(player_id, team_id, game_id, play_id, seconds_start, seconds_end) VALUES(7314, 1646, 25005, 27326, 647, 661);
INSERT INTO player_team_game_play(player_id, team_id, game_id, play_id, seconds_start, seconds_end) VALUES(7462, 1646, 25005, 27326, 647, 661);
INSERT INTO player_team_game_play(player_id, team_id, game_id, play_id, seconds_start, seconds_end) VALUES(6328, 1646, 25005, 27326, 647, 661);
INSERT INTO player_team_game_play(player_id, team_id, game_id, play_id, seconds_start, seconds_end) VALUES(5449, 1646, 25005, 27326, 647, 661);
INSERT INTO player_team_game_play(player_id, team_id, game_id, play_id, seconds_start, seconds_end) VALUES(4692, 1649, 25005, 27326, 647, 661);
INSERT INTO player_team_game_play(player_id, team_id, game_id, play_id, seconds_start, seconds_end) VALUES(2103, 1649, 25005, 27326, 647, 661);
INSERT INTO player_team_game_play(player_id, team_id, game_id, play_id, seconds_start, seconds_end) VALUES(7404, 1649, 25005, 27326, 647, 661);
INSERT INTO player_team_game_play(player_id, team_id, game_id, play_id, seconds_start, seconds_end) VALUES(7406, 1649, 25005, 27326, 647, 661);
INSERT INTO player_team_game_play(player_id, team_id, game_id, play_id, seconds_start, seconds_end) VALUES(1775, 1649, 25005, 27326, 647, 661);
INSERT INTO lba.sub_play (play_id, seconds_da_start, player_made_id, team_made_id, game_made_id, player_suffered_id, team_suffered_id, game_suffered_id, shot_id, turnover_id, foul_id, rebound_defensive_01, rebound_offensive_01, assist_01, blocks_01, time_out_01, x, y)VALUES(27326, 9, 7406, 1649, 25005, NULL, NULL, NULL, 2, NULL, NULL, '', '', '', '', '', 93, 42);
INSERT INTO lba.sub_play (play_id, seconds_da_start, player_made_id, team_made_id, game_made_id, player_suffered_id, team_suffered_id, game_suffered_id, shot_id, turnover_id, foul_id, rebound_defensive_01, rebound_offensive_01, assist_01, blocks_01, time_out_01, x, y)VALUES(27326, 9, 1775, 1649, 25005, NULL, NULL, NULL, NULL, NULL, NULL, '', '1', '', '', '', 93, 42);
INSERT INTO lba.sub_play (play_id, seconds_da_start, player_made_id, team_made_id, game_made_id, player_suffered_id, team_suffered_id, game_suffered_id, shot_id, turnover_id, foul_id, rebound_defensive_01, rebound_offensive_01, assist_01, blocks_01, time_out_01, x, y)VALUES(27326, 14, 4692, 1649, 25005, NULL, NULL, NULL, 3, NULL, NULL, '', '', '', '', '', 76, 15);
INSERT INTO lba.sub_play (play_id, seconds_da_start, player_made_id, team_made_id, game_made_id, player_suffered_id, team_suffered_id, game_suffered_id, shot_id, turnover_id, foul_id, rebound_defensive_01, rebound_offensive_01, assist_01, blocks_01, time_out_01, x, y)VALUES(27326, 14, 1775, 1649, 25005, NULL, NULL, NULL, NULL, NULL, NULL, '', '', '1', '', '', 76, 15);

INSERT INTO play(id, game_id, seconds_start, seconds_end, quarter, attack_home_01, score_home, score_guest)VALUES(27327, 25005, 661, 681, 2, '1', 17, 18);
INSERT INTO player_team_game_play(player_id, team_id, game_id, play_id, seconds_start, seconds_end) VALUES(4162, 1646, 25005, 27327, 661, 681);
INSERT INTO player_team_game_play(player_id, team_id, game_id, play_id, seconds_start, seconds_end) VALUES(7314, 1646, 25005, 27327, 661, 681);
INSERT INTO player_team_game_play(player_id, team_id, game_id, play_id, seconds_start, seconds_end) VALUES(7462, 1646, 25005, 27327, 661, 681);
INSERT INTO player_team_game_play(player_id, team_id, game_id, play_id, seconds_start, seconds_end) VALUES(6328, 1646, 25005, 27327, 661, 681);
INSERT INTO player_team_game_play(player_id, team_id, game_id, play_id, seconds_start, seconds_end) VALUES(5449, 1646, 25005, 27327, 661, 681);
INSERT INTO player_team_game_play(player_id, team_id, game_id, play_id, seconds_start, seconds_end) VALUES(4692, 1649, 25005, 27327, 661, 681);
INSERT INTO player_team_game_play(player_id, team_id, game_id, play_id, seconds_start, seconds_end) VALUES(2103, 1649, 25005, 27327, 661, 681);
INSERT INTO player_team_game_play(player_id, team_id, game_id, play_id, seconds_start, seconds_end) VALUES(7404, 1649, 25005, 27327, 661, 681);
INSERT INTO player_team_game_play(player_id, team_id, game_id, play_id, seconds_start, seconds_end) VALUES(7406, 1649, 25005, 27327, 661, 681);
INSERT INTO player_team_game_play(player_id, team_id, game_id, play_id, seconds_start, seconds_end) VALUES(1775, 1649, 25005, 27327, 661, 681);
UPDATE player_team_game_play SET seconds_end = 667 WHERE player_id = 5449 AND game_id = 25005 AND play_id = 27327;
UPDATE player_team_game_play SET seconds_end = 667 WHERE player_id = 4162 AND game_id = 25005 AND play_id = 27327;
INSERT INTO player_team_game_play(player_id, team_id, game_id, play_id, seconds_start, seconds_end) VALUES(2608, 1646, 25005, 27327, 667, 681);
INSERT INTO player_team_game_play(player_id, team_id, game_id, play_id, seconds_start, seconds_end) VALUES(7461, 1646, 25005, 27327, 667, 681);
INSERT INTO lba.sub_play (play_id, seconds_da_start, player_made_id, team_made_id, game_made_id, player_suffered_id, team_suffered_id, game_suffered_id, shot_id, turnover_id, foul_id, rebound_defensive_01, rebound_offensive_01, assist_01, blocks_01, time_out_01, x, y)VALUES(27327, 6, 7406, 1649, 25005, 4162, 1646, 25005, NULL, NULL, 1, '', '', '', '', '', 39, 28);
INSERT INTO lba.sub_play (play_id, seconds_da_start, player_made_id, team_made_id, game_made_id, player_suffered_id, team_suffered_id, game_suffered_id, shot_id, turnover_id, foul_id, rebound_defensive_01, rebound_offensive_01, assist_01, blocks_01, time_out_01, x, y)VALUES(27327, 20, 7462, 1646, 25005, NULL, NULL, NULL, 4, NULL, NULL, '', '', '', '', '', 27, 85);
INSERT INTO lba.sub_play (play_id, seconds_da_start, player_made_id, team_made_id, game_made_id, player_suffered_id, team_suffered_id, game_suffered_id, shot_id, turnover_id, foul_id, rebound_defensive_01, rebound_offensive_01, assist_01, blocks_01, time_out_01, x, y)VALUES(27327, 20, 4692, 1649, 25005, NULL, NULL, NULL, NULL, NULL, NULL, '1', '', '', '', '', 27, 85);

INSERT INTO play(id, game_id, seconds_start, seconds_end, quarter, attack_home_01, score_home, score_guest)VALUES(27328, 25005, 681, 692, 2, '0', 17, 20);
INSERT INTO player_team_game_play(player_id, team_id, game_id, play_id, seconds_start, seconds_end) VALUES(2608, 1646, 25005, 27328, 681, 692);
INSERT INTO player_team_game_play(player_id, team_id, game_id, play_id, seconds_start, seconds_end) VALUES(7314, 1646, 25005, 27328, 681, 692);
INSERT INTO player_team_game_play(player_id, team_id, game_id, play_id, seconds_start, seconds_end) VALUES(7461, 1646, 25005, 27328, 681, 692);
INSERT INTO player_team_game_play(player_id, team_id, game_id, play_id, seconds_start, seconds_end) VALUES(7462, 1646, 25005, 27328, 681, 692);
INSERT INTO player_team_game_play(player_id, team_id, game_id, play_id, seconds_start, seconds_end) VALUES(6328, 1646, 25005, 27328, 681, 692);
INSERT INTO player_team_game_play(player_id, team_id, game_id, play_id, seconds_start, seconds_end) VALUES(4692, 1649, 25005, 27328, 681, 692);
INSERT INTO player_team_game_play(player_id, team_id, game_id, play_id, seconds_start, seconds_end) VALUES(2103, 1649, 25005, 27328, 681, 692);
INSERT INTO player_team_game_play(player_id, team_id, game_id, play_id, seconds_start, seconds_end) VALUES(7404, 1649, 25005, 27328, 681, 692);
INSERT INTO player_team_game_play(player_id, team_id, game_id, play_id, seconds_start, seconds_end) VALUES(7406, 1649, 25005, 27328, 681, 692);
INSERT INTO player_team_game_play(player_id, team_id, game_id, play_id, seconds_start, seconds_end) VALUES(1775, 1649, 25005, 27328, 681, 692);
INSERT INTO lba.sub_play (play_id, seconds_da_start, player_made_id, team_made_id, game_made_id, player_suffered_id, team_suffered_id, game_suffered_id, shot_id, turnover_id, foul_id, rebound_defensive_01, rebound_offensive_01, assist_01, blocks_01, time_out_01, x, y)VALUES(27328, 11, 1775, 1649, 25005, NULL, NULL, NULL, 1, NULL, NULL, '', '', '', '', '', 91, 57);
INSERT INTO lba.sub_play (play_id, seconds_da_start, player_made_id, team_made_id, game_made_id, player_suffered_id, team_suffered_id, game_suffered_id, shot_id, turnover_id, foul_id, rebound_defensive_01, rebound_offensive_01, assist_01, blocks_01, time_out_01, x, y)VALUES(27328, 11, 7406, 1649, 25005, NULL, NULL, NULL, NULL, NULL, NULL, '', '', '1', '', '', 91, 57);

INSERT INTO play(id, game_id, seconds_start, seconds_end, quarter, attack_home_01, score_home, score_guest)VALUES(27329, 25005, 692, 715, 2, '1', 17, 20);
INSERT INTO player_team_game_play(player_id, team_id, game_id, play_id, seconds_start, seconds_end) VALUES(2608, 1646, 25005, 27329, 692, 715);
INSERT INTO player_team_game_play(player_id, team_id, game_id, play_id, seconds_start, seconds_end) VALUES(7314, 1646, 25005, 27329, 692, 715);
INSERT INTO player_team_game_play(player_id, team_id, game_id, play_id, seconds_start, seconds_end) VALUES(7461, 1646, 25005, 27329, 692, 715);
INSERT INTO player_team_game_play(player_id, team_id, game_id, play_id, seconds_start, seconds_end) VALUES(7462, 1646, 25005, 27329, 692, 715);
INSERT INTO player_team_game_play(player_id, team_id, game_id, play_id, seconds_start, seconds_end) VALUES(6328, 1646, 25005, 27329, 692, 715);
INSERT INTO player_team_game_play(player_id, team_id, game_id, play_id, seconds_start, seconds_end) VALUES(4692, 1649, 25005, 27329, 692, 715);
INSERT INTO player_team_game_play(player_id, team_id, game_id, play_id, seconds_start, seconds_end) VALUES(2103, 1649, 25005, 27329, 692, 715);
INSERT INTO player_team_game_play(player_id, team_id, game_id, play_id, seconds_start, seconds_end) VALUES(7404, 1649, 25005, 27329, 692, 715);
INSERT INTO player_team_game_play(player_id, team_id, game_id, play_id, seconds_start, seconds_end) VALUES(7406, 1649, 25005, 27329, 692, 715);
INSERT INTO player_team_game_play(player_id, team_id, game_id, play_id, seconds_start, seconds_end) VALUES(1775, 1649, 25005, 27329, 692, 715);
UPDATE player_team_game_play SET seconds_end = 694 WHERE player_id = 6328 AND game_id = 25005 AND play_id = 27329;
UPDATE player_team_game_play SET seconds_end = 694 WHERE player_id = 7314 AND game_id = 25005 AND play_id = 27329;
UPDATE player_team_game_play SET seconds_end = 694 WHERE player_id = 7462 AND game_id = 25005 AND play_id = 27329;
INSERT INTO player_team_game_play(player_id, team_id, game_id, play_id, seconds_start, seconds_end) VALUES(4452, 1646, 25005, 27329, 694, 715);
INSERT INTO player_team_game_play(player_id, team_id, game_id, play_id, seconds_start, seconds_end) VALUES(1774, 1646, 25005, 27329, 694, 715);
INSERT INTO player_team_game_play(player_id, team_id, game_id, play_id, seconds_start, seconds_end) VALUES(6223, 1646, 25005, 27329, 694, 715);
INSERT INTO lba.sub_play (play_id, seconds_da_start, player_made_id, team_made_id, game_made_id, player_suffered_id, team_suffered_id, game_suffered_id, shot_id, turnover_id, foul_id, rebound_defensive_01, rebound_offensive_01, assist_01, blocks_01, time_out_01, x, y)VALUES(27329, 23, 6223, 1646, 25005, NULL, NULL, NULL, 4, NULL, NULL, '', '', '', '', '', 24, 13);

INSERT INTO play(id, game_id, seconds_start, seconds_end, quarter, attack_home_01, score_home, score_guest)VALUES(27330, 25005, 715, 769, 2, '1', 19, 22);
INSERT INTO player_team_game_play(player_id, team_id, game_id, play_id, seconds_start, seconds_end) VALUES(2608, 1646, 25005, 27330, 715, 769);
INSERT INTO player_team_game_play(player_id, team_id, game_id, play_id, seconds_start, seconds_end) VALUES(4452, 1646, 25005, 27330, 715, 769);
INSERT INTO player_team_game_play(player_id, team_id, game_id, play_id, seconds_start, seconds_end) VALUES(7461, 1646, 25005, 27330, 715, 769);
INSERT INTO player_team_game_play(player_id, team_id, game_id, play_id, seconds_start, seconds_end) VALUES(1774, 1646, 25005, 27330, 715, 769);
INSERT INTO player_team_game_play(player_id, team_id, game_id, play_id, seconds_start, seconds_end) VALUES(6223, 1646, 25005, 27330, 715, 769);
INSERT INTO player_team_game_play(player_id, team_id, game_id, play_id, seconds_start, seconds_end) VALUES(4692, 1649, 25005, 27330, 715, 769);
INSERT INTO player_team_game_play(player_id, team_id, game_id, play_id, seconds_start, seconds_end) VALUES(2103, 1649, 25005, 27330, 715, 769);
INSERT INTO player_team_game_play(player_id, team_id, game_id, play_id, seconds_start, seconds_end) VALUES(7404, 1649, 25005, 27330, 715, 769);
INSERT INTO player_team_game_play(player_id, team_id, game_id, play_id, seconds_start, seconds_end) VALUES(7406, 1649, 25005, 27330, 715, 769);
INSERT INTO player_team_game_play(player_id, team_id, game_id, play_id, seconds_start, seconds_end) VALUES(1775, 1649, 25005, 27330, 715, 769);
UPDATE player_team_game_play SET seconds_end = 762 WHERE player_id = 4452 AND game_id = 25005 AND play_id = 27330;
UPDATE player_team_game_play SET seconds_end = 762 WHERE player_id = 1774 AND game_id = 25005 AND play_id = 27330;
INSERT INTO player_team_game_play(player_id, team_id, game_id, play_id, seconds_start, seconds_end) VALUES(6328, 1646, 25005, 27330, 762, 769);
INSERT INTO player_team_game_play(player_id, team_id, game_id, play_id, seconds_start, seconds_end) VALUES(45, 1646, 25005, 27330, 762, 769);
UPDATE player_team_game_play SET seconds_end = 762 WHERE player_id = 7406 AND game_id = 25005 AND play_id = 27330;
UPDATE player_team_game_play SET seconds_end = 762 WHERE player_id = 1775 AND game_id = 25005 AND play_id = 27330;
INSERT INTO player_team_game_play(player_id, team_id, game_id, play_id, seconds_start, seconds_end) VALUES(5150, 1649, 25005, 27330, 762, 769);
INSERT INTO player_team_game_play(player_id, team_id, game_id, play_id, seconds_start, seconds_end) VALUES(7015, 1649, 25005, 27330, 762, 769);
INSERT INTO lba.sub_play (play_id, seconds_da_start, player_made_id, team_made_id, game_made_id, player_suffered_id, team_suffered_id, game_suffered_id, shot_id, turnover_id, foul_id, rebound_defensive_01, rebound_offensive_01, assist_01, blocks_01, time_out_01, x, y)VALUES(27330, 25, 7404, 1649, 25005, NULL, NULL, NULL, 1, NULL, NULL, '', '', '', '', '', 94, 56);
INSERT INTO lba.sub_play (play_id, seconds_da_start, player_made_id, team_made_id, game_made_id, player_suffered_id, team_suffered_id, game_suffered_id, shot_id, turnover_id, foul_id, rebound_defensive_01, rebound_offensive_01, assist_01, blocks_01, time_out_01, x, y)VALUES(27330, 47, 7406, 1649, 25005, 2608, 1646, 25005, NULL, NULL, 1, '', '', '', '', '', 29, 55);
INSERT INTO lba.sub_play (play_id, seconds_da_start, player_made_id, team_made_id, game_made_id, player_suffered_id, team_suffered_id, game_suffered_id, shot_id, turnover_id, foul_id, rebound_defensive_01, rebound_offensive_01, assist_01, blocks_01, time_out_01, x, y)VALUES(27330, 54, 6328, 1646, 25005, NULL, NULL, NULL, 1, NULL, NULL, '', '', '', '', '', 5, 43);
INSERT INTO lba.sub_play (play_id, seconds_da_start, player_made_id, team_made_id, game_made_id, player_suffered_id, team_suffered_id, game_suffered_id, shot_id, turnover_id, foul_id, rebound_defensive_01, rebound_offensive_01, assist_01, blocks_01, time_out_01, x, y)VALUES(27330, 54, 6223, 1646, 25005, NULL, NULL, NULL, NULL, NULL, NULL, '', '', '1', '', '', 5, 43);

INSERT INTO play(id, game_id, seconds_start, seconds_end, quarter, attack_home_01, score_home, score_guest)VALUES(27331, 25005, 769, 793, 2, '0', 19, 24);
INSERT INTO player_team_game_play(player_id, team_id, game_id, play_id, seconds_start, seconds_end) VALUES(2608, 1646, 25005, 27331, 769, 793);
INSERT INTO player_team_game_play(player_id, team_id, game_id, play_id, seconds_start, seconds_end) VALUES(7461, 1646, 25005, 27331, 769, 793);
INSERT INTO player_team_game_play(player_id, team_id, game_id, play_id, seconds_start, seconds_end) VALUES(6328, 1646, 25005, 27331, 769, 793);
INSERT INTO player_team_game_play(player_id, team_id, game_id, play_id, seconds_start, seconds_end) VALUES(45, 1646, 25005, 27331, 769, 793);
INSERT INTO player_team_game_play(player_id, team_id, game_id, play_id, seconds_start, seconds_end) VALUES(6223, 1646, 25005, 27331, 769, 793);
INSERT INTO player_team_game_play(player_id, team_id, game_id, play_id, seconds_start, seconds_end) VALUES(4692, 1649, 25005, 27331, 769, 793);
INSERT INTO player_team_game_play(player_id, team_id, game_id, play_id, seconds_start, seconds_end) VALUES(2103, 1649, 25005, 27331, 769, 793);
INSERT INTO player_team_game_play(player_id, team_id, game_id, play_id, seconds_start, seconds_end) VALUES(7015, 1649, 25005, 27331, 769, 793);
INSERT INTO player_team_game_play(player_id, team_id, game_id, play_id, seconds_start, seconds_end) VALUES(7404, 1649, 25005, 27331, 769, 793);
INSERT INTO player_team_game_play(player_id, team_id, game_id, play_id, seconds_start, seconds_end) VALUES(5150, 1649, 25005, 27331, 769, 793);
UPDATE player_team_game_play SET seconds_end = 793 WHERE player_id = 7404 AND game_id = 25005 AND play_id = 27331;
INSERT INTO player_team_game_play(player_id, team_id, game_id, play_id, seconds_start, seconds_end) VALUES(7405, 1649, 25005, 27331, 793, 793);
INSERT INTO lba.sub_play (play_id, seconds_da_start, player_made_id, team_made_id, game_made_id, player_suffered_id, team_suffered_id, game_suffered_id, shot_id, turnover_id, foul_id, rebound_defensive_01, rebound_offensive_01, assist_01, blocks_01, time_out_01, x, y)VALUES(27331, 24, 2608, 1646, 25005, 7015, 1649, 25005, NULL, NULL, 4, '', '', '', '', '', 95, 64);
INSERT INTO lba.sub_play (play_id, seconds_da_start, player_made_id, team_made_id, game_made_id, player_suffered_id, team_suffered_id, game_suffered_id, shot_id, turnover_id, foul_id, rebound_defensive_01, rebound_offensive_01, assist_01, blocks_01, time_out_01, x, y)VALUES(27331, 24, 7015, 1649, 25005, NULL, NULL, NULL, 5, NULL, NULL, '', '', '', '', '', NULL, NULL);
INSERT INTO lba.sub_play (play_id, seconds_da_start, player_made_id, team_made_id, game_made_id, player_suffered_id, team_suffered_id, game_suffered_id, shot_id, turnover_id, foul_id, rebound_defensive_01, rebound_offensive_01, assist_01, blocks_01, time_out_01, x, y)VALUES(27331, 24, 7015, 1649, 25005, NULL, NULL, NULL, 5, NULL, NULL, '', '', '', '', '', NULL, NULL);

INSERT INTO play(id, game_id, seconds_start, seconds_end, quarter, attack_home_01, score_home, score_guest)VALUES(27332, 25005, 793, 819, 2, '1', 19, 24);
INSERT INTO player_team_game_play(player_id, team_id, game_id, play_id, seconds_start, seconds_end) VALUES(2608, 1646, 25005, 27332, 793, 819);
INSERT INTO player_team_game_play(player_id, team_id, game_id, play_id, seconds_start, seconds_end) VALUES(7461, 1646, 25005, 27332, 793, 819);
INSERT INTO player_team_game_play(player_id, team_id, game_id, play_id, seconds_start, seconds_end) VALUES(6328, 1646, 25005, 27332, 793, 819);
INSERT INTO player_team_game_play(player_id, team_id, game_id, play_id, seconds_start, seconds_end) VALUES(45, 1646, 25005, 27332, 793, 819);
INSERT INTO player_team_game_play(player_id, team_id, game_id, play_id, seconds_start, seconds_end) VALUES(6223, 1646, 25005, 27332, 793, 819);
INSERT INTO player_team_game_play(player_id, team_id, game_id, play_id, seconds_start, seconds_end) VALUES(4692, 1649, 25005, 27332, 793, 819);
INSERT INTO player_team_game_play(player_id, team_id, game_id, play_id, seconds_start, seconds_end) VALUES(2103, 1649, 25005, 27332, 793, 819);
INSERT INTO player_team_game_play(player_id, team_id, game_id, play_id, seconds_start, seconds_end) VALUES(7015, 1649, 25005, 27332, 793, 819);
INSERT INTO player_team_game_play(player_id, team_id, game_id, play_id, seconds_start, seconds_end) VALUES(7404, 1649, 25005, 27332, 793, 819);
INSERT INTO player_team_game_play(player_id, team_id, game_id, play_id, seconds_start, seconds_end) VALUES(5150, 1649, 25005, 27332, 793, 819);
UPDATE player_team_game_play SET seconds_end = 793 WHERE player_id = 7404 AND game_id = 25005 AND play_id = 27332;
INSERT INTO player_team_game_play(player_id, team_id, game_id, play_id, seconds_start, seconds_end) VALUES(7405, 1649, 25005, 27332, 793, 819);
INSERT INTO lba.sub_play (play_id, seconds_da_start, player_made_id, team_made_id, game_made_id, player_suffered_id, team_suffered_id, game_suffered_id, shot_id, turnover_id, foul_id, rebound_defensive_01, rebound_offensive_01, assist_01, blocks_01, time_out_01, x, y)VALUES(27332, 16, 7405, 1649, 25005, 7461, 1646, 25005, NULL, NULL, 1, '', '', '', '', '', 10, 23);
INSERT INTO lba.sub_play (play_id, seconds_da_start, player_made_id, team_made_id, game_made_id, player_suffered_id, team_suffered_id, game_suffered_id, shot_id, turnover_id, foul_id, rebound_defensive_01, rebound_offensive_01, assist_01, blocks_01, time_out_01, x, y)VALUES(27332, 26, 7461, 1646, 25005, 7015, 1649, 25005, NULL, 1, NULL, '', '', '', '', '', 30, 27);

INSERT INTO play(id, game_id, seconds_start, seconds_end, quarter, attack_home_01, score_home, score_guest)VALUES(27333, 25005, 819, 843, 2, '1', 21, 26);
INSERT INTO player_team_game_play(player_id, team_id, game_id, play_id, seconds_start, seconds_end) VALUES(2608, 1646, 25005, 27333, 819, 843);
INSERT INTO player_team_game_play(player_id, team_id, game_id, play_id, seconds_start, seconds_end) VALUES(7461, 1646, 25005, 27333, 819, 843);
INSERT INTO player_team_game_play(player_id, team_id, game_id, play_id, seconds_start, seconds_end) VALUES(6328, 1646, 25005, 27333, 819, 843);
INSERT INTO player_team_game_play(player_id, team_id, game_id, play_id, seconds_start, seconds_end) VALUES(45, 1646, 25005, 27333, 819, 843);
INSERT INTO player_team_game_play(player_id, team_id, game_id, play_id, seconds_start, seconds_end) VALUES(6223, 1646, 25005, 27333, 819, 843);
INSERT INTO player_team_game_play(player_id, team_id, game_id, play_id, seconds_start, seconds_end) VALUES(4692, 1649, 25005, 27333, 819, 843);
INSERT INTO player_team_game_play(player_id, team_id, game_id, play_id, seconds_start, seconds_end) VALUES(2103, 1649, 25005, 27333, 819, 843);
INSERT INTO player_team_game_play(player_id, team_id, game_id, play_id, seconds_start, seconds_end) VALUES(7015, 1649, 25005, 27333, 819, 843);
INSERT INTO player_team_game_play(player_id, team_id, game_id, play_id, seconds_start, seconds_end) VALUES(7405, 1649, 25005, 27333, 819, 843);
INSERT INTO player_team_game_play(player_id, team_id, game_id, play_id, seconds_start, seconds_end) VALUES(5150, 1649, 25005, 27333, 819, 843);
UPDATE player_team_game_play SET seconds_end = 831 WHERE player_id = 6328 AND game_id = 25005 AND play_id = 27333;
INSERT INTO player_team_game_play(player_id, team_id, game_id, play_id, seconds_start, seconds_end) VALUES(1774, 1646, 25005, 27333, 831, 843);
UPDATE player_team_game_play SET seconds_end = 843 WHERE player_id = 4692 AND game_id = 25005 AND play_id = 27333;
INSERT INTO player_team_game_play(player_id, team_id, game_id, play_id, seconds_start, seconds_end) VALUES(3176, 1649, 25005, 27333, 843, 843);
INSERT INTO lba.sub_play (play_id, seconds_da_start, player_made_id, team_made_id, game_made_id, player_suffered_id, team_suffered_id, game_suffered_id, shot_id, turnover_id, foul_id, rebound_defensive_01, rebound_offensive_01, assist_01, blocks_01, time_out_01, x, y)VALUES(27333, 8, 5150, 1649, 25005, NULL, NULL, NULL, 1, NULL, NULL, '', '', '', '', '', 92, 57);
INSERT INTO lba.sub_play (play_id, seconds_da_start, player_made_id, team_made_id, game_made_id, player_suffered_id, team_suffered_id, game_suffered_id, shot_id, turnover_id, foul_id, rebound_defensive_01, rebound_offensive_01, assist_01, blocks_01, time_out_01, x, y)VALUES(27333, 24, 7015, 1649, 25005, 6223, 1646, 25005, NULL, NULL, 4, '', '', '', '', '', 8, 57);
INSERT INTO lba.sub_play (play_id, seconds_da_start, player_made_id, team_made_id, game_made_id, player_suffered_id, team_suffered_id, game_suffered_id, shot_id, turnover_id, foul_id, rebound_defensive_01, rebound_offensive_01, assist_01, blocks_01, time_out_01, x, y)VALUES(27333, 24, 6223, 1646, 25005, NULL, NULL, NULL, 5, NULL, NULL, '', '', '', '', '', NULL, NULL);
INSERT INTO lba.sub_play (play_id, seconds_da_start, player_made_id, team_made_id, game_made_id, player_suffered_id, team_suffered_id, game_suffered_id, shot_id, turnover_id, foul_id, rebound_defensive_01, rebound_offensive_01, assist_01, blocks_01, time_out_01, x, y)VALUES(27333, 24, 6223, 1646, 25005, NULL, NULL, NULL, 5, NULL, NULL, '', '', '', '', '', NULL, NULL);

INSERT INTO play(id, game_id, seconds_start, seconds_end, quarter, attack_home_01, score_home, score_guest)VALUES(27334, 25005, 843, 866, 2, '0', 21, 28);
INSERT INTO player_team_game_play(player_id, team_id, game_id, play_id, seconds_start, seconds_end) VALUES(2608, 1646, 25005, 27334, 843, 866);
INSERT INTO player_team_game_play(player_id, team_id, game_id, play_id, seconds_start, seconds_end) VALUES(7461, 1646, 25005, 27334, 843, 866);
INSERT INTO player_team_game_play(player_id, team_id, game_id, play_id, seconds_start, seconds_end) VALUES(45, 1646, 25005, 27334, 843, 866);
INSERT INTO player_team_game_play(player_id, team_id, game_id, play_id, seconds_start, seconds_end) VALUES(1774, 1646, 25005, 27334, 843, 866);
INSERT INTO player_team_game_play(player_id, team_id, game_id, play_id, seconds_start, seconds_end) VALUES(6223, 1646, 25005, 27334, 843, 866);
INSERT INTO player_team_game_play(player_id, team_id, game_id, play_id, seconds_start, seconds_end) VALUES(4692, 1649, 25005, 27334, 843, 866);
INSERT INTO player_team_game_play(player_id, team_id, game_id, play_id, seconds_start, seconds_end) VALUES(2103, 1649, 25005, 27334, 843, 866);
INSERT INTO player_team_game_play(player_id, team_id, game_id, play_id, seconds_start, seconds_end) VALUES(7015, 1649, 25005, 27334, 843, 866);
INSERT INTO player_team_game_play(player_id, team_id, game_id, play_id, seconds_start, seconds_end) VALUES(7405, 1649, 25005, 27334, 843, 866);
INSERT INTO player_team_game_play(player_id, team_id, game_id, play_id, seconds_start, seconds_end) VALUES(5150, 1649, 25005, 27334, 843, 866);
UPDATE player_team_game_play SET seconds_end = 843 WHERE player_id = 4692 AND game_id = 25005 AND play_id = 27334;
INSERT INTO player_team_game_play(player_id, team_id, game_id, play_id, seconds_start, seconds_end) VALUES(3176, 1649, 25005, 27334, 843, 866);
UPDATE player_team_game_play SET seconds_end = 853 WHERE player_id = 2103 AND game_id = 25005 AND play_id = 27334;
INSERT INTO player_team_game_play(player_id, team_id, game_id, play_id, seconds_start, seconds_end) VALUES(6138, 1649, 25005, 27334, 853, 866);
INSERT INTO lba.sub_play (play_id, seconds_da_start, player_made_id, team_made_id, game_made_id, player_suffered_id, team_suffered_id, game_suffered_id, shot_id, turnover_id, foul_id, rebound_defensive_01, rebound_offensive_01, assist_01, blocks_01, time_out_01, x, y)VALUES(27334, 10, 2608, 1646, 25005, 5150, 1649, 25005, NULL, NULL, 1, '', '', '', '', '', 73, 36);
INSERT INTO lba.sub_play (play_id, seconds_da_start, player_made_id, team_made_id, game_made_id, player_suffered_id, team_suffered_id, game_suffered_id, shot_id, turnover_id, foul_id, rebound_defensive_01, rebound_offensive_01, assist_01, blocks_01, time_out_01, x, y)VALUES(27334, 23, 6138, 1649, 25005, NULL, NULL, NULL, 1, NULL, NULL, '', '', '', '', '', 92, 30);
INSERT INTO lba.sub_play (play_id, seconds_da_start, player_made_id, team_made_id, game_made_id, player_suffered_id, team_suffered_id, game_suffered_id, shot_id, turnover_id, foul_id, rebound_defensive_01, rebound_offensive_01, assist_01, blocks_01, time_out_01, x, y)VALUES(27334, 23, 5150, 1649, 25005, NULL, NULL, NULL, NULL, NULL, NULL, '', '', '1', '', '', 92, 30);

INSERT INTO play(id, game_id, seconds_start, seconds_end, quarter, attack_home_01, score_home, score_guest)VALUES(27335, 25005, 866, 887, 2, '1', 23, 28);
INSERT INTO player_team_game_play(player_id, team_id, game_id, play_id, seconds_start, seconds_end) VALUES(2608, 1646, 25005, 27335, 866, 887);
INSERT INTO player_team_game_play(player_id, team_id, game_id, play_id, seconds_start, seconds_end) VALUES(7461, 1646, 25005, 27335, 866, 887);
INSERT INTO player_team_game_play(player_id, team_id, game_id, play_id, seconds_start, seconds_end) VALUES(45, 1646, 25005, 27335, 866, 887);
INSERT INTO player_team_game_play(player_id, team_id, game_id, play_id, seconds_start, seconds_end) VALUES(1774, 1646, 25005, 27335, 866, 887);
INSERT INTO player_team_game_play(player_id, team_id, game_id, play_id, seconds_start, seconds_end) VALUES(6223, 1646, 25005, 27335, 866, 887);
INSERT INTO player_team_game_play(player_id, team_id, game_id, play_id, seconds_start, seconds_end) VALUES(7015, 1649, 25005, 27335, 866, 887);
INSERT INTO player_team_game_play(player_id, team_id, game_id, play_id, seconds_start, seconds_end) VALUES(3176, 1649, 25005, 27335, 866, 887);
INSERT INTO player_team_game_play(player_id, team_id, game_id, play_id, seconds_start, seconds_end) VALUES(6138, 1649, 25005, 27335, 866, 887);
INSERT INTO player_team_game_play(player_id, team_id, game_id, play_id, seconds_start, seconds_end) VALUES(7405, 1649, 25005, 27335, 866, 887);
INSERT INTO player_team_game_play(player_id, team_id, game_id, play_id, seconds_start, seconds_end) VALUES(5150, 1649, 25005, 27335, 866, 887);
INSERT INTO lba.sub_play (play_id, seconds_da_start, player_made_id, team_made_id, game_made_id, player_suffered_id, team_suffered_id, game_suffered_id, shot_id, turnover_id, foul_id, rebound_defensive_01, rebound_offensive_01, assist_01, blocks_01, time_out_01, x, y)VALUES(27335, 21, 6223, 1646, 25005, NULL, NULL, NULL, 1, NULL, NULL, '', '', '', '', '', 5, 59);

INSERT INTO play(id, game_id, seconds_start, seconds_end, quarter, attack_home_01, score_home, score_guest)VALUES(27336, 25005, 887, 904, 2, '0', 23, 28);
INSERT INTO player_team_game_play(player_id, team_id, game_id, play_id, seconds_start, seconds_end) VALUES(2608, 1646, 25005, 27336, 887, 904);
INSERT INTO player_team_game_play(player_id, team_id, game_id, play_id, seconds_start, seconds_end) VALUES(7461, 1646, 25005, 27336, 887, 904);
INSERT INTO player_team_game_play(player_id, team_id, game_id, play_id, seconds_start, seconds_end) VALUES(45, 1646, 25005, 27336, 887, 904);
INSERT INTO player_team_game_play(player_id, team_id, game_id, play_id, seconds_start, seconds_end) VALUES(1774, 1646, 25005, 27336, 887, 904);
INSERT INTO player_team_game_play(player_id, team_id, game_id, play_id, seconds_start, seconds_end) VALUES(6223, 1646, 25005, 27336, 887, 904);
INSERT INTO player_team_game_play(player_id, team_id, game_id, play_id, seconds_start, seconds_end) VALUES(7015, 1649, 25005, 27336, 887, 904);
INSERT INTO player_team_game_play(player_id, team_id, game_id, play_id, seconds_start, seconds_end) VALUES(3176, 1649, 25005, 27336, 887, 904);
INSERT INTO player_team_game_play(player_id, team_id, game_id, play_id, seconds_start, seconds_end) VALUES(6138, 1649, 25005, 27336, 887, 904);
INSERT INTO player_team_game_play(player_id, team_id, game_id, play_id, seconds_start, seconds_end) VALUES(7405, 1649, 25005, 27336, 887, 904);
INSERT INTO player_team_game_play(player_id, team_id, game_id, play_id, seconds_start, seconds_end) VALUES(5150, 1649, 25005, 27336, 887, 904);
INSERT INTO lba.sub_play (play_id, seconds_da_start, player_made_id, team_made_id, game_made_id, player_suffered_id, team_suffered_id, game_suffered_id, shot_id, turnover_id, foul_id, rebound_defensive_01, rebound_offensive_01, assist_01, blocks_01, time_out_01, x, y)VALUES(27336, 17, 5150, 1649, 25005, 45, 1646, 25005, NULL, 1, NULL, '', '', '', '', '', 78, 87);

INSERT INTO play(id, game_id, seconds_start, seconds_end, quarter, attack_home_01, score_home, score_guest)VALUES(27337, 25005, 904, 914, 2, '1', 23, 28);
INSERT INTO player_team_game_play(player_id, team_id, game_id, play_id, seconds_start, seconds_end) VALUES(2608, 1646, 25005, 27337, 904, 914);
INSERT INTO player_team_game_play(player_id, team_id, game_id, play_id, seconds_start, seconds_end) VALUES(7461, 1646, 25005, 27337, 904, 914);
INSERT INTO player_team_game_play(player_id, team_id, game_id, play_id, seconds_start, seconds_end) VALUES(45, 1646, 25005, 27337, 904, 914);
INSERT INTO player_team_game_play(player_id, team_id, game_id, play_id, seconds_start, seconds_end) VALUES(1774, 1646, 25005, 27337, 904, 914);
INSERT INTO player_team_game_play(player_id, team_id, game_id, play_id, seconds_start, seconds_end) VALUES(6223, 1646, 25005, 27337, 904, 914);
INSERT INTO player_team_game_play(player_id, team_id, game_id, play_id, seconds_start, seconds_end) VALUES(7015, 1649, 25005, 27337, 904, 914);
INSERT INTO player_team_game_play(player_id, team_id, game_id, play_id, seconds_start, seconds_end) VALUES(3176, 1649, 25005, 27337, 904, 914);
INSERT INTO player_team_game_play(player_id, team_id, game_id, play_id, seconds_start, seconds_end) VALUES(6138, 1649, 25005, 27337, 904, 914);
INSERT INTO player_team_game_play(player_id, team_id, game_id, play_id, seconds_start, seconds_end) VALUES(7405, 1649, 25005, 27337, 904, 914);
INSERT INTO player_team_game_play(player_id, team_id, game_id, play_id, seconds_start, seconds_end) VALUES(5150, 1649, 25005, 27337, 904, 914);
INSERT INTO lba.sub_play (play_id, seconds_da_start, player_made_id, team_made_id, game_made_id, player_suffered_id, team_suffered_id, game_suffered_id, shot_id, turnover_id, foul_id, rebound_defensive_01, rebound_offensive_01, assist_01, blocks_01, time_out_01, x, y)VALUES(27337, 5, 6223, 1646, 25005, NULL, NULL, NULL, 2, NULL, NULL, '', '', '', '', '', 7, 52);
INSERT INTO lba.sub_play (play_id, seconds_da_start, player_made_id, team_made_id, game_made_id, player_suffered_id, team_suffered_id, game_suffered_id, shot_id, turnover_id, foul_id, rebound_defensive_01, rebound_offensive_01, assist_01, blocks_01, time_out_01, x, y)VALUES(27337, 5, 1774, 1646, 25005, NULL, NULL, NULL, NULL, NULL, NULL, '', '1', '', '', '', 7, 52);
INSERT INTO lba.sub_play (play_id, seconds_da_start, player_made_id, team_made_id, game_made_id, player_suffered_id, team_suffered_id, game_suffered_id, shot_id, turnover_id, foul_id, rebound_defensive_01, rebound_offensive_01, assist_01, blocks_01, time_out_01, x, y)VALUES(27337, 10, 1774, 1646, 25005, 5150, 1649, 25005, NULL, 2, NULL, '', '', '', '', '', 14, 48);

INSERT INTO play(id, game_id, seconds_start, seconds_end, quarter, attack_home_01, score_home, score_guest)VALUES(27338, 25005, 914, 916, 2, '0', 23, 29);
INSERT INTO player_team_game_play(player_id, team_id, game_id, play_id, seconds_start, seconds_end) VALUES(2608, 1646, 25005, 27338, 914, 916);
INSERT INTO player_team_game_play(player_id, team_id, game_id, play_id, seconds_start, seconds_end) VALUES(7461, 1646, 25005, 27338, 914, 916);
INSERT INTO player_team_game_play(player_id, team_id, game_id, play_id, seconds_start, seconds_end) VALUES(45, 1646, 25005, 27338, 914, 916);
INSERT INTO player_team_game_play(player_id, team_id, game_id, play_id, seconds_start, seconds_end) VALUES(1774, 1646, 25005, 27338, 914, 916);
INSERT INTO player_team_game_play(player_id, team_id, game_id, play_id, seconds_start, seconds_end) VALUES(6223, 1646, 25005, 27338, 914, 916);
INSERT INTO player_team_game_play(player_id, team_id, game_id, play_id, seconds_start, seconds_end) VALUES(7015, 1649, 25005, 27338, 914, 916);
INSERT INTO player_team_game_play(player_id, team_id, game_id, play_id, seconds_start, seconds_end) VALUES(3176, 1649, 25005, 27338, 914, 916);
INSERT INTO player_team_game_play(player_id, team_id, game_id, play_id, seconds_start, seconds_end) VALUES(6138, 1649, 25005, 27338, 914, 916);
INSERT INTO player_team_game_play(player_id, team_id, game_id, play_id, seconds_start, seconds_end) VALUES(7405, 1649, 25005, 27338, 914, 916);
INSERT INTO player_team_game_play(player_id, team_id, game_id, play_id, seconds_start, seconds_end) VALUES(5150, 1649, 25005, 27338, 914, 916);
UPDATE player_team_game_play SET seconds_end = 916 WHERE player_id = 2608 AND game_id = 25005 AND play_id = 27338;
INSERT INTO player_team_game_play(player_id, team_id, game_id, play_id, seconds_start, seconds_end) VALUES(4162, 1646, 25005, 27338, 916, 916);
INSERT INTO lba.sub_play (play_id, seconds_da_start, player_made_id, team_made_id, game_made_id, player_suffered_id, team_suffered_id, game_suffered_id, shot_id, turnover_id, foul_id, rebound_defensive_01, rebound_offensive_01, assist_01, blocks_01, time_out_01, x, y)VALUES(27338, 2, 2608, 1646, 25005, 5150, 1649, 25005, NULL, NULL, 4, '', '', '', '', '', 86, 52);
INSERT INTO lba.sub_play (play_id, seconds_da_start, player_made_id, team_made_id, game_made_id, player_suffered_id, team_suffered_id, game_suffered_id, shot_id, turnover_id, foul_id, rebound_defensive_01, rebound_offensive_01, assist_01, blocks_01, time_out_01, x, y)VALUES(27338, 2, 5150, 1649, 25005, NULL, NULL, NULL, 6, NULL, NULL, '', '', '', '', '', NULL, NULL);
INSERT INTO lba.sub_play (play_id, seconds_da_start, player_made_id, team_made_id, game_made_id, player_suffered_id, team_suffered_id, game_suffered_id, shot_id, turnover_id, foul_id, rebound_defensive_01, rebound_offensive_01, assist_01, blocks_01, time_out_01, x, y)VALUES(27338, 2, 5150, 1649, 25005, NULL, NULL, NULL, 5, NULL, NULL, '', '', '', '', '', NULL, NULL);

INSERT INTO play(id, game_id, seconds_start, seconds_end, quarter, attack_home_01, score_home, score_guest)VALUES(27339, 25005, 916, 931, 2, '1', 23, 29);
INSERT INTO player_team_game_play(player_id, team_id, game_id, play_id, seconds_start, seconds_end) VALUES(2608, 1646, 25005, 27339, 916, 931);
INSERT INTO player_team_game_play(player_id, team_id, game_id, play_id, seconds_start, seconds_end) VALUES(7461, 1646, 25005, 27339, 916, 931);
INSERT INTO player_team_game_play(player_id, team_id, game_id, play_id, seconds_start, seconds_end) VALUES(45, 1646, 25005, 27339, 916, 931);
INSERT INTO player_team_game_play(player_id, team_id, game_id, play_id, seconds_start, seconds_end) VALUES(1774, 1646, 25005, 27339, 916, 931);
INSERT INTO player_team_game_play(player_id, team_id, game_id, play_id, seconds_start, seconds_end) VALUES(6223, 1646, 25005, 27339, 916, 931);
INSERT INTO player_team_game_play(player_id, team_id, game_id, play_id, seconds_start, seconds_end) VALUES(7015, 1649, 25005, 27339, 916, 931);
INSERT INTO player_team_game_play(player_id, team_id, game_id, play_id, seconds_start, seconds_end) VALUES(3176, 1649, 25005, 27339, 916, 931);
INSERT INTO player_team_game_play(player_id, team_id, game_id, play_id, seconds_start, seconds_end) VALUES(6138, 1649, 25005, 27339, 916, 931);
INSERT INTO player_team_game_play(player_id, team_id, game_id, play_id, seconds_start, seconds_end) VALUES(7405, 1649, 25005, 27339, 916, 931);
INSERT INTO player_team_game_play(player_id, team_id, game_id, play_id, seconds_start, seconds_end) VALUES(5150, 1649, 25005, 27339, 916, 931);
UPDATE player_team_game_play SET seconds_end = 916 WHERE player_id = 2608 AND game_id = 25005 AND play_id = 27339;
INSERT INTO player_team_game_play(player_id, team_id, game_id, play_id, seconds_start, seconds_end) VALUES(4162, 1646, 25005, 27339, 916, 931);
INSERT INTO lba.sub_play (play_id, seconds_da_start, player_made_id, team_made_id, game_made_id, player_suffered_id, team_suffered_id, game_suffered_id, shot_id, turnover_id, foul_id, rebound_defensive_01, rebound_offensive_01, assist_01, blocks_01, time_out_01, x, y)VALUES(27339, 15, 6223, 1646, 25005, NULL, NULL, NULL, 2, NULL, NULL, '', '', '', '', '', 18, 51);
INSERT INTO lba.sub_play (play_id, seconds_da_start, player_made_id, team_made_id, game_made_id, player_suffered_id, team_suffered_id, game_suffered_id, shot_id, turnover_id, foul_id, rebound_defensive_01, rebound_offensive_01, assist_01, blocks_01, time_out_01, x, y)VALUES(27339, 15, 7405, 1649, 25005, NULL, NULL, NULL, NULL, NULL, NULL, '1', '', '', '', '', 18, 51);

INSERT INTO play(id, game_id, seconds_start, seconds_end, quarter, attack_home_01, score_home, score_guest)VALUES(27340, 25005, 931, 952, 2, '0', 23, 29);
INSERT INTO player_team_game_play(player_id, team_id, game_id, play_id, seconds_start, seconds_end) VALUES(4162, 1646, 25005, 27340, 931, 952);
INSERT INTO player_team_game_play(player_id, team_id, game_id, play_id, seconds_start, seconds_end) VALUES(7461, 1646, 25005, 27340, 931, 952);
INSERT INTO player_team_game_play(player_id, team_id, game_id, play_id, seconds_start, seconds_end) VALUES(45, 1646, 25005, 27340, 931, 952);
INSERT INTO player_team_game_play(player_id, team_id, game_id, play_id, seconds_start, seconds_end) VALUES(1774, 1646, 25005, 27340, 931, 952);
INSERT INTO player_team_game_play(player_id, team_id, game_id, play_id, seconds_start, seconds_end) VALUES(6223, 1646, 25005, 27340, 931, 952);
INSERT INTO player_team_game_play(player_id, team_id, game_id, play_id, seconds_start, seconds_end) VALUES(7015, 1649, 25005, 27340, 931, 952);
INSERT INTO player_team_game_play(player_id, team_id, game_id, play_id, seconds_start, seconds_end) VALUES(3176, 1649, 25005, 27340, 931, 952);
INSERT INTO player_team_game_play(player_id, team_id, game_id, play_id, seconds_start, seconds_end) VALUES(6138, 1649, 25005, 27340, 931, 952);
INSERT INTO player_team_game_play(player_id, team_id, game_id, play_id, seconds_start, seconds_end) VALUES(7405, 1649, 25005, 27340, 931, 952);
INSERT INTO player_team_game_play(player_id, team_id, game_id, play_id, seconds_start, seconds_end) VALUES(5150, 1649, 25005, 27340, 931, 952);
INSERT INTO lba.sub_play (play_id, seconds_da_start, player_made_id, team_made_id, game_made_id, player_suffered_id, team_suffered_id, game_suffered_id, shot_id, turnover_id, foul_id, rebound_defensive_01, rebound_offensive_01, assist_01, blocks_01, time_out_01, x, y)VALUES(27340, 21, 7405, 1649, 25005, NULL, NULL, NULL, 4, NULL, NULL, '', '', '', '', '', 70, 76);
INSERT INTO lba.sub_play (play_id, seconds_da_start, player_made_id, team_made_id, game_made_id, player_suffered_id, team_suffered_id, game_suffered_id, shot_id, turnover_id, foul_id, rebound_defensive_01, rebound_offensive_01, assist_01, blocks_01, time_out_01, x, y)VALUES(27340, 21, 6223, 1646, 25005, NULL, NULL, NULL, NULL, NULL, NULL, '1', '', '', '', '', 70, 76);

INSERT INTO play(id, game_id, seconds_start, seconds_end, quarter, attack_home_01, score_home, score_guest)VALUES(27341, 25005, 952, 973, 2, '1', 23, 29);
INSERT INTO player_team_game_play(player_id, team_id, game_id, play_id, seconds_start, seconds_end) VALUES(4162, 1646, 25005, 27341, 952, 973);
INSERT INTO player_team_game_play(player_id, team_id, game_id, play_id, seconds_start, seconds_end) VALUES(7461, 1646, 25005, 27341, 952, 973);
INSERT INTO player_team_game_play(player_id, team_id, game_id, play_id, seconds_start, seconds_end) VALUES(45, 1646, 25005, 27341, 952, 973);
INSERT INTO player_team_game_play(player_id, team_id, game_id, play_id, seconds_start, seconds_end) VALUES(1774, 1646, 25005, 27341, 952, 973);
INSERT INTO player_team_game_play(player_id, team_id, game_id, play_id, seconds_start, seconds_end) VALUES(6223, 1646, 25005, 27341, 952, 973);
INSERT INTO player_team_game_play(player_id, team_id, game_id, play_id, seconds_start, seconds_end) VALUES(7015, 1649, 25005, 27341, 952, 973);
INSERT INTO player_team_game_play(player_id, team_id, game_id, play_id, seconds_start, seconds_end) VALUES(3176, 1649, 25005, 27341, 952, 973);
INSERT INTO player_team_game_play(player_id, team_id, game_id, play_id, seconds_start, seconds_end) VALUES(6138, 1649, 25005, 27341, 952, 973);
INSERT INTO player_team_game_play(player_id, team_id, game_id, play_id, seconds_start, seconds_end) VALUES(7405, 1649, 25005, 27341, 952, 973);
INSERT INTO player_team_game_play(player_id, team_id, game_id, play_id, seconds_start, seconds_end) VALUES(5150, 1649, 25005, 27341, 952, 973);
INSERT INTO lba.sub_play (play_id, seconds_da_start, player_made_id, team_made_id, game_made_id, player_suffered_id, team_suffered_id, game_suffered_id, shot_id, turnover_id, foul_id, rebound_defensive_01, rebound_offensive_01, assist_01, blocks_01, time_out_01, x, y)VALUES(27341, 21, 6223, 1646, 25005, NULL, NULL, NULL, 4, NULL, NULL, '', '', '', '', '', 6, 98);
INSERT INTO lba.sub_play (play_id, seconds_da_start, player_made_id, team_made_id, game_made_id, player_suffered_id, team_suffered_id, game_suffered_id, shot_id, turnover_id, foul_id, rebound_defensive_01, rebound_offensive_01, assist_01, blocks_01, time_out_01, x, y)VALUES(27341, 21, 7015, 1649, 25005, NULL, NULL, NULL, NULL, NULL, NULL, '1', '', '', '', '', 6, 98);

INSERT INTO play(id, game_id, seconds_start, seconds_end, quarter, attack_home_01, score_home, score_guest)VALUES(27342, 25005, 973, 988, 2, '0', 23, 29);
INSERT INTO player_team_game_play(player_id, team_id, game_id, play_id, seconds_start, seconds_end) VALUES(4162, 1646, 25005, 27342, 973, 988);
INSERT INTO player_team_game_play(player_id, team_id, game_id, play_id, seconds_start, seconds_end) VALUES(7461, 1646, 25005, 27342, 973, 988);
INSERT INTO player_team_game_play(player_id, team_id, game_id, play_id, seconds_start, seconds_end) VALUES(45, 1646, 25005, 27342, 973, 988);
INSERT INTO player_team_game_play(player_id, team_id, game_id, play_id, seconds_start, seconds_end) VALUES(1774, 1646, 25005, 27342, 973, 988);
INSERT INTO player_team_game_play(player_id, team_id, game_id, play_id, seconds_start, seconds_end) VALUES(6223, 1646, 25005, 27342, 973, 988);
INSERT INTO player_team_game_play(player_id, team_id, game_id, play_id, seconds_start, seconds_end) VALUES(7015, 1649, 25005, 27342, 973, 988);
INSERT INTO player_team_game_play(player_id, team_id, game_id, play_id, seconds_start, seconds_end) VALUES(3176, 1649, 25005, 27342, 973, 988);
INSERT INTO player_team_game_play(player_id, team_id, game_id, play_id, seconds_start, seconds_end) VALUES(6138, 1649, 25005, 27342, 973, 988);
INSERT INTO player_team_game_play(player_id, team_id, game_id, play_id, seconds_start, seconds_end) VALUES(7405, 1649, 25005, 27342, 973, 988);
INSERT INTO player_team_game_play(player_id, team_id, game_id, play_id, seconds_start, seconds_end) VALUES(5150, 1649, 25005, 27342, 973, 988);
INSERT INTO lba.sub_play (play_id, seconds_da_start, player_made_id, team_made_id, game_made_id, player_suffered_id, team_suffered_id, game_suffered_id, shot_id, turnover_id, foul_id, rebound_defensive_01, rebound_offensive_01, assist_01, blocks_01, time_out_01, x, y)VALUES(27342, 15, 7405, 1649, 25005, 7461, 1646, 25005, NULL, 1, NULL, '', '', '', '', '', 69, 61);

INSERT INTO play(id, game_id, seconds_start, seconds_end, quarter, attack_home_01, score_home, score_guest)VALUES(27343, 25005, 988, 991, 2, '1', 25, 29);
INSERT INTO player_team_game_play(player_id, team_id, game_id, play_id, seconds_start, seconds_end) VALUES(4162, 1646, 25005, 27343, 988, 991);
INSERT INTO player_team_game_play(player_id, team_id, game_id, play_id, seconds_start, seconds_end) VALUES(7461, 1646, 25005, 27343, 988, 991);
INSERT INTO player_team_game_play(player_id, team_id, game_id, play_id, seconds_start, seconds_end) VALUES(45, 1646, 25005, 27343, 988, 991);
INSERT INTO player_team_game_play(player_id, team_id, game_id, play_id, seconds_start, seconds_end) VALUES(1774, 1646, 25005, 27343, 988, 991);
INSERT INTO player_team_game_play(player_id, team_id, game_id, play_id, seconds_start, seconds_end) VALUES(6223, 1646, 25005, 27343, 988, 991);
INSERT INTO player_team_game_play(player_id, team_id, game_id, play_id, seconds_start, seconds_end) VALUES(7015, 1649, 25005, 27343, 988, 991);
INSERT INTO player_team_game_play(player_id, team_id, game_id, play_id, seconds_start, seconds_end) VALUES(3176, 1649, 25005, 27343, 988, 991);
INSERT INTO player_team_game_play(player_id, team_id, game_id, play_id, seconds_start, seconds_end) VALUES(6138, 1649, 25005, 27343, 988, 991);
INSERT INTO player_team_game_play(player_id, team_id, game_id, play_id, seconds_start, seconds_end) VALUES(7405, 1649, 25005, 27343, 988, 991);
INSERT INTO player_team_game_play(player_id, team_id, game_id, play_id, seconds_start, seconds_end) VALUES(5150, 1649, 25005, 27343, 988, 991);
INSERT INTO lba.sub_play (play_id, seconds_da_start, player_made_id, team_made_id, game_made_id, player_suffered_id, team_suffered_id, game_suffered_id, shot_id, turnover_id, foul_id, rebound_defensive_01, rebound_offensive_01, assist_01, blocks_01, time_out_01, x, y)VALUES(27343, 3, 7461, 1646, 25005, NULL, NULL, NULL, 1, NULL, NULL, '', '', '', '', '', 5, 50);

INSERT INTO play(id, game_id, seconds_start, seconds_end, quarter, attack_home_01, score_home, score_guest)VALUES(27344, 25005, 991, 1024, 2, '0', 25, 29);
INSERT INTO player_team_game_play(player_id, team_id, game_id, play_id, seconds_start, seconds_end) VALUES(4162, 1646, 25005, 27344, 991, 1024);
INSERT INTO player_team_game_play(player_id, team_id, game_id, play_id, seconds_start, seconds_end) VALUES(7461, 1646, 25005, 27344, 991, 1024);
INSERT INTO player_team_game_play(player_id, team_id, game_id, play_id, seconds_start, seconds_end) VALUES(45, 1646, 25005, 27344, 991, 1024);
INSERT INTO player_team_game_play(player_id, team_id, game_id, play_id, seconds_start, seconds_end) VALUES(1774, 1646, 25005, 27344, 991, 1024);
INSERT INTO player_team_game_play(player_id, team_id, game_id, play_id, seconds_start, seconds_end) VALUES(6223, 1646, 25005, 27344, 991, 1024);
INSERT INTO player_team_game_play(player_id, team_id, game_id, play_id, seconds_start, seconds_end) VALUES(7015, 1649, 25005, 27344, 991, 1024);
INSERT INTO player_team_game_play(player_id, team_id, game_id, play_id, seconds_start, seconds_end) VALUES(3176, 1649, 25005, 27344, 991, 1024);
INSERT INTO player_team_game_play(player_id, team_id, game_id, play_id, seconds_start, seconds_end) VALUES(6138, 1649, 25005, 27344, 991, 1024);
INSERT INTO player_team_game_play(player_id, team_id, game_id, play_id, seconds_start, seconds_end) VALUES(7405, 1649, 25005, 27344, 991, 1024);
INSERT INTO player_team_game_play(player_id, team_id, game_id, play_id, seconds_start, seconds_end) VALUES(5150, 1649, 25005, 27344, 991, 1024);
UPDATE player_team_game_play SET seconds_end = 1011 WHERE player_id = 6223 AND game_id = 25005 AND play_id = 27344;
INSERT INTO player_team_game_play(player_id, team_id, game_id, play_id, seconds_start, seconds_end) VALUES(7462, 1646, 25005, 27344, 1011, 1024);
UPDATE player_team_game_play SET seconds_end = 1011 WHERE player_id = 7405 AND game_id = 25005 AND play_id = 27344;
INSERT INTO player_team_game_play(player_id, team_id, game_id, play_id, seconds_start, seconds_end) VALUES(7404, 1649, 25005, 27344, 1011, 1024);
INSERT INTO lba.sub_play (play_id, seconds_da_start, player_made_id, team_made_id, game_made_id, player_suffered_id, team_suffered_id, game_suffered_id, shot_id, turnover_id, foul_id, rebound_defensive_01, rebound_offensive_01, assist_01, blocks_01, time_out_01, x, y)VALUES(27344, 33, 3176, 1649, 25005, NULL, NULL, NULL, 2, NULL, NULL, '', '', '', '', '', 90, 52);
INSERT INTO lba.sub_play (play_id, seconds_da_start, player_made_id, team_made_id, game_made_id, player_suffered_id, team_suffered_id, game_suffered_id, shot_id, turnover_id, foul_id, rebound_defensive_01, rebound_offensive_01, assist_01, blocks_01, time_out_01, x, y)VALUES(27344, 33, 7462, 1646, 25005, NULL, NULL, NULL, NULL, NULL, NULL, '1', '', '', '', '', 90, 52);

INSERT INTO play(id, game_id, seconds_start, seconds_end, quarter, attack_home_01, score_home, score_guest)VALUES(27345, 25005, 1024, 1034, 2, '1', 27, 29);
INSERT INTO player_team_game_play(player_id, team_id, game_id, play_id, seconds_start, seconds_end) VALUES(4162, 1646, 25005, 27345, 1024, 1034);
INSERT INTO player_team_game_play(player_id, team_id, game_id, play_id, seconds_start, seconds_end) VALUES(7461, 1646, 25005, 27345, 1024, 1034);
INSERT INTO player_team_game_play(player_id, team_id, game_id, play_id, seconds_start, seconds_end) VALUES(7462, 1646, 25005, 27345, 1024, 1034);
INSERT INTO player_team_game_play(player_id, team_id, game_id, play_id, seconds_start, seconds_end) VALUES(45, 1646, 25005, 27345, 1024, 1034);
INSERT INTO player_team_game_play(player_id, team_id, game_id, play_id, seconds_start, seconds_end) VALUES(1774, 1646, 25005, 27345, 1024, 1034);
INSERT INTO player_team_game_play(player_id, team_id, game_id, play_id, seconds_start, seconds_end) VALUES(7015, 1649, 25005, 27345, 1024, 1034);
INSERT INTO player_team_game_play(player_id, team_id, game_id, play_id, seconds_start, seconds_end) VALUES(3176, 1649, 25005, 27345, 1024, 1034);
INSERT INTO player_team_game_play(player_id, team_id, game_id, play_id, seconds_start, seconds_end) VALUES(6138, 1649, 25005, 27345, 1024, 1034);
INSERT INTO player_team_game_play(player_id, team_id, game_id, play_id, seconds_start, seconds_end) VALUES(7404, 1649, 25005, 27345, 1024, 1034);
INSERT INTO player_team_game_play(player_id, team_id, game_id, play_id, seconds_start, seconds_end) VALUES(5150, 1649, 25005, 27345, 1024, 1034);
INSERT INTO lba.sub_play (play_id, seconds_da_start, player_made_id, team_made_id, game_made_id, player_suffered_id, team_suffered_id, game_suffered_id, shot_id, turnover_id, foul_id, rebound_defensive_01, rebound_offensive_01, assist_01, blocks_01, time_out_01, x, y)VALUES(27345, 10, 1774, 1646, 25005, NULL, NULL, NULL, 1, NULL, NULL, '', '', '', '', '', 7, 54);

INSERT INTO play(id, game_id, seconds_start, seconds_end, quarter, attack_home_01, score_home, score_guest)VALUES(27346, 25005, 1034, 1056, 2, '0', 27, 29);
INSERT INTO player_team_game_play(player_id, team_id, game_id, play_id, seconds_start, seconds_end) VALUES(4162, 1646, 25005, 27346, 1034, 1056);
INSERT INTO player_team_game_play(player_id, team_id, game_id, play_id, seconds_start, seconds_end) VALUES(7461, 1646, 25005, 27346, 1034, 1056);
INSERT INTO player_team_game_play(player_id, team_id, game_id, play_id, seconds_start, seconds_end) VALUES(7462, 1646, 25005, 27346, 1034, 1056);
INSERT INTO player_team_game_play(player_id, team_id, game_id, play_id, seconds_start, seconds_end) VALUES(45, 1646, 25005, 27346, 1034, 1056);
INSERT INTO player_team_game_play(player_id, team_id, game_id, play_id, seconds_start, seconds_end) VALUES(1774, 1646, 25005, 27346, 1034, 1056);
INSERT INTO player_team_game_play(player_id, team_id, game_id, play_id, seconds_start, seconds_end) VALUES(7015, 1649, 25005, 27346, 1034, 1056);
INSERT INTO player_team_game_play(player_id, team_id, game_id, play_id, seconds_start, seconds_end) VALUES(3176, 1649, 25005, 27346, 1034, 1056);
INSERT INTO player_team_game_play(player_id, team_id, game_id, play_id, seconds_start, seconds_end) VALUES(6138, 1649, 25005, 27346, 1034, 1056);
INSERT INTO player_team_game_play(player_id, team_id, game_id, play_id, seconds_start, seconds_end) VALUES(7404, 1649, 25005, 27346, 1034, 1056);
INSERT INTO player_team_game_play(player_id, team_id, game_id, play_id, seconds_start, seconds_end) VALUES(5150, 1649, 25005, 27346, 1034, 1056);
INSERT INTO lba.sub_play (play_id, seconds_da_start, player_made_id, team_made_id, game_made_id, player_suffered_id, team_suffered_id, game_suffered_id, shot_id, turnover_id, foul_id, rebound_defensive_01, rebound_offensive_01, assist_01, blocks_01, time_out_01, x, y)VALUES(27346, 22, 7404, 1649, 25005, NULL, NULL, NULL, 4, NULL, NULL, '', '', '', '', '', 88, 98);
INSERT INTO lba.sub_play (play_id, seconds_da_start, player_made_id, team_made_id, game_made_id, player_suffered_id, team_suffered_id, game_suffered_id, shot_id, turnover_id, foul_id, rebound_defensive_01, rebound_offensive_01, assist_01, blocks_01, time_out_01, x, y)VALUES(27346, 22, 7461, 1646, 25005, NULL, NULL, NULL, NULL, NULL, NULL, '1', '', '', '', '', 88, 98);

INSERT INTO play(id, game_id, seconds_start, seconds_end, quarter, attack_home_01, score_home, score_guest)VALUES(27347, 25005, 1056, 1084, 2, '1', 27, 29);
INSERT INTO player_team_game_play(player_id, team_id, game_id, play_id, seconds_start, seconds_end) VALUES(4162, 1646, 25005, 27347, 1056, 1084);
INSERT INTO player_team_game_play(player_id, team_id, game_id, play_id, seconds_start, seconds_end) VALUES(7461, 1646, 25005, 27347, 1056, 1084);
INSERT INTO player_team_game_play(player_id, team_id, game_id, play_id, seconds_start, seconds_end) VALUES(7462, 1646, 25005, 27347, 1056, 1084);
INSERT INTO player_team_game_play(player_id, team_id, game_id, play_id, seconds_start, seconds_end) VALUES(45, 1646, 25005, 27347, 1056, 1084);
INSERT INTO player_team_game_play(player_id, team_id, game_id, play_id, seconds_start, seconds_end) VALUES(1774, 1646, 25005, 27347, 1056, 1084);
INSERT INTO player_team_game_play(player_id, team_id, game_id, play_id, seconds_start, seconds_end) VALUES(7015, 1649, 25005, 27347, 1056, 1084);
INSERT INTO player_team_game_play(player_id, team_id, game_id, play_id, seconds_start, seconds_end) VALUES(3176, 1649, 25005, 27347, 1056, 1084);
INSERT INTO player_team_game_play(player_id, team_id, game_id, play_id, seconds_start, seconds_end) VALUES(6138, 1649, 25005, 27347, 1056, 1084);
INSERT INTO player_team_game_play(player_id, team_id, game_id, play_id, seconds_start, seconds_end) VALUES(7404, 1649, 25005, 27347, 1056, 1084);
INSERT INTO player_team_game_play(player_id, team_id, game_id, play_id, seconds_start, seconds_end) VALUES(5150, 1649, 25005, 27347, 1056, 1084);
UPDATE player_team_game_play SET seconds_end = 1072 WHERE player_id = 3176 AND game_id = 25005 AND play_id = 27347;
INSERT INTO player_team_game_play(player_id, team_id, game_id, play_id, seconds_start, seconds_end) VALUES(4692, 1649, 25005, 27347, 1072, 1084);
INSERT INTO lba.sub_play (play_id, seconds_da_start, player_made_id, team_made_id, game_made_id, player_suffered_id, team_suffered_id, game_suffered_id, shot_id, turnover_id, foul_id, rebound_defensive_01, rebound_offensive_01, assist_01, blocks_01, time_out_01, x, y)VALUES(27347, 11, 7462, 1646, 25005, NULL, NULL, NULL, 4, NULL, NULL, '', '', '', '', '', 22, 90);
INSERT INTO lba.sub_play (play_id, seconds_da_start, player_made_id, team_made_id, game_made_id, player_suffered_id, team_suffered_id, game_suffered_id, shot_id, turnover_id, foul_id, rebound_defensive_01, rebound_offensive_01, assist_01, blocks_01, time_out_01, x, y)VALUES(27347, 28, 7461, 1646, 25005, NULL, NULL, NULL, 4, NULL, NULL, '', '', '', '', '', 23, 13);
INSERT INTO lba.sub_play (play_id, seconds_da_start, player_made_id, team_made_id, game_made_id, player_suffered_id, team_suffered_id, game_suffered_id, shot_id, turnover_id, foul_id, rebound_defensive_01, rebound_offensive_01, assist_01, blocks_01, time_out_01, x, y)VALUES(27347, 28, 7404, 1649, 25005, NULL, NULL, NULL, NULL, NULL, NULL, '1', '', '', '', '', 23, 13);

INSERT INTO play(id, game_id, seconds_start, seconds_end, quarter, attack_home_01, score_home, score_guest)VALUES(27348, 25005, 1084, 1104, 2, '0', 27, 31);
INSERT INTO player_team_game_play(player_id, team_id, game_id, play_id, seconds_start, seconds_end) VALUES(4162, 1646, 25005, 27348, 1084, 1104);
INSERT INTO player_team_game_play(player_id, team_id, game_id, play_id, seconds_start, seconds_end) VALUES(7461, 1646, 25005, 27348, 1084, 1104);
INSERT INTO player_team_game_play(player_id, team_id, game_id, play_id, seconds_start, seconds_end) VALUES(7462, 1646, 25005, 27348, 1084, 1104);
INSERT INTO player_team_game_play(player_id, team_id, game_id, play_id, seconds_start, seconds_end) VALUES(45, 1646, 25005, 27348, 1084, 1104);
INSERT INTO player_team_game_play(player_id, team_id, game_id, play_id, seconds_start, seconds_end) VALUES(1774, 1646, 25005, 27348, 1084, 1104);
INSERT INTO player_team_game_play(player_id, team_id, game_id, play_id, seconds_start, seconds_end) VALUES(4692, 1649, 25005, 27348, 1084, 1104);
INSERT INTO player_team_game_play(player_id, team_id, game_id, play_id, seconds_start, seconds_end) VALUES(7015, 1649, 25005, 27348, 1084, 1104);
INSERT INTO player_team_game_play(player_id, team_id, game_id, play_id, seconds_start, seconds_end) VALUES(6138, 1649, 25005, 27348, 1084, 1104);
INSERT INTO player_team_game_play(player_id, team_id, game_id, play_id, seconds_start, seconds_end) VALUES(7404, 1649, 25005, 27348, 1084, 1104);
INSERT INTO player_team_game_play(player_id, team_id, game_id, play_id, seconds_start, seconds_end) VALUES(5150, 1649, 25005, 27348, 1084, 1104);
INSERT INTO lba.sub_play (play_id, seconds_da_start, player_made_id, team_made_id, game_made_id, player_suffered_id, team_suffered_id, game_suffered_id, shot_id, turnover_id, foul_id, rebound_defensive_01, rebound_offensive_01, assist_01, blocks_01, time_out_01, x, y)VALUES(27348, 20, 7015, 1649, 25005, NULL, NULL, NULL, 1, NULL, NULL, '', '', '', '', '', 87, 53);

INSERT INTO play(id, game_id, seconds_start, seconds_end, quarter, attack_home_01, score_home, score_guest)VALUES(27349, 25005, 1104, 1141, 2, '1', 30, 31);
INSERT INTO player_team_game_play(player_id, team_id, game_id, play_id, seconds_start, seconds_end) VALUES(4162, 1646, 25005, 27349, 1104, 1141);
INSERT INTO player_team_game_play(player_id, team_id, game_id, play_id, seconds_start, seconds_end) VALUES(7461, 1646, 25005, 27349, 1104, 1141);
INSERT INTO player_team_game_play(player_id, team_id, game_id, play_id, seconds_start, seconds_end) VALUES(7462, 1646, 25005, 27349, 1104, 1141);
INSERT INTO player_team_game_play(player_id, team_id, game_id, play_id, seconds_start, seconds_end) VALUES(45, 1646, 25005, 27349, 1104, 1141);
INSERT INTO player_team_game_play(player_id, team_id, game_id, play_id, seconds_start, seconds_end) VALUES(1774, 1646, 25005, 27349, 1104, 1141);
INSERT INTO player_team_game_play(player_id, team_id, game_id, play_id, seconds_start, seconds_end) VALUES(4692, 1649, 25005, 27349, 1104, 1141);
INSERT INTO player_team_game_play(player_id, team_id, game_id, play_id, seconds_start, seconds_end) VALUES(7015, 1649, 25005, 27349, 1104, 1141);
INSERT INTO player_team_game_play(player_id, team_id, game_id, play_id, seconds_start, seconds_end) VALUES(6138, 1649, 25005, 27349, 1104, 1141);
INSERT INTO player_team_game_play(player_id, team_id, game_id, play_id, seconds_start, seconds_end) VALUES(7404, 1649, 25005, 27349, 1104, 1141);
INSERT INTO player_team_game_play(player_id, team_id, game_id, play_id, seconds_start, seconds_end) VALUES(5150, 1649, 25005, 27349, 1104, 1141);
INSERT INTO lba.sub_play (play_id, seconds_da_start, player_made_id, team_made_id, game_made_id, player_suffered_id, team_suffered_id, game_suffered_id, shot_id, turnover_id, foul_id, rebound_defensive_01, rebound_offensive_01, assist_01, blocks_01, time_out_01, x, y)VALUES(27349, 25, 7462, 1646, 25005, NULL, NULL, NULL, 4, NULL, NULL, '', '', '', '', '', 34, 46);
INSERT INTO lba.sub_play (play_id, seconds_da_start, player_made_id, team_made_id, game_made_id, player_suffered_id, team_suffered_id, game_suffered_id, shot_id, turnover_id, foul_id, rebound_defensive_01, rebound_offensive_01, assist_01, blocks_01, time_out_01, x, y)VALUES(27349, 25, 1774, 1646, 25005, NULL, NULL, NULL, NULL, NULL, NULL, '', '1', '', '', '', 34, 46);
INSERT INTO lba.sub_play (play_id, seconds_da_start, player_made_id, team_made_id, game_made_id, player_suffered_id, team_suffered_id, game_suffered_id, shot_id, turnover_id, foul_id, rebound_defensive_01, rebound_offensive_01, assist_01, blocks_01, time_out_01, x, y)VALUES(27349, 37, 7462, 1646, 25005, NULL, NULL, NULL, 3, NULL, NULL, '', '', '', '', '', 17, 95);

INSERT INTO play(id, game_id, seconds_start, seconds_end, quarter, attack_home_01, score_home, score_guest)VALUES(27350, 25005, 1141, 1166, 2, '0', 30, 31);
INSERT INTO player_team_game_play(player_id, team_id, game_id, play_id, seconds_start, seconds_end) VALUES(4162, 1646, 25005, 27350, 1141, 1166);
INSERT INTO player_team_game_play(player_id, team_id, game_id, play_id, seconds_start, seconds_end) VALUES(7461, 1646, 25005, 27350, 1141, 1166);
INSERT INTO player_team_game_play(player_id, team_id, game_id, play_id, seconds_start, seconds_end) VALUES(7462, 1646, 25005, 27350, 1141, 1166);
INSERT INTO player_team_game_play(player_id, team_id, game_id, play_id, seconds_start, seconds_end) VALUES(45, 1646, 25005, 27350, 1141, 1166);
INSERT INTO player_team_game_play(player_id, team_id, game_id, play_id, seconds_start, seconds_end) VALUES(1774, 1646, 25005, 27350, 1141, 1166);
INSERT INTO player_team_game_play(player_id, team_id, game_id, play_id, seconds_start, seconds_end) VALUES(4692, 1649, 25005, 27350, 1141, 1166);
INSERT INTO player_team_game_play(player_id, team_id, game_id, play_id, seconds_start, seconds_end) VALUES(7015, 1649, 25005, 27350, 1141, 1166);
INSERT INTO player_team_game_play(player_id, team_id, game_id, play_id, seconds_start, seconds_end) VALUES(6138, 1649, 25005, 27350, 1141, 1166);
INSERT INTO player_team_game_play(player_id, team_id, game_id, play_id, seconds_start, seconds_end) VALUES(7404, 1649, 25005, 27350, 1141, 1166);
INSERT INTO player_team_game_play(player_id, team_id, game_id, play_id, seconds_start, seconds_end) VALUES(5150, 1649, 25005, 27350, 1141, 1166);
INSERT INTO lba.sub_play (play_id, seconds_da_start, player_made_id, team_made_id, game_made_id, player_suffered_id, team_suffered_id, game_suffered_id, shot_id, turnover_id, foul_id, rebound_defensive_01, rebound_offensive_01, assist_01, blocks_01, time_out_01, x, y)VALUES(27350, 25, 6138, 1649, 25005, NULL, NULL, NULL, 4, NULL, NULL, '', '', '', '', '', 65, 49);
INSERT INTO lba.sub_play (play_id, seconds_da_start, player_made_id, team_made_id, game_made_id, player_suffered_id, team_suffered_id, game_suffered_id, shot_id, turnover_id, foul_id, rebound_defensive_01, rebound_offensive_01, assist_01, blocks_01, time_out_01, x, y)VALUES(27350, 25, 7461, 1646, 25005, NULL, NULL, NULL, NULL, NULL, NULL, '1', '', '', '', '', 65, 49);

INSERT INTO play(id, game_id, seconds_start, seconds_end, quarter, attack_home_01, score_home, score_guest)VALUES(27351, 25005, 1166, 1190, 2, '1', 30, 31);
INSERT INTO player_team_game_play(player_id, team_id, game_id, play_id, seconds_start, seconds_end) VALUES(4162, 1646, 25005, 27351, 1166, 1190);
INSERT INTO player_team_game_play(player_id, team_id, game_id, play_id, seconds_start, seconds_end) VALUES(7461, 1646, 25005, 27351, 1166, 1190);
INSERT INTO player_team_game_play(player_id, team_id, game_id, play_id, seconds_start, seconds_end) VALUES(7462, 1646, 25005, 27351, 1166, 1190);
INSERT INTO player_team_game_play(player_id, team_id, game_id, play_id, seconds_start, seconds_end) VALUES(45, 1646, 25005, 27351, 1166, 1190);
INSERT INTO player_team_game_play(player_id, team_id, game_id, play_id, seconds_start, seconds_end) VALUES(1774, 1646, 25005, 27351, 1166, 1190);
INSERT INTO player_team_game_play(player_id, team_id, game_id, play_id, seconds_start, seconds_end) VALUES(4692, 1649, 25005, 27351, 1166, 1190);
INSERT INTO player_team_game_play(player_id, team_id, game_id, play_id, seconds_start, seconds_end) VALUES(7015, 1649, 25005, 27351, 1166, 1190);
INSERT INTO player_team_game_play(player_id, team_id, game_id, play_id, seconds_start, seconds_end) VALUES(6138, 1649, 25005, 27351, 1166, 1190);
INSERT INTO player_team_game_play(player_id, team_id, game_id, play_id, seconds_start, seconds_end) VALUES(7404, 1649, 25005, 27351, 1166, 1190);
INSERT INTO player_team_game_play(player_id, team_id, game_id, play_id, seconds_start, seconds_end) VALUES(5150, 1649, 25005, 27351, 1166, 1190);
INSERT INTO lba.sub_play (play_id, seconds_da_start, player_made_id, team_made_id, game_made_id, player_suffered_id, team_suffered_id, game_suffered_id, shot_id, turnover_id, foul_id, rebound_defensive_01, rebound_offensive_01, assist_01, blocks_01, time_out_01, x, y)VALUES(27351, 24, 7461, 1646, 25005, NULL, NULL, NULL, 4, NULL, NULL, '', '', '', '', '', 5, 3);
INSERT INTO lba.sub_play (play_id, seconds_da_start, player_made_id, team_made_id, game_made_id, player_suffered_id, team_suffered_id, game_suffered_id, shot_id, turnover_id, foul_id, rebound_defensive_01, rebound_offensive_01, assist_01, blocks_01, time_out_01, x, y)VALUES(27351, 24, 5150, 1649, 25005, NULL, NULL, NULL, NULL, NULL, NULL, '1', '', '', '', '', 5, 3);

INSERT INTO play(id, game_id, seconds_start, seconds_end, quarter, attack_home_01, score_home, score_guest)VALUES(27352, 25005, 1190, 1199, 2, '0', 30, 33);
INSERT INTO player_team_game_play(player_id, team_id, game_id, play_id, seconds_start, seconds_end) VALUES(4162, 1646, 25005, 27352, 1190, 1199);
INSERT INTO player_team_game_play(player_id, team_id, game_id, play_id, seconds_start, seconds_end) VALUES(7461, 1646, 25005, 27352, 1190, 1199);
INSERT INTO player_team_game_play(player_id, team_id, game_id, play_id, seconds_start, seconds_end) VALUES(7462, 1646, 25005, 27352, 1190, 1199);
INSERT INTO player_team_game_play(player_id, team_id, game_id, play_id, seconds_start, seconds_end) VALUES(45, 1646, 25005, 27352, 1190, 1199);
INSERT INTO player_team_game_play(player_id, team_id, game_id, play_id, seconds_start, seconds_end) VALUES(1774, 1646, 25005, 27352, 1190, 1199);
INSERT INTO player_team_game_play(player_id, team_id, game_id, play_id, seconds_start, seconds_end) VALUES(4692, 1649, 25005, 27352, 1190, 1199);
INSERT INTO player_team_game_play(player_id, team_id, game_id, play_id, seconds_start, seconds_end) VALUES(7015, 1649, 25005, 27352, 1190, 1199);
INSERT INTO player_team_game_play(player_id, team_id, game_id, play_id, seconds_start, seconds_end) VALUES(6138, 1649, 25005, 27352, 1190, 1199);
INSERT INTO player_team_game_play(player_id, team_id, game_id, play_id, seconds_start, seconds_end) VALUES(7404, 1649, 25005, 27352, 1190, 1199);
INSERT INTO player_team_game_play(player_id, team_id, game_id, play_id, seconds_start, seconds_end) VALUES(5150, 1649, 25005, 27352, 1190, 1199);
INSERT INTO lba.sub_play (play_id, seconds_da_start, player_made_id, team_made_id, game_made_id, player_suffered_id, team_suffered_id, game_suffered_id, shot_id, turnover_id, foul_id, rebound_defensive_01, rebound_offensive_01, assist_01, blocks_01, time_out_01, x, y)VALUES(27352, 9, 5150, 1649, 25005, NULL, NULL, NULL, 1, NULL, NULL, '', '', '', '', '', 95, 46);
INSERT INTO lba.sub_play (play_id, seconds_da_start, player_made_id, team_made_id, game_made_id, player_suffered_id, team_suffered_id, game_suffered_id, shot_id, turnover_id, foul_id, rebound_defensive_01, rebound_offensive_01, assist_01, blocks_01, time_out_01, x, y)VALUES(27352, 9, 7404, 1649, 25005, NULL, NULL, NULL, NULL, NULL, NULL, '', '', '1', '', '', 95, 46);

INSERT INTO play(id, game_id, seconds_start, seconds_end, quarter, attack_home_01, score_home, score_guest)VALUES(27353, 25005, 1199, 1215, 3, '1', 30, 33);
INSERT INTO player_team_game_play(player_id, team_id, game_id, play_id, seconds_start, seconds_end) VALUES(4162, 1646, 25005, 27353, 1199, 1215);
INSERT INTO player_team_game_play(player_id, team_id, game_id, play_id, seconds_start, seconds_end) VALUES(7461, 1646, 25005, 27353, 1199, 1215);
INSERT INTO player_team_game_play(player_id, team_id, game_id, play_id, seconds_start, seconds_end) VALUES(7462, 1646, 25005, 27353, 1199, 1215);
INSERT INTO player_team_game_play(player_id, team_id, game_id, play_id, seconds_start, seconds_end) VALUES(45, 1646, 25005, 27353, 1199, 1215);
INSERT INTO player_team_game_play(player_id, team_id, game_id, play_id, seconds_start, seconds_end) VALUES(1774, 1646, 25005, 27353, 1199, 1215);
INSERT INTO player_team_game_play(player_id, team_id, game_id, play_id, seconds_start, seconds_end) VALUES(4692, 1649, 25005, 27353, 1199, 1215);
INSERT INTO player_team_game_play(player_id, team_id, game_id, play_id, seconds_start, seconds_end) VALUES(7015, 1649, 25005, 27353, 1199, 1215);
INSERT INTO player_team_game_play(player_id, team_id, game_id, play_id, seconds_start, seconds_end) VALUES(6138, 1649, 25005, 27353, 1199, 1215);
INSERT INTO player_team_game_play(player_id, team_id, game_id, play_id, seconds_start, seconds_end) VALUES(7404, 1649, 25005, 27353, 1199, 1215);
INSERT INTO player_team_game_play(player_id, team_id, game_id, play_id, seconds_start, seconds_end) VALUES(5150, 1649, 25005, 27353, 1199, 1215);
UPDATE player_team_game_play SET seconds_end = 1200 WHERE player_id = 4162 AND game_id = 25005 AND play_id = 27353;
INSERT INTO player_team_game_play(player_id, team_id, game_id, play_id, seconds_start, seconds_end) VALUES(2608, 1646, 25005, 27353, 1200, 1215);
UPDATE player_team_game_play SET seconds_end = 1200 WHERE player_id = 4692 AND game_id = 25005 AND play_id = 27353;
UPDATE player_team_game_play SET seconds_end = 1200 WHERE player_id = 7404 AND game_id = 25005 AND play_id = 27353;
INSERT INTO player_team_game_play(player_id, team_id, game_id, play_id, seconds_start, seconds_end) VALUES(3176, 1649, 25005, 27353, 1200, 1215);
INSERT INTO player_team_game_play(player_id, team_id, game_id, play_id, seconds_start, seconds_end) VALUES(7406, 1649, 25005, 27353, 1200, 1215);
INSERT INTO lba.sub_play (play_id, seconds_da_start, player_made_id, team_made_id, game_made_id, player_suffered_id, team_suffered_id, game_suffered_id, shot_id, turnover_id, foul_id, rebound_defensive_01, rebound_offensive_01, assist_01, blocks_01, time_out_01, x, y)VALUES(27353, 16, 1774, 1646, 25005, 7015, 1649, 25005, NULL, NULL, 7, '', '', '', '', '', 93, 63);
INSERT INTO lba.sub_play (play_id, seconds_da_start, player_made_id, team_made_id, game_made_id, player_suffered_id, team_suffered_id, game_suffered_id, shot_id, turnover_id, foul_id, rebound_defensive_01, rebound_offensive_01, assist_01, blocks_01, time_out_01, x, y)VALUES(27353, 16, 1774, 1646, 25005, NULL, NULL, NULL, NULL, 13, NULL, '', '', '', '', '', 93, 63);

INSERT INTO play(id, game_id, seconds_start, seconds_end, quarter, attack_home_01, score_home, score_guest)VALUES(27354, 25005, 1215, 1222, 3, '0', 30, 33);
INSERT INTO player_team_game_play(player_id, team_id, game_id, play_id, seconds_start, seconds_end) VALUES(2608, 1646, 25005, 27354, 1215, 1222);
INSERT INTO player_team_game_play(player_id, team_id, game_id, play_id, seconds_start, seconds_end) VALUES(7461, 1646, 25005, 27354, 1215, 1222);
INSERT INTO player_team_game_play(player_id, team_id, game_id, play_id, seconds_start, seconds_end) VALUES(7462, 1646, 25005, 27354, 1215, 1222);
INSERT INTO player_team_game_play(player_id, team_id, game_id, play_id, seconds_start, seconds_end) VALUES(45, 1646, 25005, 27354, 1215, 1222);
INSERT INTO player_team_game_play(player_id, team_id, game_id, play_id, seconds_start, seconds_end) VALUES(1774, 1646, 25005, 27354, 1215, 1222);
INSERT INTO player_team_game_play(player_id, team_id, game_id, play_id, seconds_start, seconds_end) VALUES(7015, 1649, 25005, 27354, 1215, 1222);
INSERT INTO player_team_game_play(player_id, team_id, game_id, play_id, seconds_start, seconds_end) VALUES(3176, 1649, 25005, 27354, 1215, 1222);
INSERT INTO player_team_game_play(player_id, team_id, game_id, play_id, seconds_start, seconds_end) VALUES(5150, 1649, 25005, 27354, 1215, 1222);
INSERT INTO player_team_game_play(player_id, team_id, game_id, play_id, seconds_start, seconds_end) VALUES(6138, 1649, 25005, 27354, 1215, 1222);
INSERT INTO player_team_game_play(player_id, team_id, game_id, play_id, seconds_start, seconds_end) VALUES(7406, 1649, 25005, 27354, 1215, 1222);
INSERT INTO lba.sub_play (play_id, seconds_da_start, player_made_id, team_made_id, game_made_id, player_suffered_id, team_suffered_id, game_suffered_id, shot_id, turnover_id, foul_id, rebound_defensive_01, rebound_offensive_01, assist_01, blocks_01, time_out_01, x, y)VALUES(27354, 7, 7015, 1649, 25005, 2608, 1646, 25005, NULL, 2, NULL, '', '', '', '', '', 17, 58);

INSERT INTO play(id, game_id, seconds_start, seconds_end, quarter, attack_home_01, score_home, score_guest)VALUES(27355, 25005, 1222, 1229, 3, '1', 32, 33);
INSERT INTO player_team_game_play(player_id, team_id, game_id, play_id, seconds_start, seconds_end) VALUES(2608, 1646, 25005, 27355, 1222, 1229);
INSERT INTO player_team_game_play(player_id, team_id, game_id, play_id, seconds_start, seconds_end) VALUES(7461, 1646, 25005, 27355, 1222, 1229);
INSERT INTO player_team_game_play(player_id, team_id, game_id, play_id, seconds_start, seconds_end) VALUES(7462, 1646, 25005, 27355, 1222, 1229);
INSERT INTO player_team_game_play(player_id, team_id, game_id, play_id, seconds_start, seconds_end) VALUES(45, 1646, 25005, 27355, 1222, 1229);
INSERT INTO player_team_game_play(player_id, team_id, game_id, play_id, seconds_start, seconds_end) VALUES(1774, 1646, 25005, 27355, 1222, 1229);
INSERT INTO player_team_game_play(player_id, team_id, game_id, play_id, seconds_start, seconds_end) VALUES(7015, 1649, 25005, 27355, 1222, 1229);
INSERT INTO player_team_game_play(player_id, team_id, game_id, play_id, seconds_start, seconds_end) VALUES(3176, 1649, 25005, 27355, 1222, 1229);
INSERT INTO player_team_game_play(player_id, team_id, game_id, play_id, seconds_start, seconds_end) VALUES(5150, 1649, 25005, 27355, 1222, 1229);
INSERT INTO player_team_game_play(player_id, team_id, game_id, play_id, seconds_start, seconds_end) VALUES(6138, 1649, 25005, 27355, 1222, 1229);
INSERT INTO player_team_game_play(player_id, team_id, game_id, play_id, seconds_start, seconds_end) VALUES(7406, 1649, 25005, 27355, 1222, 1229);
INSERT INTO lba.sub_play (play_id, seconds_da_start, player_made_id, team_made_id, game_made_id, player_suffered_id, team_suffered_id, game_suffered_id, shot_id, turnover_id, foul_id, rebound_defensive_01, rebound_offensive_01, assist_01, blocks_01, time_out_01, x, y)VALUES(27355, 7, 1774, 1646, 25005, NULL, NULL, NULL, 1, NULL, NULL, '', '', '', '', '', 95, 51);
INSERT INTO lba.sub_play (play_id, seconds_da_start, player_made_id, team_made_id, game_made_id, player_suffered_id, team_suffered_id, game_suffered_id, shot_id, turnover_id, foul_id, rebound_defensive_01, rebound_offensive_01, assist_01, blocks_01, time_out_01, x, y)VALUES(27355, 7, 2608, 1646, 25005, NULL, NULL, NULL, NULL, NULL, NULL, '', '', '1', '', '', 95, 51);

INSERT INTO play(id, game_id, seconds_start, seconds_end, quarter, attack_home_01, score_home, score_guest)VALUES(27356, 25005, 1229, 1252, 3, '0', 32, 33);
INSERT INTO player_team_game_play(player_id, team_id, game_id, play_id, seconds_start, seconds_end) VALUES(2608, 1646, 25005, 27356, 1229, 1252);
INSERT INTO player_team_game_play(player_id, team_id, game_id, play_id, seconds_start, seconds_end) VALUES(7461, 1646, 25005, 27356, 1229, 1252);
INSERT INTO player_team_game_play(player_id, team_id, game_id, play_id, seconds_start, seconds_end) VALUES(7462, 1646, 25005, 27356, 1229, 1252);
INSERT INTO player_team_game_play(player_id, team_id, game_id, play_id, seconds_start, seconds_end) VALUES(45, 1646, 25005, 27356, 1229, 1252);
INSERT INTO player_team_game_play(player_id, team_id, game_id, play_id, seconds_start, seconds_end) VALUES(1774, 1646, 25005, 27356, 1229, 1252);
INSERT INTO player_team_game_play(player_id, team_id, game_id, play_id, seconds_start, seconds_end) VALUES(7015, 1649, 25005, 27356, 1229, 1252);
INSERT INTO player_team_game_play(player_id, team_id, game_id, play_id, seconds_start, seconds_end) VALUES(3176, 1649, 25005, 27356, 1229, 1252);
INSERT INTO player_team_game_play(player_id, team_id, game_id, play_id, seconds_start, seconds_end) VALUES(5150, 1649, 25005, 27356, 1229, 1252);
INSERT INTO player_team_game_play(player_id, team_id, game_id, play_id, seconds_start, seconds_end) VALUES(6138, 1649, 25005, 27356, 1229, 1252);
INSERT INTO player_team_game_play(player_id, team_id, game_id, play_id, seconds_start, seconds_end) VALUES(7406, 1649, 25005, 27356, 1229, 1252);
INSERT INTO lba.sub_play (play_id, seconds_da_start, player_made_id, team_made_id, game_made_id, player_suffered_id, team_suffered_id, game_suffered_id, shot_id, turnover_id, foul_id, rebound_defensive_01, rebound_offensive_01, assist_01, blocks_01, time_out_01, x, y)VALUES(27356, 15, 3176, 1649, 25005, NULL, NULL, NULL, 4, NULL, NULL, '', '', '', '', '', 21, 9);
INSERT INTO lba.sub_play (play_id, seconds_da_start, player_made_id, team_made_id, game_made_id, player_suffered_id, team_suffered_id, game_suffered_id, shot_id, turnover_id, foul_id, rebound_defensive_01, rebound_offensive_01, assist_01, blocks_01, time_out_01, x, y)VALUES(27356, 15, 7015, 1649, 25005, NULL, NULL, NULL, NULL, NULL, NULL, '', '1', '', '', '', 21, 9);
INSERT INTO lba.sub_play (play_id, seconds_da_start, player_made_id, team_made_id, game_made_id, player_suffered_id, team_suffered_id, game_suffered_id, shot_id, turnover_id, foul_id, rebound_defensive_01, rebound_offensive_01, assist_01, blocks_01, time_out_01, x, y)VALUES(27356, 23, 7015, 1649, 25005, NULL, NULL, NULL, 2, NULL, NULL, '', '', '', '', '', 6, 45);
INSERT INTO lba.sub_play (play_id, seconds_da_start, player_made_id, team_made_id, game_made_id, player_suffered_id, team_suffered_id, game_suffered_id, shot_id, turnover_id, foul_id, rebound_defensive_01, rebound_offensive_01, assist_01, blocks_01, time_out_01, x, y)VALUES(27356, 23, 7461, 1646, 25005, NULL, NULL, NULL, NULL, NULL, NULL, '1', '', '', '', '', 6, 45);

INSERT INTO play(id, game_id, seconds_start, seconds_end, quarter, attack_home_01, score_home, score_guest)VALUES(27357, 25005, 1252, 1273, 3, '1', 34, 33);
INSERT INTO player_team_game_play(player_id, team_id, game_id, play_id, seconds_start, seconds_end) VALUES(2608, 1646, 25005, 27357, 1252, 1273);
INSERT INTO player_team_game_play(player_id, team_id, game_id, play_id, seconds_start, seconds_end) VALUES(7461, 1646, 25005, 27357, 1252, 1273);
INSERT INTO player_team_game_play(player_id, team_id, game_id, play_id, seconds_start, seconds_end) VALUES(7462, 1646, 25005, 27357, 1252, 1273);
INSERT INTO player_team_game_play(player_id, team_id, game_id, play_id, seconds_start, seconds_end) VALUES(45, 1646, 25005, 27357, 1252, 1273);
INSERT INTO player_team_game_play(player_id, team_id, game_id, play_id, seconds_start, seconds_end) VALUES(1774, 1646, 25005, 27357, 1252, 1273);
INSERT INTO player_team_game_play(player_id, team_id, game_id, play_id, seconds_start, seconds_end) VALUES(7015, 1649, 25005, 27357, 1252, 1273);
INSERT INTO player_team_game_play(player_id, team_id, game_id, play_id, seconds_start, seconds_end) VALUES(3176, 1649, 25005, 27357, 1252, 1273);
INSERT INTO player_team_game_play(player_id, team_id, game_id, play_id, seconds_start, seconds_end) VALUES(5150, 1649, 25005, 27357, 1252, 1273);
INSERT INTO player_team_game_play(player_id, team_id, game_id, play_id, seconds_start, seconds_end) VALUES(6138, 1649, 25005, 27357, 1252, 1273);
INSERT INTO player_team_game_play(player_id, team_id, game_id, play_id, seconds_start, seconds_end) VALUES(7406, 1649, 25005, 27357, 1252, 1273);
INSERT INTO lba.sub_play (play_id, seconds_da_start, player_made_id, team_made_id, game_made_id, player_suffered_id, team_suffered_id, game_suffered_id, shot_id, turnover_id, foul_id, rebound_defensive_01, rebound_offensive_01, assist_01, blocks_01, time_out_01, x, y)VALUES(27357, 11, 6138, 1649, 25005, 7461, 1646, 25005, NULL, NULL, 1, '', '', '', '', '', 64, 87);
INSERT INTO lba.sub_play (play_id, seconds_da_start, player_made_id, team_made_id, game_made_id, player_suffered_id, team_suffered_id, game_suffered_id, shot_id, turnover_id, foul_id, rebound_defensive_01, rebound_offensive_01, assist_01, blocks_01, time_out_01, x, y)VALUES(27357, 21, 2608, 1646, 25005, NULL, NULL, NULL, 1, NULL, NULL, '', '', '', '', '', 93, 44);

INSERT INTO play(id, game_id, seconds_start, seconds_end, quarter, attack_home_01, score_home, score_guest)VALUES(27358, 25005, 1273, 1290, 3, '0', 34, 35);
INSERT INTO player_team_game_play(player_id, team_id, game_id, play_id, seconds_start, seconds_end) VALUES(2608, 1646, 25005, 27358, 1273, 1290);
INSERT INTO player_team_game_play(player_id, team_id, game_id, play_id, seconds_start, seconds_end) VALUES(7461, 1646, 25005, 27358, 1273, 1290);
INSERT INTO player_team_game_play(player_id, team_id, game_id, play_id, seconds_start, seconds_end) VALUES(7462, 1646, 25005, 27358, 1273, 1290);
INSERT INTO player_team_game_play(player_id, team_id, game_id, play_id, seconds_start, seconds_end) VALUES(45, 1646, 25005, 27358, 1273, 1290);
INSERT INTO player_team_game_play(player_id, team_id, game_id, play_id, seconds_start, seconds_end) VALUES(1774, 1646, 25005, 27358, 1273, 1290);
INSERT INTO player_team_game_play(player_id, team_id, game_id, play_id, seconds_start, seconds_end) VALUES(7015, 1649, 25005, 27358, 1273, 1290);
INSERT INTO player_team_game_play(player_id, team_id, game_id, play_id, seconds_start, seconds_end) VALUES(3176, 1649, 25005, 27358, 1273, 1290);
INSERT INTO player_team_game_play(player_id, team_id, game_id, play_id, seconds_start, seconds_end) VALUES(5150, 1649, 25005, 27358, 1273, 1290);
INSERT INTO player_team_game_play(player_id, team_id, game_id, play_id, seconds_start, seconds_end) VALUES(6138, 1649, 25005, 27358, 1273, 1290);
INSERT INTO player_team_game_play(player_id, team_id, game_id, play_id, seconds_start, seconds_end) VALUES(7406, 1649, 25005, 27358, 1273, 1290);
INSERT INTO lba.sub_play (play_id, seconds_da_start, player_made_id, team_made_id, game_made_id, player_suffered_id, team_suffered_id, game_suffered_id, shot_id, turnover_id, foul_id, rebound_defensive_01, rebound_offensive_01, assist_01, blocks_01, time_out_01, x, y)VALUES(27358, 17, 7406, 1649, 25005, NULL, NULL, NULL, 1, NULL, NULL, '', '', '', '', '', 6, 59);

INSERT INTO play(id, game_id, seconds_start, seconds_end, quarter, attack_home_01, score_home, score_guest)VALUES(27359, 25005, 1290, 1303, 3, '1', 34, 35);
INSERT INTO player_team_game_play(player_id, team_id, game_id, play_id, seconds_start, seconds_end) VALUES(2608, 1646, 25005, 27359, 1290, 1303);
INSERT INTO player_team_game_play(player_id, team_id, game_id, play_id, seconds_start, seconds_end) VALUES(7461, 1646, 25005, 27359, 1290, 1303);
INSERT INTO player_team_game_play(player_id, team_id, game_id, play_id, seconds_start, seconds_end) VALUES(7462, 1646, 25005, 27359, 1290, 1303);
INSERT INTO player_team_game_play(player_id, team_id, game_id, play_id, seconds_start, seconds_end) VALUES(45, 1646, 25005, 27359, 1290, 1303);
INSERT INTO player_team_game_play(player_id, team_id, game_id, play_id, seconds_start, seconds_end) VALUES(1774, 1646, 25005, 27359, 1290, 1303);
INSERT INTO player_team_game_play(player_id, team_id, game_id, play_id, seconds_start, seconds_end) VALUES(7015, 1649, 25005, 27359, 1290, 1303);
INSERT INTO player_team_game_play(player_id, team_id, game_id, play_id, seconds_start, seconds_end) VALUES(3176, 1649, 25005, 27359, 1290, 1303);
INSERT INTO player_team_game_play(player_id, team_id, game_id, play_id, seconds_start, seconds_end) VALUES(5150, 1649, 25005, 27359, 1290, 1303);
INSERT INTO player_team_game_play(player_id, team_id, game_id, play_id, seconds_start, seconds_end) VALUES(6138, 1649, 25005, 27359, 1290, 1303);
INSERT INTO player_team_game_play(player_id, team_id, game_id, play_id, seconds_start, seconds_end) VALUES(7406, 1649, 25005, 27359, 1290, 1303);
INSERT INTO lba.sub_play (play_id, seconds_da_start, player_made_id, team_made_id, game_made_id, player_suffered_id, team_suffered_id, game_suffered_id, shot_id, turnover_id, foul_id, rebound_defensive_01, rebound_offensive_01, assist_01, blocks_01, time_out_01, x, y)VALUES(27359, 13, 2608, 1646, 25005, 5150, 1649, 25005, NULL, 1, NULL, '', '', '', '', '', 53, 79);

INSERT INTO play(id, game_id, seconds_start, seconds_end, quarter, attack_home_01, score_home, score_guest)VALUES(27360, 25005, 1303, 1323, 3, '0', 34, 38);
INSERT INTO player_team_game_play(player_id, team_id, game_id, play_id, seconds_start, seconds_end) VALUES(2608, 1646, 25005, 27360, 1303, 1323);
INSERT INTO player_team_game_play(player_id, team_id, game_id, play_id, seconds_start, seconds_end) VALUES(7461, 1646, 25005, 27360, 1303, 1323);
INSERT INTO player_team_game_play(player_id, team_id, game_id, play_id, seconds_start, seconds_end) VALUES(7462, 1646, 25005, 27360, 1303, 1323);
INSERT INTO player_team_game_play(player_id, team_id, game_id, play_id, seconds_start, seconds_end) VALUES(45, 1646, 25005, 27360, 1303, 1323);
INSERT INTO player_team_game_play(player_id, team_id, game_id, play_id, seconds_start, seconds_end) VALUES(1774, 1646, 25005, 27360, 1303, 1323);
INSERT INTO player_team_game_play(player_id, team_id, game_id, play_id, seconds_start, seconds_end) VALUES(7015, 1649, 25005, 27360, 1303, 1323);
INSERT INTO player_team_game_play(player_id, team_id, game_id, play_id, seconds_start, seconds_end) VALUES(3176, 1649, 25005, 27360, 1303, 1323);
INSERT INTO player_team_game_play(player_id, team_id, game_id, play_id, seconds_start, seconds_end) VALUES(5150, 1649, 25005, 27360, 1303, 1323);
INSERT INTO player_team_game_play(player_id, team_id, game_id, play_id, seconds_start, seconds_end) VALUES(6138, 1649, 25005, 27360, 1303, 1323);
INSERT INTO player_team_game_play(player_id, team_id, game_id, play_id, seconds_start, seconds_end) VALUES(7406, 1649, 25005, 27360, 1303, 1323);
INSERT INTO lba.sub_play (play_id, seconds_da_start, player_made_id, team_made_id, game_made_id, player_suffered_id, team_suffered_id, game_suffered_id, shot_id, turnover_id, foul_id, rebound_defensive_01, rebound_offensive_01, assist_01, blocks_01, time_out_01, x, y)VALUES(27360, 20, 3176, 1649, 25005, NULL, NULL, NULL, 3, NULL, NULL, '', '', '', '', '', 31, 67);
INSERT INTO lba.sub_play (play_id, seconds_da_start, player_made_id, team_made_id, game_made_id, player_suffered_id, team_suffered_id, game_suffered_id, shot_id, turnover_id, foul_id, rebound_defensive_01, rebound_offensive_01, assist_01, blocks_01, time_out_01, x, y)VALUES(27360, 20, 7406, 1649, 25005, NULL, NULL, NULL, NULL, NULL, NULL, '', '', '1', '', '', 31, 67);

INSERT INTO play(id, game_id, seconds_start, seconds_end, quarter, attack_home_01, score_home, score_guest)VALUES(27361, 25005, 1323, 1350, 3, '1', 36, 38);
INSERT INTO player_team_game_play(player_id, team_id, game_id, play_id, seconds_start, seconds_end) VALUES(2608, 1646, 25005, 27361, 1323, 1350);
INSERT INTO player_team_game_play(player_id, team_id, game_id, play_id, seconds_start, seconds_end) VALUES(7461, 1646, 25005, 27361, 1323, 1350);
INSERT INTO player_team_game_play(player_id, team_id, game_id, play_id, seconds_start, seconds_end) VALUES(7462, 1646, 25005, 27361, 1323, 1350);
INSERT INTO player_team_game_play(player_id, team_id, game_id, play_id, seconds_start, seconds_end) VALUES(45, 1646, 25005, 27361, 1323, 1350);
INSERT INTO player_team_game_play(player_id, team_id, game_id, play_id, seconds_start, seconds_end) VALUES(1774, 1646, 25005, 27361, 1323, 1350);
INSERT INTO player_team_game_play(player_id, team_id, game_id, play_id, seconds_start, seconds_end) VALUES(7015, 1649, 25005, 27361, 1323, 1350);
INSERT INTO player_team_game_play(player_id, team_id, game_id, play_id, seconds_start, seconds_end) VALUES(3176, 1649, 25005, 27361, 1323, 1350);
INSERT INTO player_team_game_play(player_id, team_id, game_id, play_id, seconds_start, seconds_end) VALUES(5150, 1649, 25005, 27361, 1323, 1350);
INSERT INTO player_team_game_play(player_id, team_id, game_id, play_id, seconds_start, seconds_end) VALUES(6138, 1649, 25005, 27361, 1323, 1350);
INSERT INTO player_team_game_play(player_id, team_id, game_id, play_id, seconds_start, seconds_end) VALUES(7406, 1649, 25005, 27361, 1323, 1350);
INSERT INTO lba.sub_play (play_id, seconds_da_start, player_made_id, team_made_id, game_made_id, player_suffered_id, team_suffered_id, game_suffered_id, shot_id, turnover_id, foul_id, rebound_defensive_01, rebound_offensive_01, assist_01, blocks_01, time_out_01, x, y)VALUES(27361, 27, 45, 1646, 25005, NULL, NULL, NULL, 1, NULL, NULL, '', '', '', '', '', 93, 60);
INSERT INTO lba.sub_play (play_id, seconds_da_start, player_made_id, team_made_id, game_made_id, player_suffered_id, team_suffered_id, game_suffered_id, shot_id, turnover_id, foul_id, rebound_defensive_01, rebound_offensive_01, assist_01, blocks_01, time_out_01, x, y)VALUES(27361, 27, 2608, 1646, 25005, NULL, NULL, NULL, NULL, NULL, NULL, '', '', '1', '', '', 93, 60);

INSERT INTO play(id, game_id, seconds_start, seconds_end, quarter, attack_home_01, score_home, score_guest)VALUES(27362, 25005, 1350, 1365, 3, '0', 36, 38);
INSERT INTO player_team_game_play(player_id, team_id, game_id, play_id, seconds_start, seconds_end) VALUES(2608, 1646, 25005, 27362, 1350, 1365);
INSERT INTO player_team_game_play(player_id, team_id, game_id, play_id, seconds_start, seconds_end) VALUES(7461, 1646, 25005, 27362, 1350, 1365);
INSERT INTO player_team_game_play(player_id, team_id, game_id, play_id, seconds_start, seconds_end) VALUES(7462, 1646, 25005, 27362, 1350, 1365);
INSERT INTO player_team_game_play(player_id, team_id, game_id, play_id, seconds_start, seconds_end) VALUES(45, 1646, 25005, 27362, 1350, 1365);
INSERT INTO player_team_game_play(player_id, team_id, game_id, play_id, seconds_start, seconds_end) VALUES(1774, 1646, 25005, 27362, 1350, 1365);
INSERT INTO player_team_game_play(player_id, team_id, game_id, play_id, seconds_start, seconds_end) VALUES(7015, 1649, 25005, 27362, 1350, 1365);
INSERT INTO player_team_game_play(player_id, team_id, game_id, play_id, seconds_start, seconds_end) VALUES(3176, 1649, 25005, 27362, 1350, 1365);
INSERT INTO player_team_game_play(player_id, team_id, game_id, play_id, seconds_start, seconds_end) VALUES(5150, 1649, 25005, 27362, 1350, 1365);
INSERT INTO player_team_game_play(player_id, team_id, game_id, play_id, seconds_start, seconds_end) VALUES(6138, 1649, 25005, 27362, 1350, 1365);
INSERT INTO player_team_game_play(player_id, team_id, game_id, play_id, seconds_start, seconds_end) VALUES(7406, 1649, 25005, 27362, 1350, 1365);
INSERT INTO lba.sub_play (play_id, seconds_da_start, player_made_id, team_made_id, game_made_id, player_suffered_id, team_suffered_id, game_suffered_id, shot_id, turnover_id, foul_id, rebound_defensive_01, rebound_offensive_01, assist_01, blocks_01, time_out_01, x, y)VALUES(27362, 15, 5150, 1649, 25005, 1774, 1646, 25005, NULL, 2, NULL, '', '', '', '', '', 28, 25);

INSERT INTO play(id, game_id, seconds_start, seconds_end, quarter, attack_home_01, score_home, score_guest)VALUES(27363, 25005, 1365, 1371, 3, '1', 38, 38);
INSERT INTO player_team_game_play(player_id, team_id, game_id, play_id, seconds_start, seconds_end) VALUES(2608, 1646, 25005, 27363, 1365, 1371);
INSERT INTO player_team_game_play(player_id, team_id, game_id, play_id, seconds_start, seconds_end) VALUES(7461, 1646, 25005, 27363, 1365, 1371);
INSERT INTO player_team_game_play(player_id, team_id, game_id, play_id, seconds_start, seconds_end) VALUES(7462, 1646, 25005, 27363, 1365, 1371);
INSERT INTO player_team_game_play(player_id, team_id, game_id, play_id, seconds_start, seconds_end) VALUES(45, 1646, 25005, 27363, 1365, 1371);
INSERT INTO player_team_game_play(player_id, team_id, game_id, play_id, seconds_start, seconds_end) VALUES(1774, 1646, 25005, 27363, 1365, 1371);
INSERT INTO player_team_game_play(player_id, team_id, game_id, play_id, seconds_start, seconds_end) VALUES(7015, 1649, 25005, 27363, 1365, 1371);
INSERT INTO player_team_game_play(player_id, team_id, game_id, play_id, seconds_start, seconds_end) VALUES(3176, 1649, 25005, 27363, 1365, 1371);
INSERT INTO player_team_game_play(player_id, team_id, game_id, play_id, seconds_start, seconds_end) VALUES(5150, 1649, 25005, 27363, 1365, 1371);
INSERT INTO player_team_game_play(player_id, team_id, game_id, play_id, seconds_start, seconds_end) VALUES(6138, 1649, 25005, 27363, 1365, 1371);
INSERT INTO player_team_game_play(player_id, team_id, game_id, play_id, seconds_start, seconds_end) VALUES(7406, 1649, 25005, 27363, 1365, 1371);
INSERT INTO lba.sub_play (play_id, seconds_da_start, player_made_id, team_made_id, game_made_id, player_suffered_id, team_suffered_id, game_suffered_id, shot_id, turnover_id, foul_id, rebound_defensive_01, rebound_offensive_01, assist_01, blocks_01, time_out_01, x, y)VALUES(27363, 6, 7461, 1646, 25005, NULL, NULL, NULL, 1, NULL, NULL, '', '', '', '', '', 95, 50);

INSERT INTO play(id, game_id, seconds_start, seconds_end, quarter, attack_home_01, score_home, score_guest)VALUES(27364, 25005, 1371, 1418, 3, '1', 40, 40);
INSERT INTO player_team_game_play(player_id, team_id, game_id, play_id, seconds_start, seconds_end) VALUES(2608, 1646, 25005, 27364, 1371, 1418);
INSERT INTO player_team_game_play(player_id, team_id, game_id, play_id, seconds_start, seconds_end) VALUES(7461, 1646, 25005, 27364, 1371, 1418);
INSERT INTO player_team_game_play(player_id, team_id, game_id, play_id, seconds_start, seconds_end) VALUES(7462, 1646, 25005, 27364, 1371, 1418);
INSERT INTO player_team_game_play(player_id, team_id, game_id, play_id, seconds_start, seconds_end) VALUES(45, 1646, 25005, 27364, 1371, 1418);
INSERT INTO player_team_game_play(player_id, team_id, game_id, play_id, seconds_start, seconds_end) VALUES(1774, 1646, 25005, 27364, 1371, 1418);
INSERT INTO player_team_game_play(player_id, team_id, game_id, play_id, seconds_start, seconds_end) VALUES(7015, 1649, 25005, 27364, 1371, 1418);
INSERT INTO player_team_game_play(player_id, team_id, game_id, play_id, seconds_start, seconds_end) VALUES(3176, 1649, 25005, 27364, 1371, 1418);
INSERT INTO player_team_game_play(player_id, team_id, game_id, play_id, seconds_start, seconds_end) VALUES(5150, 1649, 25005, 27364, 1371, 1418);
INSERT INTO player_team_game_play(player_id, team_id, game_id, play_id, seconds_start, seconds_end) VALUES(6138, 1649, 25005, 27364, 1371, 1418);
INSERT INTO player_team_game_play(player_id, team_id, game_id, play_id, seconds_start, seconds_end) VALUES(7406, 1649, 25005, 27364, 1371, 1418);
UPDATE player_team_game_play SET seconds_end = 1398 WHERE player_id = 7462 AND game_id = 25005 AND play_id = 27364;
INSERT INTO player_team_game_play(player_id, team_id, game_id, play_id, seconds_start, seconds_end) VALUES(6223, 1646, 25005, 27364, 1398, 1418);
UPDATE player_team_game_play SET seconds_end = 1398 WHERE player_id = 6138 AND game_id = 25005 AND play_id = 27364;
INSERT INTO player_team_game_play(player_id, team_id, game_id, play_id, seconds_start, seconds_end) VALUES(2103, 1649, 25005, 27364, 1398, 1418);
INSERT INTO lba.sub_play (play_id, seconds_da_start, player_made_id, team_made_id, game_made_id, player_suffered_id, team_suffered_id, game_suffered_id, shot_id, turnover_id, foul_id, rebound_defensive_01, rebound_offensive_01, assist_01, blocks_01, time_out_01, x, y)VALUES(27364, 24, 5150, 1649, 25005, NULL, NULL, NULL, 1, NULL, NULL, '', '', '', '', '', 7, 56);
INSERT INTO lba.sub_play (play_id, seconds_da_start, player_made_id, team_made_id, game_made_id, player_suffered_id, team_suffered_id, game_suffered_id, shot_id, turnover_id, foul_id, rebound_defensive_01, rebound_offensive_01, assist_01, blocks_01, time_out_01, x, y)VALUES(27364, 36, 2103, 1649, 25005, 2608, 1646, 25005, NULL, NULL, 1, '', '', '', '', '', 68, 24);
INSERT INTO lba.sub_play (play_id, seconds_da_start, player_made_id, team_made_id, game_made_id, player_suffered_id, team_suffered_id, game_suffered_id, shot_id, turnover_id, foul_id, rebound_defensive_01, rebound_offensive_01, assist_01, blocks_01, time_out_01, x, y)VALUES(27364, 47, 1774, 1646, 25005, NULL, NULL, NULL, 2, NULL, NULL, '', '', '', '', '', 92, 46);
INSERT INTO lba.sub_play (play_id, seconds_da_start, player_made_id, team_made_id, game_made_id, player_suffered_id, team_suffered_id, game_suffered_id, shot_id, turnover_id, foul_id, rebound_defensive_01, rebound_offensive_01, assist_01, blocks_01, time_out_01, x, y)VALUES(27364, 47, 45, 1646, 25005, NULL, NULL, NULL, NULL, NULL, NULL, '', '1', '', '', '', 92, 46);
INSERT INTO lba.sub_play (play_id, seconds_da_start, player_made_id, team_made_id, game_made_id, player_suffered_id, team_suffered_id, game_suffered_id, shot_id, turnover_id, foul_id, rebound_defensive_01, rebound_offensive_01, assist_01, blocks_01, time_out_01, x, y)VALUES(27364, 47, 45, 1646, 25005, NULL, NULL, NULL, 1, NULL, NULL, '', '', '', '', '', 92, 46);

INSERT INTO play(id, game_id, seconds_start, seconds_end, quarter, attack_home_01, score_home, score_guest)VALUES(27365, 25005, 1418, 1446, 3, '0', 40, 40);
INSERT INTO player_team_game_play(player_id, team_id, game_id, play_id, seconds_start, seconds_end) VALUES(2608, 1646, 25005, 27365, 1418, 1446);
INSERT INTO player_team_game_play(player_id, team_id, game_id, play_id, seconds_start, seconds_end) VALUES(7461, 1646, 25005, 27365, 1418, 1446);
INSERT INTO player_team_game_play(player_id, team_id, game_id, play_id, seconds_start, seconds_end) VALUES(45, 1646, 25005, 27365, 1418, 1446);
INSERT INTO player_team_game_play(player_id, team_id, game_id, play_id, seconds_start, seconds_end) VALUES(1774, 1646, 25005, 27365, 1418, 1446);
INSERT INTO player_team_game_play(player_id, team_id, game_id, play_id, seconds_start, seconds_end) VALUES(6223, 1646, 25005, 27365, 1418, 1446);
INSERT INTO player_team_game_play(player_id, team_id, game_id, play_id, seconds_start, seconds_end) VALUES(2103, 1649, 25005, 27365, 1418, 1446);
INSERT INTO player_team_game_play(player_id, team_id, game_id, play_id, seconds_start, seconds_end) VALUES(7015, 1649, 25005, 27365, 1418, 1446);
INSERT INTO player_team_game_play(player_id, team_id, game_id, play_id, seconds_start, seconds_end) VALUES(3176, 1649, 25005, 27365, 1418, 1446);
INSERT INTO player_team_game_play(player_id, team_id, game_id, play_id, seconds_start, seconds_end) VALUES(5150, 1649, 25005, 27365, 1418, 1446);
INSERT INTO player_team_game_play(player_id, team_id, game_id, play_id, seconds_start, seconds_end) VALUES(7406, 1649, 25005, 27365, 1418, 1446);
INSERT INTO lba.sub_play (play_id, seconds_da_start, player_made_id, team_made_id, game_made_id, player_suffered_id, team_suffered_id, game_suffered_id, shot_id, turnover_id, foul_id, rebound_defensive_01, rebound_offensive_01, assist_01, blocks_01, time_out_01, x, y)VALUES(27365, 28, 2103, 1649, 25005, NULL, NULL, NULL, 4, NULL, NULL, '', '', '', '', '', 21, 91);
INSERT INTO lba.sub_play (play_id, seconds_da_start, player_made_id, team_made_id, game_made_id, player_suffered_id, team_suffered_id, game_suffered_id, shot_id, turnover_id, foul_id, rebound_defensive_01, rebound_offensive_01, assist_01, blocks_01, time_out_01, x, y)VALUES(27365, 28, 45, 1646, 25005, NULL, NULL, NULL, NULL, NULL, NULL, '1', '', '', '', '', 21, 91);

INSERT INTO play(id, game_id, seconds_start, seconds_end, quarter, attack_home_01, score_home, score_guest)VALUES(27366, 25005, 1446, 1459, 3, '1', 40, 40);
INSERT INTO player_team_game_play(player_id, team_id, game_id, play_id, seconds_start, seconds_end) VALUES(2608, 1646, 25005, 27366, 1446, 1459);
INSERT INTO player_team_game_play(player_id, team_id, game_id, play_id, seconds_start, seconds_end) VALUES(7461, 1646, 25005, 27366, 1446, 1459);
INSERT INTO player_team_game_play(player_id, team_id, game_id, play_id, seconds_start, seconds_end) VALUES(45, 1646, 25005, 27366, 1446, 1459);
INSERT INTO player_team_game_play(player_id, team_id, game_id, play_id, seconds_start, seconds_end) VALUES(1774, 1646, 25005, 27366, 1446, 1459);
INSERT INTO player_team_game_play(player_id, team_id, game_id, play_id, seconds_start, seconds_end) VALUES(6223, 1646, 25005, 27366, 1446, 1459);
INSERT INTO player_team_game_play(player_id, team_id, game_id, play_id, seconds_start, seconds_end) VALUES(2103, 1649, 25005, 27366, 1446, 1459);
INSERT INTO player_team_game_play(player_id, team_id, game_id, play_id, seconds_start, seconds_end) VALUES(7015, 1649, 25005, 27366, 1446, 1459);
INSERT INTO player_team_game_play(player_id, team_id, game_id, play_id, seconds_start, seconds_end) VALUES(3176, 1649, 25005, 27366, 1446, 1459);
INSERT INTO player_team_game_play(player_id, team_id, game_id, play_id, seconds_start, seconds_end) VALUES(5150, 1649, 25005, 27366, 1446, 1459);
INSERT INTO player_team_game_play(player_id, team_id, game_id, play_id, seconds_start, seconds_end) VALUES(7406, 1649, 25005, 27366, 1446, 1459);
INSERT INTO lba.sub_play (play_id, seconds_da_start, player_made_id, team_made_id, game_made_id, player_suffered_id, team_suffered_id, game_suffered_id, shot_id, turnover_id, foul_id, rebound_defensive_01, rebound_offensive_01, assist_01, blocks_01, time_out_01, x, y)VALUES(27366, 13, 7461, 1646, 25005, 7015, 1649, 25005, NULL, 1, NULL, '', '', '', '', '', 86, 74);

INSERT INTO play(id, game_id, seconds_start, seconds_end, quarter, attack_home_01, score_home, score_guest)VALUES(27367, 25005, 1459, 1465, 3, '0', 40, 42);
INSERT INTO player_team_game_play(player_id, team_id, game_id, play_id, seconds_start, seconds_end) VALUES(2608, 1646, 25005, 27367, 1459, 1465);
INSERT INTO player_team_game_play(player_id, team_id, game_id, play_id, seconds_start, seconds_end) VALUES(7461, 1646, 25005, 27367, 1459, 1465);
INSERT INTO player_team_game_play(player_id, team_id, game_id, play_id, seconds_start, seconds_end) VALUES(45, 1646, 25005, 27367, 1459, 1465);
INSERT INTO player_team_game_play(player_id, team_id, game_id, play_id, seconds_start, seconds_end) VALUES(1774, 1646, 25005, 27367, 1459, 1465);
INSERT INTO player_team_game_play(player_id, team_id, game_id, play_id, seconds_start, seconds_end) VALUES(6223, 1646, 25005, 27367, 1459, 1465);
INSERT INTO player_team_game_play(player_id, team_id, game_id, play_id, seconds_start, seconds_end) VALUES(2103, 1649, 25005, 27367, 1459, 1465);
INSERT INTO player_team_game_play(player_id, team_id, game_id, play_id, seconds_start, seconds_end) VALUES(7015, 1649, 25005, 27367, 1459, 1465);
INSERT INTO player_team_game_play(player_id, team_id, game_id, play_id, seconds_start, seconds_end) VALUES(3176, 1649, 25005, 27367, 1459, 1465);
INSERT INTO player_team_game_play(player_id, team_id, game_id, play_id, seconds_start, seconds_end) VALUES(5150, 1649, 25005, 27367, 1459, 1465);
INSERT INTO player_team_game_play(player_id, team_id, game_id, play_id, seconds_start, seconds_end) VALUES(7406, 1649, 25005, 27367, 1459, 1465);
INSERT INTO lba.sub_play (play_id, seconds_da_start, player_made_id, team_made_id, game_made_id, player_suffered_id, team_suffered_id, game_suffered_id, shot_id, turnover_id, foul_id, rebound_defensive_01, rebound_offensive_01, assist_01, blocks_01, time_out_01, x, y)VALUES(27367, 6, 5150, 1649, 25005, NULL, NULL, NULL, 1, NULL, NULL, '', '', '', '', '', 5, 56);

INSERT INTO play(id, game_id, seconds_start, seconds_end, quarter, attack_home_01, score_home, score_guest)VALUES(27368, 25005, 1465, 1481, 3, '1', 43, 42);
INSERT INTO player_team_game_play(player_id, team_id, game_id, play_id, seconds_start, seconds_end) VALUES(2608, 1646, 25005, 27368, 1465, 1481);
INSERT INTO player_team_game_play(player_id, team_id, game_id, play_id, seconds_start, seconds_end) VALUES(7461, 1646, 25005, 27368, 1465, 1481);
INSERT INTO player_team_game_play(player_id, team_id, game_id, play_id, seconds_start, seconds_end) VALUES(45, 1646, 25005, 27368, 1465, 1481);
INSERT INTO player_team_game_play(player_id, team_id, game_id, play_id, seconds_start, seconds_end) VALUES(1774, 1646, 25005, 27368, 1465, 1481);
INSERT INTO player_team_game_play(player_id, team_id, game_id, play_id, seconds_start, seconds_end) VALUES(6223, 1646, 25005, 27368, 1465, 1481);
INSERT INTO player_team_game_play(player_id, team_id, game_id, play_id, seconds_start, seconds_end) VALUES(2103, 1649, 25005, 27368, 1465, 1481);
INSERT INTO player_team_game_play(player_id, team_id, game_id, play_id, seconds_start, seconds_end) VALUES(7015, 1649, 25005, 27368, 1465, 1481);
INSERT INTO player_team_game_play(player_id, team_id, game_id, play_id, seconds_start, seconds_end) VALUES(3176, 1649, 25005, 27368, 1465, 1481);
INSERT INTO player_team_game_play(player_id, team_id, game_id, play_id, seconds_start, seconds_end) VALUES(5150, 1649, 25005, 27368, 1465, 1481);
INSERT INTO player_team_game_play(player_id, team_id, game_id, play_id, seconds_start, seconds_end) VALUES(7406, 1649, 25005, 27368, 1465, 1481);
UPDATE player_team_game_play SET seconds_end = 1481 WHERE player_id = 2608 AND game_id = 25005 AND play_id = 27368;
INSERT INTO player_team_game_play(player_id, team_id, game_id, play_id, seconds_start, seconds_end) VALUES(4162, 1646, 25005, 27368, 1481, 1481);
INSERT INTO lba.sub_play (play_id, seconds_da_start, player_made_id, team_made_id, game_made_id, player_suffered_id, team_suffered_id, game_suffered_id, shot_id, turnover_id, foul_id, rebound_defensive_01, rebound_offensive_01, assist_01, blocks_01, time_out_01, x, y)VALUES(27368, 16, 6223, 1646, 25005, NULL, NULL, NULL, 1, NULL, NULL, '', '', '', '', '', 93, 44);
INSERT INTO lba.sub_play (play_id, seconds_da_start, player_made_id, team_made_id, game_made_id, player_suffered_id, team_suffered_id, game_suffered_id, shot_id, turnover_id, foul_id, rebound_defensive_01, rebound_offensive_01, assist_01, blocks_01, time_out_01, x, y)VALUES(27368, 16, 5150, 1649, 25005, 6223, 1646, 25005, NULL, NULL, 4, '', '', '', '', '', 93, 44);
INSERT INTO lba.sub_play (play_id, seconds_da_start, player_made_id, team_made_id, game_made_id, player_suffered_id, team_suffered_id, game_suffered_id, shot_id, turnover_id, foul_id, rebound_defensive_01, rebound_offensive_01, assist_01, blocks_01, time_out_01, x, y)VALUES(27368, 16, 6223, 1646, 25005, NULL, NULL, NULL, 5, NULL, NULL, '', '', '', '', '', NULL, NULL);

INSERT INTO play(id, game_id, seconds_start, seconds_end, quarter, attack_home_01, score_home, score_guest)VALUES(27369, 25005, 1481, 1503, 3, '0', 43, 42);
INSERT INTO player_team_game_play(player_id, team_id, game_id, play_id, seconds_start, seconds_end) VALUES(2608, 1646, 25005, 27369, 1481, 1503);
INSERT INTO player_team_game_play(player_id, team_id, game_id, play_id, seconds_start, seconds_end) VALUES(7461, 1646, 25005, 27369, 1481, 1503);
INSERT INTO player_team_game_play(player_id, team_id, game_id, play_id, seconds_start, seconds_end) VALUES(45, 1646, 25005, 27369, 1481, 1503);
INSERT INTO player_team_game_play(player_id, team_id, game_id, play_id, seconds_start, seconds_end) VALUES(1774, 1646, 25005, 27369, 1481, 1503);
INSERT INTO player_team_game_play(player_id, team_id, game_id, play_id, seconds_start, seconds_end) VALUES(6223, 1646, 25005, 27369, 1481, 1503);
INSERT INTO player_team_game_play(player_id, team_id, game_id, play_id, seconds_start, seconds_end) VALUES(2103, 1649, 25005, 27369, 1481, 1503);
INSERT INTO player_team_game_play(player_id, team_id, game_id, play_id, seconds_start, seconds_end) VALUES(7015, 1649, 25005, 27369, 1481, 1503);
INSERT INTO player_team_game_play(player_id, team_id, game_id, play_id, seconds_start, seconds_end) VALUES(3176, 1649, 25005, 27369, 1481, 1503);
INSERT INTO player_team_game_play(player_id, team_id, game_id, play_id, seconds_start, seconds_end) VALUES(5150, 1649, 25005, 27369, 1481, 1503);
INSERT INTO player_team_game_play(player_id, team_id, game_id, play_id, seconds_start, seconds_end) VALUES(7406, 1649, 25005, 27369, 1481, 1503);
UPDATE player_team_game_play SET seconds_end = 1481 WHERE player_id = 2608 AND game_id = 25005 AND play_id = 27369;
INSERT INTO player_team_game_play(player_id, team_id, game_id, play_id, seconds_start, seconds_end) VALUES(4162, 1646, 25005, 27369, 1481, 1503);
INSERT INTO lba.sub_play (play_id, seconds_da_start, player_made_id, team_made_id, game_made_id, player_suffered_id, team_suffered_id, game_suffered_id, shot_id, turnover_id, foul_id, rebound_defensive_01, rebound_offensive_01, assist_01, blocks_01, time_out_01, x, y)VALUES(27369, 22, 7015, 1649, 25005, NULL, NULL, NULL, 4, NULL, NULL, '', '', '', '', '', 11, 3);
INSERT INTO lba.sub_play (play_id, seconds_da_start, player_made_id, team_made_id, game_made_id, player_suffered_id, team_suffered_id, game_suffered_id, shot_id, turnover_id, foul_id, rebound_defensive_01, rebound_offensive_01, assist_01, blocks_01, time_out_01, x, y)VALUES(27369, 22, 45, 1646, 25005, NULL, NULL, NULL, NULL, NULL, NULL, '1', '', '', '', '', 11, 3);

INSERT INTO play(id, game_id, seconds_start, seconds_end, quarter, attack_home_01, score_home, score_guest)VALUES(27370, 25005, 1503, 1514, 3, '1', 43, 42);
INSERT INTO player_team_game_play(player_id, team_id, game_id, play_id, seconds_start, seconds_end) VALUES(4162, 1646, 25005, 27370, 1503, 1514);
INSERT INTO player_team_game_play(player_id, team_id, game_id, play_id, seconds_start, seconds_end) VALUES(7461, 1646, 25005, 27370, 1503, 1514);
INSERT INTO player_team_game_play(player_id, team_id, game_id, play_id, seconds_start, seconds_end) VALUES(45, 1646, 25005, 27370, 1503, 1514);
INSERT INTO player_team_game_play(player_id, team_id, game_id, play_id, seconds_start, seconds_end) VALUES(1774, 1646, 25005, 27370, 1503, 1514);
INSERT INTO player_team_game_play(player_id, team_id, game_id, play_id, seconds_start, seconds_end) VALUES(6223, 1646, 25005, 27370, 1503, 1514);
INSERT INTO player_team_game_play(player_id, team_id, game_id, play_id, seconds_start, seconds_end) VALUES(2103, 1649, 25005, 27370, 1503, 1514);
INSERT INTO player_team_game_play(player_id, team_id, game_id, play_id, seconds_start, seconds_end) VALUES(7015, 1649, 25005, 27370, 1503, 1514);
INSERT INTO player_team_game_play(player_id, team_id, game_id, play_id, seconds_start, seconds_end) VALUES(3176, 1649, 25005, 27370, 1503, 1514);
INSERT INTO player_team_game_play(player_id, team_id, game_id, play_id, seconds_start, seconds_end) VALUES(5150, 1649, 25005, 27370, 1503, 1514);
INSERT INTO player_team_game_play(player_id, team_id, game_id, play_id, seconds_start, seconds_end) VALUES(7406, 1649, 25005, 27370, 1503, 1514);
INSERT INTO lba.sub_play (play_id, seconds_da_start, player_made_id, team_made_id, game_made_id, player_suffered_id, team_suffered_id, game_suffered_id, shot_id, turnover_id, foul_id, rebound_defensive_01, rebound_offensive_01, assist_01, blocks_01, time_out_01, x, y)VALUES(27370, 11, 45, 1646, 25005, 2103, 1649, 25005, NULL, 1, NULL, '', '', '', '', '', 54, 89);

INSERT INTO play(id, game_id, seconds_start, seconds_end, quarter, attack_home_01, score_home, score_guest)VALUES(27371, 25005, 1514, 1515, 3, '0', 43, 42);
INSERT INTO player_team_game_play(player_id, team_id, game_id, play_id, seconds_start, seconds_end) VALUES(4162, 1646, 25005, 27371, 1514, 1515);
INSERT INTO player_team_game_play(player_id, team_id, game_id, play_id, seconds_start, seconds_end) VALUES(7461, 1646, 25005, 27371, 1514, 1515);
INSERT INTO player_team_game_play(player_id, team_id, game_id, play_id, seconds_start, seconds_end) VALUES(45, 1646, 25005, 27371, 1514, 1515);
INSERT INTO player_team_game_play(player_id, team_id, game_id, play_id, seconds_start, seconds_end) VALUES(1774, 1646, 25005, 27371, 1514, 1515);
INSERT INTO player_team_game_play(player_id, team_id, game_id, play_id, seconds_start, seconds_end) VALUES(6223, 1646, 25005, 27371, 1514, 1515);
INSERT INTO player_team_game_play(player_id, team_id, game_id, play_id, seconds_start, seconds_end) VALUES(2103, 1649, 25005, 27371, 1514, 1515);
INSERT INTO player_team_game_play(player_id, team_id, game_id, play_id, seconds_start, seconds_end) VALUES(7015, 1649, 25005, 27371, 1514, 1515);
INSERT INTO player_team_game_play(player_id, team_id, game_id, play_id, seconds_start, seconds_end) VALUES(3176, 1649, 25005, 27371, 1514, 1515);
INSERT INTO player_team_game_play(player_id, team_id, game_id, play_id, seconds_start, seconds_end) VALUES(5150, 1649, 25005, 27371, 1514, 1515);
INSERT INTO player_team_game_play(player_id, team_id, game_id, play_id, seconds_start, seconds_end) VALUES(7406, 1649, 25005, 27371, 1514, 1515);
INSERT INTO lba.sub_play (play_id, seconds_da_start, player_made_id, team_made_id, game_made_id, player_suffered_id, team_suffered_id, game_suffered_id, shot_id, turnover_id, foul_id, rebound_defensive_01, rebound_offensive_01, assist_01, blocks_01, time_out_01, x, y)VALUES(27371, 1, 2103, 1649, 25005, NULL, NULL, NULL, NULL, 5, NULL, '', '', '', '', '', 38, 96);

INSERT INTO play(id, game_id, seconds_start, seconds_end, quarter, attack_home_01, score_home, score_guest)VALUES(27372, 25005, 1515, 1543, 3, '1', 43, 42);
INSERT INTO player_team_game_play(player_id, team_id, game_id, play_id, seconds_start, seconds_end) VALUES(4162, 1646, 25005, 27372, 1515, 1543);
INSERT INTO player_team_game_play(player_id, team_id, game_id, play_id, seconds_start, seconds_end) VALUES(7461, 1646, 25005, 27372, 1515, 1543);
INSERT INTO player_team_game_play(player_id, team_id, game_id, play_id, seconds_start, seconds_end) VALUES(45, 1646, 25005, 27372, 1515, 1543);
INSERT INTO player_team_game_play(player_id, team_id, game_id, play_id, seconds_start, seconds_end) VALUES(1774, 1646, 25005, 27372, 1515, 1543);
INSERT INTO player_team_game_play(player_id, team_id, game_id, play_id, seconds_start, seconds_end) VALUES(6223, 1646, 25005, 27372, 1515, 1543);
INSERT INTO player_team_game_play(player_id, team_id, game_id, play_id, seconds_start, seconds_end) VALUES(2103, 1649, 25005, 27372, 1515, 1543);
INSERT INTO player_team_game_play(player_id, team_id, game_id, play_id, seconds_start, seconds_end) VALUES(7015, 1649, 25005, 27372, 1515, 1543);
INSERT INTO player_team_game_play(player_id, team_id, game_id, play_id, seconds_start, seconds_end) VALUES(3176, 1649, 25005, 27372, 1515, 1543);
INSERT INTO player_team_game_play(player_id, team_id, game_id, play_id, seconds_start, seconds_end) VALUES(5150, 1649, 25005, 27372, 1515, 1543);
INSERT INTO player_team_game_play(player_id, team_id, game_id, play_id, seconds_start, seconds_end) VALUES(7406, 1649, 25005, 27372, 1515, 1543);
UPDATE player_team_game_play SET seconds_end = 1530 WHERE player_id = 5150 AND game_id = 25005 AND play_id = 27372;
UPDATE player_team_game_play SET seconds_end = 1530 WHERE player_id = 7015 AND game_id = 25005 AND play_id = 27372;
INSERT INTO player_team_game_play(player_id, team_id, game_id, play_id, seconds_start, seconds_end) VALUES(7404, 1649, 25005, 27372, 1530, 1543);
INSERT INTO player_team_game_play(player_id, team_id, game_id, play_id, seconds_start, seconds_end) VALUES(1775, 1649, 25005, 27372, 1530, 1543);
INSERT INTO lba.sub_play (play_id, seconds_da_start, player_made_id, team_made_id, game_made_id, player_suffered_id, team_suffered_id, game_suffered_id, shot_id, turnover_id, foul_id, rebound_defensive_01, rebound_offensive_01, assist_01, blocks_01, time_out_01, x, y)VALUES(27372, 15, 7461, 1646, 25005, NULL, NULL, NULL, 2, NULL, NULL, '', '', '', '', '', 92, 56);
INSERT INTO lba.sub_play (play_id, seconds_da_start, player_made_id, team_made_id, game_made_id, player_suffered_id, team_suffered_id, game_suffered_id, shot_id, turnover_id, foul_id, rebound_defensive_01, rebound_offensive_01, assist_01, blocks_01, time_out_01, x, y)VALUES(27372, 15, 1774, 1646, 25005, NULL, NULL, NULL, NULL, NULL, NULL, '', '1', '', '', '', 92, 56);
INSERT INTO lba.sub_play (play_id, seconds_da_start, player_made_id, team_made_id, game_made_id, player_suffered_id, team_suffered_id, game_suffered_id, shot_id, turnover_id, foul_id, rebound_defensive_01, rebound_offensive_01, assist_01, blocks_01, time_out_01, x, y)VALUES(27372, 15, 3176, 1649, 25005, 1774, 1646, 25005, NULL, NULL, 1, '', '', '', '', '', 92, 55);
INSERT INTO lba.sub_play (play_id, seconds_da_start, player_made_id, team_made_id, game_made_id, player_suffered_id, team_suffered_id, game_suffered_id, shot_id, turnover_id, foul_id, rebound_defensive_01, rebound_offensive_01, assist_01, blocks_01, time_out_01, x, y)VALUES(27372, 28, 4162, 1646, 25005, NULL, NULL, NULL, 4, NULL, NULL, '', '', '', '', '', 66, 73);
INSERT INTO lba.sub_play (play_id, seconds_da_start, player_made_id, team_made_id, game_made_id, player_suffered_id, team_suffered_id, game_suffered_id, shot_id, turnover_id, foul_id, rebound_defensive_01, rebound_offensive_01, assist_01, blocks_01, time_out_01, x, y)VALUES(27372, 28, 2103, 1649, 25005, NULL, NULL, NULL, NULL, NULL, NULL, '1', '', '', '', '', 66, 73);

INSERT INTO play(id, game_id, seconds_start, seconds_end, quarter, attack_home_01, score_home, score_guest)VALUES(27373, 25005, 1543, 1565, 3, '0', 43, 44);
INSERT INTO player_team_game_play(player_id, team_id, game_id, play_id, seconds_start, seconds_end) VALUES(4162, 1646, 25005, 27373, 1543, 1565);
INSERT INTO player_team_game_play(player_id, team_id, game_id, play_id, seconds_start, seconds_end) VALUES(7461, 1646, 25005, 27373, 1543, 1565);
INSERT INTO player_team_game_play(player_id, team_id, game_id, play_id, seconds_start, seconds_end) VALUES(45, 1646, 25005, 27373, 1543, 1565);
INSERT INTO player_team_game_play(player_id, team_id, game_id, play_id, seconds_start, seconds_end) VALUES(1774, 1646, 25005, 27373, 1543, 1565);
INSERT INTO player_team_game_play(player_id, team_id, game_id, play_id, seconds_start, seconds_end) VALUES(6223, 1646, 25005, 27373, 1543, 1565);
INSERT INTO player_team_game_play(player_id, team_id, game_id, play_id, seconds_start, seconds_end) VALUES(2103, 1649, 25005, 27373, 1543, 1565);
INSERT INTO player_team_game_play(player_id, team_id, game_id, play_id, seconds_start, seconds_end) VALUES(3176, 1649, 25005, 27373, 1543, 1565);
INSERT INTO player_team_game_play(player_id, team_id, game_id, play_id, seconds_start, seconds_end) VALUES(7404, 1649, 25005, 27373, 1543, 1565);
INSERT INTO player_team_game_play(player_id, team_id, game_id, play_id, seconds_start, seconds_end) VALUES(7406, 1649, 25005, 27373, 1543, 1565);
INSERT INTO player_team_game_play(player_id, team_id, game_id, play_id, seconds_start, seconds_end) VALUES(1775, 1649, 25005, 27373, 1543, 1565);
INSERT INTO lba.sub_play (play_id, seconds_da_start, player_made_id, team_made_id, game_made_id, player_suffered_id, team_suffered_id, game_suffered_id, shot_id, turnover_id, foul_id, rebound_defensive_01, rebound_offensive_01, assist_01, blocks_01, time_out_01, x, y)VALUES(27373, 22, 2103, 1649, 25005, NULL, NULL, NULL, 1, NULL, NULL, '', '', '', '', '', 8, 47);

INSERT INTO play(id, game_id, seconds_start, seconds_end, quarter, attack_home_01, score_home, score_guest)VALUES(27374, 25005, 1565, 1580, 3, '1', 43, 44);
INSERT INTO player_team_game_play(player_id, team_id, game_id, play_id, seconds_start, seconds_end) VALUES(4162, 1646, 25005, 27374, 1565, 1580);
INSERT INTO player_team_game_play(player_id, team_id, game_id, play_id, seconds_start, seconds_end) VALUES(7461, 1646, 25005, 27374, 1565, 1580);
INSERT INTO player_team_game_play(player_id, team_id, game_id, play_id, seconds_start, seconds_end) VALUES(45, 1646, 25005, 27374, 1565, 1580);
INSERT INTO player_team_game_play(player_id, team_id, game_id, play_id, seconds_start, seconds_end) VALUES(1774, 1646, 25005, 27374, 1565, 1580);
INSERT INTO player_team_game_play(player_id, team_id, game_id, play_id, seconds_start, seconds_end) VALUES(6223, 1646, 25005, 27374, 1565, 1580);
INSERT INTO player_team_game_play(player_id, team_id, game_id, play_id, seconds_start, seconds_end) VALUES(2103, 1649, 25005, 27374, 1565, 1580);
INSERT INTO player_team_game_play(player_id, team_id, game_id, play_id, seconds_start, seconds_end) VALUES(3176, 1649, 25005, 27374, 1565, 1580);
INSERT INTO player_team_game_play(player_id, team_id, game_id, play_id, seconds_start, seconds_end) VALUES(7404, 1649, 25005, 27374, 1565, 1580);
INSERT INTO player_team_game_play(player_id, team_id, game_id, play_id, seconds_start, seconds_end) VALUES(7406, 1649, 25005, 27374, 1565, 1580);
INSERT INTO player_team_game_play(player_id, team_id, game_id, play_id, seconds_start, seconds_end) VALUES(1775, 1649, 25005, 27374, 1565, 1580);
INSERT INTO lba.sub_play (play_id, seconds_da_start, player_made_id, team_made_id, game_made_id, player_suffered_id, team_suffered_id, game_suffered_id, shot_id, turnover_id, foul_id, rebound_defensive_01, rebound_offensive_01, assist_01, blocks_01, time_out_01, x, y)VALUES(27374, 15, 4162, 1646, 25005, NULL, NULL, NULL, 4, NULL, NULL, '', '', '', '', '', 96, 97);
INSERT INTO lba.sub_play (play_id, seconds_da_start, player_made_id, team_made_id, game_made_id, player_suffered_id, team_suffered_id, game_suffered_id, shot_id, turnover_id, foul_id, rebound_defensive_01, rebound_offensive_01, assist_01, blocks_01, time_out_01, x, y)VALUES(27374, 15, 7406, 1649, 25005, NULL, NULL, NULL, NULL, NULL, NULL, '1', '', '', '', '', 96, 97);

INSERT INTO play(id, game_id, seconds_start, seconds_end, quarter, attack_home_01, score_home, score_guest)VALUES(27375, 25005, 1580, 1601, 3, '0', 43, 46);
INSERT INTO player_team_game_play(player_id, team_id, game_id, play_id, seconds_start, seconds_end) VALUES(4162, 1646, 25005, 27375, 1580, 1601);
INSERT INTO player_team_game_play(player_id, team_id, game_id, play_id, seconds_start, seconds_end) VALUES(7461, 1646, 25005, 27375, 1580, 1601);
INSERT INTO player_team_game_play(player_id, team_id, game_id, play_id, seconds_start, seconds_end) VALUES(45, 1646, 25005, 27375, 1580, 1601);
INSERT INTO player_team_game_play(player_id, team_id, game_id, play_id, seconds_start, seconds_end) VALUES(1774, 1646, 25005, 27375, 1580, 1601);
INSERT INTO player_team_game_play(player_id, team_id, game_id, play_id, seconds_start, seconds_end) VALUES(6223, 1646, 25005, 27375, 1580, 1601);
INSERT INTO player_team_game_play(player_id, team_id, game_id, play_id, seconds_start, seconds_end) VALUES(2103, 1649, 25005, 27375, 1580, 1601);
INSERT INTO player_team_game_play(player_id, team_id, game_id, play_id, seconds_start, seconds_end) VALUES(3176, 1649, 25005, 27375, 1580, 1601);
INSERT INTO player_team_game_play(player_id, team_id, game_id, play_id, seconds_start, seconds_end) VALUES(7404, 1649, 25005, 27375, 1580, 1601);
INSERT INTO player_team_game_play(player_id, team_id, game_id, play_id, seconds_start, seconds_end) VALUES(7406, 1649, 25005, 27375, 1580, 1601);
INSERT INTO player_team_game_play(player_id, team_id, game_id, play_id, seconds_start, seconds_end) VALUES(1775, 1649, 25005, 27375, 1580, 1601);
UPDATE player_team_game_play SET seconds_end = 1587 WHERE player_id = 45 AND game_id = 25005 AND play_id = 27375;
INSERT INTO player_team_game_play(player_id, team_id, game_id, play_id, seconds_start, seconds_end) VALUES(6328, 1646, 25005, 27375, 1587, 1601);
UPDATE player_team_game_play SET seconds_end = 1587 WHERE player_id = 3176 AND game_id = 25005 AND play_id = 27375;
INSERT INTO player_team_game_play(player_id, team_id, game_id, play_id, seconds_start, seconds_end) VALUES(4692, 1649, 25005, 27375, 1587, 1601);
INSERT INTO lba.sub_play (play_id, seconds_da_start, player_made_id, team_made_id, game_made_id, player_suffered_id, team_suffered_id, game_suffered_id, shot_id, turnover_id, foul_id, rebound_defensive_01, rebound_offensive_01, assist_01, blocks_01, time_out_01, x, y)VALUES(27375, 7, 6223, 1646, 25005, 7406, 1649, 25005, NULL, NULL, 1, '', '', '', '', '', 38, 22);
INSERT INTO lba.sub_play (play_id, seconds_da_start, player_made_id, team_made_id, game_made_id, player_suffered_id, team_suffered_id, game_suffered_id, shot_id, turnover_id, foul_id, rebound_defensive_01, rebound_offensive_01, assist_01, blocks_01, time_out_01, x, y)VALUES(27375, 21, 7406, 1649, 25005, NULL, NULL, NULL, 1, NULL, NULL, '', '', '', '', '', 10, 61);

INSERT INTO play(id, game_id, seconds_start, seconds_end, quarter, attack_home_01, score_home, score_guest)VALUES(27376, 25005, 1601, 1624, 3, '1', 43, 46);
INSERT INTO player_team_game_play(player_id, team_id, game_id, play_id, seconds_start, seconds_end) VALUES(4162, 1646, 25005, 27376, 1601, 1624);
INSERT INTO player_team_game_play(player_id, team_id, game_id, play_id, seconds_start, seconds_end) VALUES(7461, 1646, 25005, 27376, 1601, 1624);
INSERT INTO player_team_game_play(player_id, team_id, game_id, play_id, seconds_start, seconds_end) VALUES(6328, 1646, 25005, 27376, 1601, 1624);
INSERT INTO player_team_game_play(player_id, team_id, game_id, play_id, seconds_start, seconds_end) VALUES(1774, 1646, 25005, 27376, 1601, 1624);
INSERT INTO player_team_game_play(player_id, team_id, game_id, play_id, seconds_start, seconds_end) VALUES(6223, 1646, 25005, 27376, 1601, 1624);
INSERT INTO player_team_game_play(player_id, team_id, game_id, play_id, seconds_start, seconds_end) VALUES(4692, 1649, 25005, 27376, 1601, 1624);
INSERT INTO player_team_game_play(player_id, team_id, game_id, play_id, seconds_start, seconds_end) VALUES(2103, 1649, 25005, 27376, 1601, 1624);
INSERT INTO player_team_game_play(player_id, team_id, game_id, play_id, seconds_start, seconds_end) VALUES(7404, 1649, 25005, 27376, 1601, 1624);
INSERT INTO player_team_game_play(player_id, team_id, game_id, play_id, seconds_start, seconds_end) VALUES(7406, 1649, 25005, 27376, 1601, 1624);
INSERT INTO player_team_game_play(player_id, team_id, game_id, play_id, seconds_start, seconds_end) VALUES(1775, 1649, 25005, 27376, 1601, 1624);
INSERT INTO lba.sub_play (play_id, seconds_da_start, player_made_id, team_made_id, game_made_id, player_suffered_id, team_suffered_id, game_suffered_id, shot_id, turnover_id, foul_id, rebound_defensive_01, rebound_offensive_01, assist_01, blocks_01, time_out_01, x, y)VALUES(27376, 15, 6223, 1646, 25005, NULL, NULL, NULL, 2, NULL, NULL, '', '', '', '', '', 86, 64);
INSERT INTO lba.sub_play (play_id, seconds_da_start, player_made_id, team_made_id, game_made_id, player_suffered_id, team_suffered_id, game_suffered_id, shot_id, turnover_id, foul_id, rebound_defensive_01, rebound_offensive_01, assist_01, blocks_01, time_out_01, x, y)VALUES(27376, 15, 7461, 1646, 25005, NULL, NULL, NULL, NULL, NULL, NULL, '', '1', '', '', '', 86, 64);
INSERT INTO lba.sub_play (play_id, seconds_da_start, player_made_id, team_made_id, game_made_id, player_suffered_id, team_suffered_id, game_suffered_id, shot_id, turnover_id, foul_id, rebound_defensive_01, rebound_offensive_01, assist_01, blocks_01, time_out_01, x, y)VALUES(27376, 23, 6223, 1646, 25005, NULL, NULL, NULL, 4, NULL, NULL, '', '', '', '', '', 66, 62);
INSERT INTO lba.sub_play (play_id, seconds_da_start, player_made_id, team_made_id, game_made_id, player_suffered_id, team_suffered_id, game_suffered_id, shot_id, turnover_id, foul_id, rebound_defensive_01, rebound_offensive_01, assist_01, blocks_01, time_out_01, x, y)VALUES(27376, 23, 2103, 1649, 25005, NULL, NULL, NULL, NULL, NULL, NULL, '1', '', '', '', '', 66, 62);

INSERT INTO play(id, game_id, seconds_start, seconds_end, quarter, attack_home_01, score_home, score_guest)VALUES(27377, 25005, 1624, 1635, 3, '0', 43, 46);
INSERT INTO player_team_game_play(player_id, team_id, game_id, play_id, seconds_start, seconds_end) VALUES(4162, 1646, 25005, 27377, 1624, 1635);
INSERT INTO player_team_game_play(player_id, team_id, game_id, play_id, seconds_start, seconds_end) VALUES(7461, 1646, 25005, 27377, 1624, 1635);
INSERT INTO player_team_game_play(player_id, team_id, game_id, play_id, seconds_start, seconds_end) VALUES(6328, 1646, 25005, 27377, 1624, 1635);
INSERT INTO player_team_game_play(player_id, team_id, game_id, play_id, seconds_start, seconds_end) VALUES(1774, 1646, 25005, 27377, 1624, 1635);
INSERT INTO player_team_game_play(player_id, team_id, game_id, play_id, seconds_start, seconds_end) VALUES(6223, 1646, 25005, 27377, 1624, 1635);
INSERT INTO player_team_game_play(player_id, team_id, game_id, play_id, seconds_start, seconds_end) VALUES(4692, 1649, 25005, 27377, 1624, 1635);
INSERT INTO player_team_game_play(player_id, team_id, game_id, play_id, seconds_start, seconds_end) VALUES(2103, 1649, 25005, 27377, 1624, 1635);
INSERT INTO player_team_game_play(player_id, team_id, game_id, play_id, seconds_start, seconds_end) VALUES(7404, 1649, 25005, 27377, 1624, 1635);
INSERT INTO player_team_game_play(player_id, team_id, game_id, play_id, seconds_start, seconds_end) VALUES(7406, 1649, 25005, 27377, 1624, 1635);
INSERT INTO player_team_game_play(player_id, team_id, game_id, play_id, seconds_start, seconds_end) VALUES(1775, 1649, 25005, 27377, 1624, 1635);
INSERT INTO lba.sub_play (play_id, seconds_da_start, player_made_id, team_made_id, game_made_id, player_suffered_id, team_suffered_id, game_suffered_id, shot_id, turnover_id, foul_id, rebound_defensive_01, rebound_offensive_01, assist_01, blocks_01, time_out_01, x, y)VALUES(27377, 11, 7406, 1649, 25005, NULL, NULL, NULL, 4, NULL, NULL, '', '', '', '', '', 17, 5);
INSERT INTO lba.sub_play (play_id, seconds_da_start, player_made_id, team_made_id, game_made_id, player_suffered_id, team_suffered_id, game_suffered_id, shot_id, turnover_id, foul_id, rebound_defensive_01, rebound_offensive_01, assist_01, blocks_01, time_out_01, x, y)VALUES(27377, 11, 6223, 1646, 25005, NULL, NULL, NULL, NULL, NULL, NULL, '1', '', '', '', '', 17, 5);

INSERT INTO play(id, game_id, seconds_start, seconds_end, quarter, attack_home_01, score_home, score_guest)VALUES(27378, 25005, 1635, 1642, 3, '1', 43, 46);
INSERT INTO player_team_game_play(player_id, team_id, game_id, play_id, seconds_start, seconds_end) VALUES(4162, 1646, 25005, 27378, 1635, 1642);
INSERT INTO player_team_game_play(player_id, team_id, game_id, play_id, seconds_start, seconds_end) VALUES(7461, 1646, 25005, 27378, 1635, 1642);
INSERT INTO player_team_game_play(player_id, team_id, game_id, play_id, seconds_start, seconds_end) VALUES(6328, 1646, 25005, 27378, 1635, 1642);
INSERT INTO player_team_game_play(player_id, team_id, game_id, play_id, seconds_start, seconds_end) VALUES(1774, 1646, 25005, 27378, 1635, 1642);
INSERT INTO player_team_game_play(player_id, team_id, game_id, play_id, seconds_start, seconds_end) VALUES(6223, 1646, 25005, 27378, 1635, 1642);
INSERT INTO player_team_game_play(player_id, team_id, game_id, play_id, seconds_start, seconds_end) VALUES(4692, 1649, 25005, 27378, 1635, 1642);
INSERT INTO player_team_game_play(player_id, team_id, game_id, play_id, seconds_start, seconds_end) VALUES(2103, 1649, 25005, 27378, 1635, 1642);
INSERT INTO player_team_game_play(player_id, team_id, game_id, play_id, seconds_start, seconds_end) VALUES(7404, 1649, 25005, 27378, 1635, 1642);
INSERT INTO player_team_game_play(player_id, team_id, game_id, play_id, seconds_start, seconds_end) VALUES(7406, 1649, 25005, 27378, 1635, 1642);
INSERT INTO player_team_game_play(player_id, team_id, game_id, play_id, seconds_start, seconds_end) VALUES(1775, 1649, 25005, 27378, 1635, 1642);
INSERT INTO lba.sub_play (play_id, seconds_da_start, player_made_id, team_made_id, game_made_id, player_suffered_id, team_suffered_id, game_suffered_id, shot_id, turnover_id, foul_id, rebound_defensive_01, rebound_offensive_01, assist_01, blocks_01, time_out_01, x, y)VALUES(27378, 7, 4162, 1646, 25005, 7406, 1649, 25005, NULL, 1, NULL, '', '', '', '', '', 78, 63);

INSERT INTO play(id, game_id, seconds_start, seconds_end, quarter, attack_home_01, score_home, score_guest)VALUES(27379, 25005, 1642, 1648, 3, '0', 43, 48);
INSERT INTO player_team_game_play(player_id, team_id, game_id, play_id, seconds_start, seconds_end) VALUES(4162, 1646, 25005, 27379, 1642, 1648);
INSERT INTO player_team_game_play(player_id, team_id, game_id, play_id, seconds_start, seconds_end) VALUES(7461, 1646, 25005, 27379, 1642, 1648);
INSERT INTO player_team_game_play(player_id, team_id, game_id, play_id, seconds_start, seconds_end) VALUES(6328, 1646, 25005, 27379, 1642, 1648);
INSERT INTO player_team_game_play(player_id, team_id, game_id, play_id, seconds_start, seconds_end) VALUES(1774, 1646, 25005, 27379, 1642, 1648);
INSERT INTO player_team_game_play(player_id, team_id, game_id, play_id, seconds_start, seconds_end) VALUES(6223, 1646, 25005, 27379, 1642, 1648);
INSERT INTO player_team_game_play(player_id, team_id, game_id, play_id, seconds_start, seconds_end) VALUES(4692, 1649, 25005, 27379, 1642, 1648);
INSERT INTO player_team_game_play(player_id, team_id, game_id, play_id, seconds_start, seconds_end) VALUES(2103, 1649, 25005, 27379, 1642, 1648);
INSERT INTO player_team_game_play(player_id, team_id, game_id, play_id, seconds_start, seconds_end) VALUES(7404, 1649, 25005, 27379, 1642, 1648);
INSERT INTO player_team_game_play(player_id, team_id, game_id, play_id, seconds_start, seconds_end) VALUES(7406, 1649, 25005, 27379, 1642, 1648);
INSERT INTO player_team_game_play(player_id, team_id, game_id, play_id, seconds_start, seconds_end) VALUES(1775, 1649, 25005, 27379, 1642, 1648);
INSERT INTO lba.sub_play (play_id, seconds_da_start, player_made_id, team_made_id, game_made_id, player_suffered_id, team_suffered_id, game_suffered_id, shot_id, turnover_id, foul_id, rebound_defensive_01, rebound_offensive_01, assist_01, blocks_01, time_out_01, x, y)VALUES(27379, 6, 2103, 1649, 25005, NULL, NULL, NULL, 1, NULL, NULL, '', '', '', '', '', 7, 56);
INSERT INTO lba.sub_play (play_id, seconds_da_start, player_made_id, team_made_id, game_made_id, player_suffered_id, team_suffered_id, game_suffered_id, shot_id, turnover_id, foul_id, rebound_defensive_01, rebound_offensive_01, assist_01, blocks_01, time_out_01, x, y)VALUES(27379, 6, 7406, 1649, 25005, NULL, NULL, NULL, NULL, NULL, NULL, '', '', '1', '', '', 7, 56);

INSERT INTO play(id, game_id, seconds_start, seconds_end, quarter, attack_home_01, score_home, score_guest)VALUES(27380, 25005, 1648, 1676, 3, '1', 46, 48);
INSERT INTO player_team_game_play(player_id, team_id, game_id, play_id, seconds_start, seconds_end) VALUES(4162, 1646, 25005, 27380, 1648, 1676);
INSERT INTO player_team_game_play(player_id, team_id, game_id, play_id, seconds_start, seconds_end) VALUES(7461, 1646, 25005, 27380, 1648, 1676);
INSERT INTO player_team_game_play(player_id, team_id, game_id, play_id, seconds_start, seconds_end) VALUES(6328, 1646, 25005, 27380, 1648, 1676);
INSERT INTO player_team_game_play(player_id, team_id, game_id, play_id, seconds_start, seconds_end) VALUES(1774, 1646, 25005, 27380, 1648, 1676);
INSERT INTO player_team_game_play(player_id, team_id, game_id, play_id, seconds_start, seconds_end) VALUES(6223, 1646, 25005, 27380, 1648, 1676);
INSERT INTO player_team_game_play(player_id, team_id, game_id, play_id, seconds_start, seconds_end) VALUES(4692, 1649, 25005, 27380, 1648, 1676);
INSERT INTO player_team_game_play(player_id, team_id, game_id, play_id, seconds_start, seconds_end) VALUES(2103, 1649, 25005, 27380, 1648, 1676);
INSERT INTO player_team_game_play(player_id, team_id, game_id, play_id, seconds_start, seconds_end) VALUES(7404, 1649, 25005, 27380, 1648, 1676);
INSERT INTO player_team_game_play(player_id, team_id, game_id, play_id, seconds_start, seconds_end) VALUES(7406, 1649, 25005, 27380, 1648, 1676);
INSERT INTO player_team_game_play(player_id, team_id, game_id, play_id, seconds_start, seconds_end) VALUES(1775, 1649, 25005, 27380, 1648, 1676);
INSERT INTO lba.sub_play (play_id, seconds_da_start, player_made_id, team_made_id, game_made_id, player_suffered_id, team_suffered_id, game_suffered_id, shot_id, turnover_id, foul_id, rebound_defensive_01, rebound_offensive_01, assist_01, blocks_01, time_out_01, x, y)VALUES(27380, 28, 6328, 1646, 25005, NULL, NULL, NULL, 3, NULL, NULL, '', '', '', '', '', 72, 19);
INSERT INTO lba.sub_play (play_id, seconds_da_start, player_made_id, team_made_id, game_made_id, player_suffered_id, team_suffered_id, game_suffered_id, shot_id, turnover_id, foul_id, rebound_defensive_01, rebound_offensive_01, assist_01, blocks_01, time_out_01, x, y)VALUES(27380, 28, 7461, 1646, 25005, NULL, NULL, NULL, NULL, NULL, NULL, '', '', '1', '', '', 72, 19);

INSERT INTO play(id, game_id, seconds_start, seconds_end, quarter, attack_home_01, score_home, score_guest)VALUES(27381, 25005, 1676, 1694, 3, '0', 46, 48);
INSERT INTO player_team_game_play(player_id, team_id, game_id, play_id, seconds_start, seconds_end) VALUES(4162, 1646, 25005, 27381, 1676, 1694);
INSERT INTO player_team_game_play(player_id, team_id, game_id, play_id, seconds_start, seconds_end) VALUES(7461, 1646, 25005, 27381, 1676, 1694);
INSERT INTO player_team_game_play(player_id, team_id, game_id, play_id, seconds_start, seconds_end) VALUES(6328, 1646, 25005, 27381, 1676, 1694);
INSERT INTO player_team_game_play(player_id, team_id, game_id, play_id, seconds_start, seconds_end) VALUES(1774, 1646, 25005, 27381, 1676, 1694);
INSERT INTO player_team_game_play(player_id, team_id, game_id, play_id, seconds_start, seconds_end) VALUES(6223, 1646, 25005, 27381, 1676, 1694);
INSERT INTO player_team_game_play(player_id, team_id, game_id, play_id, seconds_start, seconds_end) VALUES(4692, 1649, 25005, 27381, 1676, 1694);
INSERT INTO player_team_game_play(player_id, team_id, game_id, play_id, seconds_start, seconds_end) VALUES(2103, 1649, 25005, 27381, 1676, 1694);
INSERT INTO player_team_game_play(player_id, team_id, game_id, play_id, seconds_start, seconds_end) VALUES(7404, 1649, 25005, 27381, 1676, 1694);
INSERT INTO player_team_game_play(player_id, team_id, game_id, play_id, seconds_start, seconds_end) VALUES(7406, 1649, 25005, 27381, 1676, 1694);
INSERT INTO player_team_game_play(player_id, team_id, game_id, play_id, seconds_start, seconds_end) VALUES(1775, 1649, 25005, 27381, 1676, 1694);
UPDATE player_team_game_play SET seconds_end = 1689 WHERE player_id = 1774 AND game_id = 25005 AND play_id = 27381;
UPDATE player_team_game_play SET seconds_end = 1689 WHERE player_id = 6223 AND game_id = 25005 AND play_id = 27381;
INSERT INTO player_team_game_play(player_id, team_id, game_id, play_id, seconds_start, seconds_end) VALUES(7314, 1646, 25005, 27381, 1689, 1694);
INSERT INTO player_team_game_play(player_id, team_id, game_id, play_id, seconds_start, seconds_end) VALUES(7462, 1646, 25005, 27381, 1689, 1694);
UPDATE player_team_game_play SET seconds_end = 1689 WHERE player_id = 7406 AND game_id = 25005 AND play_id = 27381;
INSERT INTO player_team_game_play(player_id, team_id, game_id, play_id, seconds_start, seconds_end) VALUES(7405, 1649, 25005, 27381, 1689, 1694);
INSERT INTO lba.sub_play (play_id, seconds_da_start, player_made_id, team_made_id, game_made_id, player_suffered_id, team_suffered_id, game_suffered_id, shot_id, turnover_id, foul_id, rebound_defensive_01, rebound_offensive_01, assist_01, blocks_01, time_out_01, x, y)VALUES(27381, 13, 7461, 1646, 25005, 7404, 1649, 25005, NULL, NULL, 1, '', '', '', '', '', 34, 31);
INSERT INTO lba.sub_play (play_id, seconds_da_start, player_made_id, team_made_id, game_made_id, player_suffered_id, team_suffered_id, game_suffered_id, shot_id, turnover_id, foul_id, rebound_defensive_01, rebound_offensive_01, assist_01, blocks_01, time_out_01, x, y)VALUES(27381, 18, 7404, 1649, 25005, NULL, NULL, NULL, 2, NULL, NULL, '', '', '', '', '', 9, 36);
INSERT INTO lba.sub_play (play_id, seconds_da_start, player_made_id, team_made_id, game_made_id, player_suffered_id, team_suffered_id, game_suffered_id, shot_id, turnover_id, foul_id, rebound_defensive_01, rebound_offensive_01, assist_01, blocks_01, time_out_01, x, y)VALUES(27381, 18, 7461, 1646, 25005, NULL, NULL, NULL, NULL, NULL, NULL, '1', '', '', '', '', 9, 36);

INSERT INTO play(id, game_id, seconds_start, seconds_end, quarter, attack_home_01, score_home, score_guest)VALUES(27382, 25005, 1694, 1715, 3, '1', 46, 48);
INSERT INTO player_team_game_play(player_id, team_id, game_id, play_id, seconds_start, seconds_end) VALUES(4162, 1646, 25005, 27382, 1694, 1715);
INSERT INTO player_team_game_play(player_id, team_id, game_id, play_id, seconds_start, seconds_end) VALUES(7314, 1646, 25005, 27382, 1694, 1715);
INSERT INTO player_team_game_play(player_id, team_id, game_id, play_id, seconds_start, seconds_end) VALUES(7461, 1646, 25005, 27382, 1694, 1715);
INSERT INTO player_team_game_play(player_id, team_id, game_id, play_id, seconds_start, seconds_end) VALUES(7462, 1646, 25005, 27382, 1694, 1715);
INSERT INTO player_team_game_play(player_id, team_id, game_id, play_id, seconds_start, seconds_end) VALUES(6328, 1646, 25005, 27382, 1694, 1715);
INSERT INTO player_team_game_play(player_id, team_id, game_id, play_id, seconds_start, seconds_end) VALUES(4692, 1649, 25005, 27382, 1694, 1715);
INSERT INTO player_team_game_play(player_id, team_id, game_id, play_id, seconds_start, seconds_end) VALUES(2103, 1649, 25005, 27382, 1694, 1715);
INSERT INTO player_team_game_play(player_id, team_id, game_id, play_id, seconds_start, seconds_end) VALUES(7404, 1649, 25005, 27382, 1694, 1715);
INSERT INTO player_team_game_play(player_id, team_id, game_id, play_id, seconds_start, seconds_end) VALUES(7405, 1649, 25005, 27382, 1694, 1715);
INSERT INTO player_team_game_play(player_id, team_id, game_id, play_id, seconds_start, seconds_end) VALUES(1775, 1649, 25005, 27382, 1694, 1715);
UPDATE player_team_game_play SET seconds_end = 1712 WHERE player_id = 7314 AND game_id = 25005 AND play_id = 27382;
INSERT INTO player_team_game_play(player_id, team_id, game_id, play_id, seconds_start, seconds_end) VALUES(45, 1646, 25005, 27382, 1712, 1715);
UPDATE player_team_game_play SET seconds_end = 1712 WHERE player_id = 1775 AND game_id = 25005 AND play_id = 27382;
INSERT INTO player_team_game_play(player_id, team_id, game_id, play_id, seconds_start, seconds_end) VALUES(7015, 1649, 25005, 27382, 1712, 1715);
INSERT INTO lba.sub_play (play_id, seconds_da_start, player_made_id, team_made_id, game_made_id, player_suffered_id, team_suffered_id, game_suffered_id, shot_id, turnover_id, foul_id, rebound_defensive_01, rebound_offensive_01, assist_01, blocks_01, time_out_01, x, y)VALUES(27382, 18, 7461, 1646, 25005, NULL, NULL, NULL, 2, NULL, NULL, '', '', '', '', '', 94, 66);
INSERT INTO lba.sub_play (play_id, seconds_da_start, player_made_id, team_made_id, game_made_id, player_suffered_id, team_suffered_id, game_suffered_id, shot_id, turnover_id, foul_id, rebound_defensive_01, rebound_offensive_01, assist_01, blocks_01, time_out_01, x, y)VALUES(27382, 18, 4692, 1649, 25005, 7461, 1646, 25005, NULL, NULL, NULL, '', '', '', '1', '', 94, 66);
INSERT INTO lba.sub_play (play_id, seconds_da_start, player_made_id, team_made_id, game_made_id, player_suffered_id, team_suffered_id, game_suffered_id, shot_id, turnover_id, foul_id, rebound_defensive_01, rebound_offensive_01, assist_01, blocks_01, time_out_01, x, y)VALUES(27382, 21, 7462, 1646, 25005, 4692, 1649, 25005, NULL, 2, NULL, '', '', '', '', '', 76, 91);

INSERT INTO play(id, game_id, seconds_start, seconds_end, quarter, attack_home_01, score_home, score_guest)VALUES(27383, 25005, 1715, 1727, 3, '0', 46, 48);
INSERT INTO player_team_game_play(player_id, team_id, game_id, play_id, seconds_start, seconds_end) VALUES(4162, 1646, 25005, 27383, 1715, 1727);
INSERT INTO player_team_game_play(player_id, team_id, game_id, play_id, seconds_start, seconds_end) VALUES(7461, 1646, 25005, 27383, 1715, 1727);
INSERT INTO player_team_game_play(player_id, team_id, game_id, play_id, seconds_start, seconds_end) VALUES(7462, 1646, 25005, 27383, 1715, 1727);
INSERT INTO player_team_game_play(player_id, team_id, game_id, play_id, seconds_start, seconds_end) VALUES(6328, 1646, 25005, 27383, 1715, 1727);
INSERT INTO player_team_game_play(player_id, team_id, game_id, play_id, seconds_start, seconds_end) VALUES(45, 1646, 25005, 27383, 1715, 1727);
INSERT INTO player_team_game_play(player_id, team_id, game_id, play_id, seconds_start, seconds_end) VALUES(4692, 1649, 25005, 27383, 1715, 1727);
INSERT INTO player_team_game_play(player_id, team_id, game_id, play_id, seconds_start, seconds_end) VALUES(2103, 1649, 25005, 27383, 1715, 1727);
INSERT INTO player_team_game_play(player_id, team_id, game_id, play_id, seconds_start, seconds_end) VALUES(7015, 1649, 25005, 27383, 1715, 1727);
INSERT INTO player_team_game_play(player_id, team_id, game_id, play_id, seconds_start, seconds_end) VALUES(7404, 1649, 25005, 27383, 1715, 1727);
INSERT INTO player_team_game_play(player_id, team_id, game_id, play_id, seconds_start, seconds_end) VALUES(7405, 1649, 25005, 27383, 1715, 1727);
INSERT INTO lba.sub_play (play_id, seconds_da_start, player_made_id, team_made_id, game_made_id, player_suffered_id, team_suffered_id, game_suffered_id, shot_id, turnover_id, foul_id, rebound_defensive_01, rebound_offensive_01, assist_01, blocks_01, time_out_01, x, y)VALUES(27383, 12, 2103, 1649, 25005, NULL, NULL, NULL, 4, NULL, NULL, '', '', '', '', '', 25, 88);
INSERT INTO lba.sub_play (play_id, seconds_da_start, player_made_id, team_made_id, game_made_id, player_suffered_id, team_suffered_id, game_suffered_id, shot_id, turnover_id, foul_id, rebound_defensive_01, rebound_offensive_01, assist_01, blocks_01, time_out_01, x, y)VALUES(27383, 12, 7462, 1646, 25005, NULL, NULL, NULL, NULL, NULL, NULL, '1', '', '', '', '', 25, 88);

INSERT INTO play(id, game_id, seconds_start, seconds_end, quarter, attack_home_01, score_home, score_guest)VALUES(27384, 25005, 1727, 1747, 3, '1', 49, 48);
INSERT INTO player_team_game_play(player_id, team_id, game_id, play_id, seconds_start, seconds_end) VALUES(4162, 1646, 25005, 27384, 1727, 1747);
INSERT INTO player_team_game_play(player_id, team_id, game_id, play_id, seconds_start, seconds_end) VALUES(7461, 1646, 25005, 27384, 1727, 1747);
INSERT INTO player_team_game_play(player_id, team_id, game_id, play_id, seconds_start, seconds_end) VALUES(7462, 1646, 25005, 27384, 1727, 1747);
INSERT INTO player_team_game_play(player_id, team_id, game_id, play_id, seconds_start, seconds_end) VALUES(6328, 1646, 25005, 27384, 1727, 1747);
INSERT INTO player_team_game_play(player_id, team_id, game_id, play_id, seconds_start, seconds_end) VALUES(45, 1646, 25005, 27384, 1727, 1747);
INSERT INTO player_team_game_play(player_id, team_id, game_id, play_id, seconds_start, seconds_end) VALUES(4692, 1649, 25005, 27384, 1727, 1747);
INSERT INTO player_team_game_play(player_id, team_id, game_id, play_id, seconds_start, seconds_end) VALUES(2103, 1649, 25005, 27384, 1727, 1747);
INSERT INTO player_team_game_play(player_id, team_id, game_id, play_id, seconds_start, seconds_end) VALUES(7015, 1649, 25005, 27384, 1727, 1747);
INSERT INTO player_team_game_play(player_id, team_id, game_id, play_id, seconds_start, seconds_end) VALUES(7404, 1649, 25005, 27384, 1727, 1747);
INSERT INTO player_team_game_play(player_id, team_id, game_id, play_id, seconds_start, seconds_end) VALUES(7405, 1649, 25005, 27384, 1727, 1747);
INSERT INTO lba.sub_play (play_id, seconds_da_start, player_made_id, team_made_id, game_made_id, player_suffered_id, team_suffered_id, game_suffered_id, shot_id, turnover_id, foul_id, rebound_defensive_01, rebound_offensive_01, assist_01, blocks_01, time_out_01, x, y)VALUES(27384, 20, 6328, 1646, 25005, NULL, NULL, NULL, 3, NULL, NULL, '', '', '', '', '', 66, 55);
INSERT INTO lba.sub_play (play_id, seconds_da_start, player_made_id, team_made_id, game_made_id, player_suffered_id, team_suffered_id, game_suffered_id, shot_id, turnover_id, foul_id, rebound_defensive_01, rebound_offensive_01, assist_01, blocks_01, time_out_01, x, y)VALUES(27384, 20, 4162, 1646, 25005, NULL, NULL, NULL, NULL, NULL, NULL, '', '', '1', '', '', 66, 55);

INSERT INTO play(id, game_id, seconds_start, seconds_end, quarter, attack_home_01, score_home, score_guest)VALUES(27385, 25005, 1747, 1776, 3, '0', 49, 51);
INSERT INTO player_team_game_play(player_id, team_id, game_id, play_id, seconds_start, seconds_end) VALUES(4162, 1646, 25005, 27385, 1747, 1776);
INSERT INTO player_team_game_play(player_id, team_id, game_id, play_id, seconds_start, seconds_end) VALUES(7461, 1646, 25005, 27385, 1747, 1776);
INSERT INTO player_team_game_play(player_id, team_id, game_id, play_id, seconds_start, seconds_end) VALUES(7462, 1646, 25005, 27385, 1747, 1776);
INSERT INTO player_team_game_play(player_id, team_id, game_id, play_id, seconds_start, seconds_end) VALUES(6328, 1646, 25005, 27385, 1747, 1776);
INSERT INTO player_team_game_play(player_id, team_id, game_id, play_id, seconds_start, seconds_end) VALUES(45, 1646, 25005, 27385, 1747, 1776);
INSERT INTO player_team_game_play(player_id, team_id, game_id, play_id, seconds_start, seconds_end) VALUES(4692, 1649, 25005, 27385, 1747, 1776);
INSERT INTO player_team_game_play(player_id, team_id, game_id, play_id, seconds_start, seconds_end) VALUES(2103, 1649, 25005, 27385, 1747, 1776);
INSERT INTO player_team_game_play(player_id, team_id, game_id, play_id, seconds_start, seconds_end) VALUES(7015, 1649, 25005, 27385, 1747, 1776);
INSERT INTO player_team_game_play(player_id, team_id, game_id, play_id, seconds_start, seconds_end) VALUES(7404, 1649, 25005, 27385, 1747, 1776);
INSERT INTO player_team_game_play(player_id, team_id, game_id, play_id, seconds_start, seconds_end) VALUES(7405, 1649, 25005, 27385, 1747, 1776);
INSERT INTO lba.sub_play (play_id, seconds_da_start, player_made_id, team_made_id, game_made_id, player_suffered_id, team_suffered_id, game_suffered_id, shot_id, turnover_id, foul_id, rebound_defensive_01, rebound_offensive_01, assist_01, blocks_01, time_out_01, x, y)VALUES(27385, 29, 7405, 1649, 25005, NULL, NULL, NULL, 3, NULL, NULL, '', '', '', '', '', 4, 98);
INSERT INTO lba.sub_play (play_id, seconds_da_start, player_made_id, team_made_id, game_made_id, player_suffered_id, team_suffered_id, game_suffered_id, shot_id, turnover_id, foul_id, rebound_defensive_01, rebound_offensive_01, assist_01, blocks_01, time_out_01, x, y)VALUES(27385, 29, 2103, 1649, 25005, NULL, NULL, NULL, NULL, NULL, NULL, '', '', '1', '', '', 4, 98);

INSERT INTO play(id, game_id, seconds_start, seconds_end, quarter, attack_home_01, score_home, score_guest)VALUES(27386, 25005, 1776, 1800, 3, '1', 52, 51);
INSERT INTO player_team_game_play(player_id, team_id, game_id, play_id, seconds_start, seconds_end) VALUES(4162, 1646, 25005, 27386, 1776, 1800);
INSERT INTO player_team_game_play(player_id, team_id, game_id, play_id, seconds_start, seconds_end) VALUES(7461, 1646, 25005, 27386, 1776, 1800);
INSERT INTO player_team_game_play(player_id, team_id, game_id, play_id, seconds_start, seconds_end) VALUES(7462, 1646, 25005, 27386, 1776, 1800);
INSERT INTO player_team_game_play(player_id, team_id, game_id, play_id, seconds_start, seconds_end) VALUES(6328, 1646, 25005, 27386, 1776, 1800);
INSERT INTO player_team_game_play(player_id, team_id, game_id, play_id, seconds_start, seconds_end) VALUES(45, 1646, 25005, 27386, 1776, 1800);
INSERT INTO player_team_game_play(player_id, team_id, game_id, play_id, seconds_start, seconds_end) VALUES(4692, 1649, 25005, 27386, 1776, 1800);
INSERT INTO player_team_game_play(player_id, team_id, game_id, play_id, seconds_start, seconds_end) VALUES(2103, 1649, 25005, 27386, 1776, 1800);
INSERT INTO player_team_game_play(player_id, team_id, game_id, play_id, seconds_start, seconds_end) VALUES(7015, 1649, 25005, 27386, 1776, 1800);
INSERT INTO player_team_game_play(player_id, team_id, game_id, play_id, seconds_start, seconds_end) VALUES(7404, 1649, 25005, 27386, 1776, 1800);
INSERT INTO player_team_game_play(player_id, team_id, game_id, play_id, seconds_start, seconds_end) VALUES(7405, 1649, 25005, 27386, 1776, 1800);
UPDATE player_team_game_play SET seconds_end = 1800 WHERE player_id = 7404 AND game_id = 25005 AND play_id = 27386;
INSERT INTO player_team_game_play(player_id, team_id, game_id, play_id, seconds_start, seconds_end) VALUES(5150, 1649, 25005, 27386, 1800, 1800);
INSERT INTO lba.sub_play (play_id, seconds_da_start, player_made_id, team_made_id, game_made_id, player_suffered_id, team_suffered_id, game_suffered_id, shot_id, turnover_id, foul_id, rebound_defensive_01, rebound_offensive_01, assist_01, blocks_01, time_out_01, x, y)VALUES(27386, 24, 7462, 1646, 25005, NULL, NULL, NULL, 3, NULL, NULL, '', '', '', '', '', 74, 12);
INSERT INTO lba.sub_play (play_id, seconds_da_start, player_made_id, team_made_id, game_made_id, player_suffered_id, team_suffered_id, game_suffered_id, shot_id, turnover_id, foul_id, rebound_defensive_01, rebound_offensive_01, assist_01, blocks_01, time_out_01, x, y)VALUES(27386, 24, 4162, 1646, 25005, NULL, NULL, NULL, NULL, NULL, NULL, '', '', '1', '', '', 74, 12);

INSERT INTO play(id, game_id, seconds_start, seconds_end, quarter, attack_home_01, score_home, score_guest)VALUES(27387, 25005, 1800, 1817, 4, '0', 52, 51);
INSERT INTO player_team_game_play(player_id, team_id, game_id, play_id, seconds_start, seconds_end) VALUES(4162, 1646, 25005, 27387, 1800, 1817);
INSERT INTO player_team_game_play(player_id, team_id, game_id, play_id, seconds_start, seconds_end) VALUES(7461, 1646, 25005, 27387, 1800, 1817);
INSERT INTO player_team_game_play(player_id, team_id, game_id, play_id, seconds_start, seconds_end) VALUES(7462, 1646, 25005, 27387, 1800, 1817);
INSERT INTO player_team_game_play(player_id, team_id, game_id, play_id, seconds_start, seconds_end) VALUES(6328, 1646, 25005, 27387, 1800, 1817);
INSERT INTO player_team_game_play(player_id, team_id, game_id, play_id, seconds_start, seconds_end) VALUES(45, 1646, 25005, 27387, 1800, 1817);
INSERT INTO player_team_game_play(player_id, team_id, game_id, play_id, seconds_start, seconds_end) VALUES(4692, 1649, 25005, 27387, 1800, 1817);
INSERT INTO player_team_game_play(player_id, team_id, game_id, play_id, seconds_start, seconds_end) VALUES(2103, 1649, 25005, 27387, 1800, 1817);
INSERT INTO player_team_game_play(player_id, team_id, game_id, play_id, seconds_start, seconds_end) VALUES(7015, 1649, 25005, 27387, 1800, 1817);
INSERT INTO player_team_game_play(player_id, team_id, game_id, play_id, seconds_start, seconds_end) VALUES(7404, 1649, 25005, 27387, 1800, 1817);
INSERT INTO player_team_game_play(player_id, team_id, game_id, play_id, seconds_start, seconds_end) VALUES(7405, 1649, 25005, 27387, 1800, 1817);
UPDATE player_team_game_play SET seconds_end = 1800 WHERE player_id = 7404 AND game_id = 25005 AND play_id = 27387;
INSERT INTO player_team_game_play(player_id, team_id, game_id, play_id, seconds_start, seconds_end) VALUES(5150, 1649, 25005, 27387, 1800, 1817);
INSERT INTO lba.sub_play (play_id, seconds_da_start, player_made_id, team_made_id, game_made_id, player_suffered_id, team_suffered_id, game_suffered_id, shot_id, turnover_id, foul_id, rebound_defensive_01, rebound_offensive_01, assist_01, blocks_01, time_out_01, x, y)VALUES(27387, 17, 4692, 1649, 25005, NULL, NULL, NULL, 2, NULL, NULL, '', '', '', '', '', 7, 32);
INSERT INTO lba.sub_play (play_id, seconds_da_start, player_made_id, team_made_id, game_made_id, player_suffered_id, team_suffered_id, game_suffered_id, shot_id, turnover_id, foul_id, rebound_defensive_01, rebound_offensive_01, assist_01, blocks_01, time_out_01, x, y)VALUES(27387, 17, 4162, 1646, 25005, NULL, NULL, NULL, NULL, NULL, NULL, '1', '', '', '', '', 7, 32);

INSERT INTO play(id, game_id, seconds_start, seconds_end, quarter, attack_home_01, score_home, score_guest)VALUES(27388, 25005, 1817, 1836, 4, '1', 54, 51);
INSERT INTO player_team_game_play(player_id, team_id, game_id, play_id, seconds_start, seconds_end) VALUES(4162, 1646, 25005, 27388, 1817, 1836);
INSERT INTO player_team_game_play(player_id, team_id, game_id, play_id, seconds_start, seconds_end) VALUES(7461, 1646, 25005, 27388, 1817, 1836);
INSERT INTO player_team_game_play(player_id, team_id, game_id, play_id, seconds_start, seconds_end) VALUES(7462, 1646, 25005, 27388, 1817, 1836);
INSERT INTO player_team_game_play(player_id, team_id, game_id, play_id, seconds_start, seconds_end) VALUES(6328, 1646, 25005, 27388, 1817, 1836);
INSERT INTO player_team_game_play(player_id, team_id, game_id, play_id, seconds_start, seconds_end) VALUES(45, 1646, 25005, 27388, 1817, 1836);
INSERT INTO player_team_game_play(player_id, team_id, game_id, play_id, seconds_start, seconds_end) VALUES(4692, 1649, 25005, 27388, 1817, 1836);
INSERT INTO player_team_game_play(player_id, team_id, game_id, play_id, seconds_start, seconds_end) VALUES(2103, 1649, 25005, 27388, 1817, 1836);
INSERT INTO player_team_game_play(player_id, team_id, game_id, play_id, seconds_start, seconds_end) VALUES(7015, 1649, 25005, 27388, 1817, 1836);
INSERT INTO player_team_game_play(player_id, team_id, game_id, play_id, seconds_start, seconds_end) VALUES(7405, 1649, 25005, 27388, 1817, 1836);
INSERT INTO player_team_game_play(player_id, team_id, game_id, play_id, seconds_start, seconds_end) VALUES(5150, 1649, 25005, 27388, 1817, 1836);
INSERT INTO lba.sub_play (play_id, seconds_da_start, player_made_id, team_made_id, game_made_id, player_suffered_id, team_suffered_id, game_suffered_id, shot_id, turnover_id, foul_id, rebound_defensive_01, rebound_offensive_01, assist_01, blocks_01, time_out_01, x, y)VALUES(27388, 19, 6328, 1646, 25005, NULL, NULL, NULL, 1, NULL, NULL, '', '', '', '', '', 92, 21);

INSERT INTO play(id, game_id, seconds_start, seconds_end, quarter, attack_home_01, score_home, score_guest)VALUES(27389, 25005, 1836, 1857, 4, '0', 54, 51);
INSERT INTO player_team_game_play(player_id, team_id, game_id, play_id, seconds_start, seconds_end) VALUES(4162, 1646, 25005, 27389, 1836, 1857);
INSERT INTO player_team_game_play(player_id, team_id, game_id, play_id, seconds_start, seconds_end) VALUES(7461, 1646, 25005, 27389, 1836, 1857);
INSERT INTO player_team_game_play(player_id, team_id, game_id, play_id, seconds_start, seconds_end) VALUES(7462, 1646, 25005, 27389, 1836, 1857);
INSERT INTO player_team_game_play(player_id, team_id, game_id, play_id, seconds_start, seconds_end) VALUES(6328, 1646, 25005, 27389, 1836, 1857);
INSERT INTO player_team_game_play(player_id, team_id, game_id, play_id, seconds_start, seconds_end) VALUES(45, 1646, 25005, 27389, 1836, 1857);
INSERT INTO player_team_game_play(player_id, team_id, game_id, play_id, seconds_start, seconds_end) VALUES(4692, 1649, 25005, 27389, 1836, 1857);
INSERT INTO player_team_game_play(player_id, team_id, game_id, play_id, seconds_start, seconds_end) VALUES(2103, 1649, 25005, 27389, 1836, 1857);
INSERT INTO player_team_game_play(player_id, team_id, game_id, play_id, seconds_start, seconds_end) VALUES(7015, 1649, 25005, 27389, 1836, 1857);
INSERT INTO player_team_game_play(player_id, team_id, game_id, play_id, seconds_start, seconds_end) VALUES(7405, 1649, 25005, 27389, 1836, 1857);
INSERT INTO player_team_game_play(player_id, team_id, game_id, play_id, seconds_start, seconds_end) VALUES(5150, 1649, 25005, 27389, 1836, 1857);
INSERT INTO lba.sub_play (play_id, seconds_da_start, player_made_id, team_made_id, game_made_id, player_suffered_id, team_suffered_id, game_suffered_id, shot_id, turnover_id, foul_id, rebound_defensive_01, rebound_offensive_01, assist_01, blocks_01, time_out_01, x, y)VALUES(27389, 21, 5150, 1649, 25005, NULL, NULL, NULL, 4, NULL, NULL, '', '', '', '', '', 22, 91);
INSERT INTO lba.sub_play (play_id, seconds_da_start, player_made_id, team_made_id, game_made_id, player_suffered_id, team_suffered_id, game_suffered_id, shot_id, turnover_id, foul_id, rebound_defensive_01, rebound_offensive_01, assist_01, blocks_01, time_out_01, x, y)VALUES(27389, 21, 7461, 1646, 25005, NULL, NULL, NULL, NULL, NULL, NULL, '1', '', '', '', '', 22, 91);

INSERT INTO play(id, game_id, seconds_start, seconds_end, quarter, attack_home_01, score_home, score_guest)VALUES(27390, 25005, 1857, 1882, 4, '1', 54, 51);
INSERT INTO player_team_game_play(player_id, team_id, game_id, play_id, seconds_start, seconds_end) VALUES(4162, 1646, 25005, 27390, 1857, 1882);
INSERT INTO player_team_game_play(player_id, team_id, game_id, play_id, seconds_start, seconds_end) VALUES(7461, 1646, 25005, 27390, 1857, 1882);
INSERT INTO player_team_game_play(player_id, team_id, game_id, play_id, seconds_start, seconds_end) VALUES(7462, 1646, 25005, 27390, 1857, 1882);
INSERT INTO player_team_game_play(player_id, team_id, game_id, play_id, seconds_start, seconds_end) VALUES(6328, 1646, 25005, 27390, 1857, 1882);
INSERT INTO player_team_game_play(player_id, team_id, game_id, play_id, seconds_start, seconds_end) VALUES(45, 1646, 25005, 27390, 1857, 1882);
INSERT INTO player_team_game_play(player_id, team_id, game_id, play_id, seconds_start, seconds_end) VALUES(4692, 1649, 25005, 27390, 1857, 1882);
INSERT INTO player_team_game_play(player_id, team_id, game_id, play_id, seconds_start, seconds_end) VALUES(2103, 1649, 25005, 27390, 1857, 1882);
INSERT INTO player_team_game_play(player_id, team_id, game_id, play_id, seconds_start, seconds_end) VALUES(7015, 1649, 25005, 27390, 1857, 1882);
INSERT INTO player_team_game_play(player_id, team_id, game_id, play_id, seconds_start, seconds_end) VALUES(7405, 1649, 25005, 27390, 1857, 1882);
INSERT INTO player_team_game_play(player_id, team_id, game_id, play_id, seconds_start, seconds_end) VALUES(5150, 1649, 25005, 27390, 1857, 1882);
UPDATE player_team_game_play SET seconds_end = 1882 WHERE player_id = 4692 AND game_id = 25005 AND play_id = 27390;
INSERT INTO player_team_game_play(player_id, team_id, game_id, play_id, seconds_start, seconds_end) VALUES(3176, 1649, 25005, 27390, 1882, 1882);

INSERT INTO play(id, game_id, seconds_start, seconds_end, quarter, attack_home_01, score_home, score_guest)VALUES(27391, 25005, 1882, 1895, 4, '0', 54, 51);
INSERT INTO player_team_game_play(player_id, team_id, game_id, play_id, seconds_start, seconds_end) VALUES(4162, 1646, 25005, 27391, 1882, 1895);
INSERT INTO player_team_game_play(player_id, team_id, game_id, play_id, seconds_start, seconds_end) VALUES(7461, 1646, 25005, 27391, 1882, 1895);
INSERT INTO player_team_game_play(player_id, team_id, game_id, play_id, seconds_start, seconds_end) VALUES(7462, 1646, 25005, 27391, 1882, 1895);
INSERT INTO player_team_game_play(player_id, team_id, game_id, play_id, seconds_start, seconds_end) VALUES(6328, 1646, 25005, 27391, 1882, 1895);
INSERT INTO player_team_game_play(player_id, team_id, game_id, play_id, seconds_start, seconds_end) VALUES(45, 1646, 25005, 27391, 1882, 1895);
INSERT INTO player_team_game_play(player_id, team_id, game_id, play_id, seconds_start, seconds_end) VALUES(4692, 1649, 25005, 27391, 1882, 1895);
INSERT INTO player_team_game_play(player_id, team_id, game_id, play_id, seconds_start, seconds_end) VALUES(2103, 1649, 25005, 27391, 1882, 1895);
INSERT INTO player_team_game_play(player_id, team_id, game_id, play_id, seconds_start, seconds_end) VALUES(7015, 1649, 25005, 27391, 1882, 1895);
INSERT INTO player_team_game_play(player_id, team_id, game_id, play_id, seconds_start, seconds_end) VALUES(7405, 1649, 25005, 27391, 1882, 1895);
INSERT INTO player_team_game_play(player_id, team_id, game_id, play_id, seconds_start, seconds_end) VALUES(5150, 1649, 25005, 27391, 1882, 1895);
UPDATE player_team_game_play SET seconds_end = 1882 WHERE player_id = 4692 AND game_id = 25005 AND play_id = 27391;
INSERT INTO player_team_game_play(player_id, team_id, game_id, play_id, seconds_start, seconds_end) VALUES(3176, 1649, 25005, 27391, 1882, 1895);
INSERT INTO lba.sub_play (play_id, seconds_da_start, player_made_id, team_made_id, game_made_id, player_suffered_id, team_suffered_id, game_suffered_id, shot_id, turnover_id, foul_id, rebound_defensive_01, rebound_offensive_01, assist_01, blocks_01, time_out_01, x, y)VALUES(27391, 13, 5150, 1649, 25005, NULL, NULL, NULL, 2, NULL, NULL, '', '', '', '', '', 11, 50);

INSERT INTO play(id, game_id, seconds_start, seconds_end, quarter, attack_home_01, score_home, score_guest)VALUES(27392, 25005, 1895, 1941, 4, '0', 56, 51);
INSERT INTO player_team_game_play(player_id, team_id, game_id, play_id, seconds_start, seconds_end) VALUES(4162, 1646, 25005, 27392, 1895, 1941);
INSERT INTO player_team_game_play(player_id, team_id, game_id, play_id, seconds_start, seconds_end) VALUES(7461, 1646, 25005, 27392, 1895, 1941);
INSERT INTO player_team_game_play(player_id, team_id, game_id, play_id, seconds_start, seconds_end) VALUES(7462, 1646, 25005, 27392, 1895, 1941);
INSERT INTO player_team_game_play(player_id, team_id, game_id, play_id, seconds_start, seconds_end) VALUES(6328, 1646, 25005, 27392, 1895, 1941);
INSERT INTO player_team_game_play(player_id, team_id, game_id, play_id, seconds_start, seconds_end) VALUES(45, 1646, 25005, 27392, 1895, 1941);
INSERT INTO player_team_game_play(player_id, team_id, game_id, play_id, seconds_start, seconds_end) VALUES(2103, 1649, 25005, 27392, 1895, 1941);
INSERT INTO player_team_game_play(player_id, team_id, game_id, play_id, seconds_start, seconds_end) VALUES(7015, 1649, 25005, 27392, 1895, 1941);
INSERT INTO player_team_game_play(player_id, team_id, game_id, play_id, seconds_start, seconds_end) VALUES(3176, 1649, 25005, 27392, 1895, 1941);
INSERT INTO player_team_game_play(player_id, team_id, game_id, play_id, seconds_start, seconds_end) VALUES(7405, 1649, 25005, 27392, 1895, 1941);
INSERT INTO player_team_game_play(player_id, team_id, game_id, play_id, seconds_start, seconds_end) VALUES(5150, 1649, 25005, 27392, 1895, 1941);
INSERT INTO lba.sub_play (play_id, seconds_da_start, player_made_id, team_made_id, game_made_id, player_suffered_id, team_suffered_id, game_suffered_id, shot_id, turnover_id, foul_id, rebound_defensive_01, rebound_offensive_01, assist_01, blocks_01, time_out_01, x, y)VALUES(27392, 21, 7462, 1646, 25005, NULL, NULL, NULL, 1, NULL, NULL, '', '', '', '', '', 93, 41);
INSERT INTO lba.sub_play (play_id, seconds_da_start, player_made_id, team_made_id, game_made_id, player_suffered_id, team_suffered_id, game_suffered_id, shot_id, turnover_id, foul_id, rebound_defensive_01, rebound_offensive_01, assist_01, blocks_01, time_out_01, x, y)VALUES(27392, 36, 6328, 1646, 25005, 3176, 1649, 25005, NULL, NULL, 1, '', '', '', '', '', 12, 43);
INSERT INTO lba.sub_play (play_id, seconds_da_start, player_made_id, team_made_id, game_made_id, player_suffered_id, team_suffered_id, game_suffered_id, shot_id, turnover_id, foul_id, rebound_defensive_01, rebound_offensive_01, assist_01, blocks_01, time_out_01, x, y)VALUES(27392, 46, 7405, 1649, 25005, NULL, NULL, NULL, 2, NULL, NULL, '', '', '', '', '', 22, 48);

INSERT INTO play(id, game_id, seconds_start, seconds_end, quarter, attack_home_01, score_home, score_guest)VALUES(27393, 25005, 1941, 1963, 4, '1', 56, 51);
INSERT INTO player_team_game_play(player_id, team_id, game_id, play_id, seconds_start, seconds_end) VALUES(4162, 1646, 25005, 27393, 1941, 1963);
INSERT INTO player_team_game_play(player_id, team_id, game_id, play_id, seconds_start, seconds_end) VALUES(7461, 1646, 25005, 27393, 1941, 1963);
INSERT INTO player_team_game_play(player_id, team_id, game_id, play_id, seconds_start, seconds_end) VALUES(7462, 1646, 25005, 27393, 1941, 1963);
INSERT INTO player_team_game_play(player_id, team_id, game_id, play_id, seconds_start, seconds_end) VALUES(6328, 1646, 25005, 27393, 1941, 1963);
INSERT INTO player_team_game_play(player_id, team_id, game_id, play_id, seconds_start, seconds_end) VALUES(45, 1646, 25005, 27393, 1941, 1963);
INSERT INTO player_team_game_play(player_id, team_id, game_id, play_id, seconds_start, seconds_end) VALUES(2103, 1649, 25005, 27393, 1941, 1963);
INSERT INTO player_team_game_play(player_id, team_id, game_id, play_id, seconds_start, seconds_end) VALUES(7015, 1649, 25005, 27393, 1941, 1963);
INSERT INTO player_team_game_play(player_id, team_id, game_id, play_id, seconds_start, seconds_end) VALUES(3176, 1649, 25005, 27393, 1941, 1963);
INSERT INTO player_team_game_play(player_id, team_id, game_id, play_id, seconds_start, seconds_end) VALUES(7405, 1649, 25005, 27393, 1941, 1963);
INSERT INTO player_team_game_play(player_id, team_id, game_id, play_id, seconds_start, seconds_end) VALUES(5150, 1649, 25005, 27393, 1941, 1963);
UPDATE player_team_game_play SET seconds_end = 1960 WHERE player_id = 7405 AND game_id = 25005 AND play_id = 27393;
UPDATE player_team_game_play SET seconds_end = 1960 WHERE player_id = 7015 AND game_id = 25005 AND play_id = 27393;
INSERT INTO player_team_game_play(player_id, team_id, game_id, play_id, seconds_start, seconds_end) VALUES(7406, 1649, 25005, 27393, 1960, 1963);
INSERT INTO player_team_game_play(player_id, team_id, game_id, play_id, seconds_start, seconds_end) VALUES(1775, 1649, 25005, 27393, 1960, 1963);
INSERT INTO lba.sub_play (play_id, seconds_da_start, player_made_id, team_made_id, game_made_id, player_suffered_id, team_suffered_id, game_suffered_id, shot_id, turnover_id, foul_id, rebound_defensive_01, rebound_offensive_01, assist_01, blocks_01, time_out_01, x, y)VALUES(27393, 19, 7015, 1649, 25005, 7461, 1646, 25005, NULL, NULL, 1, '', '', '', '', '', 76, 68);
INSERT INTO lba.sub_play (play_id, seconds_da_start, player_made_id, team_made_id, game_made_id, player_suffered_id, team_suffered_id, game_suffered_id, shot_id, turnover_id, foul_id, rebound_defensive_01, rebound_offensive_01, assist_01, blocks_01, time_out_01, x, y)VALUES(27393, 22, 7461, 1646, 25005, NULL, NULL, NULL, 4, NULL, NULL, '', '', '', '', '', 74, 89);
INSERT INTO lba.sub_play (play_id, seconds_da_start, player_made_id, team_made_id, game_made_id, player_suffered_id, team_suffered_id, game_suffered_id, shot_id, turnover_id, foul_id, rebound_defensive_01, rebound_offensive_01, assist_01, blocks_01, time_out_01, x, y)VALUES(27393, 22, 7406, 1649, 25005, NULL, NULL, NULL, NULL, NULL, NULL, '1', '', '', '', '', 74, 89);

INSERT INTO play(id, game_id, seconds_start, seconds_end, quarter, attack_home_01, score_home, score_guest)VALUES(27394, 25005, 1963, 2008, 4, '1', 56, 53);
INSERT INTO player_team_game_play(player_id, team_id, game_id, play_id, seconds_start, seconds_end) VALUES(4162, 1646, 25005, 27394, 1963, 2008);
INSERT INTO player_team_game_play(player_id, team_id, game_id, play_id, seconds_start, seconds_end) VALUES(7461, 1646, 25005, 27394, 1963, 2008);
INSERT INTO player_team_game_play(player_id, team_id, game_id, play_id, seconds_start, seconds_end) VALUES(7462, 1646, 25005, 27394, 1963, 2008);
INSERT INTO player_team_game_play(player_id, team_id, game_id, play_id, seconds_start, seconds_end) VALUES(6328, 1646, 25005, 27394, 1963, 2008);
INSERT INTO player_team_game_play(player_id, team_id, game_id, play_id, seconds_start, seconds_end) VALUES(45, 1646, 25005, 27394, 1963, 2008);
INSERT INTO player_team_game_play(player_id, team_id, game_id, play_id, seconds_start, seconds_end) VALUES(2103, 1649, 25005, 27394, 1963, 2008);
INSERT INTO player_team_game_play(player_id, team_id, game_id, play_id, seconds_start, seconds_end) VALUES(3176, 1649, 25005, 27394, 1963, 2008);
INSERT INTO player_team_game_play(player_id, team_id, game_id, play_id, seconds_start, seconds_end) VALUES(5150, 1649, 25005, 27394, 1963, 2008);
INSERT INTO player_team_game_play(player_id, team_id, game_id, play_id, seconds_start, seconds_end) VALUES(7406, 1649, 25005, 27394, 1963, 2008);
INSERT INTO player_team_game_play(player_id, team_id, game_id, play_id, seconds_start, seconds_end) VALUES(1775, 1649, 25005, 27394, 1963, 2008);
UPDATE player_team_game_play SET seconds_end = 2001 WHERE player_id = 7461 AND game_id = 25005 AND play_id = 27394;
INSERT INTO player_team_game_play(player_id, team_id, game_id, play_id, seconds_start, seconds_end) VALUES(2608, 1646, 25005, 27394, 2001, 2008);
INSERT INTO lba.sub_play (play_id, seconds_da_start, player_made_id, team_made_id, game_made_id, player_suffered_id, team_suffered_id, game_suffered_id, shot_id, turnover_id, foul_id, rebound_defensive_01, rebound_offensive_01, assist_01, blocks_01, time_out_01, x, y)VALUES(27394, 21, 3176, 1649, 25005, NULL, NULL, NULL, 1, NULL, NULL, '', '', '', '', '', 11, 48);
INSERT INTO lba.sub_play (play_id, seconds_da_start, player_made_id, team_made_id, game_made_id, player_suffered_id, team_suffered_id, game_suffered_id, shot_id, turnover_id, foul_id, rebound_defensive_01, rebound_offensive_01, assist_01, blocks_01, time_out_01, x, y)VALUES(27394, 38, 1775, 1649, 25005, 6328, 1646, 25005, NULL, NULL, 1, '', '', '', '', '', 65, 51);
INSERT INTO lba.sub_play (play_id, seconds_da_start, player_made_id, team_made_id, game_made_id, player_suffered_id, team_suffered_id, game_suffered_id, shot_id, turnover_id, foul_id, rebound_defensive_01, rebound_offensive_01, assist_01, blocks_01, time_out_01, x, y)VALUES(27394, 45, 7462, 1646, 25005, NULL, NULL, NULL, NULL, 1, NULL, '', '', '', '', '', 80, 92);

INSERT INTO play(id, game_id, seconds_start, seconds_end, quarter, attack_home_01, score_home, score_guest)VALUES(27395, 25005, 2008, 2029, 4, '0', 56, 53);
INSERT INTO player_team_game_play(player_id, team_id, game_id, play_id, seconds_start, seconds_end) VALUES(2608, 1646, 25005, 27395, 2008, 2029);
INSERT INTO player_team_game_play(player_id, team_id, game_id, play_id, seconds_start, seconds_end) VALUES(4162, 1646, 25005, 27395, 2008, 2029);
INSERT INTO player_team_game_play(player_id, team_id, game_id, play_id, seconds_start, seconds_end) VALUES(7462, 1646, 25005, 27395, 2008, 2029);
INSERT INTO player_team_game_play(player_id, team_id, game_id, play_id, seconds_start, seconds_end) VALUES(6328, 1646, 25005, 27395, 2008, 2029);
INSERT INTO player_team_game_play(player_id, team_id, game_id, play_id, seconds_start, seconds_end) VALUES(45, 1646, 25005, 27395, 2008, 2029);
INSERT INTO player_team_game_play(player_id, team_id, game_id, play_id, seconds_start, seconds_end) VALUES(2103, 1649, 25005, 27395, 2008, 2029);
INSERT INTO player_team_game_play(player_id, team_id, game_id, play_id, seconds_start, seconds_end) VALUES(3176, 1649, 25005, 27395, 2008, 2029);
INSERT INTO player_team_game_play(player_id, team_id, game_id, play_id, seconds_start, seconds_end) VALUES(5150, 1649, 25005, 27395, 2008, 2029);
INSERT INTO player_team_game_play(player_id, team_id, game_id, play_id, seconds_start, seconds_end) VALUES(7406, 1649, 25005, 27395, 2008, 2029);
INSERT INTO player_team_game_play(player_id, team_id, game_id, play_id, seconds_start, seconds_end) VALUES(1775, 1649, 25005, 27395, 2008, 2029);
INSERT INTO lba.sub_play (play_id, seconds_da_start, player_made_id, team_made_id, game_made_id, player_suffered_id, team_suffered_id, game_suffered_id, shot_id, turnover_id, foul_id, rebound_defensive_01, rebound_offensive_01, assist_01, blocks_01, time_out_01, x, y)VALUES(27395, 21, 3176, 1649, 25005, NULL, NULL, NULL, 2, NULL, NULL, '', '', '', '', '', 8, 57);
INSERT INTO lba.sub_play (play_id, seconds_da_start, player_made_id, team_made_id, game_made_id, player_suffered_id, team_suffered_id, game_suffered_id, shot_id, turnover_id, foul_id, rebound_defensive_01, rebound_offensive_01, assist_01, blocks_01, time_out_01, x, y)VALUES(27395, 21, 45, 1646, 25005, NULL, NULL, NULL, NULL, NULL, NULL, '1', '', '', '', '', 8, 57);

INSERT INTO play(id, game_id, seconds_start, seconds_end, quarter, attack_home_01, score_home, score_guest)VALUES(27396, 25005, 2029, 2056, 4, '1', 58, 53);
INSERT INTO player_team_game_play(player_id, team_id, game_id, play_id, seconds_start, seconds_end) VALUES(2608, 1646, 25005, 27396, 2029, 2056);
INSERT INTO player_team_game_play(player_id, team_id, game_id, play_id, seconds_start, seconds_end) VALUES(4162, 1646, 25005, 27396, 2029, 2056);
INSERT INTO player_team_game_play(player_id, team_id, game_id, play_id, seconds_start, seconds_end) VALUES(7462, 1646, 25005, 27396, 2029, 2056);
INSERT INTO player_team_game_play(player_id, team_id, game_id, play_id, seconds_start, seconds_end) VALUES(6328, 1646, 25005, 27396, 2029, 2056);
INSERT INTO player_team_game_play(player_id, team_id, game_id, play_id, seconds_start, seconds_end) VALUES(45, 1646, 25005, 27396, 2029, 2056);
INSERT INTO player_team_game_play(player_id, team_id, game_id, play_id, seconds_start, seconds_end) VALUES(2103, 1649, 25005, 27396, 2029, 2056);
INSERT INTO player_team_game_play(player_id, team_id, game_id, play_id, seconds_start, seconds_end) VALUES(3176, 1649, 25005, 27396, 2029, 2056);
INSERT INTO player_team_game_play(player_id, team_id, game_id, play_id, seconds_start, seconds_end) VALUES(5150, 1649, 25005, 27396, 2029, 2056);
INSERT INTO player_team_game_play(player_id, team_id, game_id, play_id, seconds_start, seconds_end) VALUES(7406, 1649, 25005, 27396, 2029, 2056);
INSERT INTO player_team_game_play(player_id, team_id, game_id, play_id, seconds_start, seconds_end) VALUES(1775, 1649, 25005, 27396, 2029, 2056);
INSERT INTO lba.sub_play (play_id, seconds_da_start, player_made_id, team_made_id, game_made_id, player_suffered_id, team_suffered_id, game_suffered_id, shot_id, turnover_id, foul_id, rebound_defensive_01, rebound_offensive_01, assist_01, blocks_01, time_out_01, x, y)VALUES(27396, 14, 4162, 1646, 25005, NULL, NULL, NULL, 4, NULL, NULL, '', '', '', '', '', 68, 67);
INSERT INTO lba.sub_play (play_id, seconds_da_start, player_made_id, team_made_id, game_made_id, player_suffered_id, team_suffered_id, game_suffered_id, shot_id, turnover_id, foul_id, rebound_defensive_01, rebound_offensive_01, assist_01, blocks_01, time_out_01, x, y)VALUES(27396, 14, 6328, 1646, 25005, NULL, NULL, NULL, NULL, NULL, NULL, '', '1', '', '', '', 68, 67);
INSERT INTO lba.sub_play (play_id, seconds_da_start, player_made_id, team_made_id, game_made_id, player_suffered_id, team_suffered_id, game_suffered_id, shot_id, turnover_id, foul_id, rebound_defensive_01, rebound_offensive_01, assist_01, blocks_01, time_out_01, x, y)VALUES(27396, 27, 4162, 1646, 25005, NULL, NULL, NULL, 4, NULL, NULL, '', '', '', '', '', 67, 53);
INSERT INTO lba.sub_play (play_id, seconds_da_start, player_made_id, team_made_id, game_made_id, player_suffered_id, team_suffered_id, game_suffered_id, shot_id, turnover_id, foul_id, rebound_defensive_01, rebound_offensive_01, assist_01, blocks_01, time_out_01, x, y)VALUES(27396, 27, 45, 1646, 25005, NULL, NULL, NULL, NULL, NULL, NULL, '', '1', '', '', '', 67, 53);
INSERT INTO lba.sub_play (play_id, seconds_da_start, player_made_id, team_made_id, game_made_id, player_suffered_id, team_suffered_id, game_suffered_id, shot_id, turnover_id, foul_id, rebound_defensive_01, rebound_offensive_01, assist_01, blocks_01, time_out_01, x, y)VALUES(27396, 27, 45, 1646, 25005, NULL, NULL, NULL, 1, NULL, NULL, '', '', '', '', '', 67, 53);

INSERT INTO play(id, game_id, seconds_start, seconds_end, quarter, attack_home_01, score_home, score_guest)VALUES(27397, 25005, 2056, 2114, 4, '1', 59, 55);
INSERT INTO player_team_game_play(player_id, team_id, game_id, play_id, seconds_start, seconds_end) VALUES(2608, 1646, 25005, 27397, 2056, 2114);
INSERT INTO player_team_game_play(player_id, team_id, game_id, play_id, seconds_start, seconds_end) VALUES(4162, 1646, 25005, 27397, 2056, 2114);
INSERT INTO player_team_game_play(player_id, team_id, game_id, play_id, seconds_start, seconds_end) VALUES(7462, 1646, 25005, 27397, 2056, 2114);
INSERT INTO player_team_game_play(player_id, team_id, game_id, play_id, seconds_start, seconds_end) VALUES(6328, 1646, 25005, 27397, 2056, 2114);
INSERT INTO player_team_game_play(player_id, team_id, game_id, play_id, seconds_start, seconds_end) VALUES(45, 1646, 25005, 27397, 2056, 2114);
INSERT INTO player_team_game_play(player_id, team_id, game_id, play_id, seconds_start, seconds_end) VALUES(2103, 1649, 25005, 27397, 2056, 2114);
INSERT INTO player_team_game_play(player_id, team_id, game_id, play_id, seconds_start, seconds_end) VALUES(3176, 1649, 25005, 27397, 2056, 2114);
INSERT INTO player_team_game_play(player_id, team_id, game_id, play_id, seconds_start, seconds_end) VALUES(5150, 1649, 25005, 27397, 2056, 2114);
INSERT INTO player_team_game_play(player_id, team_id, game_id, play_id, seconds_start, seconds_end) VALUES(7406, 1649, 25005, 27397, 2056, 2114);
INSERT INTO player_team_game_play(player_id, team_id, game_id, play_id, seconds_start, seconds_end) VALUES(1775, 1649, 25005, 27397, 2056, 2114);
UPDATE player_team_game_play SET seconds_end = 2092 WHERE player_id = 45 AND game_id = 25005 AND play_id = 27397;
INSERT INTO player_team_game_play(player_id, team_id, game_id, play_id, seconds_start, seconds_end) VALUES(1774, 1646, 25005, 27397, 2092, 2114);
UPDATE player_team_game_play SET seconds_end = 2092 WHERE player_id = 3176 AND game_id = 25005 AND play_id = 27397;
UPDATE player_team_game_play SET seconds_end = 2092 WHERE player_id = 2103 AND game_id = 25005 AND play_id = 27397;
INSERT INTO player_team_game_play(player_id, team_id, game_id, play_id, seconds_start, seconds_end) VALUES(6138, 1649, 25005, 27397, 2092, 2114);
INSERT INTO player_team_game_play(player_id, team_id, game_id, play_id, seconds_start, seconds_end) VALUES(7015, 1649, 25005, 27397, 2092, 2114);
INSERT INTO lba.sub_play (play_id, seconds_da_start, player_made_id, team_made_id, game_made_id, player_suffered_id, team_suffered_id, game_suffered_id, shot_id, turnover_id, foul_id, rebound_defensive_01, rebound_offensive_01, assist_01, blocks_01, time_out_01, x, y)VALUES(27397, 20, 5150, 1649, 25005, NULL, NULL, NULL, 1, NULL, NULL, '', '', '', '', '', 8, 57);
INSERT INTO lba.sub_play (play_id, seconds_da_start, player_made_id, team_made_id, game_made_id, player_suffered_id, team_suffered_id, game_suffered_id, shot_id, turnover_id, foul_id, rebound_defensive_01, rebound_offensive_01, assist_01, blocks_01, time_out_01, x, y)VALUES(27397, 36, 5150, 1649, 25005, 2608, 1646, 25005, NULL, NULL, 1, '', '', '', '', '', 70, 84);
INSERT INTO lba.sub_play (play_id, seconds_da_start, player_made_id, team_made_id, game_made_id, player_suffered_id, team_suffered_id, game_suffered_id, shot_id, turnover_id, foul_id, rebound_defensive_01, rebound_offensive_01, assist_01, blocks_01, time_out_01, x, y)VALUES(27397, 49, 1775, 1649, 25005, 2608, 1646, 25005, NULL, NULL, 1, '', '', '', '', '', 71, 30);
INSERT INTO lba.sub_play (play_id, seconds_da_start, player_made_id, team_made_id, game_made_id, player_suffered_id, team_suffered_id, game_suffered_id, shot_id, turnover_id, foul_id, rebound_defensive_01, rebound_offensive_01, assist_01, blocks_01, time_out_01, x, y)VALUES(27397, 58, 1775, 1649, 25005, 6328, 1646, 25005, NULL, NULL, 4, '', '', '', '', '', 92, 56);
INSERT INTO lba.sub_play (play_id, seconds_da_start, player_made_id, team_made_id, game_made_id, player_suffered_id, team_suffered_id, game_suffered_id, shot_id, turnover_id, foul_id, rebound_defensive_01, rebound_offensive_01, assist_01, blocks_01, time_out_01, x, y)VALUES(27397, 58, 6328, 1646, 25005, NULL, NULL, NULL, 5, NULL, NULL, '', '', '', '', '', NULL, NULL);
INSERT INTO lba.sub_play (play_id, seconds_da_start, player_made_id, team_made_id, game_made_id, player_suffered_id, team_suffered_id, game_suffered_id, shot_id, turnover_id, foul_id, rebound_defensive_01, rebound_offensive_01, assist_01, blocks_01, time_out_01, x, y)VALUES(27397, 58, 7462, 1646, 25005, NULL, NULL, NULL, NULL, NULL, NULL, '', '', '1', '', '', NULL, NULL);

INSERT INTO play(id, game_id, seconds_start, seconds_end, quarter, attack_home_01, score_home, score_guest)VALUES(27398, 25005, 2114, 2114, 4, '1', 60, 55);
INSERT INTO player_team_game_play(player_id, team_id, game_id, play_id, seconds_start, seconds_end) VALUES(2608, 1646, 25005, 27398, 2114, 2114);
INSERT INTO player_team_game_play(player_id, team_id, game_id, play_id, seconds_start, seconds_end) VALUES(4162, 1646, 25005, 27398, 2114, 2114);
INSERT INTO player_team_game_play(player_id, team_id, game_id, play_id, seconds_start, seconds_end) VALUES(7462, 1646, 25005, 27398, 2114, 2114);
INSERT INTO player_team_game_play(player_id, team_id, game_id, play_id, seconds_start, seconds_end) VALUES(6328, 1646, 25005, 27398, 2114, 2114);
INSERT INTO player_team_game_play(player_id, team_id, game_id, play_id, seconds_start, seconds_end) VALUES(1774, 1646, 25005, 27398, 2114, 2114);
INSERT INTO player_team_game_play(player_id, team_id, game_id, play_id, seconds_start, seconds_end) VALUES(7015, 1649, 25005, 27398, 2114, 2114);
INSERT INTO player_team_game_play(player_id, team_id, game_id, play_id, seconds_start, seconds_end) VALUES(5150, 1649, 25005, 27398, 2114, 2114);
INSERT INTO player_team_game_play(player_id, team_id, game_id, play_id, seconds_start, seconds_end) VALUES(6138, 1649, 25005, 27398, 2114, 2114);
INSERT INTO player_team_game_play(player_id, team_id, game_id, play_id, seconds_start, seconds_end) VALUES(7406, 1649, 25005, 27398, 2114, 2114);
INSERT INTO player_team_game_play(player_id, team_id, game_id, play_id, seconds_start, seconds_end) VALUES(1775, 1649, 25005, 27398, 2114, 2114);
INSERT INTO lba.sub_play (play_id, seconds_da_start, player_made_id, team_made_id, game_made_id, player_suffered_id, team_suffered_id, game_suffered_id, shot_id, turnover_id, foul_id, rebound_defensive_01, rebound_offensive_01, assist_01, blocks_01, time_out_01, x, y)VALUES(27398, 0, 6328, 1646, 25005, NULL, NULL, NULL, 5, NULL, NULL, '', '', '', '', '', NULL, NULL);

INSERT INTO play(id, game_id, seconds_start, seconds_end, quarter, attack_home_01, score_home, score_guest)VALUES(27399, 25005, 2114, 2127, 4, '0', 60, 55);
INSERT INTO player_team_game_play(player_id, team_id, game_id, play_id, seconds_start, seconds_end) VALUES(2608, 1646, 25005, 27399, 2114, 2127);
INSERT INTO player_team_game_play(player_id, team_id, game_id, play_id, seconds_start, seconds_end) VALUES(4162, 1646, 25005, 27399, 2114, 2127);
INSERT INTO player_team_game_play(player_id, team_id, game_id, play_id, seconds_start, seconds_end) VALUES(7462, 1646, 25005, 27399, 2114, 2127);
INSERT INTO player_team_game_play(player_id, team_id, game_id, play_id, seconds_start, seconds_end) VALUES(6328, 1646, 25005, 27399, 2114, 2127);
INSERT INTO player_team_game_play(player_id, team_id, game_id, play_id, seconds_start, seconds_end) VALUES(1774, 1646, 25005, 27399, 2114, 2127);
INSERT INTO player_team_game_play(player_id, team_id, game_id, play_id, seconds_start, seconds_end) VALUES(7015, 1649, 25005, 27399, 2114, 2127);
INSERT INTO player_team_game_play(player_id, team_id, game_id, play_id, seconds_start, seconds_end) VALUES(5150, 1649, 25005, 27399, 2114, 2127);
INSERT INTO player_team_game_play(player_id, team_id, game_id, play_id, seconds_start, seconds_end) VALUES(6138, 1649, 25005, 27399, 2114, 2127);
INSERT INTO player_team_game_play(player_id, team_id, game_id, play_id, seconds_start, seconds_end) VALUES(7406, 1649, 25005, 27399, 2114, 2127);
INSERT INTO player_team_game_play(player_id, team_id, game_id, play_id, seconds_start, seconds_end) VALUES(1775, 1649, 25005, 27399, 2114, 2127);
INSERT INTO lba.sub_play (play_id, seconds_da_start, player_made_id, team_made_id, game_made_id, player_suffered_id, team_suffered_id, game_suffered_id, shot_id, turnover_id, foul_id, rebound_defensive_01, rebound_offensive_01, assist_01, blocks_01, time_out_01, x, y)VALUES(27399, 13, 7406, 1649, 25005, NULL, NULL, NULL, 4, NULL, NULL, '', '', '', '', '', 28, 22);
INSERT INTO lba.sub_play (play_id, seconds_da_start, player_made_id, team_made_id, game_made_id, player_suffered_id, team_suffered_id, game_suffered_id, shot_id, turnover_id, foul_id, rebound_defensive_01, rebound_offensive_01, assist_01, blocks_01, time_out_01, x, y)VALUES(27399, 13, 1774, 1646, 25005, NULL, NULL, NULL, NULL, NULL, NULL, '1', '', '', '', '', 28, 22);

INSERT INTO play(id, game_id, seconds_start, seconds_end, quarter, attack_home_01, score_home, score_guest)VALUES(27400, 25005, 2127, 2153, 4, '1', 60, 55);
INSERT INTO player_team_game_play(player_id, team_id, game_id, play_id, seconds_start, seconds_end) VALUES(2608, 1646, 25005, 27400, 2127, 2153);
INSERT INTO player_team_game_play(player_id, team_id, game_id, play_id, seconds_start, seconds_end) VALUES(4162, 1646, 25005, 27400, 2127, 2153);
INSERT INTO player_team_game_play(player_id, team_id, game_id, play_id, seconds_start, seconds_end) VALUES(7462, 1646, 25005, 27400, 2127, 2153);
INSERT INTO player_team_game_play(player_id, team_id, game_id, play_id, seconds_start, seconds_end) VALUES(6328, 1646, 25005, 27400, 2127, 2153);
INSERT INTO player_team_game_play(player_id, team_id, game_id, play_id, seconds_start, seconds_end) VALUES(1774, 1646, 25005, 27400, 2127, 2153);
INSERT INTO player_team_game_play(player_id, team_id, game_id, play_id, seconds_start, seconds_end) VALUES(7015, 1649, 25005, 27400, 2127, 2153);
INSERT INTO player_team_game_play(player_id, team_id, game_id, play_id, seconds_start, seconds_end) VALUES(5150, 1649, 25005, 27400, 2127, 2153);
INSERT INTO player_team_game_play(player_id, team_id, game_id, play_id, seconds_start, seconds_end) VALUES(6138, 1649, 25005, 27400, 2127, 2153);
INSERT INTO player_team_game_play(player_id, team_id, game_id, play_id, seconds_start, seconds_end) VALUES(7406, 1649, 25005, 27400, 2127, 2153);
INSERT INTO player_team_game_play(player_id, team_id, game_id, play_id, seconds_start, seconds_end) VALUES(1775, 1649, 25005, 27400, 2127, 2153);
INSERT INTO lba.sub_play (play_id, seconds_da_start, player_made_id, team_made_id, game_made_id, player_suffered_id, team_suffered_id, game_suffered_id, shot_id, turnover_id, foul_id, rebound_defensive_01, rebound_offensive_01, assist_01, blocks_01, time_out_01, x, y)VALUES(27400, 26, 4162, 1646, 25005, NULL, NULL, NULL, 4, NULL, NULL, '', '', '', '', '', 91, 3);
INSERT INTO lba.sub_play (play_id, seconds_da_start, player_made_id, team_made_id, game_made_id, player_suffered_id, team_suffered_id, game_suffered_id, shot_id, turnover_id, foul_id, rebound_defensive_01, rebound_offensive_01, assist_01, blocks_01, time_out_01, x, y)VALUES(27400, 26, 7015, 1649, 25005, NULL, NULL, NULL, NULL, NULL, NULL, '1', '', '', '', '', 91, 3);

INSERT INTO play(id, game_id, seconds_start, seconds_end, quarter, attack_home_01, score_home, score_guest)VALUES(27401, 25005, 2153, 2171, 4, '0', 60, 57);
INSERT INTO player_team_game_play(player_id, team_id, game_id, play_id, seconds_start, seconds_end) VALUES(2608, 1646, 25005, 27401, 2153, 2171);
INSERT INTO player_team_game_play(player_id, team_id, game_id, play_id, seconds_start, seconds_end) VALUES(4162, 1646, 25005, 27401, 2153, 2171);
INSERT INTO player_team_game_play(player_id, team_id, game_id, play_id, seconds_start, seconds_end) VALUES(7462, 1646, 25005, 27401, 2153, 2171);
INSERT INTO player_team_game_play(player_id, team_id, game_id, play_id, seconds_start, seconds_end) VALUES(6328, 1646, 25005, 27401, 2153, 2171);
INSERT INTO player_team_game_play(player_id, team_id, game_id, play_id, seconds_start, seconds_end) VALUES(1774, 1646, 25005, 27401, 2153, 2171);
INSERT INTO player_team_game_play(player_id, team_id, game_id, play_id, seconds_start, seconds_end) VALUES(7015, 1649, 25005, 27401, 2153, 2171);
INSERT INTO player_team_game_play(player_id, team_id, game_id, play_id, seconds_start, seconds_end) VALUES(5150, 1649, 25005, 27401, 2153, 2171);
INSERT INTO player_team_game_play(player_id, team_id, game_id, play_id, seconds_start, seconds_end) VALUES(6138, 1649, 25005, 27401, 2153, 2171);
INSERT INTO player_team_game_play(player_id, team_id, game_id, play_id, seconds_start, seconds_end) VALUES(7406, 1649, 25005, 27401, 2153, 2171);
INSERT INTO player_team_game_play(player_id, team_id, game_id, play_id, seconds_start, seconds_end) VALUES(1775, 1649, 25005, 27401, 2153, 2171);
UPDATE player_team_game_play SET seconds_end = 2158 WHERE player_id = 4162 AND game_id = 25005 AND play_id = 27401;
INSERT INTO player_team_game_play(player_id, team_id, game_id, play_id, seconds_start, seconds_end) VALUES(7461, 1646, 25005, 27401, 2158, 2171);
INSERT INTO lba.sub_play (play_id, seconds_da_start, player_made_id, team_made_id, game_made_id, player_suffered_id, team_suffered_id, game_suffered_id, shot_id, turnover_id, foul_id, rebound_defensive_01, rebound_offensive_01, assist_01, blocks_01, time_out_01, x, y)VALUES(27401, 5, 4162, 1646, 25005, 6138, 1649, 25005, NULL, NULL, 1, '', '', '', '', '', 40, 78);
INSERT INTO lba.sub_play (play_id, seconds_da_start, player_made_id, team_made_id, game_made_id, player_suffered_id, team_suffered_id, game_suffered_id, shot_id, turnover_id, foul_id, rebound_defensive_01, rebound_offensive_01, assist_01, blocks_01, time_out_01, x, y)VALUES(27401, 18, 7406, 1649, 25005, NULL, NULL, NULL, 1, NULL, NULL, '', '', '', '', '', 20, 46);

INSERT INTO play(id, game_id, seconds_start, seconds_end, quarter, attack_home_01, score_home, score_guest)VALUES(27402, 25005, 2171, 2185, 4, '1', 60, 57);
INSERT INTO player_team_game_play(player_id, team_id, game_id, play_id, seconds_start, seconds_end) VALUES(2608, 1646, 25005, 27402, 2171, 2185);
INSERT INTO player_team_game_play(player_id, team_id, game_id, play_id, seconds_start, seconds_end) VALUES(7461, 1646, 25005, 27402, 2171, 2185);
INSERT INTO player_team_game_play(player_id, team_id, game_id, play_id, seconds_start, seconds_end) VALUES(7462, 1646, 25005, 27402, 2171, 2185);
INSERT INTO player_team_game_play(player_id, team_id, game_id, play_id, seconds_start, seconds_end) VALUES(6328, 1646, 25005, 27402, 2171, 2185);
INSERT INTO player_team_game_play(player_id, team_id, game_id, play_id, seconds_start, seconds_end) VALUES(1774, 1646, 25005, 27402, 2171, 2185);
INSERT INTO player_team_game_play(player_id, team_id, game_id, play_id, seconds_start, seconds_end) VALUES(7015, 1649, 25005, 27402, 2171, 2185);
INSERT INTO player_team_game_play(player_id, team_id, game_id, play_id, seconds_start, seconds_end) VALUES(5150, 1649, 25005, 27402, 2171, 2185);
INSERT INTO player_team_game_play(player_id, team_id, game_id, play_id, seconds_start, seconds_end) VALUES(6138, 1649, 25005, 27402, 2171, 2185);
INSERT INTO player_team_game_play(player_id, team_id, game_id, play_id, seconds_start, seconds_end) VALUES(7406, 1649, 25005, 27402, 2171, 2185);
INSERT INTO player_team_game_play(player_id, team_id, game_id, play_id, seconds_start, seconds_end) VALUES(1775, 1649, 25005, 27402, 2171, 2185);
INSERT INTO lba.sub_play (play_id, seconds_da_start, player_made_id, team_made_id, game_made_id, player_suffered_id, team_suffered_id, game_suffered_id, shot_id, turnover_id, foul_id, rebound_defensive_01, rebound_offensive_01, assist_01, blocks_01, time_out_01, x, y)VALUES(27402, 14, 7461, 1646, 25005, NULL, NULL, NULL, 2, NULL, NULL, '', '', '', '', '', 92, 40);
INSERT INTO lba.sub_play (play_id, seconds_da_start, player_made_id, team_made_id, game_made_id, player_suffered_id, team_suffered_id, game_suffered_id, shot_id, turnover_id, foul_id, rebound_defensive_01, rebound_offensive_01, assist_01, blocks_01, time_out_01, x, y)VALUES(27402, 14, 6138, 1649, 25005, NULL, NULL, NULL, NULL, NULL, NULL, '1', '', '', '', '', 92, 40);

INSERT INTO play(id, game_id, seconds_start, seconds_end, quarter, attack_home_01, score_home, score_guest)VALUES(27403, 25005, 2185, 2206, 4, '0', 60, 59);
INSERT INTO player_team_game_play(player_id, team_id, game_id, play_id, seconds_start, seconds_end) VALUES(2608, 1646, 25005, 27403, 2185, 2206);
INSERT INTO player_team_game_play(player_id, team_id, game_id, play_id, seconds_start, seconds_end) VALUES(7461, 1646, 25005, 27403, 2185, 2206);
INSERT INTO player_team_game_play(player_id, team_id, game_id, play_id, seconds_start, seconds_end) VALUES(7462, 1646, 25005, 27403, 2185, 2206);
INSERT INTO player_team_game_play(player_id, team_id, game_id, play_id, seconds_start, seconds_end) VALUES(6328, 1646, 25005, 27403, 2185, 2206);
INSERT INTO player_team_game_play(player_id, team_id, game_id, play_id, seconds_start, seconds_end) VALUES(1774, 1646, 25005, 27403, 2185, 2206);
INSERT INTO player_team_game_play(player_id, team_id, game_id, play_id, seconds_start, seconds_end) VALUES(7015, 1649, 25005, 27403, 2185, 2206);
INSERT INTO player_team_game_play(player_id, team_id, game_id, play_id, seconds_start, seconds_end) VALUES(5150, 1649, 25005, 27403, 2185, 2206);
INSERT INTO player_team_game_play(player_id, team_id, game_id, play_id, seconds_start, seconds_end) VALUES(6138, 1649, 25005, 27403, 2185, 2206);
INSERT INTO player_team_game_play(player_id, team_id, game_id, play_id, seconds_start, seconds_end) VALUES(7406, 1649, 25005, 27403, 2185, 2206);
INSERT INTO player_team_game_play(player_id, team_id, game_id, play_id, seconds_start, seconds_end) VALUES(1775, 1649, 25005, 27403, 2185, 2206);
UPDATE player_team_game_play SET seconds_end = 2195 WHERE player_id = 1775 AND game_id = 25005 AND play_id = 27403;
INSERT INTO player_team_game_play(player_id, team_id, game_id, play_id, seconds_start, seconds_end) VALUES(3176, 1649, 25005, 27403, 2195, 2206);
INSERT INTO lba.sub_play (play_id, seconds_da_start, player_made_id, team_made_id, game_made_id, player_suffered_id, team_suffered_id, game_suffered_id, shot_id, turnover_id, foul_id, rebound_defensive_01, rebound_offensive_01, assist_01, blocks_01, time_out_01, x, y)VALUES(27403, 21, 3176, 1649, 25005, NULL, NULL, NULL, 2, NULL, NULL, '', '', '', '', '', 15, 54);
INSERT INTO lba.sub_play (play_id, seconds_da_start, player_made_id, team_made_id, game_made_id, player_suffered_id, team_suffered_id, game_suffered_id, shot_id, turnover_id, foul_id, rebound_defensive_01, rebound_offensive_01, assist_01, blocks_01, time_out_01, x, y)VALUES(27403, 21, 7015, 1649, 25005, NULL, NULL, NULL, NULL, NULL, NULL, '', '1', '', '', '', 15, 54);
INSERT INTO lba.sub_play (play_id, seconds_da_start, player_made_id, team_made_id, game_made_id, player_suffered_id, team_suffered_id, game_suffered_id, shot_id, turnover_id, foul_id, rebound_defensive_01, rebound_offensive_01, assist_01, blocks_01, time_out_01, x, y)VALUES(27403, 21, 7015, 1649, 25005, NULL, NULL, NULL, 1, NULL, NULL, '', '', '', '', '', 15, 54);

INSERT INTO play(id, game_id, seconds_start, seconds_end, quarter, attack_home_01, score_home, score_guest)VALUES(27404, 25005, 2206, 2229, 4, '1', 62, 59);
INSERT INTO player_team_game_play(player_id, team_id, game_id, play_id, seconds_start, seconds_end) VALUES(2608, 1646, 25005, 27404, 2206, 2229);
INSERT INTO player_team_game_play(player_id, team_id, game_id, play_id, seconds_start, seconds_end) VALUES(7461, 1646, 25005, 27404, 2206, 2229);
INSERT INTO player_team_game_play(player_id, team_id, game_id, play_id, seconds_start, seconds_end) VALUES(7462, 1646, 25005, 27404, 2206, 2229);
INSERT INTO player_team_game_play(player_id, team_id, game_id, play_id, seconds_start, seconds_end) VALUES(6328, 1646, 25005, 27404, 2206, 2229);
INSERT INTO player_team_game_play(player_id, team_id, game_id, play_id, seconds_start, seconds_end) VALUES(1774, 1646, 25005, 27404, 2206, 2229);
INSERT INTO player_team_game_play(player_id, team_id, game_id, play_id, seconds_start, seconds_end) VALUES(7015, 1649, 25005, 27404, 2206, 2229);
INSERT INTO player_team_game_play(player_id, team_id, game_id, play_id, seconds_start, seconds_end) VALUES(3176, 1649, 25005, 27404, 2206, 2229);
INSERT INTO player_team_game_play(player_id, team_id, game_id, play_id, seconds_start, seconds_end) VALUES(5150, 1649, 25005, 27404, 2206, 2229);
INSERT INTO player_team_game_play(player_id, team_id, game_id, play_id, seconds_start, seconds_end) VALUES(6138, 1649, 25005, 27404, 2206, 2229);
INSERT INTO player_team_game_play(player_id, team_id, game_id, play_id, seconds_start, seconds_end) VALUES(7406, 1649, 25005, 27404, 2206, 2229);
INSERT INTO lba.sub_play (play_id, seconds_da_start, player_made_id, team_made_id, game_made_id, player_suffered_id, team_suffered_id, game_suffered_id, shot_id, turnover_id, foul_id, rebound_defensive_01, rebound_offensive_01, assist_01, blocks_01, time_out_01, x, y)VALUES(27404, 23, 1774, 1646, 25005, NULL, NULL, NULL, 1, NULL, NULL, '', '', '', '', '', 95, 45);
INSERT INTO lba.sub_play (play_id, seconds_da_start, player_made_id, team_made_id, game_made_id, player_suffered_id, team_suffered_id, game_suffered_id, shot_id, turnover_id, foul_id, rebound_defensive_01, rebound_offensive_01, assist_01, blocks_01, time_out_01, x, y)VALUES(27404, 23, 7461, 1646, 25005, NULL, NULL, NULL, NULL, NULL, NULL, '', '', '1', '', '', 95, 45);

INSERT INTO play(id, game_id, seconds_start, seconds_end, quarter, attack_home_01, score_home, score_guest)VALUES(27405, 25005, 2229, 2246, 4, '0', 62, 62);
INSERT INTO player_team_game_play(player_id, team_id, game_id, play_id, seconds_start, seconds_end) VALUES(2608, 1646, 25005, 27405, 2229, 2246);
INSERT INTO player_team_game_play(player_id, team_id, game_id, play_id, seconds_start, seconds_end) VALUES(7461, 1646, 25005, 27405, 2229, 2246);
INSERT INTO player_team_game_play(player_id, team_id, game_id, play_id, seconds_start, seconds_end) VALUES(7462, 1646, 25005, 27405, 2229, 2246);
INSERT INTO player_team_game_play(player_id, team_id, game_id, play_id, seconds_start, seconds_end) VALUES(6328, 1646, 25005, 27405, 2229, 2246);
INSERT INTO player_team_game_play(player_id, team_id, game_id, play_id, seconds_start, seconds_end) VALUES(1774, 1646, 25005, 27405, 2229, 2246);
INSERT INTO player_team_game_play(player_id, team_id, game_id, play_id, seconds_start, seconds_end) VALUES(7015, 1649, 25005, 27405, 2229, 2246);
INSERT INTO player_team_game_play(player_id, team_id, game_id, play_id, seconds_start, seconds_end) VALUES(3176, 1649, 25005, 27405, 2229, 2246);
INSERT INTO player_team_game_play(player_id, team_id, game_id, play_id, seconds_start, seconds_end) VALUES(5150, 1649, 25005, 27405, 2229, 2246);
INSERT INTO player_team_game_play(player_id, team_id, game_id, play_id, seconds_start, seconds_end) VALUES(6138, 1649, 25005, 27405, 2229, 2246);
INSERT INTO player_team_game_play(player_id, team_id, game_id, play_id, seconds_start, seconds_end) VALUES(7406, 1649, 25005, 27405, 2229, 2246);
INSERT INTO lba.sub_play (play_id, seconds_da_start, player_made_id, team_made_id, game_made_id, player_suffered_id, team_suffered_id, game_suffered_id, shot_id, turnover_id, foul_id, rebound_defensive_01, rebound_offensive_01, assist_01, blocks_01, time_out_01, x, y)VALUES(27405, 17, 5150, 1649, 25005, NULL, NULL, NULL, 3, NULL, NULL, '', '', '', '', '', 25, 15);
INSERT INTO lba.sub_play (play_id, seconds_da_start, player_made_id, team_made_id, game_made_id, player_suffered_id, team_suffered_id, game_suffered_id, shot_id, turnover_id, foul_id, rebound_defensive_01, rebound_offensive_01, assist_01, blocks_01, time_out_01, x, y)VALUES(27405, 17, 3176, 1649, 25005, NULL, NULL, NULL, NULL, NULL, NULL, '', '', '1', '', '', 25, 15);

INSERT INTO play(id, game_id, seconds_start, seconds_end, quarter, attack_home_01, score_home, score_guest)VALUES(27406, 25005, 2246, 2266, 4, '1', 64, 62);
INSERT INTO player_team_game_play(player_id, team_id, game_id, play_id, seconds_start, seconds_end) VALUES(2608, 1646, 25005, 27406, 2246, 2266);
INSERT INTO player_team_game_play(player_id, team_id, game_id, play_id, seconds_start, seconds_end) VALUES(7461, 1646, 25005, 27406, 2246, 2266);
INSERT INTO player_team_game_play(player_id, team_id, game_id, play_id, seconds_start, seconds_end) VALUES(7462, 1646, 25005, 27406, 2246, 2266);
INSERT INTO player_team_game_play(player_id, team_id, game_id, play_id, seconds_start, seconds_end) VALUES(6328, 1646, 25005, 27406, 2246, 2266);
INSERT INTO player_team_game_play(player_id, team_id, game_id, play_id, seconds_start, seconds_end) VALUES(1774, 1646, 25005, 27406, 2246, 2266);
INSERT INTO player_team_game_play(player_id, team_id, game_id, play_id, seconds_start, seconds_end) VALUES(7015, 1649, 25005, 27406, 2246, 2266);
INSERT INTO player_team_game_play(player_id, team_id, game_id, play_id, seconds_start, seconds_end) VALUES(3176, 1649, 25005, 27406, 2246, 2266);
INSERT INTO player_team_game_play(player_id, team_id, game_id, play_id, seconds_start, seconds_end) VALUES(5150, 1649, 25005, 27406, 2246, 2266);
INSERT INTO player_team_game_play(player_id, team_id, game_id, play_id, seconds_start, seconds_end) VALUES(6138, 1649, 25005, 27406, 2246, 2266);
INSERT INTO player_team_game_play(player_id, team_id, game_id, play_id, seconds_start, seconds_end) VALUES(7406, 1649, 25005, 27406, 2246, 2266);
UPDATE player_team_game_play SET seconds_end = 2266 WHERE player_id = 2608 AND game_id = 25005 AND play_id = 27406;
INSERT INTO player_team_game_play(player_id, team_id, game_id, play_id, seconds_start, seconds_end) VALUES(4162, 1646, 25005, 27406, 2266, 2266);
INSERT INTO lba.sub_play (play_id, seconds_da_start, player_made_id, team_made_id, game_made_id, player_suffered_id, team_suffered_id, game_suffered_id, shot_id, turnover_id, foul_id, rebound_defensive_01, rebound_offensive_01, assist_01, blocks_01, time_out_01, x, y)VALUES(27406, 20, 7406, 1649, 25005, 1774, 1646, 25005, NULL, NULL, 4, '', '', '', '', '', 92, 44);
INSERT INTO lba.sub_play (play_id, seconds_da_start, player_made_id, team_made_id, game_made_id, player_suffered_id, team_suffered_id, game_suffered_id, shot_id, turnover_id, foul_id, rebound_defensive_01, rebound_offensive_01, assist_01, blocks_01, time_out_01, x, y)VALUES(27406, 20, 1774, 1646, 25005, NULL, NULL, NULL, 5, NULL, NULL, '', '', '', '', '', NULL, NULL);
INSERT INTO lba.sub_play (play_id, seconds_da_start, player_made_id, team_made_id, game_made_id, player_suffered_id, team_suffered_id, game_suffered_id, shot_id, turnover_id, foul_id, rebound_defensive_01, rebound_offensive_01, assist_01, blocks_01, time_out_01, x, y)VALUES(27406, 20, 1774, 1646, 25005, NULL, NULL, NULL, 5, NULL, NULL, '', '', '', '', '', NULL, NULL);
INSERT INTO lba.sub_play (play_id, seconds_da_start, player_made_id, team_made_id, game_made_id, player_suffered_id, team_suffered_id, game_suffered_id, shot_id, turnover_id, foul_id, rebound_defensive_01, rebound_offensive_01, assist_01, blocks_01, time_out_01, x, y)VALUES(27406, 20, 7461, 1646, 25005, NULL, NULL, NULL, NULL, NULL, NULL, '', '', '1', '', '', NULL, NULL);

INSERT INTO play(id, game_id, seconds_start, seconds_end, quarter, attack_home_01, score_home, score_guest)VALUES(27407, 25005, 2266, 2287, 4, '0', 64, 65);
INSERT INTO player_team_game_play(player_id, team_id, game_id, play_id, seconds_start, seconds_end) VALUES(2608, 1646, 25005, 27407, 2266, 2287);
INSERT INTO player_team_game_play(player_id, team_id, game_id, play_id, seconds_start, seconds_end) VALUES(7461, 1646, 25005, 27407, 2266, 2287);
INSERT INTO player_team_game_play(player_id, team_id, game_id, play_id, seconds_start, seconds_end) VALUES(7462, 1646, 25005, 27407, 2266, 2287);
INSERT INTO player_team_game_play(player_id, team_id, game_id, play_id, seconds_start, seconds_end) VALUES(6328, 1646, 25005, 27407, 2266, 2287);
INSERT INTO player_team_game_play(player_id, team_id, game_id, play_id, seconds_start, seconds_end) VALUES(1774, 1646, 25005, 27407, 2266, 2287);
INSERT INTO player_team_game_play(player_id, team_id, game_id, play_id, seconds_start, seconds_end) VALUES(7015, 1649, 25005, 27407, 2266, 2287);
INSERT INTO player_team_game_play(player_id, team_id, game_id, play_id, seconds_start, seconds_end) VALUES(3176, 1649, 25005, 27407, 2266, 2287);
INSERT INTO player_team_game_play(player_id, team_id, game_id, play_id, seconds_start, seconds_end) VALUES(5150, 1649, 25005, 27407, 2266, 2287);
INSERT INTO player_team_game_play(player_id, team_id, game_id, play_id, seconds_start, seconds_end) VALUES(6138, 1649, 25005, 27407, 2266, 2287);
INSERT INTO player_team_game_play(player_id, team_id, game_id, play_id, seconds_start, seconds_end) VALUES(7406, 1649, 25005, 27407, 2266, 2287);
UPDATE player_team_game_play SET seconds_end = 2266 WHERE player_id = 2608 AND game_id = 25005 AND play_id = 27407;
INSERT INTO player_team_game_play(player_id, team_id, game_id, play_id, seconds_start, seconds_end) VALUES(4162, 1646, 25005, 27407, 2266, 2287);
INSERT INTO lba.sub_play (play_id, seconds_da_start, player_made_id, team_made_id, game_made_id, player_suffered_id, team_suffered_id, game_suffered_id, shot_id, turnover_id, foul_id, rebound_defensive_01, rebound_offensive_01, assist_01, blocks_01, time_out_01, x, y)VALUES(27407, 21, 7406, 1649, 25005, NULL, NULL, NULL, 3, NULL, NULL, '', '', '', '', '', 13, 98);
INSERT INTO lba.sub_play (play_id, seconds_da_start, player_made_id, team_made_id, game_made_id, player_suffered_id, team_suffered_id, game_suffered_id, shot_id, turnover_id, foul_id, rebound_defensive_01, rebound_offensive_01, assist_01, blocks_01, time_out_01, x, y)VALUES(27407, 21, 5150, 1649, 25005, NULL, NULL, NULL, NULL, NULL, NULL, '', '', '1', '', '', 13, 98);

INSERT INTO play(id, game_id, seconds_start, seconds_end, quarter, attack_home_01, score_home, score_guest)VALUES(27408, 25005, 2287, 2310, 4, '1', 64, 65);
INSERT INTO player_team_game_play(player_id, team_id, game_id, play_id, seconds_start, seconds_end) VALUES(4162, 1646, 25005, 27408, 2287, 2310);
INSERT INTO player_team_game_play(player_id, team_id, game_id, play_id, seconds_start, seconds_end) VALUES(7461, 1646, 25005, 27408, 2287, 2310);
INSERT INTO player_team_game_play(player_id, team_id, game_id, play_id, seconds_start, seconds_end) VALUES(7462, 1646, 25005, 27408, 2287, 2310);
INSERT INTO player_team_game_play(player_id, team_id, game_id, play_id, seconds_start, seconds_end) VALUES(6328, 1646, 25005, 27408, 2287, 2310);
INSERT INTO player_team_game_play(player_id, team_id, game_id, play_id, seconds_start, seconds_end) VALUES(1774, 1646, 25005, 27408, 2287, 2310);
INSERT INTO player_team_game_play(player_id, team_id, game_id, play_id, seconds_start, seconds_end) VALUES(7015, 1649, 25005, 27408, 2287, 2310);
INSERT INTO player_team_game_play(player_id, team_id, game_id, play_id, seconds_start, seconds_end) VALUES(3176, 1649, 25005, 27408, 2287, 2310);
INSERT INTO player_team_game_play(player_id, team_id, game_id, play_id, seconds_start, seconds_end) VALUES(5150, 1649, 25005, 27408, 2287, 2310);
INSERT INTO player_team_game_play(player_id, team_id, game_id, play_id, seconds_start, seconds_end) VALUES(6138, 1649, 25005, 27408, 2287, 2310);
INSERT INTO player_team_game_play(player_id, team_id, game_id, play_id, seconds_start, seconds_end) VALUES(7406, 1649, 25005, 27408, 2287, 2310);
INSERT INTO lba.sub_play (play_id, seconds_da_start, player_made_id, team_made_id, game_made_id, player_suffered_id, team_suffered_id, game_suffered_id, shot_id, turnover_id, foul_id, rebound_defensive_01, rebound_offensive_01, assist_01, blocks_01, time_out_01, x, y)VALUES(27408, 23, 7461, 1646, 25005, NULL, NULL, NULL, 4, NULL, NULL, '', '', '', '', '', 67, 43);
INSERT INTO lba.sub_play (play_id, seconds_da_start, player_made_id, team_made_id, game_made_id, player_suffered_id, team_suffered_id, game_suffered_id, shot_id, turnover_id, foul_id, rebound_defensive_01, rebound_offensive_01, assist_01, blocks_01, time_out_01, x, y)VALUES(27408, 23, 3176, 1649, 25005, NULL, NULL, NULL, NULL, NULL, NULL, '1', '', '', '', '', 67, 43);

INSERT INTO play(id, game_id, seconds_start, seconds_end, quarter, attack_home_01, score_home, score_guest)VALUES(27409, 25005, 2310, 2325, 4, '0', 64, 65);
INSERT INTO player_team_game_play(player_id, team_id, game_id, play_id, seconds_start, seconds_end) VALUES(4162, 1646, 25005, 27409, 2310, 2325);
INSERT INTO player_team_game_play(player_id, team_id, game_id, play_id, seconds_start, seconds_end) VALUES(7461, 1646, 25005, 27409, 2310, 2325);
INSERT INTO player_team_game_play(player_id, team_id, game_id, play_id, seconds_start, seconds_end) VALUES(7462, 1646, 25005, 27409, 2310, 2325);
INSERT INTO player_team_game_play(player_id, team_id, game_id, play_id, seconds_start, seconds_end) VALUES(6328, 1646, 25005, 27409, 2310, 2325);
INSERT INTO player_team_game_play(player_id, team_id, game_id, play_id, seconds_start, seconds_end) VALUES(1774, 1646, 25005, 27409, 2310, 2325);
INSERT INTO player_team_game_play(player_id, team_id, game_id, play_id, seconds_start, seconds_end) VALUES(7015, 1649, 25005, 27409, 2310, 2325);
INSERT INTO player_team_game_play(player_id, team_id, game_id, play_id, seconds_start, seconds_end) VALUES(3176, 1649, 25005, 27409, 2310, 2325);
INSERT INTO player_team_game_play(player_id, team_id, game_id, play_id, seconds_start, seconds_end) VALUES(5150, 1649, 25005, 27409, 2310, 2325);
INSERT INTO player_team_game_play(player_id, team_id, game_id, play_id, seconds_start, seconds_end) VALUES(6138, 1649, 25005, 27409, 2310, 2325);
INSERT INTO player_team_game_play(player_id, team_id, game_id, play_id, seconds_start, seconds_end) VALUES(7406, 1649, 25005, 27409, 2310, 2325);
INSERT INTO lba.sub_play (play_id, seconds_da_start, player_made_id, team_made_id, game_made_id, player_suffered_id, team_suffered_id, game_suffered_id, shot_id, turnover_id, foul_id, rebound_defensive_01, rebound_offensive_01, assist_01, blocks_01, time_out_01, x, y)VALUES(27409, 15, 7015, 1649, 25005, 4162, 1646, 25005, NULL, NULL, 7, '', '', '', '', '', 35, 62);
INSERT INTO lba.sub_play (play_id, seconds_da_start, player_made_id, team_made_id, game_made_id, player_suffered_id, team_suffered_id, game_suffered_id, shot_id, turnover_id, foul_id, rebound_defensive_01, rebound_offensive_01, assist_01, blocks_01, time_out_01, x, y)VALUES(27409, 15, 7015, 1649, 25005, NULL, NULL, NULL, NULL, 13, NULL, '', '', '', '', '', 35, 62);

INSERT INTO play(id, game_id, seconds_start, seconds_end, quarter, attack_home_01, score_home, score_guest)VALUES(27410, 25005, 2325, 2343, 4, '1', 64, 65);
INSERT INTO player_team_game_play(player_id, team_id, game_id, play_id, seconds_start, seconds_end) VALUES(4162, 1646, 25005, 27410, 2325, 2343);
INSERT INTO player_team_game_play(player_id, team_id, game_id, play_id, seconds_start, seconds_end) VALUES(7461, 1646, 25005, 27410, 2325, 2343);
INSERT INTO player_team_game_play(player_id, team_id, game_id, play_id, seconds_start, seconds_end) VALUES(7462, 1646, 25005, 27410, 2325, 2343);
INSERT INTO player_team_game_play(player_id, team_id, game_id, play_id, seconds_start, seconds_end) VALUES(6328, 1646, 25005, 27410, 2325, 2343);
INSERT INTO player_team_game_play(player_id, team_id, game_id, play_id, seconds_start, seconds_end) VALUES(1774, 1646, 25005, 27410, 2325, 2343);
INSERT INTO player_team_game_play(player_id, team_id, game_id, play_id, seconds_start, seconds_end) VALUES(7015, 1649, 25005, 27410, 2325, 2343);
INSERT INTO player_team_game_play(player_id, team_id, game_id, play_id, seconds_start, seconds_end) VALUES(3176, 1649, 25005, 27410, 2325, 2343);
INSERT INTO player_team_game_play(player_id, team_id, game_id, play_id, seconds_start, seconds_end) VALUES(5150, 1649, 25005, 27410, 2325, 2343);
INSERT INTO player_team_game_play(player_id, team_id, game_id, play_id, seconds_start, seconds_end) VALUES(6138, 1649, 25005, 27410, 2325, 2343);
INSERT INTO player_team_game_play(player_id, team_id, game_id, play_id, seconds_start, seconds_end) VALUES(7406, 1649, 25005, 27410, 2325, 2343);
INSERT INTO lba.sub_play (play_id, seconds_da_start, player_made_id, team_made_id, game_made_id, player_suffered_id, team_suffered_id, game_suffered_id, shot_id, turnover_id, foul_id, rebound_defensive_01, rebound_offensive_01, assist_01, blocks_01, time_out_01, x, y)VALUES(27410, 18, 4162, 1646, 25005, NULL, NULL, NULL, 2, NULL, NULL, '', '', '', '', '', 93, 57);
INSERT INTO lba.sub_play (play_id, seconds_da_start, player_made_id, team_made_id, game_made_id, player_suffered_id, team_suffered_id, game_suffered_id, shot_id, turnover_id, foul_id, rebound_defensive_01, rebound_offensive_01, assist_01, blocks_01, time_out_01, x, y)VALUES(27410, 18, 5150, 1649, 25005, NULL, NULL, NULL, NULL, NULL, NULL, '1', '', '', '', '', 93, 57);

INSERT INTO play(id, game_id, seconds_start, seconds_end, quarter, attack_home_01, score_home, score_guest)VALUES(27411, 25005, 2343, 2364, 4, '0', 64, 67);
INSERT INTO player_team_game_play(player_id, team_id, game_id, play_id, seconds_start, seconds_end) VALUES(4162, 1646, 25005, 27411, 2343, 2364);
INSERT INTO player_team_game_play(player_id, team_id, game_id, play_id, seconds_start, seconds_end) VALUES(7461, 1646, 25005, 27411, 2343, 2364);
INSERT INTO player_team_game_play(player_id, team_id, game_id, play_id, seconds_start, seconds_end) VALUES(7462, 1646, 25005, 27411, 2343, 2364);
INSERT INTO player_team_game_play(player_id, team_id, game_id, play_id, seconds_start, seconds_end) VALUES(6328, 1646, 25005, 27411, 2343, 2364);
INSERT INTO player_team_game_play(player_id, team_id, game_id, play_id, seconds_start, seconds_end) VALUES(1774, 1646, 25005, 27411, 2343, 2364);
INSERT INTO player_team_game_play(player_id, team_id, game_id, play_id, seconds_start, seconds_end) VALUES(7015, 1649, 25005, 27411, 2343, 2364);
INSERT INTO player_team_game_play(player_id, team_id, game_id, play_id, seconds_start, seconds_end) VALUES(3176, 1649, 25005, 27411, 2343, 2364);
INSERT INTO player_team_game_play(player_id, team_id, game_id, play_id, seconds_start, seconds_end) VALUES(5150, 1649, 25005, 27411, 2343, 2364);
INSERT INTO player_team_game_play(player_id, team_id, game_id, play_id, seconds_start, seconds_end) VALUES(6138, 1649, 25005, 27411, 2343, 2364);
INSERT INTO player_team_game_play(player_id, team_id, game_id, play_id, seconds_start, seconds_end) VALUES(7406, 1649, 25005, 27411, 2343, 2364);
UPDATE player_team_game_play SET seconds_end = 2364 WHERE player_id = 6138 AND game_id = 25005 AND play_id = 27411;
INSERT INTO player_team_game_play(player_id, team_id, game_id, play_id, seconds_start, seconds_end) VALUES(2103, 1649, 25005, 27411, 2364, 2364);
INSERT INTO lba.sub_play (play_id, seconds_da_start, player_made_id, team_made_id, game_made_id, player_suffered_id, team_suffered_id, game_suffered_id, shot_id, turnover_id, foul_id, rebound_defensive_01, rebound_offensive_01, assist_01, blocks_01, time_out_01, x, y)VALUES(27411, 21, 7015, 1649, 25005, NULL, NULL, NULL, 1, NULL, NULL, '', '', '', '', '', 7, 43);
INSERT INTO lba.sub_play (play_id, seconds_da_start, player_made_id, team_made_id, game_made_id, player_suffered_id, team_suffered_id, game_suffered_id, shot_id, turnover_id, foul_id, rebound_defensive_01, rebound_offensive_01, assist_01, blocks_01, time_out_01, x, y)VALUES(27411, 21, 6138, 1649, 25005, NULL, NULL, NULL, NULL, NULL, NULL, '', '', '1', '', '', 7, 43);

INSERT INTO play(id, game_id, seconds_start, seconds_end, quarter, attack_home_01, score_home, score_guest)VALUES(27412, 25005, 2364, 2377, 4, '0', 66, 67);
INSERT INTO player_team_game_play(player_id, team_id, game_id, play_id, seconds_start, seconds_end) VALUES(4162, 1646, 25005, 27412, 2364, 2377);
INSERT INTO player_team_game_play(player_id, team_id, game_id, play_id, seconds_start, seconds_end) VALUES(7461, 1646, 25005, 27412, 2364, 2377);
INSERT INTO player_team_game_play(player_id, team_id, game_id, play_id, seconds_start, seconds_end) VALUES(7462, 1646, 25005, 27412, 2364, 2377);
INSERT INTO player_team_game_play(player_id, team_id, game_id, play_id, seconds_start, seconds_end) VALUES(6328, 1646, 25005, 27412, 2364, 2377);
INSERT INTO player_team_game_play(player_id, team_id, game_id, play_id, seconds_start, seconds_end) VALUES(1774, 1646, 25005, 27412, 2364, 2377);
INSERT INTO player_team_game_play(player_id, team_id, game_id, play_id, seconds_start, seconds_end) VALUES(7015, 1649, 25005, 27412, 2364, 2377);
INSERT INTO player_team_game_play(player_id, team_id, game_id, play_id, seconds_start, seconds_end) VALUES(3176, 1649, 25005, 27412, 2364, 2377);
INSERT INTO player_team_game_play(player_id, team_id, game_id, play_id, seconds_start, seconds_end) VALUES(5150, 1649, 25005, 27412, 2364, 2377);
INSERT INTO player_team_game_play(player_id, team_id, game_id, play_id, seconds_start, seconds_end) VALUES(6138, 1649, 25005, 27412, 2364, 2377);
INSERT INTO player_team_game_play(player_id, team_id, game_id, play_id, seconds_start, seconds_end) VALUES(7406, 1649, 25005, 27412, 2364, 2377);
UPDATE player_team_game_play SET seconds_end = 2364 WHERE player_id = 6138 AND game_id = 25005 AND play_id = 27412;
INSERT INTO player_team_game_play(player_id, team_id, game_id, play_id, seconds_start, seconds_end) VALUES(2103, 1649, 25005, 27412, 2364, 2377);
UPDATE player_team_game_play SET seconds_end = 2374 WHERE player_id = 6328 AND game_id = 25005 AND play_id = 27412;
INSERT INTO player_team_game_play(player_id, team_id, game_id, play_id, seconds_start, seconds_end) VALUES(6223, 1646, 25005, 27412, 2374, 2377);
UPDATE player_team_game_play SET seconds_end = 2374 WHERE player_id = 2103 AND game_id = 25005 AND play_id = 27412;
UPDATE player_team_game_play SET seconds_end = 2377 WHERE player_id = 6223 AND game_id = 25005 AND play_id = 27412;
UPDATE player_team_game_play SET seconds_end = 2377 WHERE player_id = 6138 AND game_id = 25005 AND play_id = 27412;
INSERT INTO lba.sub_play (play_id, seconds_da_start, player_made_id, team_made_id, game_made_id, player_suffered_id, team_suffered_id, game_suffered_id, shot_id, turnover_id, foul_id, rebound_defensive_01, rebound_offensive_01, assist_01, blocks_01, time_out_01, x, y)VALUES(27412, 8, 6328, 1646, 25005, NULL, NULL, NULL, 2, NULL, NULL, '', '', '', '', '', 88, 51);
INSERT INTO lba.sub_play (play_id, seconds_da_start, player_made_id, team_made_id, game_made_id, player_suffered_id, team_suffered_id, game_suffered_id, shot_id, turnover_id, foul_id, rebound_defensive_01, rebound_offensive_01, assist_01, blocks_01, time_out_01, x, y)VALUES(27412, 8, 6328, 1646, 25005, NULL, NULL, NULL, NULL, NULL, NULL, '', '1', '', '', '', 88, 51);
INSERT INTO lba.sub_play (play_id, seconds_da_start, player_made_id, team_made_id, game_made_id, player_suffered_id, team_suffered_id, game_suffered_id, shot_id, turnover_id, foul_id, rebound_defensive_01, rebound_offensive_01, assist_01, blocks_01, time_out_01, x, y)VALUES(27412, 8, 6328, 1646, 25005, NULL, NULL, NULL, 1, NULL, NULL, '', '', '', '', '', 88, 51);
INSERT INTO lba.sub_play (play_id, seconds_da_start, player_made_id, team_made_id, game_made_id, player_suffered_id, team_suffered_id, game_suffered_id, shot_id, turnover_id, foul_id, rebound_defensive_01, rebound_offensive_01, assist_01, blocks_01, time_out_01, x, y)VALUES(27412, 10, 6328, 1646, 25005, 3176, 1649, 25005, NULL, NULL, 1, '', '', '', '', '', 86, 55);
INSERT INTO lba.sub_play (play_id, seconds_da_start, player_made_id, team_made_id, game_made_id, player_suffered_id, team_suffered_id, game_suffered_id, shot_id, turnover_id, foul_id, rebound_defensive_01, rebound_offensive_01, assist_01, blocks_01, time_out_01, x, y)VALUES(27412, 11, 4162, 1646, 25005, 3176, 1649, 25005, NULL, NULL, 1, '', '', '', '', '', 64, 55);
INSERT INTO lba.sub_play (play_id, seconds_da_start, player_made_id, team_made_id, game_made_id, player_suffered_id, team_suffered_id, game_suffered_id, shot_id, turnover_id, foul_id, rebound_defensive_01, rebound_offensive_01, assist_01, blocks_01, time_out_01, x, y)VALUES(27412, 13, 7461, 1646, 25005, 3176, 1649, 25005, NULL, NULL, 1, '', '', '', '', '', 77, 79);
INSERT INTO lba.sub_play (play_id, seconds_da_start, player_made_id, team_made_id, game_made_id, player_suffered_id, team_suffered_id, game_suffered_id, shot_id, turnover_id, foul_id, rebound_defensive_01, rebound_offensive_01, assist_01, blocks_01, time_out_01, x, y)VALUES(27412, 13, 3176, 1649, 25005, NULL, NULL, NULL, 6, NULL, NULL, '', '', '', '', '', NULL, NULL);
INSERT INTO lba.sub_play (play_id, seconds_da_start, player_made_id, team_made_id, game_made_id, player_suffered_id, team_suffered_id, game_suffered_id, shot_id, turnover_id, foul_id, rebound_defensive_01, rebound_offensive_01, assist_01, blocks_01, time_out_01, x, y)VALUES(27412, 13, 3176, 1649, 25005, NULL, NULL, NULL, 6, NULL, NULL, '', '', '', '', '', NULL, NULL);
INSERT INTO lba.sub_play (play_id, seconds_da_start, player_made_id, team_made_id, game_made_id, player_suffered_id, team_suffered_id, game_suffered_id, shot_id, turnover_id, foul_id, rebound_defensive_01, rebound_offensive_01, assist_01, blocks_01, time_out_01, x, y)VALUES(27412, 13, 4162, 1646, 25005, NULL, NULL, NULL, NULL, NULL, NULL, '1', '', '', '', '', NULL, NULL);

INSERT INTO play(id, game_id, seconds_start, seconds_end, quarter, attack_home_01, score_home, score_guest)VALUES(27413, 25005, 2377, 2393, 4, '1', 68, 67);
INSERT INTO player_team_game_play(player_id, team_id, game_id, play_id, seconds_start, seconds_end) VALUES(4162, 1646, 25005, 27413, 2377, 2393);
INSERT INTO player_team_game_play(player_id, team_id, game_id, play_id, seconds_start, seconds_end) VALUES(7461, 1646, 25005, 27413, 2377, 2393);
INSERT INTO player_team_game_play(player_id, team_id, game_id, play_id, seconds_start, seconds_end) VALUES(7462, 1646, 25005, 27413, 2377, 2393);
INSERT INTO player_team_game_play(player_id, team_id, game_id, play_id, seconds_start, seconds_end) VALUES(1774, 1646, 25005, 27413, 2377, 2393);
INSERT INTO player_team_game_play(player_id, team_id, game_id, play_id, seconds_start, seconds_end) VALUES(6223, 1646, 25005, 27413, 2377, 2393);
INSERT INTO player_team_game_play(player_id, team_id, game_id, play_id, seconds_start, seconds_end) VALUES(7015, 1649, 25005, 27413, 2377, 2393);
INSERT INTO player_team_game_play(player_id, team_id, game_id, play_id, seconds_start, seconds_end) VALUES(3176, 1649, 25005, 27413, 2377, 2393);
INSERT INTO player_team_game_play(player_id, team_id, game_id, play_id, seconds_start, seconds_end) VALUES(5150, 1649, 25005, 27413, 2377, 2393);
INSERT INTO player_team_game_play(player_id, team_id, game_id, play_id, seconds_start, seconds_end) VALUES(6138, 1649, 25005, 27413, 2377, 2393);
INSERT INTO player_team_game_play(player_id, team_id, game_id, play_id, seconds_start, seconds_end) VALUES(7406, 1649, 25005, 27413, 2377, 2393);
UPDATE player_team_game_play SET seconds_end = 2377 WHERE player_id = 6223 AND game_id = 25005 AND play_id = 27413;
INSERT INTO player_team_game_play(player_id, team_id, game_id, play_id, seconds_start, seconds_end) VALUES(6328, 1646, 25005, 27413, 2377, 2393);
UPDATE player_team_game_play SET seconds_end = 2377 WHERE player_id = 6138 AND game_id = 25005 AND play_id = 27413;
INSERT INTO player_team_game_play(player_id, team_id, game_id, play_id, seconds_start, seconds_end) VALUES(2103, 1649, 25005, 27413, 2377, 2393);
UPDATE player_team_game_play SET seconds_end = 2393 WHERE player_id = 6328 AND game_id = 25005 AND play_id = 27413;
UPDATE player_team_game_play SET seconds_end = 2393 WHERE player_id = 7462 AND game_id = 25005 AND play_id = 27413;
INSERT INTO player_team_game_play(player_id, team_id, game_id, play_id, seconds_start, seconds_end) VALUES(45, 1646, 25005, 27413, 2393, 2393);
UPDATE player_team_game_play SET seconds_end = 2393 WHERE player_id = 2103 AND game_id = 25005 AND play_id = 27413;
INSERT INTO lba.sub_play (play_id, seconds_da_start, player_made_id, team_made_id, game_made_id, player_suffered_id, team_suffered_id, game_suffered_id, shot_id, turnover_id, foul_id, rebound_defensive_01, rebound_offensive_01, assist_01, blocks_01, time_out_01, x, y)VALUES(27413, 16, 6328, 1646, 25005, NULL, NULL, NULL, 1, NULL, NULL, '', '', '', '', '', 93, 39);

INSERT INTO play(id, game_id, seconds_start, seconds_end, quarter, attack_home_01, score_home, score_guest)VALUES(27414, 25005, 2393, 2400, 4, '0', 68, 67);
INSERT INTO player_team_game_play(player_id, team_id, game_id, play_id, seconds_start, seconds_end) VALUES(4162, 1646, 25005, 27414, 2393, 2400);
INSERT INTO player_team_game_play(player_id, team_id, game_id, play_id, seconds_start, seconds_end) VALUES(7461, 1646, 25005, 27414, 2393, 2400);
INSERT INTO player_team_game_play(player_id, team_id, game_id, play_id, seconds_start, seconds_end) VALUES(7462, 1646, 25005, 27414, 2393, 2400);
INSERT INTO player_team_game_play(player_id, team_id, game_id, play_id, seconds_start, seconds_end) VALUES(6328, 1646, 25005, 27414, 2393, 2400);
INSERT INTO player_team_game_play(player_id, team_id, game_id, play_id, seconds_start, seconds_end) VALUES(1774, 1646, 25005, 27414, 2393, 2400);
INSERT INTO player_team_game_play(player_id, team_id, game_id, play_id, seconds_start, seconds_end) VALUES(2103, 1649, 25005, 27414, 2393, 2400);
INSERT INTO player_team_game_play(player_id, team_id, game_id, play_id, seconds_start, seconds_end) VALUES(7015, 1649, 25005, 27414, 2393, 2400);
INSERT INTO player_team_game_play(player_id, team_id, game_id, play_id, seconds_start, seconds_end) VALUES(3176, 1649, 25005, 27414, 2393, 2400);
INSERT INTO player_team_game_play(player_id, team_id, game_id, play_id, seconds_start, seconds_end) VALUES(5150, 1649, 25005, 27414, 2393, 2400);
INSERT INTO player_team_game_play(player_id, team_id, game_id, play_id, seconds_start, seconds_end) VALUES(7406, 1649, 25005, 27414, 2393, 2400);
UPDATE player_team_game_play SET seconds_end = 2393 WHERE player_id = 6328 AND game_id = 25005 AND play_id = 27414;
UPDATE player_team_game_play SET seconds_end = 2393 WHERE player_id = 7462 AND game_id = 25005 AND play_id = 27414;
INSERT INTO player_team_game_play(player_id, team_id, game_id, play_id, seconds_start, seconds_end) VALUES(45, 1646, 25005, 27414, 2393, 2400);
INSERT INTO player_team_game_play(player_id, team_id, game_id, play_id, seconds_start, seconds_end) VALUES(6223, 1646, 25005, 27414, 2393, 2400);
UPDATE player_team_game_play SET seconds_end = 2393 WHERE player_id = 2103 AND game_id = 25005 AND play_id = 27414;
INSERT INTO player_team_game_play(player_id, team_id, game_id, play_id, seconds_start, seconds_end) VALUES(6138, 1649, 25005, 27414, 2393, 2400);
INSERT INTO lba.sub_play (play_id, seconds_da_start, player_made_id, team_made_id, game_made_id, player_suffered_id, team_suffered_id, game_suffered_id, shot_id, turnover_id, foul_id, rebound_defensive_01, rebound_offensive_01, assist_01, blocks_01, time_out_01, x, y)VALUES(27414, 6, 7015, 1649, 25005, NULL, NULL, NULL, 4, NULL, NULL, '', '', '', '', '', 23, 6);
INSERT INTO lba.sub_play (play_id, seconds_da_start, player_made_id, team_made_id, game_made_id, player_suffered_id, team_suffered_id, game_suffered_id, shot_id, turnover_id, foul_id, rebound_defensive_01, rebound_offensive_01, assist_01, blocks_01, time_out_01, x, y)VALUES(27414, 6, 6138, 1649, 25005, NULL, NULL, NULL, NULL, NULL, NULL, '', '1', '', '', '', 23, 6);

INSERT INTO game (id, league_year_id, type_game_id, team_home_id, team_guest_id, team_home_points, team_guest_points, date_hours_utc, referee_1_id, referee_2_id, referee_3_id) VALUES (25007, 1, 1, 1646, 1649, 66, 85, 1748889900000, 1, 2, 3);
INSERT INTO lba.player_team_game(player_id, team_id, game_id) VALUES(45, 1646, 25007);
INSERT INTO lba.player_team_game(player_id, team_id, game_id) VALUES(418, 1646, 25007);
INSERT INTO lba.player_team_game(player_id, team_id, game_id) VALUES(1774, 1646, 25007);
INSERT INTO lba.player_team_game(player_id, team_id, game_id) VALUES(1775, 1649, 25007);
INSERT INTO lba.player_team_game(player_id, team_id, game_id) VALUES(2103, 1649, 25007);
INSERT INTO lba.player_team_game(player_id, team_id, game_id) VALUES(2608, 1646, 25007);
INSERT INTO lba.player_team_game(player_id, team_id, game_id) VALUES(3176, 1649, 25007);
INSERT INTO lba.player_team_game(player_id, team_id, game_id) VALUES(4162, 1646, 25007);
INSERT INTO lba.player_team_game(player_id, team_id, game_id) VALUES(4452, 1646, 25007);
INSERT INTO lba.player_team_game(player_id, team_id, game_id) VALUES(4692, 1649, 25007);
INSERT INTO lba.player_team_game(player_id, team_id, game_id) VALUES(5150, 1649, 25007);
INSERT INTO lba.player_team_game(player_id, team_id, game_id) VALUES(5449, 1646, 25007);
INSERT INTO lba.player_team_game(player_id, team_id, game_id) VALUES(6138, 1649, 25007);
INSERT INTO lba.player_team_game(player_id, team_id, game_id) VALUES(6223, 1646, 25007);
INSERT INTO lba.player_team_game(player_id, team_id, game_id) VALUES(6328, 1646, 25007);
INSERT INTO lba.player_team_game(player_id, team_id, game_id) VALUES(7015, 1649, 25007);
INSERT INTO lba.player_team_game(player_id, team_id, game_id) VALUES(7314, 1646, 25007);
INSERT INTO lba.player_team_game(player_id, team_id, game_id) VALUES(7404, 1649, 25007);
INSERT INTO lba.player_team_game(player_id, team_id, game_id) VALUES(7405, 1649, 25007);
INSERT INTO lba.player_team_game(player_id, team_id, game_id) VALUES(7406, 1649, 25007);
INSERT INTO lba.player_team_game(player_id, team_id, game_id) VALUES(7461, 1646, 25007);
INSERT INTO lba.player_team_game(player_id, team_id, game_id) VALUES(7462, 1646, 25007);
INSERT INTO play(id, game_id, seconds_start, seconds_end, quarter, attack_home_01, score_home, score_guest)VALUES(27415, 25007, 0, 21, 1, '1', 0, 0);
INSERT INTO player_team_game_play(player_id, team_id, game_id, play_id, seconds_start, seconds_end) VALUES(7461, 1646, 25007, 27415, 0, 21);
INSERT INTO player_team_game_play(player_id, team_id, game_id, play_id, seconds_start, seconds_end) VALUES(45, 1646, 25007, 27415, 0, 21);
INSERT INTO player_team_game_play(player_id, team_id, game_id, play_id, seconds_start, seconds_end) VALUES(1774, 1646, 25007, 27415, 0, 21);
INSERT INTO player_team_game_play(player_id, team_id, game_id, play_id, seconds_start, seconds_end) VALUES(6223, 1646, 25007, 27415, 0, 21);
INSERT INTO player_team_game_play(player_id, team_id, game_id, play_id, seconds_start, seconds_end) VALUES(2608, 1646, 25007, 27415, 0, 21);
INSERT INTO player_team_game_play(player_id, team_id, game_id, play_id, seconds_start, seconds_end) VALUES(7015, 1649, 25007, 27415, 0, 21);
INSERT INTO player_team_game_play(player_id, team_id, game_id, play_id, seconds_start, seconds_end) VALUES(3176, 1649, 25007, 27415, 0, 21);
INSERT INTO player_team_game_play(player_id, team_id, game_id, play_id, seconds_start, seconds_end) VALUES(7406, 1649, 25007, 27415, 0, 21);
INSERT INTO player_team_game_play(player_id, team_id, game_id, play_id, seconds_start, seconds_end) VALUES(6138, 1649, 25007, 27415, 0, 21);
INSERT INTO player_team_game_play(player_id, team_id, game_id, play_id, seconds_start, seconds_end) VALUES(5150, 1649, 25007, 27415, 0, 21);
INSERT INTO lba.sub_play (play_id, seconds_da_start, player_made_id, team_made_id, game_made_id, player_suffered_id, team_suffered_id, game_suffered_id, shot_id, turnover_id, foul_id, rebound_defensive_01, rebound_offensive_01, assist_01, blocks_01, time_out_01, x, y)VALUES(27415, 21, 6223, 1646, 25007, NULL, NULL, NULL, NULL, 1, NULL, '', '', '', '', '', 2, 66);

INSERT INTO play(id, game_id, seconds_start, seconds_end, quarter, attack_home_01, score_home, score_guest)VALUES(27416, 25007, 21, 39, 1, '0', 0, 3);
INSERT INTO player_team_game_play(player_id, team_id, game_id, play_id, seconds_start, seconds_end) VALUES(7461, 1646, 25007, 27416, 21, 39);
INSERT INTO player_team_game_play(player_id, team_id, game_id, play_id, seconds_start, seconds_end) VALUES(45, 1646, 25007, 27416, 21, 39);
INSERT INTO player_team_game_play(player_id, team_id, game_id, play_id, seconds_start, seconds_end) VALUES(1774, 1646, 25007, 27416, 21, 39);
INSERT INTO player_team_game_play(player_id, team_id, game_id, play_id, seconds_start, seconds_end) VALUES(6223, 1646, 25007, 27416, 21, 39);
INSERT INTO player_team_game_play(player_id, team_id, game_id, play_id, seconds_start, seconds_end) VALUES(2608, 1646, 25007, 27416, 21, 39);
INSERT INTO player_team_game_play(player_id, team_id, game_id, play_id, seconds_start, seconds_end) VALUES(7015, 1649, 25007, 27416, 21, 39);
INSERT INTO player_team_game_play(player_id, team_id, game_id, play_id, seconds_start, seconds_end) VALUES(3176, 1649, 25007, 27416, 21, 39);
INSERT INTO player_team_game_play(player_id, team_id, game_id, play_id, seconds_start, seconds_end) VALUES(7406, 1649, 25007, 27416, 21, 39);
INSERT INTO player_team_game_play(player_id, team_id, game_id, play_id, seconds_start, seconds_end) VALUES(6138, 1649, 25007, 27416, 21, 39);
INSERT INTO player_team_game_play(player_id, team_id, game_id, play_id, seconds_start, seconds_end) VALUES(5150, 1649, 25007, 27416, 21, 39);
INSERT INTO lba.sub_play (play_id, seconds_da_start, player_made_id, team_made_id, game_made_id, player_suffered_id, team_suffered_id, game_suffered_id, shot_id, turnover_id, foul_id, rebound_defensive_01, rebound_offensive_01, assist_01, blocks_01, time_out_01, x, y)VALUES(27416, 18, 7406, 1649, 25007, NULL, NULL, NULL, 3, NULL, NULL, '', '', '', '', '', 68, 32);

INSERT INTO play(id, game_id, seconds_start, seconds_end, quarter, attack_home_01, score_home, score_guest)VALUES(27417, 25007, 39, 61, 1, '1', 2, 3);
INSERT INTO player_team_game_play(player_id, team_id, game_id, play_id, seconds_start, seconds_end) VALUES(7461, 1646, 25007, 27417, 39, 61);
INSERT INTO player_team_game_play(player_id, team_id, game_id, play_id, seconds_start, seconds_end) VALUES(45, 1646, 25007, 27417, 39, 61);
INSERT INTO player_team_game_play(player_id, team_id, game_id, play_id, seconds_start, seconds_end) VALUES(1774, 1646, 25007, 27417, 39, 61);
INSERT INTO player_team_game_play(player_id, team_id, game_id, play_id, seconds_start, seconds_end) VALUES(6223, 1646, 25007, 27417, 39, 61);
INSERT INTO player_team_game_play(player_id, team_id, game_id, play_id, seconds_start, seconds_end) VALUES(2608, 1646, 25007, 27417, 39, 61);
INSERT INTO player_team_game_play(player_id, team_id, game_id, play_id, seconds_start, seconds_end) VALUES(7015, 1649, 25007, 27417, 39, 61);
INSERT INTO player_team_game_play(player_id, team_id, game_id, play_id, seconds_start, seconds_end) VALUES(3176, 1649, 25007, 27417, 39, 61);
INSERT INTO player_team_game_play(player_id, team_id, game_id, play_id, seconds_start, seconds_end) VALUES(7406, 1649, 25007, 27417, 39, 61);
INSERT INTO player_team_game_play(player_id, team_id, game_id, play_id, seconds_start, seconds_end) VALUES(6138, 1649, 25007, 27417, 39, 61);
INSERT INTO player_team_game_play(player_id, team_id, game_id, play_id, seconds_start, seconds_end) VALUES(5150, 1649, 25007, 27417, 39, 61);
INSERT INTO lba.sub_play (play_id, seconds_da_start, player_made_id, team_made_id, game_made_id, player_suffered_id, team_suffered_id, game_suffered_id, shot_id, turnover_id, foul_id, rebound_defensive_01, rebound_offensive_01, assist_01, blocks_01, time_out_01, x, y)VALUES(27417, 22, 1774, 1646, 25007, NULL, NULL, NULL, 1, NULL, NULL, '', '', '', '', '', 5, 58);
INSERT INTO lba.sub_play (play_id, seconds_da_start, player_made_id, team_made_id, game_made_id, player_suffered_id, team_suffered_id, game_suffered_id, shot_id, turnover_id, foul_id, rebound_defensive_01, rebound_offensive_01, assist_01, blocks_01, time_out_01, x, y)VALUES(27417, 22, 6223, 1646, 25007, NULL, NULL, NULL, NULL, NULL, NULL, '', '', '1', '', '', 5, 58);

INSERT INTO play(id, game_id, seconds_start, seconds_end, quarter, attack_home_01, score_home, score_guest)VALUES(27418, 25007, 61, 79, 1, '0', 2, 5);
INSERT INTO player_team_game_play(player_id, team_id, game_id, play_id, seconds_start, seconds_end) VALUES(7461, 1646, 25007, 27418, 61, 79);
INSERT INTO player_team_game_play(player_id, team_id, game_id, play_id, seconds_start, seconds_end) VALUES(45, 1646, 25007, 27418, 61, 79);
INSERT INTO player_team_game_play(player_id, team_id, game_id, play_id, seconds_start, seconds_end) VALUES(1774, 1646, 25007, 27418, 61, 79);
INSERT INTO player_team_game_play(player_id, team_id, game_id, play_id, seconds_start, seconds_end) VALUES(6223, 1646, 25007, 27418, 61, 79);
INSERT INTO player_team_game_play(player_id, team_id, game_id, play_id, seconds_start, seconds_end) VALUES(2608, 1646, 25007, 27418, 61, 79);
INSERT INTO player_team_game_play(player_id, team_id, game_id, play_id, seconds_start, seconds_end) VALUES(7015, 1649, 25007, 27418, 61, 79);
INSERT INTO player_team_game_play(player_id, team_id, game_id, play_id, seconds_start, seconds_end) VALUES(3176, 1649, 25007, 27418, 61, 79);
INSERT INTO player_team_game_play(player_id, team_id, game_id, play_id, seconds_start, seconds_end) VALUES(7406, 1649, 25007, 27418, 61, 79);
INSERT INTO player_team_game_play(player_id, team_id, game_id, play_id, seconds_start, seconds_end) VALUES(6138, 1649, 25007, 27418, 61, 79);
INSERT INTO player_team_game_play(player_id, team_id, game_id, play_id, seconds_start, seconds_end) VALUES(5150, 1649, 25007, 27418, 61, 79);
INSERT INTO lba.sub_play (play_id, seconds_da_start, player_made_id, team_made_id, game_made_id, player_suffered_id, team_suffered_id, game_suffered_id, shot_id, turnover_id, foul_id, rebound_defensive_01, rebound_offensive_01, assist_01, blocks_01, time_out_01, x, y)VALUES(27418, 18, 3176, 1649, 25007, NULL, NULL, NULL, 1, NULL, NULL, '', '', '', '', '', 95, 51);
INSERT INTO lba.sub_play (play_id, seconds_da_start, player_made_id, team_made_id, game_made_id, player_suffered_id, team_suffered_id, game_suffered_id, shot_id, turnover_id, foul_id, rebound_defensive_01, rebound_offensive_01, assist_01, blocks_01, time_out_01, x, y)VALUES(27418, 18, 7015, 1649, 25007, NULL, NULL, NULL, NULL, NULL, NULL, '', '', '1', '', '', 95, 51);

INSERT INTO play(id, game_id, seconds_start, seconds_end, quarter, attack_home_01, score_home, score_guest)VALUES(27419, 25007, 79, 100, 1, '1', 2, 5);
INSERT INTO player_team_game_play(player_id, team_id, game_id, play_id, seconds_start, seconds_end) VALUES(7461, 1646, 25007, 27419, 79, 100);
INSERT INTO player_team_game_play(player_id, team_id, game_id, play_id, seconds_start, seconds_end) VALUES(45, 1646, 25007, 27419, 79, 100);
INSERT INTO player_team_game_play(player_id, team_id, game_id, play_id, seconds_start, seconds_end) VALUES(1774, 1646, 25007, 27419, 79, 100);
INSERT INTO player_team_game_play(player_id, team_id, game_id, play_id, seconds_start, seconds_end) VALUES(6223, 1646, 25007, 27419, 79, 100);
INSERT INTO player_team_game_play(player_id, team_id, game_id, play_id, seconds_start, seconds_end) VALUES(2608, 1646, 25007, 27419, 79, 100);
INSERT INTO player_team_game_play(player_id, team_id, game_id, play_id, seconds_start, seconds_end) VALUES(7015, 1649, 25007, 27419, 79, 100);
INSERT INTO player_team_game_play(player_id, team_id, game_id, play_id, seconds_start, seconds_end) VALUES(3176, 1649, 25007, 27419, 79, 100);
INSERT INTO player_team_game_play(player_id, team_id, game_id, play_id, seconds_start, seconds_end) VALUES(7406, 1649, 25007, 27419, 79, 100);
INSERT INTO player_team_game_play(player_id, team_id, game_id, play_id, seconds_start, seconds_end) VALUES(6138, 1649, 25007, 27419, 79, 100);
INSERT INTO player_team_game_play(player_id, team_id, game_id, play_id, seconds_start, seconds_end) VALUES(5150, 1649, 25007, 27419, 79, 100);
INSERT INTO lba.sub_play (play_id, seconds_da_start, player_made_id, team_made_id, game_made_id, player_suffered_id, team_suffered_id, game_suffered_id, shot_id, turnover_id, foul_id, rebound_defensive_01, rebound_offensive_01, assist_01, blocks_01, time_out_01, x, y)VALUES(27419, 21, 6223, 1646, 25007, NULL, NULL, NULL, 2, NULL, NULL, '', '', '', '', '', 9, 59);
INSERT INTO lba.sub_play (play_id, seconds_da_start, player_made_id, team_made_id, game_made_id, player_suffered_id, team_suffered_id, game_suffered_id, shot_id, turnover_id, foul_id, rebound_defensive_01, rebound_offensive_01, assist_01, blocks_01, time_out_01, x, y)VALUES(27419, 21, 7015, 1649, 25007, NULL, NULL, NULL, NULL, NULL, NULL, '1', '', '', '', '', 9, 59);

INSERT INTO play(id, game_id, seconds_start, seconds_end, quarter, attack_home_01, score_home, score_guest)VALUES(27420, 25007, 100, 112, 1, '0', 2, 5);
INSERT INTO player_team_game_play(player_id, team_id, game_id, play_id, seconds_start, seconds_end) VALUES(7461, 1646, 25007, 27420, 100, 112);
INSERT INTO player_team_game_play(player_id, team_id, game_id, play_id, seconds_start, seconds_end) VALUES(45, 1646, 25007, 27420, 100, 112);
INSERT INTO player_team_game_play(player_id, team_id, game_id, play_id, seconds_start, seconds_end) VALUES(1774, 1646, 25007, 27420, 100, 112);
INSERT INTO player_team_game_play(player_id, team_id, game_id, play_id, seconds_start, seconds_end) VALUES(6223, 1646, 25007, 27420, 100, 112);
INSERT INTO player_team_game_play(player_id, team_id, game_id, play_id, seconds_start, seconds_end) VALUES(2608, 1646, 25007, 27420, 100, 112);
INSERT INTO player_team_game_play(player_id, team_id, game_id, play_id, seconds_start, seconds_end) VALUES(7015, 1649, 25007, 27420, 100, 112);
INSERT INTO player_team_game_play(player_id, team_id, game_id, play_id, seconds_start, seconds_end) VALUES(3176, 1649, 25007, 27420, 100, 112);
INSERT INTO player_team_game_play(player_id, team_id, game_id, play_id, seconds_start, seconds_end) VALUES(7406, 1649, 25007, 27420, 100, 112);
INSERT INTO player_team_game_play(player_id, team_id, game_id, play_id, seconds_start, seconds_end) VALUES(6138, 1649, 25007, 27420, 100, 112);
INSERT INTO player_team_game_play(player_id, team_id, game_id, play_id, seconds_start, seconds_end) VALUES(5150, 1649, 25007, 27420, 100, 112);
INSERT INTO lba.sub_play (play_id, seconds_da_start, player_made_id, team_made_id, game_made_id, player_suffered_id, team_suffered_id, game_suffered_id, shot_id, turnover_id, foul_id, rebound_defensive_01, rebound_offensive_01, assist_01, blocks_01, time_out_01, x, y)VALUES(27420, 12, 6223, 1646, 25007, 3176, 1649, 25007, NULL, NULL, 1, '', '', '', '', '', 91, 78);
INSERT INTO lba.sub_play (play_id, seconds_da_start, player_made_id, team_made_id, game_made_id, player_suffered_id, team_suffered_id, game_suffered_id, shot_id, turnover_id, foul_id, rebound_defensive_01, rebound_offensive_01, assist_01, blocks_01, time_out_01, x, y)VALUES(27420, 12, 3176, 1649, 25007, NULL, NULL, NULL, 4, NULL, NULL, '', '', '', '', '', 66, 51);
INSERT INTO lba.sub_play (play_id, seconds_da_start, player_made_id, team_made_id, game_made_id, player_suffered_id, team_suffered_id, game_suffered_id, shot_id, turnover_id, foul_id, rebound_defensive_01, rebound_offensive_01, assist_01, blocks_01, time_out_01, x, y)VALUES(27420, 12, 1774, 1646, 25007, NULL, NULL, NULL, NULL, NULL, NULL, '1', '', '', '', '', 66, 51);

INSERT INTO play(id, game_id, seconds_start, seconds_end, quarter, attack_home_01, score_home, score_guest)VALUES(27421, 25007, 112, 128, 1, '1', 4, 5);
INSERT INTO player_team_game_play(player_id, team_id, game_id, play_id, seconds_start, seconds_end) VALUES(7461, 1646, 25007, 27421, 112, 128);
INSERT INTO player_team_game_play(player_id, team_id, game_id, play_id, seconds_start, seconds_end) VALUES(45, 1646, 25007, 27421, 112, 128);
INSERT INTO player_team_game_play(player_id, team_id, game_id, play_id, seconds_start, seconds_end) VALUES(1774, 1646, 25007, 27421, 112, 128);
INSERT INTO player_team_game_play(player_id, team_id, game_id, play_id, seconds_start, seconds_end) VALUES(6223, 1646, 25007, 27421, 112, 128);
INSERT INTO player_team_game_play(player_id, team_id, game_id, play_id, seconds_start, seconds_end) VALUES(2608, 1646, 25007, 27421, 112, 128);
INSERT INTO player_team_game_play(player_id, team_id, game_id, play_id, seconds_start, seconds_end) VALUES(7015, 1649, 25007, 27421, 112, 128);
INSERT INTO player_team_game_play(player_id, team_id, game_id, play_id, seconds_start, seconds_end) VALUES(3176, 1649, 25007, 27421, 112, 128);
INSERT INTO player_team_game_play(player_id, team_id, game_id, play_id, seconds_start, seconds_end) VALUES(7406, 1649, 25007, 27421, 112, 128);
INSERT INTO player_team_game_play(player_id, team_id, game_id, play_id, seconds_start, seconds_end) VALUES(6138, 1649, 25007, 27421, 112, 128);
INSERT INTO player_team_game_play(player_id, team_id, game_id, play_id, seconds_start, seconds_end) VALUES(5150, 1649, 25007, 27421, 112, 128);
INSERT INTO lba.sub_play (play_id, seconds_da_start, player_made_id, team_made_id, game_made_id, player_suffered_id, team_suffered_id, game_suffered_id, shot_id, turnover_id, foul_id, rebound_defensive_01, rebound_offensive_01, assist_01, blocks_01, time_out_01, x, y)VALUES(27421, 12, 2608, 1646, 25007, NULL, NULL, NULL, 2, NULL, NULL, '', '', '', '', '', 8, 50);
INSERT INTO lba.sub_play (play_id, seconds_da_start, player_made_id, team_made_id, game_made_id, player_suffered_id, team_suffered_id, game_suffered_id, shot_id, turnover_id, foul_id, rebound_defensive_01, rebound_offensive_01, assist_01, blocks_01, time_out_01, x, y)VALUES(27421, 12, 45, 1646, 25007, NULL, NULL, NULL, NULL, NULL, NULL, '', '1', '', '', '', 8, 50);
INSERT INTO lba.sub_play (play_id, seconds_da_start, player_made_id, team_made_id, game_made_id, player_suffered_id, team_suffered_id, game_suffered_id, shot_id, turnover_id, foul_id, rebound_defensive_01, rebound_offensive_01, assist_01, blocks_01, time_out_01, x, y)VALUES(27421, 16, 45, 1646, 25007, NULL, NULL, NULL, 1, NULL, NULL, '', '', '', '', '', 8, 50);

INSERT INTO play(id, game_id, seconds_start, seconds_end, quarter, attack_home_01, score_home, score_guest)VALUES(27422, 25007, 128, 152, 1, '0', 4, 5);
INSERT INTO player_team_game_play(player_id, team_id, game_id, play_id, seconds_start, seconds_end) VALUES(7461, 1646, 25007, 27422, 128, 152);
INSERT INTO player_team_game_play(player_id, team_id, game_id, play_id, seconds_start, seconds_end) VALUES(45, 1646, 25007, 27422, 128, 152);
INSERT INTO player_team_game_play(player_id, team_id, game_id, play_id, seconds_start, seconds_end) VALUES(1774, 1646, 25007, 27422, 128, 152);
INSERT INTO player_team_game_play(player_id, team_id, game_id, play_id, seconds_start, seconds_end) VALUES(6223, 1646, 25007, 27422, 128, 152);
INSERT INTO player_team_game_play(player_id, team_id, game_id, play_id, seconds_start, seconds_end) VALUES(2608, 1646, 25007, 27422, 128, 152);
INSERT INTO player_team_game_play(player_id, team_id, game_id, play_id, seconds_start, seconds_end) VALUES(7015, 1649, 25007, 27422, 128, 152);
INSERT INTO player_team_game_play(player_id, team_id, game_id, play_id, seconds_start, seconds_end) VALUES(3176, 1649, 25007, 27422, 128, 152);
INSERT INTO player_team_game_play(player_id, team_id, game_id, play_id, seconds_start, seconds_end) VALUES(7406, 1649, 25007, 27422, 128, 152);
INSERT INTO player_team_game_play(player_id, team_id, game_id, play_id, seconds_start, seconds_end) VALUES(6138, 1649, 25007, 27422, 128, 152);
INSERT INTO player_team_game_play(player_id, team_id, game_id, play_id, seconds_start, seconds_end) VALUES(5150, 1649, 25007, 27422, 128, 152);
INSERT INTO lba.sub_play (play_id, seconds_da_start, player_made_id, team_made_id, game_made_id, player_suffered_id, team_suffered_id, game_suffered_id, shot_id, turnover_id, foul_id, rebound_defensive_01, rebound_offensive_01, assist_01, blocks_01, time_out_01, x, y)VALUES(27422, 24, 7406, 1649, 25007, NULL, NULL, NULL, 4, NULL, NULL, '', '', '', '', '', 66, 45);
INSERT INTO lba.sub_play (play_id, seconds_da_start, player_made_id, team_made_id, game_made_id, player_suffered_id, team_suffered_id, game_suffered_id, shot_id, turnover_id, foul_id, rebound_defensive_01, rebound_offensive_01, assist_01, blocks_01, time_out_01, x, y)VALUES(27422, 24, 7461, 1646, 25007, NULL, NULL, NULL, NULL, NULL, NULL, '1', '', '', '', '', 66, 45);

INSERT INTO play(id, game_id, seconds_start, seconds_end, quarter, attack_home_01, score_home, score_guest)VALUES(27423, 25007, 152, 173, 1, '1', 5, 5);
INSERT INTO player_team_game_play(player_id, team_id, game_id, play_id, seconds_start, seconds_end) VALUES(7461, 1646, 25007, 27423, 152, 173);
INSERT INTO player_team_game_play(player_id, team_id, game_id, play_id, seconds_start, seconds_end) VALUES(45, 1646, 25007, 27423, 152, 173);
INSERT INTO player_team_game_play(player_id, team_id, game_id, play_id, seconds_start, seconds_end) VALUES(1774, 1646, 25007, 27423, 152, 173);
INSERT INTO player_team_game_play(player_id, team_id, game_id, play_id, seconds_start, seconds_end) VALUES(6223, 1646, 25007, 27423, 152, 173);
INSERT INTO player_team_game_play(player_id, team_id, game_id, play_id, seconds_start, seconds_end) VALUES(2608, 1646, 25007, 27423, 152, 173);
INSERT INTO player_team_game_play(player_id, team_id, game_id, play_id, seconds_start, seconds_end) VALUES(7015, 1649, 25007, 27423, 152, 173);
INSERT INTO player_team_game_play(player_id, team_id, game_id, play_id, seconds_start, seconds_end) VALUES(3176, 1649, 25007, 27423, 152, 173);
INSERT INTO player_team_game_play(player_id, team_id, game_id, play_id, seconds_start, seconds_end) VALUES(7406, 1649, 25007, 27423, 152, 173);
INSERT INTO player_team_game_play(player_id, team_id, game_id, play_id, seconds_start, seconds_end) VALUES(6138, 1649, 25007, 27423, 152, 173);
INSERT INTO player_team_game_play(player_id, team_id, game_id, play_id, seconds_start, seconds_end) VALUES(5150, 1649, 25007, 27423, 152, 173);
INSERT INTO lba.sub_play (play_id, seconds_da_start, player_made_id, team_made_id, game_made_id, player_suffered_id, team_suffered_id, game_suffered_id, shot_id, turnover_id, foul_id, rebound_defensive_01, rebound_offensive_01, assist_01, blocks_01, time_out_01, x, y)VALUES(27423, 11, 6138, 1649, 25007, 2608, 1646, 25007, NULL, NULL, 1, '', '', '', '', '', 14, 45);
INSERT INTO lba.sub_play (play_id, seconds_da_start, player_made_id, team_made_id, game_made_id, player_suffered_id, team_suffered_id, game_suffered_id, shot_id, turnover_id, foul_id, rebound_defensive_01, rebound_offensive_01, assist_01, blocks_01, time_out_01, x, y)VALUES(27423, 21, 7015, 1649, 25007, 2608, 1646, 25007, NULL, NULL, 4, '', '', '', '', '', 9, 47);
INSERT INTO lba.sub_play (play_id, seconds_da_start, player_made_id, team_made_id, game_made_id, player_suffered_id, team_suffered_id, game_suffered_id, shot_id, turnover_id, foul_id, rebound_defensive_01, rebound_offensive_01, assist_01, blocks_01, time_out_01, x, y)VALUES(27423, 21, 2608, 1646, 25007, NULL, NULL, NULL, 6, NULL, NULL, '', '', '', '', '', NULL, NULL);
INSERT INTO lba.sub_play (play_id, seconds_da_start, player_made_id, team_made_id, game_made_id, player_suffered_id, team_suffered_id, game_suffered_id, shot_id, turnover_id, foul_id, rebound_defensive_01, rebound_offensive_01, assist_01, blocks_01, time_out_01, x, y)VALUES(27423, 21, 2608, 1646, 25007, NULL, NULL, NULL, 5, NULL, NULL, '', '', '', '', '', NULL, NULL);

INSERT INTO play(id, game_id, seconds_start, seconds_end, quarter, attack_home_01, score_home, score_guest)VALUES(27424, 25007, 173, 180, 1, '0', 5, 7);
INSERT INTO player_team_game_play(player_id, team_id, game_id, play_id, seconds_start, seconds_end) VALUES(7461, 1646, 25007, 27424, 173, 180);
INSERT INTO player_team_game_play(player_id, team_id, game_id, play_id, seconds_start, seconds_end) VALUES(45, 1646, 25007, 27424, 173, 180);
INSERT INTO player_team_game_play(player_id, team_id, game_id, play_id, seconds_start, seconds_end) VALUES(1774, 1646, 25007, 27424, 173, 180);
INSERT INTO player_team_game_play(player_id, team_id, game_id, play_id, seconds_start, seconds_end) VALUES(6223, 1646, 25007, 27424, 173, 180);
INSERT INTO player_team_game_play(player_id, team_id, game_id, play_id, seconds_start, seconds_end) VALUES(2608, 1646, 25007, 27424, 173, 180);
INSERT INTO player_team_game_play(player_id, team_id, game_id, play_id, seconds_start, seconds_end) VALUES(7015, 1649, 25007, 27424, 173, 180);
INSERT INTO player_team_game_play(player_id, team_id, game_id, play_id, seconds_start, seconds_end) VALUES(3176, 1649, 25007, 27424, 173, 180);
INSERT INTO player_team_game_play(player_id, team_id, game_id, play_id, seconds_start, seconds_end) VALUES(7406, 1649, 25007, 27424, 173, 180);
INSERT INTO player_team_game_play(player_id, team_id, game_id, play_id, seconds_start, seconds_end) VALUES(6138, 1649, 25007, 27424, 173, 180);
INSERT INTO player_team_game_play(player_id, team_id, game_id, play_id, seconds_start, seconds_end) VALUES(5150, 1649, 25007, 27424, 173, 180);
INSERT INTO lba.sub_play (play_id, seconds_da_start, player_made_id, team_made_id, game_made_id, player_suffered_id, team_suffered_id, game_suffered_id, shot_id, turnover_id, foul_id, rebound_defensive_01, rebound_offensive_01, assist_01, blocks_01, time_out_01, x, y)VALUES(27424, 7, 1774, 1646, 25007, 6138, 1649, 25007, NULL, NULL, 4, '', '', '', '', '', 76, 43);
INSERT INTO lba.sub_play (play_id, seconds_da_start, player_made_id, team_made_id, game_made_id, player_suffered_id, team_suffered_id, game_suffered_id, shot_id, turnover_id, foul_id, rebound_defensive_01, rebound_offensive_01, assist_01, blocks_01, time_out_01, x, y)VALUES(27424, 7, 6138, 1649, 25007, NULL, NULL, NULL, 5, NULL, NULL, '', '', '', '', '', NULL, NULL);
INSERT INTO lba.sub_play (play_id, seconds_da_start, player_made_id, team_made_id, game_made_id, player_suffered_id, team_suffered_id, game_suffered_id, shot_id, turnover_id, foul_id, rebound_defensive_01, rebound_offensive_01, assist_01, blocks_01, time_out_01, x, y)VALUES(27424, 7, 6138, 1649, 25007, NULL, NULL, NULL, 5, NULL, NULL, '', '', '', '', '', NULL, NULL);

INSERT INTO play(id, game_id, seconds_start, seconds_end, quarter, attack_home_01, score_home, score_guest)VALUES(27425, 25007, 180, 197, 1, '1', 7, 7);
INSERT INTO player_team_game_play(player_id, team_id, game_id, play_id, seconds_start, seconds_end) VALUES(7461, 1646, 25007, 27425, 180, 197);
INSERT INTO player_team_game_play(player_id, team_id, game_id, play_id, seconds_start, seconds_end) VALUES(45, 1646, 25007, 27425, 180, 197);
INSERT INTO player_team_game_play(player_id, team_id, game_id, play_id, seconds_start, seconds_end) VALUES(1774, 1646, 25007, 27425, 180, 197);
INSERT INTO player_team_game_play(player_id, team_id, game_id, play_id, seconds_start, seconds_end) VALUES(6223, 1646, 25007, 27425, 180, 197);
INSERT INTO player_team_game_play(player_id, team_id, game_id, play_id, seconds_start, seconds_end) VALUES(2608, 1646, 25007, 27425, 180, 197);
INSERT INTO player_team_game_play(player_id, team_id, game_id, play_id, seconds_start, seconds_end) VALUES(7015, 1649, 25007, 27425, 180, 197);
INSERT INTO player_team_game_play(player_id, team_id, game_id, play_id, seconds_start, seconds_end) VALUES(3176, 1649, 25007, 27425, 180, 197);
INSERT INTO player_team_game_play(player_id, team_id, game_id, play_id, seconds_start, seconds_end) VALUES(7406, 1649, 25007, 27425, 180, 197);
INSERT INTO player_team_game_play(player_id, team_id, game_id, play_id, seconds_start, seconds_end) VALUES(6138, 1649, 25007, 27425, 180, 197);
INSERT INTO player_team_game_play(player_id, team_id, game_id, play_id, seconds_start, seconds_end) VALUES(5150, 1649, 25007, 27425, 180, 197);
INSERT INTO lba.sub_play (play_id, seconds_da_start, player_made_id, team_made_id, game_made_id, player_suffered_id, team_suffered_id, game_suffered_id, shot_id, turnover_id, foul_id, rebound_defensive_01, rebound_offensive_01, assist_01, blocks_01, time_out_01, x, y)VALUES(27425, 17, 7406, 1649, 25007, 1774, 1646, 25007, NULL, NULL, 4, '', '', '', '', '', 7, 56);
INSERT INTO lba.sub_play (play_id, seconds_da_start, player_made_id, team_made_id, game_made_id, player_suffered_id, team_suffered_id, game_suffered_id, shot_id, turnover_id, foul_id, rebound_defensive_01, rebound_offensive_01, assist_01, blocks_01, time_out_01, x, y)VALUES(27425, 17, 1774, 1646, 25007, NULL, NULL, NULL, 5, NULL, NULL, '', '', '', '', '', NULL, NULL);
INSERT INTO lba.sub_play (play_id, seconds_da_start, player_made_id, team_made_id, game_made_id, player_suffered_id, team_suffered_id, game_suffered_id, shot_id, turnover_id, foul_id, rebound_defensive_01, rebound_offensive_01, assist_01, blocks_01, time_out_01, x, y)VALUES(27425, 17, 1774, 1646, 25007, NULL, NULL, NULL, 5, NULL, NULL, '', '', '', '', '', NULL, NULL);

INSERT INTO play(id, game_id, seconds_start, seconds_end, quarter, attack_home_01, score_home, score_guest)VALUES(27426, 25007, 197, 214, 1, '0', 7, 7);
INSERT INTO player_team_game_play(player_id, team_id, game_id, play_id, seconds_start, seconds_end) VALUES(7461, 1646, 25007, 27426, 197, 214);
INSERT INTO player_team_game_play(player_id, team_id, game_id, play_id, seconds_start, seconds_end) VALUES(45, 1646, 25007, 27426, 197, 214);
INSERT INTO player_team_game_play(player_id, team_id, game_id, play_id, seconds_start, seconds_end) VALUES(1774, 1646, 25007, 27426, 197, 214);
INSERT INTO player_team_game_play(player_id, team_id, game_id, play_id, seconds_start, seconds_end) VALUES(6223, 1646, 25007, 27426, 197, 214);
INSERT INTO player_team_game_play(player_id, team_id, game_id, play_id, seconds_start, seconds_end) VALUES(2608, 1646, 25007, 27426, 197, 214);
INSERT INTO player_team_game_play(player_id, team_id, game_id, play_id, seconds_start, seconds_end) VALUES(7015, 1649, 25007, 27426, 197, 214);
INSERT INTO player_team_game_play(player_id, team_id, game_id, play_id, seconds_start, seconds_end) VALUES(3176, 1649, 25007, 27426, 197, 214);
INSERT INTO player_team_game_play(player_id, team_id, game_id, play_id, seconds_start, seconds_end) VALUES(7406, 1649, 25007, 27426, 197, 214);
INSERT INTO player_team_game_play(player_id, team_id, game_id, play_id, seconds_start, seconds_end) VALUES(6138, 1649, 25007, 27426, 197, 214);
INSERT INTO player_team_game_play(player_id, team_id, game_id, play_id, seconds_start, seconds_end) VALUES(5150, 1649, 25007, 27426, 197, 214);
INSERT INTO lba.sub_play (play_id, seconds_da_start, player_made_id, team_made_id, game_made_id, player_suffered_id, team_suffered_id, game_suffered_id, shot_id, turnover_id, foul_id, rebound_defensive_01, rebound_offensive_01, assist_01, blocks_01, time_out_01, x, y)VALUES(27426, 17, 5150, 1649, 25007, 2608, 1646, 25007, NULL, 1, NULL, '', '', '', '', '', 96, 40);

INSERT INTO play(id, game_id, seconds_start, seconds_end, quarter, attack_home_01, score_home, score_guest)VALUES(27427, 25007, 214, 227, 1, '1', 8, 7);
INSERT INTO player_team_game_play(player_id, team_id, game_id, play_id, seconds_start, seconds_end) VALUES(7461, 1646, 25007, 27427, 214, 227);
INSERT INTO player_team_game_play(player_id, team_id, game_id, play_id, seconds_start, seconds_end) VALUES(45, 1646, 25007, 27427, 214, 227);
INSERT INTO player_team_game_play(player_id, team_id, game_id, play_id, seconds_start, seconds_end) VALUES(1774, 1646, 25007, 27427, 214, 227);
INSERT INTO player_team_game_play(player_id, team_id, game_id, play_id, seconds_start, seconds_end) VALUES(6223, 1646, 25007, 27427, 214, 227);
INSERT INTO player_team_game_play(player_id, team_id, game_id, play_id, seconds_start, seconds_end) VALUES(2608, 1646, 25007, 27427, 214, 227);
INSERT INTO player_team_game_play(player_id, team_id, game_id, play_id, seconds_start, seconds_end) VALUES(7015, 1649, 25007, 27427, 214, 227);
INSERT INTO player_team_game_play(player_id, team_id, game_id, play_id, seconds_start, seconds_end) VALUES(3176, 1649, 25007, 27427, 214, 227);
INSERT INTO player_team_game_play(player_id, team_id, game_id, play_id, seconds_start, seconds_end) VALUES(7406, 1649, 25007, 27427, 214, 227);
INSERT INTO player_team_game_play(player_id, team_id, game_id, play_id, seconds_start, seconds_end) VALUES(6138, 1649, 25007, 27427, 214, 227);
INSERT INTO player_team_game_play(player_id, team_id, game_id, play_id, seconds_start, seconds_end) VALUES(5150, 1649, 25007, 27427, 214, 227);
INSERT INTO lba.sub_play (play_id, seconds_da_start, player_made_id, team_made_id, game_made_id, player_suffered_id, team_suffered_id, game_suffered_id, shot_id, turnover_id, foul_id, rebound_defensive_01, rebound_offensive_01, assist_01, blocks_01, time_out_01, x, y)VALUES(27427, 4, 3176, 1649, 25007, 2608, 1646, 25007, NULL, NULL, 1, '', '', '', '', '', 24, 81);
INSERT INTO lba.sub_play (play_id, seconds_da_start, player_made_id, team_made_id, game_made_id, player_suffered_id, team_suffered_id, game_suffered_id, shot_id, turnover_id, foul_id, rebound_defensive_01, rebound_offensive_01, assist_01, blocks_01, time_out_01, x, y)VALUES(27427, 13, 5150, 1649, 25007, 6223, 1646, 25007, NULL, NULL, 4, '', '', '', '', '', 8, 57);
INSERT INTO lba.sub_play (play_id, seconds_da_start, player_made_id, team_made_id, game_made_id, player_suffered_id, team_suffered_id, game_suffered_id, shot_id, turnover_id, foul_id, rebound_defensive_01, rebound_offensive_01, assist_01, blocks_01, time_out_01, x, y)VALUES(27427, 13, 6223, 1646, 25007, NULL, NULL, NULL, 6, NULL, NULL, '', '', '', '', '', NULL, NULL);
INSERT INTO lba.sub_play (play_id, seconds_da_start, player_made_id, team_made_id, game_made_id, player_suffered_id, team_suffered_id, game_suffered_id, shot_id, turnover_id, foul_id, rebound_defensive_01, rebound_offensive_01, assist_01, blocks_01, time_out_01, x, y)VALUES(27427, 13, 6223, 1646, 25007, NULL, NULL, NULL, 5, NULL, NULL, '', '', '', '', '', NULL, NULL);

INSERT INTO play(id, game_id, seconds_start, seconds_end, quarter, attack_home_01, score_home, score_guest)VALUES(27428, 25007, 227, 238, 1, '0', 8, 9);
INSERT INTO player_team_game_play(player_id, team_id, game_id, play_id, seconds_start, seconds_end) VALUES(7461, 1646, 25007, 27428, 227, 238);
INSERT INTO player_team_game_play(player_id, team_id, game_id, play_id, seconds_start, seconds_end) VALUES(45, 1646, 25007, 27428, 227, 238);
INSERT INTO player_team_game_play(player_id, team_id, game_id, play_id, seconds_start, seconds_end) VALUES(1774, 1646, 25007, 27428, 227, 238);
INSERT INTO player_team_game_play(player_id, team_id, game_id, play_id, seconds_start, seconds_end) VALUES(6223, 1646, 25007, 27428, 227, 238);
INSERT INTO player_team_game_play(player_id, team_id, game_id, play_id, seconds_start, seconds_end) VALUES(2608, 1646, 25007, 27428, 227, 238);
INSERT INTO player_team_game_play(player_id, team_id, game_id, play_id, seconds_start, seconds_end) VALUES(7015, 1649, 25007, 27428, 227, 238);
INSERT INTO player_team_game_play(player_id, team_id, game_id, play_id, seconds_start, seconds_end) VALUES(3176, 1649, 25007, 27428, 227, 238);
INSERT INTO player_team_game_play(player_id, team_id, game_id, play_id, seconds_start, seconds_end) VALUES(7406, 1649, 25007, 27428, 227, 238);
INSERT INTO player_team_game_play(player_id, team_id, game_id, play_id, seconds_start, seconds_end) VALUES(6138, 1649, 25007, 27428, 227, 238);
INSERT INTO player_team_game_play(player_id, team_id, game_id, play_id, seconds_start, seconds_end) VALUES(5150, 1649, 25007, 27428, 227, 238);
UPDATE player_team_game_play SET seconds_end = 238 WHERE player_id = 45 AND game_id = 25007 AND play_id = 27428;
INSERT INTO player_team_game_play(player_id, team_id, game_id, play_id, seconds_start, seconds_end) VALUES(6328, 1646, 25007, 27428, 238, 238);
INSERT INTO lba.sub_play (play_id, seconds_da_start, player_made_id, team_made_id, game_made_id, player_suffered_id, team_suffered_id, game_suffered_id, shot_id, turnover_id, foul_id, rebound_defensive_01, rebound_offensive_01, assist_01, blocks_01, time_out_01, x, y)VALUES(27428, 11, 7015, 1649, 25007, NULL, NULL, NULL, 1, NULL, NULL, '', '', '', '', '', 92, 56);
INSERT INTO lba.sub_play (play_id, seconds_da_start, player_made_id, team_made_id, game_made_id, player_suffered_id, team_suffered_id, game_suffered_id, shot_id, turnover_id, foul_id, rebound_defensive_01, rebound_offensive_01, assist_01, blocks_01, time_out_01, x, y)VALUES(27428, 11, 3176, 1649, 25007, NULL, NULL, NULL, NULL, NULL, NULL, '', '', '1', '', '', 92, 56);

INSERT INTO play(id, game_id, seconds_start, seconds_end, quarter, attack_home_01, score_home, score_guest)VALUES(27429, 25007, 238, 238, 1, '0', 8, 10);
INSERT INTO player_team_game_play(player_id, team_id, game_id, play_id, seconds_start, seconds_end) VALUES(7461, 1646, 25007, 27429, 238, 238);
INSERT INTO player_team_game_play(player_id, team_id, game_id, play_id, seconds_start, seconds_end) VALUES(45, 1646, 25007, 27429, 238, 238);
INSERT INTO player_team_game_play(player_id, team_id, game_id, play_id, seconds_start, seconds_end) VALUES(1774, 1646, 25007, 27429, 238, 238);
INSERT INTO player_team_game_play(player_id, team_id, game_id, play_id, seconds_start, seconds_end) VALUES(6223, 1646, 25007, 27429, 238, 238);
INSERT INTO player_team_game_play(player_id, team_id, game_id, play_id, seconds_start, seconds_end) VALUES(2608, 1646, 25007, 27429, 238, 238);
INSERT INTO player_team_game_play(player_id, team_id, game_id, play_id, seconds_start, seconds_end) VALUES(7015, 1649, 25007, 27429, 238, 238);
INSERT INTO player_team_game_play(player_id, team_id, game_id, play_id, seconds_start, seconds_end) VALUES(3176, 1649, 25007, 27429, 238, 238);
INSERT INTO player_team_game_play(player_id, team_id, game_id, play_id, seconds_start, seconds_end) VALUES(7406, 1649, 25007, 27429, 238, 238);
INSERT INTO player_team_game_play(player_id, team_id, game_id, play_id, seconds_start, seconds_end) VALUES(6138, 1649, 25007, 27429, 238, 238);
INSERT INTO player_team_game_play(player_id, team_id, game_id, play_id, seconds_start, seconds_end) VALUES(5150, 1649, 25007, 27429, 238, 238);
UPDATE player_team_game_play SET seconds_end = 238 WHERE player_id = 45 AND game_id = 25007 AND play_id = 27429;
INSERT INTO player_team_game_play(player_id, team_id, game_id, play_id, seconds_start, seconds_end) VALUES(6328, 1646, 25007, 27429, 238, 238);
INSERT INTO lba.sub_play (play_id, seconds_da_start, player_made_id, team_made_id, game_made_id, player_suffered_id, team_suffered_id, game_suffered_id, shot_id, turnover_id, foul_id, rebound_defensive_01, rebound_offensive_01, assist_01, blocks_01, time_out_01, x, y)VALUES(27429, 0, 2608, 1646, 25007, 7015, 1649, 25007, NULL, NULL, 4, '', '', '', '', '', 92, 56);
INSERT INTO lba.sub_play (play_id, seconds_da_start, player_made_id, team_made_id, game_made_id, player_suffered_id, team_suffered_id, game_suffered_id, shot_id, turnover_id, foul_id, rebound_defensive_01, rebound_offensive_01, assist_01, blocks_01, time_out_01, x, y)VALUES(27429, 0, 7015, 1649, 25007, NULL, NULL, NULL, 5, NULL, NULL, '', '', '', '', '', NULL, NULL);

INSERT INTO play(id, game_id, seconds_start, seconds_end, quarter, attack_home_01, score_home, score_guest)VALUES(27430, 25007, 238, 259, 1, '1', 10, 10);
INSERT INTO player_team_game_play(player_id, team_id, game_id, play_id, seconds_start, seconds_end) VALUES(7461, 1646, 25007, 27430, 238, 259);
INSERT INTO player_team_game_play(player_id, team_id, game_id, play_id, seconds_start, seconds_end) VALUES(45, 1646, 25007, 27430, 238, 259);
INSERT INTO player_team_game_play(player_id, team_id, game_id, play_id, seconds_start, seconds_end) VALUES(1774, 1646, 25007, 27430, 238, 259);
INSERT INTO player_team_game_play(player_id, team_id, game_id, play_id, seconds_start, seconds_end) VALUES(6223, 1646, 25007, 27430, 238, 259);
INSERT INTO player_team_game_play(player_id, team_id, game_id, play_id, seconds_start, seconds_end) VALUES(2608, 1646, 25007, 27430, 238, 259);
INSERT INTO player_team_game_play(player_id, team_id, game_id, play_id, seconds_start, seconds_end) VALUES(7015, 1649, 25007, 27430, 238, 259);
INSERT INTO player_team_game_play(player_id, team_id, game_id, play_id, seconds_start, seconds_end) VALUES(3176, 1649, 25007, 27430, 238, 259);
INSERT INTO player_team_game_play(player_id, team_id, game_id, play_id, seconds_start, seconds_end) VALUES(7406, 1649, 25007, 27430, 238, 259);
INSERT INTO player_team_game_play(player_id, team_id, game_id, play_id, seconds_start, seconds_end) VALUES(6138, 1649, 25007, 27430, 238, 259);
INSERT INTO player_team_game_play(player_id, team_id, game_id, play_id, seconds_start, seconds_end) VALUES(5150, 1649, 25007, 27430, 238, 259);
UPDATE player_team_game_play SET seconds_end = 238 WHERE player_id = 45 AND game_id = 25007 AND play_id = 27430;
INSERT INTO player_team_game_play(player_id, team_id, game_id, play_id, seconds_start, seconds_end) VALUES(6328, 1646, 25007, 27430, 238, 259);
INSERT INTO lba.sub_play (play_id, seconds_da_start, player_made_id, team_made_id, game_made_id, player_suffered_id, team_suffered_id, game_suffered_id, shot_id, turnover_id, foul_id, rebound_defensive_01, rebound_offensive_01, assist_01, blocks_01, time_out_01, x, y)VALUES(27430, 21, 7461, 1646, 25007, NULL, NULL, NULL, 1, NULL, NULL, '', '', '', '', '', 5, 43);

INSERT INTO play(id, game_id, seconds_start, seconds_end, quarter, attack_home_01, score_home, score_guest)VALUES(27431, 25007, 259, 268, 1, '0', 10, 13);
INSERT INTO player_team_game_play(player_id, team_id, game_id, play_id, seconds_start, seconds_end) VALUES(7461, 1646, 25007, 27431, 259, 268);
INSERT INTO player_team_game_play(player_id, team_id, game_id, play_id, seconds_start, seconds_end) VALUES(1774, 1646, 25007, 27431, 259, 268);
INSERT INTO player_team_game_play(player_id, team_id, game_id, play_id, seconds_start, seconds_end) VALUES(6223, 1646, 25007, 27431, 259, 268);
INSERT INTO player_team_game_play(player_id, team_id, game_id, play_id, seconds_start, seconds_end) VALUES(2608, 1646, 25007, 27431, 259, 268);
INSERT INTO player_team_game_play(player_id, team_id, game_id, play_id, seconds_start, seconds_end) VALUES(6328, 1646, 25007, 27431, 259, 268);
INSERT INTO player_team_game_play(player_id, team_id, game_id, play_id, seconds_start, seconds_end) VALUES(7015, 1649, 25007, 27431, 259, 268);
INSERT INTO player_team_game_play(player_id, team_id, game_id, play_id, seconds_start, seconds_end) VALUES(3176, 1649, 25007, 27431, 259, 268);
INSERT INTO player_team_game_play(player_id, team_id, game_id, play_id, seconds_start, seconds_end) VALUES(7406, 1649, 25007, 27431, 259, 268);
INSERT INTO player_team_game_play(player_id, team_id, game_id, play_id, seconds_start, seconds_end) VALUES(6138, 1649, 25007, 27431, 259, 268);
INSERT INTO player_team_game_play(player_id, team_id, game_id, play_id, seconds_start, seconds_end) VALUES(5150, 1649, 25007, 27431, 259, 268);
INSERT INTO lba.sub_play (play_id, seconds_da_start, player_made_id, team_made_id, game_made_id, player_suffered_id, team_suffered_id, game_suffered_id, shot_id, turnover_id, foul_id, rebound_defensive_01, rebound_offensive_01, assist_01, blocks_01, time_out_01, x, y)VALUES(27431, 9, 6138, 1649, 25007, NULL, NULL, NULL, 3, NULL, NULL, '', '', '', '', '', 67, 53);

INSERT INTO play(id, game_id, seconds_start, seconds_end, quarter, attack_home_01, score_home, score_guest)VALUES(27432, 25007, 268, 283, 1, '1', 10, 13);
INSERT INTO player_team_game_play(player_id, team_id, game_id, play_id, seconds_start, seconds_end) VALUES(7461, 1646, 25007, 27432, 268, 283);
INSERT INTO player_team_game_play(player_id, team_id, game_id, play_id, seconds_start, seconds_end) VALUES(1774, 1646, 25007, 27432, 268, 283);
INSERT INTO player_team_game_play(player_id, team_id, game_id, play_id, seconds_start, seconds_end) VALUES(6223, 1646, 25007, 27432, 268, 283);
INSERT INTO player_team_game_play(player_id, team_id, game_id, play_id, seconds_start, seconds_end) VALUES(2608, 1646, 25007, 27432, 268, 283);
INSERT INTO player_team_game_play(player_id, team_id, game_id, play_id, seconds_start, seconds_end) VALUES(6328, 1646, 25007, 27432, 268, 283);
INSERT INTO player_team_game_play(player_id, team_id, game_id, play_id, seconds_start, seconds_end) VALUES(7015, 1649, 25007, 27432, 268, 283);
INSERT INTO player_team_game_play(player_id, team_id, game_id, play_id, seconds_start, seconds_end) VALUES(3176, 1649, 25007, 27432, 268, 283);
INSERT INTO player_team_game_play(player_id, team_id, game_id, play_id, seconds_start, seconds_end) VALUES(7406, 1649, 25007, 27432, 268, 283);
INSERT INTO player_team_game_play(player_id, team_id, game_id, play_id, seconds_start, seconds_end) VALUES(6138, 1649, 25007, 27432, 268, 283);
INSERT INTO player_team_game_play(player_id, team_id, game_id, play_id, seconds_start, seconds_end) VALUES(5150, 1649, 25007, 27432, 268, 283);
UPDATE player_team_game_play SET seconds_end = 283 WHERE player_id = 6223 AND game_id = 25007 AND play_id = 27432;
INSERT INTO player_team_game_play(player_id, team_id, game_id, play_id, seconds_start, seconds_end) VALUES(7462, 1646, 25007, 27432, 283, 283);
INSERT INTO lba.sub_play (play_id, seconds_da_start, player_made_id, team_made_id, game_made_id, player_suffered_id, team_suffered_id, game_suffered_id, shot_id, turnover_id, foul_id, rebound_defensive_01, rebound_offensive_01, assist_01, blocks_01, time_out_01, x, y)VALUES(27432, 15, 7461, 1646, 25007, NULL, NULL, NULL, NULL, 5, NULL, '', '', '', '', '', 1, 29);

INSERT INTO play(id, game_id, seconds_start, seconds_end, quarter, attack_home_01, score_home, score_guest)VALUES(27433, 25007, 283, 295, 1, '0', 10, 16);
INSERT INTO player_team_game_play(player_id, team_id, game_id, play_id, seconds_start, seconds_end) VALUES(7461, 1646, 25007, 27433, 283, 295);
INSERT INTO player_team_game_play(player_id, team_id, game_id, play_id, seconds_start, seconds_end) VALUES(1774, 1646, 25007, 27433, 283, 295);
INSERT INTO player_team_game_play(player_id, team_id, game_id, play_id, seconds_start, seconds_end) VALUES(6223, 1646, 25007, 27433, 283, 295);
INSERT INTO player_team_game_play(player_id, team_id, game_id, play_id, seconds_start, seconds_end) VALUES(2608, 1646, 25007, 27433, 283, 295);
INSERT INTO player_team_game_play(player_id, team_id, game_id, play_id, seconds_start, seconds_end) VALUES(6328, 1646, 25007, 27433, 283, 295);
INSERT INTO player_team_game_play(player_id, team_id, game_id, play_id, seconds_start, seconds_end) VALUES(7015, 1649, 25007, 27433, 283, 295);
INSERT INTO player_team_game_play(player_id, team_id, game_id, play_id, seconds_start, seconds_end) VALUES(3176, 1649, 25007, 27433, 283, 295);
INSERT INTO player_team_game_play(player_id, team_id, game_id, play_id, seconds_start, seconds_end) VALUES(7406, 1649, 25007, 27433, 283, 295);
INSERT INTO player_team_game_play(player_id, team_id, game_id, play_id, seconds_start, seconds_end) VALUES(6138, 1649, 25007, 27433, 283, 295);
INSERT INTO player_team_game_play(player_id, team_id, game_id, play_id, seconds_start, seconds_end) VALUES(5150, 1649, 25007, 27433, 283, 295);
UPDATE player_team_game_play SET seconds_end = 283 WHERE player_id = 6223 AND game_id = 25007 AND play_id = 27433;
INSERT INTO player_team_game_play(player_id, team_id, game_id, play_id, seconds_start, seconds_end) VALUES(7462, 1646, 25007, 27433, 283, 295);
INSERT INTO lba.sub_play (play_id, seconds_da_start, player_made_id, team_made_id, game_made_id, player_suffered_id, team_suffered_id, game_suffered_id, shot_id, turnover_id, foul_id, rebound_defensive_01, rebound_offensive_01, assist_01, blocks_01, time_out_01, x, y)VALUES(27433, 12, 7015, 1649, 25007, NULL, NULL, NULL, 3, NULL, NULL, '', '', '', '', '', 74, 88);
INSERT INTO lba.sub_play (play_id, seconds_da_start, player_made_id, team_made_id, game_made_id, player_suffered_id, team_suffered_id, game_suffered_id, shot_id, turnover_id, foul_id, rebound_defensive_01, rebound_offensive_01, assist_01, blocks_01, time_out_01, x, y)VALUES(27433, 12, 6138, 1649, 25007, NULL, NULL, NULL, NULL, NULL, NULL, '', '', '1', '', '', 74, 88);

INSERT INTO play(id, game_id, seconds_start, seconds_end, quarter, attack_home_01, score_home, score_guest)VALUES(27434, 25007, 295, 320, 1, '1', 10, 16);
INSERT INTO player_team_game_play(player_id, team_id, game_id, play_id, seconds_start, seconds_end) VALUES(7461, 1646, 25007, 27434, 295, 320);
INSERT INTO player_team_game_play(player_id, team_id, game_id, play_id, seconds_start, seconds_end) VALUES(7462, 1646, 25007, 27434, 295, 320);
INSERT INTO player_team_game_play(player_id, team_id, game_id, play_id, seconds_start, seconds_end) VALUES(1774, 1646, 25007, 27434, 295, 320);
INSERT INTO player_team_game_play(player_id, team_id, game_id, play_id, seconds_start, seconds_end) VALUES(2608, 1646, 25007, 27434, 295, 320);
INSERT INTO player_team_game_play(player_id, team_id, game_id, play_id, seconds_start, seconds_end) VALUES(6328, 1646, 25007, 27434, 295, 320);
INSERT INTO player_team_game_play(player_id, team_id, game_id, play_id, seconds_start, seconds_end) VALUES(7015, 1649, 25007, 27434, 295, 320);
INSERT INTO player_team_game_play(player_id, team_id, game_id, play_id, seconds_start, seconds_end) VALUES(3176, 1649, 25007, 27434, 295, 320);
INSERT INTO player_team_game_play(player_id, team_id, game_id, play_id, seconds_start, seconds_end) VALUES(7406, 1649, 25007, 27434, 295, 320);
INSERT INTO player_team_game_play(player_id, team_id, game_id, play_id, seconds_start, seconds_end) VALUES(6138, 1649, 25007, 27434, 295, 320);
INSERT INTO player_team_game_play(player_id, team_id, game_id, play_id, seconds_start, seconds_end) VALUES(5150, 1649, 25007, 27434, 295, 320);
INSERT INTO lba.sub_play (play_id, seconds_da_start, player_made_id, team_made_id, game_made_id, player_suffered_id, team_suffered_id, game_suffered_id, shot_id, turnover_id, foul_id, rebound_defensive_01, rebound_offensive_01, assist_01, blocks_01, time_out_01, x, y)VALUES(27434, 25, 6328, 1646, 25007, NULL, NULL, NULL, 2, NULL, NULL, '', '', '', '', '', 11, 48);
INSERT INTO lba.sub_play (play_id, seconds_da_start, player_made_id, team_made_id, game_made_id, player_suffered_id, team_suffered_id, game_suffered_id, shot_id, turnover_id, foul_id, rebound_defensive_01, rebound_offensive_01, assist_01, blocks_01, time_out_01, x, y)VALUES(27434, 25, 7406, 1649, 25007, NULL, NULL, NULL, NULL, NULL, NULL, '1', '', '', '', '', 11, 48);

INSERT INTO play(id, game_id, seconds_start, seconds_end, quarter, attack_home_01, score_home, score_guest)VALUES(27435, 25007, 320, 335, 1, '0', 10, 18);
INSERT INTO player_team_game_play(player_id, team_id, game_id, play_id, seconds_start, seconds_end) VALUES(7461, 1646, 25007, 27435, 320, 335);
INSERT INTO player_team_game_play(player_id, team_id, game_id, play_id, seconds_start, seconds_end) VALUES(7462, 1646, 25007, 27435, 320, 335);
INSERT INTO player_team_game_play(player_id, team_id, game_id, play_id, seconds_start, seconds_end) VALUES(1774, 1646, 25007, 27435, 320, 335);
INSERT INTO player_team_game_play(player_id, team_id, game_id, play_id, seconds_start, seconds_end) VALUES(2608, 1646, 25007, 27435, 320, 335);
INSERT INTO player_team_game_play(player_id, team_id, game_id, play_id, seconds_start, seconds_end) VALUES(6328, 1646, 25007, 27435, 320, 335);
INSERT INTO player_team_game_play(player_id, team_id, game_id, play_id, seconds_start, seconds_end) VALUES(7015, 1649, 25007, 27435, 320, 335);
INSERT INTO player_team_game_play(player_id, team_id, game_id, play_id, seconds_start, seconds_end) VALUES(3176, 1649, 25007, 27435, 320, 335);
INSERT INTO player_team_game_play(player_id, team_id, game_id, play_id, seconds_start, seconds_end) VALUES(7406, 1649, 25007, 27435, 320, 335);
INSERT INTO player_team_game_play(player_id, team_id, game_id, play_id, seconds_start, seconds_end) VALUES(6138, 1649, 25007, 27435, 320, 335);
INSERT INTO player_team_game_play(player_id, team_id, game_id, play_id, seconds_start, seconds_end) VALUES(5150, 1649, 25007, 27435, 320, 335);
INSERT INTO lba.sub_play (play_id, seconds_da_start, player_made_id, team_made_id, game_made_id, player_suffered_id, team_suffered_id, game_suffered_id, shot_id, turnover_id, foul_id, rebound_defensive_01, rebound_offensive_01, assist_01, blocks_01, time_out_01, x, y)VALUES(27435, 15, 3176, 1649, 25007, NULL, NULL, NULL, 1, NULL, NULL, '', '', '', '', '', 84, 29);

INSERT INTO play(id, game_id, seconds_start, seconds_end, quarter, attack_home_01, score_home, score_guest)VALUES(27436, 25007, 335, 349, 1, '1', 10, 18);
INSERT INTO player_team_game_play(player_id, team_id, game_id, play_id, seconds_start, seconds_end) VALUES(7461, 1646, 25007, 27436, 335, 349);
INSERT INTO player_team_game_play(player_id, team_id, game_id, play_id, seconds_start, seconds_end) VALUES(7462, 1646, 25007, 27436, 335, 349);
INSERT INTO player_team_game_play(player_id, team_id, game_id, play_id, seconds_start, seconds_end) VALUES(1774, 1646, 25007, 27436, 335, 349);
INSERT INTO player_team_game_play(player_id, team_id, game_id, play_id, seconds_start, seconds_end) VALUES(2608, 1646, 25007, 27436, 335, 349);
INSERT INTO player_team_game_play(player_id, team_id, game_id, play_id, seconds_start, seconds_end) VALUES(6328, 1646, 25007, 27436, 335, 349);
INSERT INTO player_team_game_play(player_id, team_id, game_id, play_id, seconds_start, seconds_end) VALUES(7015, 1649, 25007, 27436, 335, 349);
INSERT INTO player_team_game_play(player_id, team_id, game_id, play_id, seconds_start, seconds_end) VALUES(3176, 1649, 25007, 27436, 335, 349);
INSERT INTO player_team_game_play(player_id, team_id, game_id, play_id, seconds_start, seconds_end) VALUES(7406, 1649, 25007, 27436, 335, 349);
INSERT INTO player_team_game_play(player_id, team_id, game_id, play_id, seconds_start, seconds_end) VALUES(6138, 1649, 25007, 27436, 335, 349);
INSERT INTO player_team_game_play(player_id, team_id, game_id, play_id, seconds_start, seconds_end) VALUES(5150, 1649, 25007, 27436, 335, 349);
UPDATE player_team_game_play SET seconds_end = 336 WHERE player_id = 2608 AND game_id = 25007 AND play_id = 27436;
UPDATE player_team_game_play SET seconds_end = 336 WHERE player_id = 1774 AND game_id = 25007 AND play_id = 27436;
INSERT INTO player_team_game_play(player_id, team_id, game_id, play_id, seconds_start, seconds_end) VALUES(4162, 1646, 25007, 27436, 336, 349);
INSERT INTO player_team_game_play(player_id, team_id, game_id, play_id, seconds_start, seconds_end) VALUES(4452, 1646, 25007, 27436, 336, 349);
INSERT INTO lba.sub_play (play_id, seconds_da_start, player_made_id, team_made_id, game_made_id, player_suffered_id, team_suffered_id, game_suffered_id, shot_id, turnover_id, foul_id, rebound_defensive_01, rebound_offensive_01, assist_01, blocks_01, time_out_01, x, y)VALUES(27436, 14, 4162, 1646, 25007, NULL, NULL, NULL, 2, NULL, NULL, '', '', '', '', '', 7, 57);
INSERT INTO lba.sub_play (play_id, seconds_da_start, player_made_id, team_made_id, game_made_id, player_suffered_id, team_suffered_id, game_suffered_id, shot_id, turnover_id, foul_id, rebound_defensive_01, rebound_offensive_01, assist_01, blocks_01, time_out_01, x, y)VALUES(27436, 14, 5150, 1649, 25007, NULL, NULL, NULL, NULL, NULL, NULL, '1', '', '', '', '', 7, 57);

INSERT INTO play(id, game_id, seconds_start, seconds_end, quarter, attack_home_01, score_home, score_guest)VALUES(27437, 25007, 349, 355, 1, '0', 10, 18);
INSERT INTO player_team_game_play(player_id, team_id, game_id, play_id, seconds_start, seconds_end) VALUES(4162, 1646, 25007, 27437, 349, 355);
INSERT INTO player_team_game_play(player_id, team_id, game_id, play_id, seconds_start, seconds_end) VALUES(4452, 1646, 25007, 27437, 349, 355);
INSERT INTO player_team_game_play(player_id, team_id, game_id, play_id, seconds_start, seconds_end) VALUES(7461, 1646, 25007, 27437, 349, 355);
INSERT INTO player_team_game_play(player_id, team_id, game_id, play_id, seconds_start, seconds_end) VALUES(7462, 1646, 25007, 27437, 349, 355);
INSERT INTO player_team_game_play(player_id, team_id, game_id, play_id, seconds_start, seconds_end) VALUES(6328, 1646, 25007, 27437, 349, 355);
INSERT INTO player_team_game_play(player_id, team_id, game_id, play_id, seconds_start, seconds_end) VALUES(7015, 1649, 25007, 27437, 349, 355);
INSERT INTO player_team_game_play(player_id, team_id, game_id, play_id, seconds_start, seconds_end) VALUES(3176, 1649, 25007, 27437, 349, 355);
INSERT INTO player_team_game_play(player_id, team_id, game_id, play_id, seconds_start, seconds_end) VALUES(7406, 1649, 25007, 27437, 349, 355);
INSERT INTO player_team_game_play(player_id, team_id, game_id, play_id, seconds_start, seconds_end) VALUES(6138, 1649, 25007, 27437, 349, 355);
INSERT INTO player_team_game_play(player_id, team_id, game_id, play_id, seconds_start, seconds_end) VALUES(5150, 1649, 25007, 27437, 349, 355);
INSERT INTO lba.sub_play (play_id, seconds_da_start, player_made_id, team_made_id, game_made_id, player_suffered_id, team_suffered_id, game_suffered_id, shot_id, turnover_id, foul_id, rebound_defensive_01, rebound_offensive_01, assist_01, blocks_01, time_out_01, x, y)VALUES(27437, 6, 5150, 1649, 25007, 4162, 1646, 25007, NULL, 2, NULL, '', '', '', '', '', 72, 50);

INSERT INTO play(id, game_id, seconds_start, seconds_end, quarter, attack_home_01, score_home, score_guest)VALUES(27438, 25007, 355, 359, 1, '1', 10, 18);
INSERT INTO player_team_game_play(player_id, team_id, game_id, play_id, seconds_start, seconds_end) VALUES(4162, 1646, 25007, 27438, 355, 359);
INSERT INTO player_team_game_play(player_id, team_id, game_id, play_id, seconds_start, seconds_end) VALUES(4452, 1646, 25007, 27438, 355, 359);
INSERT INTO player_team_game_play(player_id, team_id, game_id, play_id, seconds_start, seconds_end) VALUES(7461, 1646, 25007, 27438, 355, 359);
INSERT INTO player_team_game_play(player_id, team_id, game_id, play_id, seconds_start, seconds_end) VALUES(7462, 1646, 25007, 27438, 355, 359);
INSERT INTO player_team_game_play(player_id, team_id, game_id, play_id, seconds_start, seconds_end) VALUES(6328, 1646, 25007, 27438, 355, 359);
INSERT INTO player_team_game_play(player_id, team_id, game_id, play_id, seconds_start, seconds_end) VALUES(7015, 1649, 25007, 27438, 355, 359);
INSERT INTO player_team_game_play(player_id, team_id, game_id, play_id, seconds_start, seconds_end) VALUES(3176, 1649, 25007, 27438, 355, 359);
INSERT INTO player_team_game_play(player_id, team_id, game_id, play_id, seconds_start, seconds_end) VALUES(7406, 1649, 25007, 27438, 355, 359);
INSERT INTO player_team_game_play(player_id, team_id, game_id, play_id, seconds_start, seconds_end) VALUES(6138, 1649, 25007, 27438, 355, 359);
INSERT INTO player_team_game_play(player_id, team_id, game_id, play_id, seconds_start, seconds_end) VALUES(5150, 1649, 25007, 27438, 355, 359);
INSERT INTO lba.sub_play (play_id, seconds_da_start, player_made_id, team_made_id, game_made_id, player_suffered_id, team_suffered_id, game_suffered_id, shot_id, turnover_id, foul_id, rebound_defensive_01, rebound_offensive_01, assist_01, blocks_01, time_out_01, x, y)VALUES(27438, 4, 4162, 1646, 25007, 6138, 1649, 25007, NULL, 2, NULL, '', '', '', '', '', 32, 56);

INSERT INTO play(id, game_id, seconds_start, seconds_end, quarter, attack_home_01, score_home, score_guest)VALUES(27439, 25007, 359, 381, 1, '0', 10, 18);
INSERT INTO player_team_game_play(player_id, team_id, game_id, play_id, seconds_start, seconds_end) VALUES(4162, 1646, 25007, 27439, 359, 381);
INSERT INTO player_team_game_play(player_id, team_id, game_id, play_id, seconds_start, seconds_end) VALUES(4452, 1646, 25007, 27439, 359, 381);
INSERT INTO player_team_game_play(player_id, team_id, game_id, play_id, seconds_start, seconds_end) VALUES(7461, 1646, 25007, 27439, 359, 381);
INSERT INTO player_team_game_play(player_id, team_id, game_id, play_id, seconds_start, seconds_end) VALUES(7462, 1646, 25007, 27439, 359, 381);
INSERT INTO player_team_game_play(player_id, team_id, game_id, play_id, seconds_start, seconds_end) VALUES(6328, 1646, 25007, 27439, 359, 381);
INSERT INTO player_team_game_play(player_id, team_id, game_id, play_id, seconds_start, seconds_end) VALUES(7015, 1649, 25007, 27439, 359, 381);
INSERT INTO player_team_game_play(player_id, team_id, game_id, play_id, seconds_start, seconds_end) VALUES(3176, 1649, 25007, 27439, 359, 381);
INSERT INTO player_team_game_play(player_id, team_id, game_id, play_id, seconds_start, seconds_end) VALUES(7406, 1649, 25007, 27439, 359, 381);
INSERT INTO player_team_game_play(player_id, team_id, game_id, play_id, seconds_start, seconds_end) VALUES(6138, 1649, 25007, 27439, 359, 381);
INSERT INTO player_team_game_play(player_id, team_id, game_id, play_id, seconds_start, seconds_end) VALUES(5150, 1649, 25007, 27439, 359, 381);
UPDATE player_team_game_play SET seconds_end = 381 WHERE player_id = 6138 AND game_id = 25007 AND play_id = 27439;
UPDATE player_team_game_play SET seconds_end = 381 WHERE player_id = 5150 AND game_id = 25007 AND play_id = 27439;
INSERT INTO player_team_game_play(player_id, team_id, game_id, play_id, seconds_start, seconds_end) VALUES(7405, 1649, 25007, 27439, 381, 381);
INSERT INTO player_team_game_play(player_id, team_id, game_id, play_id, seconds_start, seconds_end) VALUES(2103, 1649, 25007, 27439, 381, 381);
INSERT INTO lba.sub_play (play_id, seconds_da_start, player_made_id, team_made_id, game_made_id, player_suffered_id, team_suffered_id, game_suffered_id, shot_id, turnover_id, foul_id, rebound_defensive_01, rebound_offensive_01, assist_01, blocks_01, time_out_01, x, y)VALUES(27439, 5, 5150, 1649, 25007, NULL, NULL, NULL, 4, NULL, NULL, '', '', '', '', '', 77, 92);
INSERT INTO lba.sub_play (play_id, seconds_da_start, player_made_id, team_made_id, game_made_id, player_suffered_id, team_suffered_id, game_suffered_id, shot_id, turnover_id, foul_id, rebound_defensive_01, rebound_offensive_01, assist_01, blocks_01, time_out_01, x, y)VALUES(27439, 5, 7406, 1649, 25007, NULL, NULL, NULL, NULL, NULL, NULL, '', '1', '', '', '', 77, 92);

INSERT INTO play(id, game_id, seconds_start, seconds_end, quarter, attack_home_01, score_home, score_guest)VALUES(27440, 25007, 381, 413, 1, '0', 12, 20);
INSERT INTO player_team_game_play(player_id, team_id, game_id, play_id, seconds_start, seconds_end) VALUES(4162, 1646, 25007, 27440, 381, 413);
INSERT INTO player_team_game_play(player_id, team_id, game_id, play_id, seconds_start, seconds_end) VALUES(4452, 1646, 25007, 27440, 381, 413);
INSERT INTO player_team_game_play(player_id, team_id, game_id, play_id, seconds_start, seconds_end) VALUES(7461, 1646, 25007, 27440, 381, 413);
INSERT INTO player_team_game_play(player_id, team_id, game_id, play_id, seconds_start, seconds_end) VALUES(7462, 1646, 25007, 27440, 381, 413);
INSERT INTO player_team_game_play(player_id, team_id, game_id, play_id, seconds_start, seconds_end) VALUES(6328, 1646, 25007, 27440, 381, 413);
INSERT INTO player_team_game_play(player_id, team_id, game_id, play_id, seconds_start, seconds_end) VALUES(7015, 1649, 25007, 27440, 381, 413);
INSERT INTO player_team_game_play(player_id, team_id, game_id, play_id, seconds_start, seconds_end) VALUES(3176, 1649, 25007, 27440, 381, 413);
INSERT INTO player_team_game_play(player_id, team_id, game_id, play_id, seconds_start, seconds_end) VALUES(7406, 1649, 25007, 27440, 381, 413);
INSERT INTO player_team_game_play(player_id, team_id, game_id, play_id, seconds_start, seconds_end) VALUES(6138, 1649, 25007, 27440, 381, 413);
INSERT INTO player_team_game_play(player_id, team_id, game_id, play_id, seconds_start, seconds_end) VALUES(5150, 1649, 25007, 27440, 381, 413);
UPDATE player_team_game_play SET seconds_end = 381 WHERE player_id = 6138 AND game_id = 25007 AND play_id = 27440;
UPDATE player_team_game_play SET seconds_end = 381 WHERE player_id = 5150 AND game_id = 25007 AND play_id = 27440;
INSERT INTO player_team_game_play(player_id, team_id, game_id, play_id, seconds_start, seconds_end) VALUES(7405, 1649, 25007, 27440, 381, 413);
INSERT INTO player_team_game_play(player_id, team_id, game_id, play_id, seconds_start, seconds_end) VALUES(2103, 1649, 25007, 27440, 381, 413);
INSERT INTO lba.sub_play (play_id, seconds_da_start, player_made_id, team_made_id, game_made_id, player_suffered_id, team_suffered_id, game_suffered_id, shot_id, turnover_id, foul_id, rebound_defensive_01, rebound_offensive_01, assist_01, blocks_01, time_out_01, x, y)VALUES(27440, 9, 7461, 1646, 25007, NULL, NULL, NULL, 1, NULL, NULL, '', '', '', '', '', 5, 50);
INSERT INTO lba.sub_play (play_id, seconds_da_start, player_made_id, team_made_id, game_made_id, player_suffered_id, team_suffered_id, game_suffered_id, shot_id, turnover_id, foul_id, rebound_defensive_01, rebound_offensive_01, assist_01, blocks_01, time_out_01, x, y)VALUES(27440, 32, 7462, 1646, 25007, 7406, 1649, 25007, NULL, NULL, 4, '', '', '', '', '', 93, 43);
INSERT INTO lba.sub_play (play_id, seconds_da_start, player_made_id, team_made_id, game_made_id, player_suffered_id, team_suffered_id, game_suffered_id, shot_id, turnover_id, foul_id, rebound_defensive_01, rebound_offensive_01, assist_01, blocks_01, time_out_01, x, y)VALUES(27440, 32, 7406, 1649, 25007, NULL, NULL, NULL, 5, NULL, NULL, '', '', '', '', '', NULL, NULL);
INSERT INTO lba.sub_play (play_id, seconds_da_start, player_made_id, team_made_id, game_made_id, player_suffered_id, team_suffered_id, game_suffered_id, shot_id, turnover_id, foul_id, rebound_defensive_01, rebound_offensive_01, assist_01, blocks_01, time_out_01, x, y)VALUES(27440, 32, 7406, 1649, 25007, NULL, NULL, NULL, 5, NULL, NULL, '', '', '', '', '', NULL, NULL);

INSERT INTO play(id, game_id, seconds_start, seconds_end, quarter, attack_home_01, score_home, score_guest)VALUES(27441, 25007, 413, 435, 1, '1', 12, 20);
INSERT INTO player_team_game_play(player_id, team_id, game_id, play_id, seconds_start, seconds_end) VALUES(4162, 1646, 25007, 27441, 413, 435);
INSERT INTO player_team_game_play(player_id, team_id, game_id, play_id, seconds_start, seconds_end) VALUES(4452, 1646, 25007, 27441, 413, 435);
INSERT INTO player_team_game_play(player_id, team_id, game_id, play_id, seconds_start, seconds_end) VALUES(7461, 1646, 25007, 27441, 413, 435);
INSERT INTO player_team_game_play(player_id, team_id, game_id, play_id, seconds_start, seconds_end) VALUES(7462, 1646, 25007, 27441, 413, 435);
INSERT INTO player_team_game_play(player_id, team_id, game_id, play_id, seconds_start, seconds_end) VALUES(6328, 1646, 25007, 27441, 413, 435);
INSERT INTO player_team_game_play(player_id, team_id, game_id, play_id, seconds_start, seconds_end) VALUES(7015, 1649, 25007, 27441, 413, 435);
INSERT INTO player_team_game_play(player_id, team_id, game_id, play_id, seconds_start, seconds_end) VALUES(3176, 1649, 25007, 27441, 413, 435);
INSERT INTO player_team_game_play(player_id, team_id, game_id, play_id, seconds_start, seconds_end) VALUES(7405, 1649, 25007, 27441, 413, 435);
INSERT INTO player_team_game_play(player_id, team_id, game_id, play_id, seconds_start, seconds_end) VALUES(7406, 1649, 25007, 27441, 413, 435);
INSERT INTO player_team_game_play(player_id, team_id, game_id, play_id, seconds_start, seconds_end) VALUES(2103, 1649, 25007, 27441, 413, 435);
INSERT INTO lba.sub_play (play_id, seconds_da_start, player_made_id, team_made_id, game_made_id, player_suffered_id, team_suffered_id, game_suffered_id, shot_id, turnover_id, foul_id, rebound_defensive_01, rebound_offensive_01, assist_01, blocks_01, time_out_01, x, y)VALUES(27441, 22, 6328, 1646, 25007, NULL, NULL, NULL, 2, NULL, NULL, '', '', '', '', '', 8, 50);
INSERT INTO lba.sub_play (play_id, seconds_da_start, player_made_id, team_made_id, game_made_id, player_suffered_id, team_suffered_id, game_suffered_id, shot_id, turnover_id, foul_id, rebound_defensive_01, rebound_offensive_01, assist_01, blocks_01, time_out_01, x, y)VALUES(27441, 22, 7405, 1649, 25007, NULL, NULL, NULL, NULL, NULL, NULL, '1', '', '', '', '', 8, 50);

INSERT INTO play(id, game_id, seconds_start, seconds_end, quarter, attack_home_01, score_home, score_guest)VALUES(27442, 25007, 435, 450, 1, '0', 12, 23);
INSERT INTO player_team_game_play(player_id, team_id, game_id, play_id, seconds_start, seconds_end) VALUES(4162, 1646, 25007, 27442, 435, 450);
INSERT INTO player_team_game_play(player_id, team_id, game_id, play_id, seconds_start, seconds_end) VALUES(4452, 1646, 25007, 27442, 435, 450);
INSERT INTO player_team_game_play(player_id, team_id, game_id, play_id, seconds_start, seconds_end) VALUES(7461, 1646, 25007, 27442, 435, 450);
INSERT INTO player_team_game_play(player_id, team_id, game_id, play_id, seconds_start, seconds_end) VALUES(7462, 1646, 25007, 27442, 435, 450);
INSERT INTO player_team_game_play(player_id, team_id, game_id, play_id, seconds_start, seconds_end) VALUES(6328, 1646, 25007, 27442, 435, 450);
INSERT INTO player_team_game_play(player_id, team_id, game_id, play_id, seconds_start, seconds_end) VALUES(7015, 1649, 25007, 27442, 435, 450);
INSERT INTO player_team_game_play(player_id, team_id, game_id, play_id, seconds_start, seconds_end) VALUES(3176, 1649, 25007, 27442, 435, 450);
INSERT INTO player_team_game_play(player_id, team_id, game_id, play_id, seconds_start, seconds_end) VALUES(7405, 1649, 25007, 27442, 435, 450);
INSERT INTO player_team_game_play(player_id, team_id, game_id, play_id, seconds_start, seconds_end) VALUES(7406, 1649, 25007, 27442, 435, 450);
INSERT INTO player_team_game_play(player_id, team_id, game_id, play_id, seconds_start, seconds_end) VALUES(2103, 1649, 25007, 27442, 435, 450);
UPDATE player_team_game_play SET seconds_end = 450 WHERE player_id = 3176 AND game_id = 25007 AND play_id = 27442;
INSERT INTO player_team_game_play(player_id, team_id, game_id, play_id, seconds_start, seconds_end) VALUES(4692, 1649, 25007, 27442, 450, 450);
INSERT INTO lba.sub_play (play_id, seconds_da_start, player_made_id, team_made_id, game_made_id, player_suffered_id, team_suffered_id, game_suffered_id, shot_id, turnover_id, foul_id, rebound_defensive_01, rebound_offensive_01, assist_01, blocks_01, time_out_01, x, y)VALUES(27442, 13, 7406, 1649, 25007, NULL, NULL, NULL, 3, NULL, NULL, '', '', '', '', '', 69, 74);
INSERT INTO lba.sub_play (play_id, seconds_da_start, player_made_id, team_made_id, game_made_id, player_suffered_id, team_suffered_id, game_suffered_id, shot_id, turnover_id, foul_id, rebound_defensive_01, rebound_offensive_01, assist_01, blocks_01, time_out_01, x, y)VALUES(27442, 13, 6328, 1646, 25007, 7406, 1649, 25007, NULL, NULL, 4, '', '', '', '', '', 69, 74);
INSERT INTO lba.sub_play (play_id, seconds_da_start, player_made_id, team_made_id, game_made_id, player_suffered_id, team_suffered_id, game_suffered_id, shot_id, turnover_id, foul_id, rebound_defensive_01, rebound_offensive_01, assist_01, blocks_01, time_out_01, x, y)VALUES(27442, 15, 7406, 1649, 25007, NULL, NULL, NULL, 6, NULL, NULL, '', '', '', '', '', NULL, NULL);
INSERT INTO lba.sub_play (play_id, seconds_da_start, player_made_id, team_made_id, game_made_id, player_suffered_id, team_suffered_id, game_suffered_id, shot_id, turnover_id, foul_id, rebound_defensive_01, rebound_offensive_01, assist_01, blocks_01, time_out_01, x, y)VALUES(27442, 15, 6328, 1646, 25007, NULL, NULL, NULL, NULL, NULL, NULL, '1', '', '', '', '', NULL, NULL);

INSERT INTO play(id, game_id, seconds_start, seconds_end, quarter, attack_home_01, score_home, score_guest)VALUES(27443, 25007, 450, 452, 1, '1', 14, 23);
INSERT INTO player_team_game_play(player_id, team_id, game_id, play_id, seconds_start, seconds_end) VALUES(4162, 1646, 25007, 27443, 450, 452);
INSERT INTO player_team_game_play(player_id, team_id, game_id, play_id, seconds_start, seconds_end) VALUES(4452, 1646, 25007, 27443, 450, 452);
INSERT INTO player_team_game_play(player_id, team_id, game_id, play_id, seconds_start, seconds_end) VALUES(7461, 1646, 25007, 27443, 450, 452);
INSERT INTO player_team_game_play(player_id, team_id, game_id, play_id, seconds_start, seconds_end) VALUES(7462, 1646, 25007, 27443, 450, 452);
INSERT INTO player_team_game_play(player_id, team_id, game_id, play_id, seconds_start, seconds_end) VALUES(6328, 1646, 25007, 27443, 450, 452);
INSERT INTO player_team_game_play(player_id, team_id, game_id, play_id, seconds_start, seconds_end) VALUES(7015, 1649, 25007, 27443, 450, 452);
INSERT INTO player_team_game_play(player_id, team_id, game_id, play_id, seconds_start, seconds_end) VALUES(3176, 1649, 25007, 27443, 450, 452);
INSERT INTO player_team_game_play(player_id, team_id, game_id, play_id, seconds_start, seconds_end) VALUES(7405, 1649, 25007, 27443, 450, 452);
INSERT INTO player_team_game_play(player_id, team_id, game_id, play_id, seconds_start, seconds_end) VALUES(7406, 1649, 25007, 27443, 450, 452);
INSERT INTO player_team_game_play(player_id, team_id, game_id, play_id, seconds_start, seconds_end) VALUES(2103, 1649, 25007, 27443, 450, 452);
UPDATE player_team_game_play SET seconds_end = 450 WHERE player_id = 3176 AND game_id = 25007 AND play_id = 27443;
INSERT INTO player_team_game_play(player_id, team_id, game_id, play_id, seconds_start, seconds_end) VALUES(4692, 1649, 25007, 27443, 450, 452);
UPDATE player_team_game_play SET seconds_end = 452 WHERE player_id = 6328 AND game_id = 25007 AND play_id = 27443;
INSERT INTO player_team_game_play(player_id, team_id, game_id, play_id, seconds_start, seconds_end) VALUES(45, 1646, 25007, 27443, 452, 452);
INSERT INTO lba.sub_play (play_id, seconds_da_start, player_made_id, team_made_id, game_made_id, player_suffered_id, team_suffered_id, game_suffered_id, shot_id, turnover_id, foul_id, rebound_defensive_01, rebound_offensive_01, assist_01, blocks_01, time_out_01, x, y)VALUES(27443, 2, 4692, 1649, 25007, 6328, 1646, 25007, NULL, NULL, 1, '', '', '', '', '', 93, 44);
INSERT INTO lba.sub_play (play_id, seconds_da_start, player_made_id, team_made_id, game_made_id, player_suffered_id, team_suffered_id, game_suffered_id, shot_id, turnover_id, foul_id, rebound_defensive_01, rebound_offensive_01, assist_01, blocks_01, time_out_01, x, y)VALUES(27443, 2, 6328, 1646, 25007, NULL, NULL, NULL, 5, NULL, NULL, '', '', '', '', '', NULL, NULL);
INSERT INTO lba.sub_play (play_id, seconds_da_start, player_made_id, team_made_id, game_made_id, player_suffered_id, team_suffered_id, game_suffered_id, shot_id, turnover_id, foul_id, rebound_defensive_01, rebound_offensive_01, assist_01, blocks_01, time_out_01, x, y)VALUES(27443, 2, 6328, 1646, 25007, NULL, NULL, NULL, 5, NULL, NULL, '', '', '', '', '', NULL, NULL);

INSERT INTO play(id, game_id, seconds_start, seconds_end, quarter, attack_home_01, score_home, score_guest)VALUES(27444, 25007, 452, 463, 1, '0', 14, 23);
INSERT INTO player_team_game_play(player_id, team_id, game_id, play_id, seconds_start, seconds_end) VALUES(4162, 1646, 25007, 27444, 452, 463);
INSERT INTO player_team_game_play(player_id, team_id, game_id, play_id, seconds_start, seconds_end) VALUES(4452, 1646, 25007, 27444, 452, 463);
INSERT INTO player_team_game_play(player_id, team_id, game_id, play_id, seconds_start, seconds_end) VALUES(7461, 1646, 25007, 27444, 452, 463);
INSERT INTO player_team_game_play(player_id, team_id, game_id, play_id, seconds_start, seconds_end) VALUES(7462, 1646, 25007, 27444, 452, 463);
INSERT INTO player_team_game_play(player_id, team_id, game_id, play_id, seconds_start, seconds_end) VALUES(6328, 1646, 25007, 27444, 452, 463);
INSERT INTO player_team_game_play(player_id, team_id, game_id, play_id, seconds_start, seconds_end) VALUES(7015, 1649, 25007, 27444, 452, 463);
INSERT INTO player_team_game_play(player_id, team_id, game_id, play_id, seconds_start, seconds_end) VALUES(7405, 1649, 25007, 27444, 452, 463);
INSERT INTO player_team_game_play(player_id, team_id, game_id, play_id, seconds_start, seconds_end) VALUES(7406, 1649, 25007, 27444, 452, 463);
INSERT INTO player_team_game_play(player_id, team_id, game_id, play_id, seconds_start, seconds_end) VALUES(4692, 1649, 25007, 27444, 452, 463);
INSERT INTO player_team_game_play(player_id, team_id, game_id, play_id, seconds_start, seconds_end) VALUES(2103, 1649, 25007, 27444, 452, 463);
UPDATE player_team_game_play SET seconds_end = 452 WHERE player_id = 6328 AND game_id = 25007 AND play_id = 27444;
INSERT INTO player_team_game_play(player_id, team_id, game_id, play_id, seconds_start, seconds_end) VALUES(45, 1646, 25007, 27444, 452, 463);
INSERT INTO lba.sub_play (play_id, seconds_da_start, player_made_id, team_made_id, game_made_id, player_suffered_id, team_suffered_id, game_suffered_id, shot_id, turnover_id, foul_id, rebound_defensive_01, rebound_offensive_01, assist_01, blocks_01, time_out_01, x, y)VALUES(27444, 11, 7405, 1649, 25007, 45, 1646, 25007, NULL, NULL, 7, '', '', '', '', '', 73, 49);
INSERT INTO lba.sub_play (play_id, seconds_da_start, player_made_id, team_made_id, game_made_id, player_suffered_id, team_suffered_id, game_suffered_id, shot_id, turnover_id, foul_id, rebound_defensive_01, rebound_offensive_01, assist_01, blocks_01, time_out_01, x, y)VALUES(27444, 11, 7405, 1649, 25007, NULL, NULL, NULL, NULL, 13, NULL, '', '', '', '', '', 73, 49);

INSERT INTO play(id, game_id, seconds_start, seconds_end, quarter, attack_home_01, score_home, score_guest)VALUES(27445, 25007, 463, 482, 1, '1', 14, 23);
INSERT INTO player_team_game_play(player_id, team_id, game_id, play_id, seconds_start, seconds_end) VALUES(4162, 1646, 25007, 27445, 463, 482);
INSERT INTO player_team_game_play(player_id, team_id, game_id, play_id, seconds_start, seconds_end) VALUES(4452, 1646, 25007, 27445, 463, 482);
INSERT INTO player_team_game_play(player_id, team_id, game_id, play_id, seconds_start, seconds_end) VALUES(7461, 1646, 25007, 27445, 463, 482);
INSERT INTO player_team_game_play(player_id, team_id, game_id, play_id, seconds_start, seconds_end) VALUES(7462, 1646, 25007, 27445, 463, 482);
INSERT INTO player_team_game_play(player_id, team_id, game_id, play_id, seconds_start, seconds_end) VALUES(45, 1646, 25007, 27445, 463, 482);
INSERT INTO player_team_game_play(player_id, team_id, game_id, play_id, seconds_start, seconds_end) VALUES(7015, 1649, 25007, 27445, 463, 482);
INSERT INTO player_team_game_play(player_id, team_id, game_id, play_id, seconds_start, seconds_end) VALUES(7405, 1649, 25007, 27445, 463, 482);
INSERT INTO player_team_game_play(player_id, team_id, game_id, play_id, seconds_start, seconds_end) VALUES(7406, 1649, 25007, 27445, 463, 482);
INSERT INTO player_team_game_play(player_id, team_id, game_id, play_id, seconds_start, seconds_end) VALUES(4692, 1649, 25007, 27445, 463, 482);
INSERT INTO player_team_game_play(player_id, team_id, game_id, play_id, seconds_start, seconds_end) VALUES(2103, 1649, 25007, 27445, 463, 482);
INSERT INTO lba.sub_play (play_id, seconds_da_start, player_made_id, team_made_id, game_made_id, player_suffered_id, team_suffered_id, game_suffered_id, shot_id, turnover_id, foul_id, rebound_defensive_01, rebound_offensive_01, assist_01, blocks_01, time_out_01, x, y)VALUES(27445, 19, 7461, 1646, 25007, NULL, NULL, NULL, 2, NULL, NULL, '', '', '', '', '', 8, 41);
INSERT INTO lba.sub_play (play_id, seconds_da_start, player_made_id, team_made_id, game_made_id, player_suffered_id, team_suffered_id, game_suffered_id, shot_id, turnover_id, foul_id, rebound_defensive_01, rebound_offensive_01, assist_01, blocks_01, time_out_01, x, y)VALUES(27445, 19, 7405, 1649, 25007, NULL, NULL, NULL, NULL, NULL, NULL, '1', '', '', '', '', 8, 41);

INSERT INTO play(id, game_id, seconds_start, seconds_end, quarter, attack_home_01, score_home, score_guest)VALUES(27446, 25007, 482, 506, 1, '1', 15, 25);
INSERT INTO player_team_game_play(player_id, team_id, game_id, play_id, seconds_start, seconds_end) VALUES(4162, 1646, 25007, 27446, 482, 506);
INSERT INTO player_team_game_play(player_id, team_id, game_id, play_id, seconds_start, seconds_end) VALUES(4452, 1646, 25007, 27446, 482, 506);
INSERT INTO player_team_game_play(player_id, team_id, game_id, play_id, seconds_start, seconds_end) VALUES(7461, 1646, 25007, 27446, 482, 506);
INSERT INTO player_team_game_play(player_id, team_id, game_id, play_id, seconds_start, seconds_end) VALUES(7462, 1646, 25007, 27446, 482, 506);
INSERT INTO player_team_game_play(player_id, team_id, game_id, play_id, seconds_start, seconds_end) VALUES(45, 1646, 25007, 27446, 482, 506);
INSERT INTO player_team_game_play(player_id, team_id, game_id, play_id, seconds_start, seconds_end) VALUES(7015, 1649, 25007, 27446, 482, 506);
INSERT INTO player_team_game_play(player_id, team_id, game_id, play_id, seconds_start, seconds_end) VALUES(7405, 1649, 25007, 27446, 482, 506);
INSERT INTO player_team_game_play(player_id, team_id, game_id, play_id, seconds_start, seconds_end) VALUES(7406, 1649, 25007, 27446, 482, 506);
INSERT INTO player_team_game_play(player_id, team_id, game_id, play_id, seconds_start, seconds_end) VALUES(4692, 1649, 25007, 27446, 482, 506);
INSERT INTO player_team_game_play(player_id, team_id, game_id, play_id, seconds_start, seconds_end) VALUES(2103, 1649, 25007, 27446, 482, 506);
UPDATE player_team_game_play SET seconds_end = 506 WHERE player_id = 45 AND game_id = 25007 AND play_id = 27446;
UPDATE player_team_game_play SET seconds_end = 506 WHERE player_id = 7461 AND game_id = 25007 AND play_id = 27446;
INSERT INTO player_team_game_play(player_id, team_id, game_id, play_id, seconds_start, seconds_end) VALUES(418, 1646, 25007, 27446, 506, 506);
INSERT INTO player_team_game_play(player_id, team_id, game_id, play_id, seconds_start, seconds_end) VALUES(7314, 1646, 25007, 27446, 506, 506);
UPDATE player_team_game_play SET seconds_end = 506 WHERE player_id = 7406 AND game_id = 25007 AND play_id = 27446;
UPDATE player_team_game_play SET seconds_end = 506 WHERE player_id = 7015 AND game_id = 25007 AND play_id = 27446;
INSERT INTO player_team_game_play(player_id, team_id, game_id, play_id, seconds_start, seconds_end) VALUES(7404, 1649, 25007, 27446, 506, 506);
INSERT INTO player_team_game_play(player_id, team_id, game_id, play_id, seconds_start, seconds_end) VALUES(1775, 1649, 25007, 27446, 506, 506);
INSERT INTO lba.sub_play (play_id, seconds_da_start, player_made_id, team_made_id, game_made_id, player_suffered_id, team_suffered_id, game_suffered_id, shot_id, turnover_id, foul_id, rebound_defensive_01, rebound_offensive_01, assist_01, blocks_01, time_out_01, x, y)VALUES(27446, 16, 7015, 1649, 25007, NULL, NULL, NULL, 1, NULL, NULL, '', '', '', '', '', 93, 59);
INSERT INTO lba.sub_play (play_id, seconds_da_start, player_made_id, team_made_id, game_made_id, player_suffered_id, team_suffered_id, game_suffered_id, shot_id, turnover_id, foul_id, rebound_defensive_01, rebound_offensive_01, assist_01, blocks_01, time_out_01, x, y)VALUES(27446, 24, 7015, 1649, 25007, 45, 1646, 25007, NULL, NULL, 1, '', '', '', '', '', 24, 52);
INSERT INTO lba.sub_play (play_id, seconds_da_start, player_made_id, team_made_id, game_made_id, player_suffered_id, team_suffered_id, game_suffered_id, shot_id, turnover_id, foul_id, rebound_defensive_01, rebound_offensive_01, assist_01, blocks_01, time_out_01, x, y)VALUES(27446, 24, 45, 1646, 25007, NULL, NULL, NULL, 6, NULL, NULL, '', '', '', '', '', NULL, NULL);
INSERT INTO lba.sub_play (play_id, seconds_da_start, player_made_id, team_made_id, game_made_id, player_suffered_id, team_suffered_id, game_suffered_id, shot_id, turnover_id, foul_id, rebound_defensive_01, rebound_offensive_01, assist_01, blocks_01, time_out_01, x, y)VALUES(27446, 24, 45, 1646, 25007, NULL, NULL, NULL, 5, NULL, NULL, '', '', '', '', '', NULL, NULL);

INSERT INTO play(id, game_id, seconds_start, seconds_end, quarter, attack_home_01, score_home, score_guest)VALUES(27447, 25007, 506, 526, 1, '0', 15, 25);
INSERT INTO player_team_game_play(player_id, team_id, game_id, play_id, seconds_start, seconds_end) VALUES(4162, 1646, 25007, 27447, 506, 526);
INSERT INTO player_team_game_play(player_id, team_id, game_id, play_id, seconds_start, seconds_end) VALUES(4452, 1646, 25007, 27447, 506, 526);
INSERT INTO player_team_game_play(player_id, team_id, game_id, play_id, seconds_start, seconds_end) VALUES(7461, 1646, 25007, 27447, 506, 526);
INSERT INTO player_team_game_play(player_id, team_id, game_id, play_id, seconds_start, seconds_end) VALUES(7462, 1646, 25007, 27447, 506, 526);
INSERT INTO player_team_game_play(player_id, team_id, game_id, play_id, seconds_start, seconds_end) VALUES(45, 1646, 25007, 27447, 506, 526);
INSERT INTO player_team_game_play(player_id, team_id, game_id, play_id, seconds_start, seconds_end) VALUES(7015, 1649, 25007, 27447, 506, 526);
INSERT INTO player_team_game_play(player_id, team_id, game_id, play_id, seconds_start, seconds_end) VALUES(7405, 1649, 25007, 27447, 506, 526);
INSERT INTO player_team_game_play(player_id, team_id, game_id, play_id, seconds_start, seconds_end) VALUES(7406, 1649, 25007, 27447, 506, 526);
INSERT INTO player_team_game_play(player_id, team_id, game_id, play_id, seconds_start, seconds_end) VALUES(4692, 1649, 25007, 27447, 506, 526);
INSERT INTO player_team_game_play(player_id, team_id, game_id, play_id, seconds_start, seconds_end) VALUES(2103, 1649, 25007, 27447, 506, 526);
UPDATE player_team_game_play SET seconds_end = 506 WHERE player_id = 45 AND game_id = 25007 AND play_id = 27447;
UPDATE player_team_game_play SET seconds_end = 506 WHERE player_id = 7461 AND game_id = 25007 AND play_id = 27447;
INSERT INTO player_team_game_play(player_id, team_id, game_id, play_id, seconds_start, seconds_end) VALUES(418, 1646, 25007, 27447, 506, 526);
INSERT INTO player_team_game_play(player_id, team_id, game_id, play_id, seconds_start, seconds_end) VALUES(7314, 1646, 25007, 27447, 506, 526);
UPDATE player_team_game_play SET seconds_end = 506 WHERE player_id = 7406 AND game_id = 25007 AND play_id = 27447;
UPDATE player_team_game_play SET seconds_end = 506 WHERE player_id = 7015 AND game_id = 25007 AND play_id = 27447;
INSERT INTO player_team_game_play(player_id, team_id, game_id, play_id, seconds_start, seconds_end) VALUES(7404, 1649, 25007, 27447, 506, 526);
INSERT INTO player_team_game_play(player_id, team_id, game_id, play_id, seconds_start, seconds_end) VALUES(1775, 1649, 25007, 27447, 506, 526);
INSERT INTO lba.sub_play (play_id, seconds_da_start, player_made_id, team_made_id, game_made_id, player_suffered_id, team_suffered_id, game_suffered_id, shot_id, turnover_id, foul_id, rebound_defensive_01, rebound_offensive_01, assist_01, blocks_01, time_out_01, x, y)VALUES(27447, 20, 7405, 1649, 25007, NULL, NULL, NULL, 2, NULL, NULL, '', '', '', '', '', 91, 43);
INSERT INTO lba.sub_play (play_id, seconds_da_start, player_made_id, team_made_id, game_made_id, player_suffered_id, team_suffered_id, game_suffered_id, shot_id, turnover_id, foul_id, rebound_defensive_01, rebound_offensive_01, assist_01, blocks_01, time_out_01, x, y)VALUES(27447, 20, 1775, 1649, 25007, NULL, NULL, NULL, NULL, NULL, NULL, '', '1', '', '', '', 91, 43);
INSERT INTO lba.sub_play (play_id, seconds_da_start, player_made_id, team_made_id, game_made_id, player_suffered_id, team_suffered_id, game_suffered_id, shot_id, turnover_id, foul_id, rebound_defensive_01, rebound_offensive_01, assist_01, blocks_01, time_out_01, x, y)VALUES(27447, 20, 1775, 1649, 25007, NULL, NULL, NULL, 2, NULL, NULL, '', '', '', '', '', 91, 43);
INSERT INTO lba.sub_play (play_id, seconds_da_start, player_made_id, team_made_id, game_made_id, player_suffered_id, team_suffered_id, game_suffered_id, shot_id, turnover_id, foul_id, rebound_defensive_01, rebound_offensive_01, assist_01, blocks_01, time_out_01, x, y)VALUES(27447, 20, 4452, 1646, 25007, NULL, NULL, NULL, NULL, NULL, NULL, '1', '', '', '', '', 91, 43);

INSERT INTO play(id, game_id, seconds_start, seconds_end, quarter, attack_home_01, score_home, score_guest)VALUES(27448, 25007, 526, 531, 1, '1', 16, 25);
INSERT INTO player_team_game_play(player_id, team_id, game_id, play_id, seconds_start, seconds_end) VALUES(4162, 1646, 25007, 27448, 526, 531);
INSERT INTO player_team_game_play(player_id, team_id, game_id, play_id, seconds_start, seconds_end) VALUES(418, 1646, 25007, 27448, 526, 531);
INSERT INTO player_team_game_play(player_id, team_id, game_id, play_id, seconds_start, seconds_end) VALUES(4452, 1646, 25007, 27448, 526, 531);
INSERT INTO player_team_game_play(player_id, team_id, game_id, play_id, seconds_start, seconds_end) VALUES(7314, 1646, 25007, 27448, 526, 531);
INSERT INTO player_team_game_play(player_id, team_id, game_id, play_id, seconds_start, seconds_end) VALUES(7462, 1646, 25007, 27448, 526, 531);
INSERT INTO player_team_game_play(player_id, team_id, game_id, play_id, seconds_start, seconds_end) VALUES(4692, 1649, 25007, 27448, 526, 531);
INSERT INTO player_team_game_play(player_id, team_id, game_id, play_id, seconds_start, seconds_end) VALUES(2103, 1649, 25007, 27448, 526, 531);
INSERT INTO player_team_game_play(player_id, team_id, game_id, play_id, seconds_start, seconds_end) VALUES(7404, 1649, 25007, 27448, 526, 531);
INSERT INTO player_team_game_play(player_id, team_id, game_id, play_id, seconds_start, seconds_end) VALUES(7405, 1649, 25007, 27448, 526, 531);
INSERT INTO player_team_game_play(player_id, team_id, game_id, play_id, seconds_start, seconds_end) VALUES(1775, 1649, 25007, 27448, 526, 531);
UPDATE player_team_game_play SET seconds_end = 531 WHERE player_id = 4692 AND game_id = 25007 AND play_id = 27448;
INSERT INTO player_team_game_play(player_id, team_id, game_id, play_id, seconds_start, seconds_end) VALUES(3176, 1649, 25007, 27448, 531, 531);
INSERT INTO lba.sub_play (play_id, seconds_da_start, player_made_id, team_made_id, game_made_id, player_suffered_id, team_suffered_id, game_suffered_id, shot_id, turnover_id, foul_id, rebound_defensive_01, rebound_offensive_01, assist_01, blocks_01, time_out_01, x, y)VALUES(27448, 5, 7405, 1649, 25007, 4162, 1646, 25007, NULL, NULL, 4, '', '', '', '', '', 7, 44);
INSERT INTO lba.sub_play (play_id, seconds_da_start, player_made_id, team_made_id, game_made_id, player_suffered_id, team_suffered_id, game_suffered_id, shot_id, turnover_id, foul_id, rebound_defensive_01, rebound_offensive_01, assist_01, blocks_01, time_out_01, x, y)VALUES(27448, 5, 4162, 1646, 25007, NULL, NULL, NULL, 5, NULL, NULL, '', '', '', '', '', NULL, NULL);

INSERT INTO play(id, game_id, seconds_start, seconds_end, quarter, attack_home_01, score_home, score_guest)VALUES(27449, 25007, 531, 531, 1, '1', 16, 25);
INSERT INTO player_team_game_play(player_id, team_id, game_id, play_id, seconds_start, seconds_end) VALUES(4162, 1646, 25007, 27449, 531, 531);
INSERT INTO player_team_game_play(player_id, team_id, game_id, play_id, seconds_start, seconds_end) VALUES(418, 1646, 25007, 27449, 531, 531);
INSERT INTO player_team_game_play(player_id, team_id, game_id, play_id, seconds_start, seconds_end) VALUES(4452, 1646, 25007, 27449, 531, 531);
INSERT INTO player_team_game_play(player_id, team_id, game_id, play_id, seconds_start, seconds_end) VALUES(7314, 1646, 25007, 27449, 531, 531);
INSERT INTO player_team_game_play(player_id, team_id, game_id, play_id, seconds_start, seconds_end) VALUES(7462, 1646, 25007, 27449, 531, 531);
INSERT INTO player_team_game_play(player_id, team_id, game_id, play_id, seconds_start, seconds_end) VALUES(4692, 1649, 25007, 27449, 531, 531);
INSERT INTO player_team_game_play(player_id, team_id, game_id, play_id, seconds_start, seconds_end) VALUES(2103, 1649, 25007, 27449, 531, 531);
INSERT INTO player_team_game_play(player_id, team_id, game_id, play_id, seconds_start, seconds_end) VALUES(7404, 1649, 25007, 27449, 531, 531);
INSERT INTO player_team_game_play(player_id, team_id, game_id, play_id, seconds_start, seconds_end) VALUES(7405, 1649, 25007, 27449, 531, 531);
INSERT INTO player_team_game_play(player_id, team_id, game_id, play_id, seconds_start, seconds_end) VALUES(1775, 1649, 25007, 27449, 531, 531);
UPDATE player_team_game_play SET seconds_end = 531 WHERE player_id = 4692 AND game_id = 25007 AND play_id = 27449;
INSERT INTO player_team_game_play(player_id, team_id, game_id, play_id, seconds_start, seconds_end) VALUES(3176, 1649, 25007, 27449, 531, 531);
INSERT INTO lba.sub_play (play_id, seconds_da_start, player_made_id, team_made_id, game_made_id, player_suffered_id, team_suffered_id, game_suffered_id, shot_id, turnover_id, foul_id, rebound_defensive_01, rebound_offensive_01, assist_01, blocks_01, time_out_01, x, y)VALUES(27449, 0, 4162, 1646, 25007, NULL, NULL, NULL, 6, NULL, NULL, '', '', '', '', '', NULL, NULL);
INSERT INTO lba.sub_play (play_id, seconds_da_start, player_made_id, team_made_id, game_made_id, player_suffered_id, team_suffered_id, game_suffered_id, shot_id, turnover_id, foul_id, rebound_defensive_01, rebound_offensive_01, assist_01, blocks_01, time_out_01, x, y)VALUES(27449, 0, 7405, 1649, 25007, NULL, NULL, NULL, NULL, NULL, NULL, '1', '', '', '', '', NULL, NULL);

INSERT INTO play(id, game_id, seconds_start, seconds_end, quarter, attack_home_01, score_home, score_guest)VALUES(27450, 25007, 531, 545, 1, '0', 16, 27);
INSERT INTO player_team_game_play(player_id, team_id, game_id, play_id, seconds_start, seconds_end) VALUES(4162, 1646, 25007, 27450, 531, 545);
INSERT INTO player_team_game_play(player_id, team_id, game_id, play_id, seconds_start, seconds_end) VALUES(418, 1646, 25007, 27450, 531, 545);
INSERT INTO player_team_game_play(player_id, team_id, game_id, play_id, seconds_start, seconds_end) VALUES(4452, 1646, 25007, 27450, 531, 545);
INSERT INTO player_team_game_play(player_id, team_id, game_id, play_id, seconds_start, seconds_end) VALUES(7314, 1646, 25007, 27450, 531, 545);
INSERT INTO player_team_game_play(player_id, team_id, game_id, play_id, seconds_start, seconds_end) VALUES(7462, 1646, 25007, 27450, 531, 545);
INSERT INTO player_team_game_play(player_id, team_id, game_id, play_id, seconds_start, seconds_end) VALUES(4692, 1649, 25007, 27450, 531, 545);
INSERT INTO player_team_game_play(player_id, team_id, game_id, play_id, seconds_start, seconds_end) VALUES(2103, 1649, 25007, 27450, 531, 545);
INSERT INTO player_team_game_play(player_id, team_id, game_id, play_id, seconds_start, seconds_end) VALUES(7404, 1649, 25007, 27450, 531, 545);
INSERT INTO player_team_game_play(player_id, team_id, game_id, play_id, seconds_start, seconds_end) VALUES(7405, 1649, 25007, 27450, 531, 545);
INSERT INTO player_team_game_play(player_id, team_id, game_id, play_id, seconds_start, seconds_end) VALUES(1775, 1649, 25007, 27450, 531, 545);
UPDATE player_team_game_play SET seconds_end = 531 WHERE player_id = 4692 AND game_id = 25007 AND play_id = 27450;
INSERT INTO player_team_game_play(player_id, team_id, game_id, play_id, seconds_start, seconds_end) VALUES(3176, 1649, 25007, 27450, 531, 545);
UPDATE player_team_game_play SET seconds_end = 545 WHERE player_id = 7462 AND game_id = 25007 AND play_id = 27450;
INSERT INTO player_team_game_play(player_id, team_id, game_id, play_id, seconds_start, seconds_end) VALUES(6223, 1646, 25007, 27450, 545, 545);
UPDATE player_team_game_play SET seconds_end = 545 WHERE player_id = 7405 AND game_id = 25007 AND play_id = 27450;
INSERT INTO player_team_game_play(player_id, team_id, game_id, play_id, seconds_start, seconds_end) VALUES(5150, 1649, 25007, 27450, 545, 545);
INSERT INTO lba.sub_play (play_id, seconds_da_start, player_made_id, team_made_id, game_made_id, player_suffered_id, team_suffered_id, game_suffered_id, shot_id, turnover_id, foul_id, rebound_defensive_01, rebound_offensive_01, assist_01, blocks_01, time_out_01, x, y)VALUES(27450, 14, 4452, 1646, 25007, 7404, 1649, 25007, NULL, NULL, 1, '', '', '', '', '', 72, 85);
INSERT INTO lba.sub_play (play_id, seconds_da_start, player_made_id, team_made_id, game_made_id, player_suffered_id, team_suffered_id, game_suffered_id, shot_id, turnover_id, foul_id, rebound_defensive_01, rebound_offensive_01, assist_01, blocks_01, time_out_01, x, y)VALUES(27450, 14, 7404, 1649, 25007, NULL, NULL, NULL, 5, NULL, NULL, '', '', '', '', '', NULL, NULL);
INSERT INTO lba.sub_play (play_id, seconds_da_start, player_made_id, team_made_id, game_made_id, player_suffered_id, team_suffered_id, game_suffered_id, shot_id, turnover_id, foul_id, rebound_defensive_01, rebound_offensive_01, assist_01, blocks_01, time_out_01, x, y)VALUES(27450, 14, 7404, 1649, 25007, NULL, NULL, NULL, 5, NULL, NULL, '', '', '', '', '', NULL, NULL);

INSERT INTO play(id, game_id, seconds_start, seconds_end, quarter, attack_home_01, score_home, score_guest)VALUES(27451, 25007, 545, 555, 1, '1', 18, 27);
INSERT INTO player_team_game_play(player_id, team_id, game_id, play_id, seconds_start, seconds_end) VALUES(4162, 1646, 25007, 27451, 545, 555);
INSERT INTO player_team_game_play(player_id, team_id, game_id, play_id, seconds_start, seconds_end) VALUES(418, 1646, 25007, 27451, 545, 555);
INSERT INTO player_team_game_play(player_id, team_id, game_id, play_id, seconds_start, seconds_end) VALUES(4452, 1646, 25007, 27451, 545, 555);
INSERT INTO player_team_game_play(player_id, team_id, game_id, play_id, seconds_start, seconds_end) VALUES(7314, 1646, 25007, 27451, 545, 555);
INSERT INTO player_team_game_play(player_id, team_id, game_id, play_id, seconds_start, seconds_end) VALUES(7462, 1646, 25007, 27451, 545, 555);
INSERT INTO player_team_game_play(player_id, team_id, game_id, play_id, seconds_start, seconds_end) VALUES(2103, 1649, 25007, 27451, 545, 555);
INSERT INTO player_team_game_play(player_id, team_id, game_id, play_id, seconds_start, seconds_end) VALUES(3176, 1649, 25007, 27451, 545, 555);
INSERT INTO player_team_game_play(player_id, team_id, game_id, play_id, seconds_start, seconds_end) VALUES(7404, 1649, 25007, 27451, 545, 555);
INSERT INTO player_team_game_play(player_id, team_id, game_id, play_id, seconds_start, seconds_end) VALUES(7405, 1649, 25007, 27451, 545, 555);
INSERT INTO player_team_game_play(player_id, team_id, game_id, play_id, seconds_start, seconds_end) VALUES(1775, 1649, 25007, 27451, 545, 555);
UPDATE player_team_game_play SET seconds_end = 545 WHERE player_id = 7462 AND game_id = 25007 AND play_id = 27451;
INSERT INTO player_team_game_play(player_id, team_id, game_id, play_id, seconds_start, seconds_end) VALUES(6223, 1646, 25007, 27451, 545, 555);
UPDATE player_team_game_play SET seconds_end = 545 WHERE player_id = 7405 AND game_id = 25007 AND play_id = 27451;
INSERT INTO player_team_game_play(player_id, team_id, game_id, play_id, seconds_start, seconds_end) VALUES(5150, 1649, 25007, 27451, 545, 555);
INSERT INTO lba.sub_play (play_id, seconds_da_start, player_made_id, team_made_id, game_made_id, player_suffered_id, team_suffered_id, game_suffered_id, shot_id, turnover_id, foul_id, rebound_defensive_01, rebound_offensive_01, assist_01, blocks_01, time_out_01, x, y)VALUES(27451, 10, 418, 1646, 25007, NULL, NULL, NULL, 1, NULL, NULL, '', '', '', '', '', 7, 45);
INSERT INTO lba.sub_play (play_id, seconds_da_start, player_made_id, team_made_id, game_made_id, player_suffered_id, team_suffered_id, game_suffered_id, shot_id, turnover_id, foul_id, rebound_defensive_01, rebound_offensive_01, assist_01, blocks_01, time_out_01, x, y)VALUES(27451, 10, 4162, 1646, 25007, NULL, NULL, NULL, NULL, NULL, NULL, '', '', '1', '', '', 7, 45);

INSERT INTO play(id, game_id, seconds_start, seconds_end, quarter, attack_home_01, score_home, score_guest)VALUES(27452, 25007, 555, 580, 1, '0', 18, 27);
INSERT INTO player_team_game_play(player_id, team_id, game_id, play_id, seconds_start, seconds_end) VALUES(4162, 1646, 25007, 27452, 555, 580);
INSERT INTO player_team_game_play(player_id, team_id, game_id, play_id, seconds_start, seconds_end) VALUES(418, 1646, 25007, 27452, 555, 580);
INSERT INTO player_team_game_play(player_id, team_id, game_id, play_id, seconds_start, seconds_end) VALUES(4452, 1646, 25007, 27452, 555, 580);
INSERT INTO player_team_game_play(player_id, team_id, game_id, play_id, seconds_start, seconds_end) VALUES(7314, 1646, 25007, 27452, 555, 580);
INSERT INTO player_team_game_play(player_id, team_id, game_id, play_id, seconds_start, seconds_end) VALUES(6223, 1646, 25007, 27452, 555, 580);
INSERT INTO player_team_game_play(player_id, team_id, game_id, play_id, seconds_start, seconds_end) VALUES(2103, 1649, 25007, 27452, 555, 580);
INSERT INTO player_team_game_play(player_id, team_id, game_id, play_id, seconds_start, seconds_end) VALUES(3176, 1649, 25007, 27452, 555, 580);
INSERT INTO player_team_game_play(player_id, team_id, game_id, play_id, seconds_start, seconds_end) VALUES(7404, 1649, 25007, 27452, 555, 580);
INSERT INTO player_team_game_play(player_id, team_id, game_id, play_id, seconds_start, seconds_end) VALUES(5150, 1649, 25007, 27452, 555, 580);
INSERT INTO player_team_game_play(player_id, team_id, game_id, play_id, seconds_start, seconds_end) VALUES(1775, 1649, 25007, 27452, 555, 580);
INSERT INTO lba.sub_play (play_id, seconds_da_start, player_made_id, team_made_id, game_made_id, player_suffered_id, team_suffered_id, game_suffered_id, shot_id, turnover_id, foul_id, rebound_defensive_01, rebound_offensive_01, assist_01, blocks_01, time_out_01, x, y)VALUES(27452, 25, 5150, 1649, 25007, NULL, NULL, NULL, 4, NULL, NULL, '', '', '', '', '', 73, 19);
INSERT INTO lba.sub_play (play_id, seconds_da_start, player_made_id, team_made_id, game_made_id, player_suffered_id, team_suffered_id, game_suffered_id, shot_id, turnover_id, foul_id, rebound_defensive_01, rebound_offensive_01, assist_01, blocks_01, time_out_01, x, y)VALUES(27452, 25, 418, 1646, 25007, NULL, NULL, NULL, NULL, NULL, NULL, '1', '', '', '', '', 73, 19);

INSERT INTO play(id, game_id, seconds_start, seconds_end, quarter, attack_home_01, score_home, score_guest)VALUES(27453, 25007, 580, 599, 1, '1', 20, 27);
INSERT INTO player_team_game_play(player_id, team_id, game_id, play_id, seconds_start, seconds_end) VALUES(4162, 1646, 25007, 27453, 580, 599);
INSERT INTO player_team_game_play(player_id, team_id, game_id, play_id, seconds_start, seconds_end) VALUES(418, 1646, 25007, 27453, 580, 599);
INSERT INTO player_team_game_play(player_id, team_id, game_id, play_id, seconds_start, seconds_end) VALUES(4452, 1646, 25007, 27453, 580, 599);
INSERT INTO player_team_game_play(player_id, team_id, game_id, play_id, seconds_start, seconds_end) VALUES(7314, 1646, 25007, 27453, 580, 599);
INSERT INTO player_team_game_play(player_id, team_id, game_id, play_id, seconds_start, seconds_end) VALUES(6223, 1646, 25007, 27453, 580, 599);
INSERT INTO player_team_game_play(player_id, team_id, game_id, play_id, seconds_start, seconds_end) VALUES(2103, 1649, 25007, 27453, 580, 599);
INSERT INTO player_team_game_play(player_id, team_id, game_id, play_id, seconds_start, seconds_end) VALUES(3176, 1649, 25007, 27453, 580, 599);
INSERT INTO player_team_game_play(player_id, team_id, game_id, play_id, seconds_start, seconds_end) VALUES(7404, 1649, 25007, 27453, 580, 599);
INSERT INTO player_team_game_play(player_id, team_id, game_id, play_id, seconds_start, seconds_end) VALUES(5150, 1649, 25007, 27453, 580, 599);
INSERT INTO player_team_game_play(player_id, team_id, game_id, play_id, seconds_start, seconds_end) VALUES(1775, 1649, 25007, 27453, 580, 599);
INSERT INTO lba.sub_play (play_id, seconds_da_start, player_made_id, team_made_id, game_made_id, player_suffered_id, team_suffered_id, game_suffered_id, shot_id, turnover_id, foul_id, rebound_defensive_01, rebound_offensive_01, assist_01, blocks_01, time_out_01, x, y)VALUES(27453, 19, 4452, 1646, 25007, NULL, NULL, NULL, 1, NULL, NULL, '', '', '', '', '', 7, 43);
INSERT INTO lba.sub_play (play_id, seconds_da_start, player_made_id, team_made_id, game_made_id, player_suffered_id, team_suffered_id, game_suffered_id, shot_id, turnover_id, foul_id, rebound_defensive_01, rebound_offensive_01, assist_01, blocks_01, time_out_01, x, y)VALUES(27453, 19, 7314, 1646, 25007, NULL, NULL, NULL, NULL, NULL, NULL, '', '', '1', '', '', 7, 43);

INSERT INTO play(id, game_id, seconds_start, seconds_end, quarter, attack_home_01, score_home, score_guest)VALUES(27454, 25007, 599, 621, 2, '0', 20, 29);
INSERT INTO player_team_game_play(player_id, team_id, game_id, play_id, seconds_start, seconds_end) VALUES(4162, 1646, 25007, 27454, 599, 621);
INSERT INTO player_team_game_play(player_id, team_id, game_id, play_id, seconds_start, seconds_end) VALUES(418, 1646, 25007, 27454, 599, 621);
INSERT INTO player_team_game_play(player_id, team_id, game_id, play_id, seconds_start, seconds_end) VALUES(4452, 1646, 25007, 27454, 599, 621);
INSERT INTO player_team_game_play(player_id, team_id, game_id, play_id, seconds_start, seconds_end) VALUES(7314, 1646, 25007, 27454, 599, 621);
INSERT INTO player_team_game_play(player_id, team_id, game_id, play_id, seconds_start, seconds_end) VALUES(6223, 1646, 25007, 27454, 599, 621);
INSERT INTO player_team_game_play(player_id, team_id, game_id, play_id, seconds_start, seconds_end) VALUES(2103, 1649, 25007, 27454, 599, 621);
INSERT INTO player_team_game_play(player_id, team_id, game_id, play_id, seconds_start, seconds_end) VALUES(3176, 1649, 25007, 27454, 599, 621);
INSERT INTO player_team_game_play(player_id, team_id, game_id, play_id, seconds_start, seconds_end) VALUES(7404, 1649, 25007, 27454, 599, 621);
INSERT INTO player_team_game_play(player_id, team_id, game_id, play_id, seconds_start, seconds_end) VALUES(5150, 1649, 25007, 27454, 599, 621);
INSERT INTO player_team_game_play(player_id, team_id, game_id, play_id, seconds_start, seconds_end) VALUES(1775, 1649, 25007, 27454, 599, 621);
INSERT INTO lba.sub_play (play_id, seconds_da_start, player_made_id, team_made_id, game_made_id, player_suffered_id, team_suffered_id, game_suffered_id, shot_id, turnover_id, foul_id, rebound_defensive_01, rebound_offensive_01, assist_01, blocks_01, time_out_01, x, y)VALUES(27454, 22, 5150, 1649, 25007, NULL, NULL, NULL, 1, NULL, NULL, '', '', '', '', '', 93, 63);

INSERT INTO play(id, game_id, seconds_start, seconds_end, quarter, attack_home_01, score_home, score_guest)VALUES(27455, 25007, 621, 641, 2, '1', 20, 29);
INSERT INTO player_team_game_play(player_id, team_id, game_id, play_id, seconds_start, seconds_end) VALUES(4162, 1646, 25007, 27455, 621, 641);
INSERT INTO player_team_game_play(player_id, team_id, game_id, play_id, seconds_start, seconds_end) VALUES(418, 1646, 25007, 27455, 621, 641);
INSERT INTO player_team_game_play(player_id, team_id, game_id, play_id, seconds_start, seconds_end) VALUES(4452, 1646, 25007, 27455, 621, 641);
INSERT INTO player_team_game_play(player_id, team_id, game_id, play_id, seconds_start, seconds_end) VALUES(7314, 1646, 25007, 27455, 621, 641);
INSERT INTO player_team_game_play(player_id, team_id, game_id, play_id, seconds_start, seconds_end) VALUES(6223, 1646, 25007, 27455, 621, 641);
INSERT INTO player_team_game_play(player_id, team_id, game_id, play_id, seconds_start, seconds_end) VALUES(2103, 1649, 25007, 27455, 621, 641);
INSERT INTO player_team_game_play(player_id, team_id, game_id, play_id, seconds_start, seconds_end) VALUES(3176, 1649, 25007, 27455, 621, 641);
INSERT INTO player_team_game_play(player_id, team_id, game_id, play_id, seconds_start, seconds_end) VALUES(7404, 1649, 25007, 27455, 621, 641);
INSERT INTO player_team_game_play(player_id, team_id, game_id, play_id, seconds_start, seconds_end) VALUES(5150, 1649, 25007, 27455, 621, 641);
INSERT INTO player_team_game_play(player_id, team_id, game_id, play_id, seconds_start, seconds_end) VALUES(1775, 1649, 25007, 27455, 621, 641);
INSERT INTO lba.sub_play (play_id, seconds_da_start, player_made_id, team_made_id, game_made_id, player_suffered_id, team_suffered_id, game_suffered_id, shot_id, turnover_id, foul_id, rebound_defensive_01, rebound_offensive_01, assist_01, blocks_01, time_out_01, x, y)VALUES(27455, 20, 418, 1646, 25007, NULL, NULL, NULL, 2, NULL, NULL, '', '', '', '', '', 4, 60);
INSERT INTO lba.sub_play (play_id, seconds_da_start, player_made_id, team_made_id, game_made_id, player_suffered_id, team_suffered_id, game_suffered_id, shot_id, turnover_id, foul_id, rebound_defensive_01, rebound_offensive_01, assist_01, blocks_01, time_out_01, x, y)VALUES(27455, 20, 5150, 1649, 25007, NULL, NULL, NULL, NULL, NULL, NULL, '1', '', '', '', '', 4, 60);

INSERT INTO play(id, game_id, seconds_start, seconds_end, quarter, attack_home_01, score_home, score_guest)VALUES(27456, 25007, 641, 658, 2, '0', 20, 29);
INSERT INTO player_team_game_play(player_id, team_id, game_id, play_id, seconds_start, seconds_end) VALUES(4162, 1646, 25007, 27456, 641, 658);
INSERT INTO player_team_game_play(player_id, team_id, game_id, play_id, seconds_start, seconds_end) VALUES(418, 1646, 25007, 27456, 641, 658);
INSERT INTO player_team_game_play(player_id, team_id, game_id, play_id, seconds_start, seconds_end) VALUES(4452, 1646, 25007, 27456, 641, 658);
INSERT INTO player_team_game_play(player_id, team_id, game_id, play_id, seconds_start, seconds_end) VALUES(7314, 1646, 25007, 27456, 641, 658);
INSERT INTO player_team_game_play(player_id, team_id, game_id, play_id, seconds_start, seconds_end) VALUES(6223, 1646, 25007, 27456, 641, 658);
INSERT INTO player_team_game_play(player_id, team_id, game_id, play_id, seconds_start, seconds_end) VALUES(2103, 1649, 25007, 27456, 641, 658);
INSERT INTO player_team_game_play(player_id, team_id, game_id, play_id, seconds_start, seconds_end) VALUES(3176, 1649, 25007, 27456, 641, 658);
INSERT INTO player_team_game_play(player_id, team_id, game_id, play_id, seconds_start, seconds_end) VALUES(7404, 1649, 25007, 27456, 641, 658);
INSERT INTO player_team_game_play(player_id, team_id, game_id, play_id, seconds_start, seconds_end) VALUES(5150, 1649, 25007, 27456, 641, 658);
INSERT INTO player_team_game_play(player_id, team_id, game_id, play_id, seconds_start, seconds_end) VALUES(1775, 1649, 25007, 27456, 641, 658);
INSERT INTO lba.sub_play (play_id, seconds_da_start, player_made_id, team_made_id, game_made_id, player_suffered_id, team_suffered_id, game_suffered_id, shot_id, turnover_id, foul_id, rebound_defensive_01, rebound_offensive_01, assist_01, blocks_01, time_out_01, x, y)VALUES(27456, 17, 2103, 1649, 25007, NULL, NULL, NULL, 2, NULL, NULL, '', '', '', '', '', 85, 26);
INSERT INTO lba.sub_play (play_id, seconds_da_start, player_made_id, team_made_id, game_made_id, player_suffered_id, team_suffered_id, game_suffered_id, shot_id, turnover_id, foul_id, rebound_defensive_01, rebound_offensive_01, assist_01, blocks_01, time_out_01, x, y)VALUES(27456, 17, 4452, 1646, 25007, NULL, NULL, NULL, NULL, NULL, NULL, '1', '', '', '', '', 85, 26);

INSERT INTO play(id, game_id, seconds_start, seconds_end, quarter, attack_home_01, score_home, score_guest)VALUES(27457, 25007, 658, 682, 2, '1', 20, 29);
INSERT INTO player_team_game_play(player_id, team_id, game_id, play_id, seconds_start, seconds_end) VALUES(4162, 1646, 25007, 27457, 658, 682);
INSERT INTO player_team_game_play(player_id, team_id, game_id, play_id, seconds_start, seconds_end) VALUES(418, 1646, 25007, 27457, 658, 682);
INSERT INTO player_team_game_play(player_id, team_id, game_id, play_id, seconds_start, seconds_end) VALUES(4452, 1646, 25007, 27457, 658, 682);
INSERT INTO player_team_game_play(player_id, team_id, game_id, play_id, seconds_start, seconds_end) VALUES(7314, 1646, 25007, 27457, 658, 682);
INSERT INTO player_team_game_play(player_id, team_id, game_id, play_id, seconds_start, seconds_end) VALUES(6223, 1646, 25007, 27457, 658, 682);
INSERT INTO player_team_game_play(player_id, team_id, game_id, play_id, seconds_start, seconds_end) VALUES(2103, 1649, 25007, 27457, 658, 682);
INSERT INTO player_team_game_play(player_id, team_id, game_id, play_id, seconds_start, seconds_end) VALUES(3176, 1649, 25007, 27457, 658, 682);
INSERT INTO player_team_game_play(player_id, team_id, game_id, play_id, seconds_start, seconds_end) VALUES(7404, 1649, 25007, 27457, 658, 682);
INSERT INTO player_team_game_play(player_id, team_id, game_id, play_id, seconds_start, seconds_end) VALUES(5150, 1649, 25007, 27457, 658, 682);
INSERT INTO player_team_game_play(player_id, team_id, game_id, play_id, seconds_start, seconds_end) VALUES(1775, 1649, 25007, 27457, 658, 682);
INSERT INTO lba.sub_play (play_id, seconds_da_start, player_made_id, team_made_id, game_made_id, player_suffered_id, team_suffered_id, game_suffered_id, shot_id, turnover_id, foul_id, rebound_defensive_01, rebound_offensive_01, assist_01, blocks_01, time_out_01, x, y)VALUES(27457, 24, 4162, 1646, 25007, NULL, NULL, NULL, 4, NULL, NULL, '', '', '', '', '', 33, 47);
INSERT INTO lba.sub_play (play_id, seconds_da_start, player_made_id, team_made_id, game_made_id, player_suffered_id, team_suffered_id, game_suffered_id, shot_id, turnover_id, foul_id, rebound_defensive_01, rebound_offensive_01, assist_01, blocks_01, time_out_01, x, y)VALUES(27457, 24, 5150, 1649, 25007, NULL, NULL, NULL, NULL, NULL, NULL, '1', '', '', '', '', 33, 47);

INSERT INTO play(id, game_id, seconds_start, seconds_end, quarter, attack_home_01, score_home, score_guest)VALUES(27458, 25007, 682, 702, 2, '0', 20, 31);
INSERT INTO player_team_game_play(player_id, team_id, game_id, play_id, seconds_start, seconds_end) VALUES(4162, 1646, 25007, 27458, 682, 702);
INSERT INTO player_team_game_play(player_id, team_id, game_id, play_id, seconds_start, seconds_end) VALUES(418, 1646, 25007, 27458, 682, 702);
INSERT INTO player_team_game_play(player_id, team_id, game_id, play_id, seconds_start, seconds_end) VALUES(4452, 1646, 25007, 27458, 682, 702);
INSERT INTO player_team_game_play(player_id, team_id, game_id, play_id, seconds_start, seconds_end) VALUES(7314, 1646, 25007, 27458, 682, 702);
INSERT INTO player_team_game_play(player_id, team_id, game_id, play_id, seconds_start, seconds_end) VALUES(6223, 1646, 25007, 27458, 682, 702);
INSERT INTO player_team_game_play(player_id, team_id, game_id, play_id, seconds_start, seconds_end) VALUES(2103, 1649, 25007, 27458, 682, 702);
INSERT INTO player_team_game_play(player_id, team_id, game_id, play_id, seconds_start, seconds_end) VALUES(3176, 1649, 25007, 27458, 682, 702);
INSERT INTO player_team_game_play(player_id, team_id, game_id, play_id, seconds_start, seconds_end) VALUES(7404, 1649, 25007, 27458, 682, 702);
INSERT INTO player_team_game_play(player_id, team_id, game_id, play_id, seconds_start, seconds_end) VALUES(5150, 1649, 25007, 27458, 682, 702);
INSERT INTO player_team_game_play(player_id, team_id, game_id, play_id, seconds_start, seconds_end) VALUES(1775, 1649, 25007, 27458, 682, 702);
UPDATE player_team_game_play SET seconds_end = 702 WHERE player_id = 4452 AND game_id = 25007 AND play_id = 27458;
UPDATE player_team_game_play SET seconds_end = 702 WHERE player_id = 6223 AND game_id = 25007 AND play_id = 27458;
INSERT INTO player_team_game_play(player_id, team_id, game_id, play_id, seconds_start, seconds_end) VALUES(6328, 1646, 25007, 27458, 702, 702);
INSERT INTO player_team_game_play(player_id, team_id, game_id, play_id, seconds_start, seconds_end) VALUES(7461, 1646, 25007, 27458, 702, 702);
INSERT INTO lba.sub_play (play_id, seconds_da_start, player_made_id, team_made_id, game_made_id, player_suffered_id, team_suffered_id, game_suffered_id, shot_id, turnover_id, foul_id, rebound_defensive_01, rebound_offensive_01, assist_01, blocks_01, time_out_01, x, y)VALUES(27458, 14, 6223, 1646, 25007, 5150, 1649, 25007, NULL, NULL, 1, '', '', '', '', '', 69, 49);
INSERT INTO lba.sub_play (play_id, seconds_da_start, player_made_id, team_made_id, game_made_id, player_suffered_id, team_suffered_id, game_suffered_id, shot_id, turnover_id, foul_id, rebound_defensive_01, rebound_offensive_01, assist_01, blocks_01, time_out_01, x, y)VALUES(27458, 20, 1775, 1649, 25007, NULL, NULL, NULL, 1, NULL, NULL, '', '', '', '', '', 93, 56);
INSERT INTO lba.sub_play (play_id, seconds_da_start, player_made_id, team_made_id, game_made_id, player_suffered_id, team_suffered_id, game_suffered_id, shot_id, turnover_id, foul_id, rebound_defensive_01, rebound_offensive_01, assist_01, blocks_01, time_out_01, x, y)VALUES(27458, 20, 7404, 1649, 25007, NULL, NULL, NULL, NULL, NULL, NULL, '', '', '1', '', '', 93, 56);

INSERT INTO play(id, game_id, seconds_start, seconds_end, quarter, attack_home_01, score_home, score_guest)VALUES(27459, 25007, 702, 702, 2, '0', 20, 32);
INSERT INTO player_team_game_play(player_id, team_id, game_id, play_id, seconds_start, seconds_end) VALUES(4162, 1646, 25007, 27459, 702, 702);
INSERT INTO player_team_game_play(player_id, team_id, game_id, play_id, seconds_start, seconds_end) VALUES(418, 1646, 25007, 27459, 702, 702);
INSERT INTO player_team_game_play(player_id, team_id, game_id, play_id, seconds_start, seconds_end) VALUES(4452, 1646, 25007, 27459, 702, 702);
INSERT INTO player_team_game_play(player_id, team_id, game_id, play_id, seconds_start, seconds_end) VALUES(7314, 1646, 25007, 27459, 702, 702);
INSERT INTO player_team_game_play(player_id, team_id, game_id, play_id, seconds_start, seconds_end) VALUES(6223, 1646, 25007, 27459, 702, 702);
INSERT INTO player_team_game_play(player_id, team_id, game_id, play_id, seconds_start, seconds_end) VALUES(2103, 1649, 25007, 27459, 702, 702);
INSERT INTO player_team_game_play(player_id, team_id, game_id, play_id, seconds_start, seconds_end) VALUES(3176, 1649, 25007, 27459, 702, 702);
INSERT INTO player_team_game_play(player_id, team_id, game_id, play_id, seconds_start, seconds_end) VALUES(7404, 1649, 25007, 27459, 702, 702);
INSERT INTO player_team_game_play(player_id, team_id, game_id, play_id, seconds_start, seconds_end) VALUES(5150, 1649, 25007, 27459, 702, 702);
INSERT INTO player_team_game_play(player_id, team_id, game_id, play_id, seconds_start, seconds_end) VALUES(1775, 1649, 25007, 27459, 702, 702);
UPDATE player_team_game_play SET seconds_end = 702 WHERE player_id = 4452 AND game_id = 25007 AND play_id = 27459;
UPDATE player_team_game_play SET seconds_end = 702 WHERE player_id = 6223 AND game_id = 25007 AND play_id = 27459;
INSERT INTO player_team_game_play(player_id, team_id, game_id, play_id, seconds_start, seconds_end) VALUES(6328, 1646, 25007, 27459, 702, 702);
INSERT INTO player_team_game_play(player_id, team_id, game_id, play_id, seconds_start, seconds_end) VALUES(7461, 1646, 25007, 27459, 702, 702);
INSERT INTO lba.sub_play (play_id, seconds_da_start, player_made_id, team_made_id, game_made_id, player_suffered_id, team_suffered_id, game_suffered_id, shot_id, turnover_id, foul_id, rebound_defensive_01, rebound_offensive_01, assist_01, blocks_01, time_out_01, x, y)VALUES(27459, 0, 4452, 1646, 25007, 1775, 1649, 25007, NULL, NULL, 4, '', '', '', '', '', 93, 56);
INSERT INTO lba.sub_play (play_id, seconds_da_start, player_made_id, team_made_id, game_made_id, player_suffered_id, team_suffered_id, game_suffered_id, shot_id, turnover_id, foul_id, rebound_defensive_01, rebound_offensive_01, assist_01, blocks_01, time_out_01, x, y)VALUES(27459, 0, 1775, 1649, 25007, NULL, NULL, NULL, 5, NULL, NULL, '', '', '', '', '', NULL, NULL);

INSERT INTO play(id, game_id, seconds_start, seconds_end, quarter, attack_home_01, score_home, score_guest)VALUES(27460, 25007, 702, 742, 2, '1', 20, 32);
INSERT INTO player_team_game_play(player_id, team_id, game_id, play_id, seconds_start, seconds_end) VALUES(4162, 1646, 25007, 27460, 702, 742);
INSERT INTO player_team_game_play(player_id, team_id, game_id, play_id, seconds_start, seconds_end) VALUES(418, 1646, 25007, 27460, 702, 742);
INSERT INTO player_team_game_play(player_id, team_id, game_id, play_id, seconds_start, seconds_end) VALUES(4452, 1646, 25007, 27460, 702, 742);
INSERT INTO player_team_game_play(player_id, team_id, game_id, play_id, seconds_start, seconds_end) VALUES(7314, 1646, 25007, 27460, 702, 742);
INSERT INTO player_team_game_play(player_id, team_id, game_id, play_id, seconds_start, seconds_end) VALUES(6223, 1646, 25007, 27460, 702, 742);
INSERT INTO player_team_game_play(player_id, team_id, game_id, play_id, seconds_start, seconds_end) VALUES(2103, 1649, 25007, 27460, 702, 742);
INSERT INTO player_team_game_play(player_id, team_id, game_id, play_id, seconds_start, seconds_end) VALUES(3176, 1649, 25007, 27460, 702, 742);
INSERT INTO player_team_game_play(player_id, team_id, game_id, play_id, seconds_start, seconds_end) VALUES(7404, 1649, 25007, 27460, 702, 742);
INSERT INTO player_team_game_play(player_id, team_id, game_id, play_id, seconds_start, seconds_end) VALUES(5150, 1649, 25007, 27460, 702, 742);
INSERT INTO player_team_game_play(player_id, team_id, game_id, play_id, seconds_start, seconds_end) VALUES(1775, 1649, 25007, 27460, 702, 742);
UPDATE player_team_game_play SET seconds_end = 702 WHERE player_id = 4452 AND game_id = 25007 AND play_id = 27460;
UPDATE player_team_game_play SET seconds_end = 702 WHERE player_id = 6223 AND game_id = 25007 AND play_id = 27460;
INSERT INTO player_team_game_play(player_id, team_id, game_id, play_id, seconds_start, seconds_end) VALUES(6328, 1646, 25007, 27460, 702, 742);
INSERT INTO player_team_game_play(player_id, team_id, game_id, play_id, seconds_start, seconds_end) VALUES(7461, 1646, 25007, 27460, 702, 742);
UPDATE player_team_game_play SET seconds_end = 732 WHERE player_id = 418 AND game_id = 25007 AND play_id = 27460;
INSERT INTO player_team_game_play(player_id, team_id, game_id, play_id, seconds_start, seconds_end) VALUES(7462, 1646, 25007, 27460, 732, 742);
UPDATE player_team_game_play SET seconds_end = 732 WHERE player_id = 2103 AND game_id = 25007 AND play_id = 27460;
INSERT INTO player_team_game_play(player_id, team_id, game_id, play_id, seconds_start, seconds_end) VALUES(6138, 1649, 25007, 27460, 732, 742);
INSERT INTO lba.sub_play (play_id, seconds_da_start, player_made_id, team_made_id, game_made_id, player_suffered_id, team_suffered_id, game_suffered_id, shot_id, turnover_id, foul_id, rebound_defensive_01, rebound_offensive_01, assist_01, blocks_01, time_out_01, x, y)VALUES(27460, 20, 2103, 1649, 25007, 7314, 1646, 25007, NULL, NULL, 1, '', '', '', '', '', 11, 50);
INSERT INTO lba.sub_play (play_id, seconds_da_start, player_made_id, team_made_id, game_made_id, player_suffered_id, team_suffered_id, game_suffered_id, shot_id, turnover_id, foul_id, rebound_defensive_01, rebound_offensive_01, assist_01, blocks_01, time_out_01, x, y)VALUES(27460, 22, 418, 1646, 25007, NULL, NULL, NULL, 2, NULL, NULL, '', '', '', '', '', 8, 85);
INSERT INTO lba.sub_play (play_id, seconds_da_start, player_made_id, team_made_id, game_made_id, player_suffered_id, team_suffered_id, game_suffered_id, shot_id, turnover_id, foul_id, rebound_defensive_01, rebound_offensive_01, assist_01, blocks_01, time_out_01, x, y)VALUES(27460, 22, 7404, 1649, 25007, 418, 1646, 25007, NULL, NULL, NULL, '', '', '', '1', '', 8, 85);
INSERT INTO lba.sub_play (play_id, seconds_da_start, player_made_id, team_made_id, game_made_id, player_suffered_id, team_suffered_id, game_suffered_id, shot_id, turnover_id, foul_id, rebound_defensive_01, rebound_offensive_01, assist_01, blocks_01, time_out_01, x, y)VALUES(27460, 22, 4162, 1646, 25007, NULL, NULL, NULL, NULL, NULL, NULL, '', '1', '', '', '', 8, 85);
INSERT INTO lba.sub_play (play_id, seconds_da_start, player_made_id, team_made_id, game_made_id, player_suffered_id, team_suffered_id, game_suffered_id, shot_id, turnover_id, foul_id, rebound_defensive_01, rebound_offensive_01, assist_01, blocks_01, time_out_01, x, y)VALUES(27460, 30, 6328, 1646, 25007, NULL, NULL, NULL, 2, NULL, NULL, '', '', '', '', '', 9, 58);
INSERT INTO lba.sub_play (play_id, seconds_da_start, player_made_id, team_made_id, game_made_id, player_suffered_id, team_suffered_id, game_suffered_id, shot_id, turnover_id, foul_id, rebound_defensive_01, rebound_offensive_01, assist_01, blocks_01, time_out_01, x, y)VALUES(27460, 30, 1775, 1649, 25007, 7314, 1646, 25007, NULL, NULL, 1, '', '', '', '', '', 11, 55);
INSERT INTO lba.sub_play (play_id, seconds_da_start, player_made_id, team_made_id, game_made_id, player_suffered_id, team_suffered_id, game_suffered_id, shot_id, turnover_id, foul_id, rebound_defensive_01, rebound_offensive_01, assist_01, blocks_01, time_out_01, x, y)VALUES(27460, 40, 4162, 1646, 25007, NULL, NULL, NULL, 4, NULL, NULL, '', '', '', '', '', 21, 7);

INSERT INTO play(id, game_id, seconds_start, seconds_end, quarter, attack_home_01, score_home, score_guest)VALUES(27461, 25007, 742, 765, 2, '0', 20, 32);
INSERT INTO player_team_game_play(player_id, team_id, game_id, play_id, seconds_start, seconds_end) VALUES(4162, 1646, 25007, 27461, 742, 765);
INSERT INTO player_team_game_play(player_id, team_id, game_id, play_id, seconds_start, seconds_end) VALUES(7314, 1646, 25007, 27461, 742, 765);
INSERT INTO player_team_game_play(player_id, team_id, game_id, play_id, seconds_start, seconds_end) VALUES(7461, 1646, 25007, 27461, 742, 765);
INSERT INTO player_team_game_play(player_id, team_id, game_id, play_id, seconds_start, seconds_end) VALUES(7462, 1646, 25007, 27461, 742, 765);
INSERT INTO player_team_game_play(player_id, team_id, game_id, play_id, seconds_start, seconds_end) VALUES(6328, 1646, 25007, 27461, 742, 765);
INSERT INTO player_team_game_play(player_id, team_id, game_id, play_id, seconds_start, seconds_end) VALUES(3176, 1649, 25007, 27461, 742, 765);
INSERT INTO player_team_game_play(player_id, team_id, game_id, play_id, seconds_start, seconds_end) VALUES(6138, 1649, 25007, 27461, 742, 765);
INSERT INTO player_team_game_play(player_id, team_id, game_id, play_id, seconds_start, seconds_end) VALUES(7404, 1649, 25007, 27461, 742, 765);
INSERT INTO player_team_game_play(player_id, team_id, game_id, play_id, seconds_start, seconds_end) VALUES(5150, 1649, 25007, 27461, 742, 765);
INSERT INTO player_team_game_play(player_id, team_id, game_id, play_id, seconds_start, seconds_end) VALUES(1775, 1649, 25007, 27461, 742, 765);
UPDATE player_team_game_play SET seconds_end = 743 WHERE player_id = 4162 AND game_id = 25007 AND play_id = 27461;
INSERT INTO player_team_game_play(player_id, team_id, game_id, play_id, seconds_start, seconds_end) VALUES(2608, 1646, 25007, 27461, 743, 765);
INSERT INTO lba.sub_play (play_id, seconds_da_start, player_made_id, team_made_id, game_made_id, player_suffered_id, team_suffered_id, game_suffered_id, shot_id, turnover_id, foul_id, rebound_defensive_01, rebound_offensive_01, assist_01, blocks_01, time_out_01, x, y)VALUES(27461, 18, 6138, 1649, 25007, NULL, NULL, NULL, 4, NULL, NULL, '', '', '', '', '', 68, 31);
INSERT INTO lba.sub_play (play_id, seconds_da_start, player_made_id, team_made_id, game_made_id, player_suffered_id, team_suffered_id, game_suffered_id, shot_id, turnover_id, foul_id, rebound_defensive_01, rebound_offensive_01, assist_01, blocks_01, time_out_01, x, y)VALUES(27461, 18, 5150, 1649, 25007, NULL, NULL, NULL, NULL, NULL, NULL, '', '1', '', '', '', 68, 31);
INSERT INTO lba.sub_play (play_id, seconds_da_start, player_made_id, team_made_id, game_made_id, player_suffered_id, team_suffered_id, game_suffered_id, shot_id, turnover_id, foul_id, rebound_defensive_01, rebound_offensive_01, assist_01, blocks_01, time_out_01, x, y)VALUES(27461, 23, 7404, 1649, 25007, NULL, NULL, NULL, 4, NULL, NULL, '', '', '', '', '', 79, 7);
INSERT INTO lba.sub_play (play_id, seconds_da_start, player_made_id, team_made_id, game_made_id, player_suffered_id, team_suffered_id, game_suffered_id, shot_id, turnover_id, foul_id, rebound_defensive_01, rebound_offensive_01, assist_01, blocks_01, time_out_01, x, y)VALUES(27461, 23, 7314, 1646, 25007, NULL, NULL, NULL, NULL, NULL, NULL, '1', '', '', '', '', 79, 7);

INSERT INTO play(id, game_id, seconds_start, seconds_end, quarter, attack_home_01, score_home, score_guest)VALUES(27462, 25007, 765, 785, 2, '1', 22, 32);
INSERT INTO player_team_game_play(player_id, team_id, game_id, play_id, seconds_start, seconds_end) VALUES(2608, 1646, 25007, 27462, 765, 785);
INSERT INTO player_team_game_play(player_id, team_id, game_id, play_id, seconds_start, seconds_end) VALUES(7314, 1646, 25007, 27462, 765, 785);
INSERT INTO player_team_game_play(player_id, team_id, game_id, play_id, seconds_start, seconds_end) VALUES(7461, 1646, 25007, 27462, 765, 785);
INSERT INTO player_team_game_play(player_id, team_id, game_id, play_id, seconds_start, seconds_end) VALUES(7462, 1646, 25007, 27462, 765, 785);
INSERT INTO player_team_game_play(player_id, team_id, game_id, play_id, seconds_start, seconds_end) VALUES(6328, 1646, 25007, 27462, 765, 785);
INSERT INTO player_team_game_play(player_id, team_id, game_id, play_id, seconds_start, seconds_end) VALUES(3176, 1649, 25007, 27462, 765, 785);
INSERT INTO player_team_game_play(player_id, team_id, game_id, play_id, seconds_start, seconds_end) VALUES(6138, 1649, 25007, 27462, 765, 785);
INSERT INTO player_team_game_play(player_id, team_id, game_id, play_id, seconds_start, seconds_end) VALUES(7404, 1649, 25007, 27462, 765, 785);
INSERT INTO player_team_game_play(player_id, team_id, game_id, play_id, seconds_start, seconds_end) VALUES(5150, 1649, 25007, 27462, 765, 785);
INSERT INTO player_team_game_play(player_id, team_id, game_id, play_id, seconds_start, seconds_end) VALUES(1775, 1649, 25007, 27462, 765, 785);
UPDATE player_team_game_play SET seconds_end = 768 WHERE player_id = 7314 AND game_id = 25007 AND play_id = 27462;
INSERT INTO player_team_game_play(player_id, team_id, game_id, play_id, seconds_start, seconds_end) VALUES(1774, 1646, 25007, 27462, 768, 785);
UPDATE player_team_game_play SET seconds_end = 768 WHERE player_id = 1775 AND game_id = 25007 AND play_id = 27462;
INSERT INTO player_team_game_play(player_id, team_id, game_id, play_id, seconds_start, seconds_end) VALUES(7015, 1649, 25007, 27462, 768, 785);
INSERT INTO lba.sub_play (play_id, seconds_da_start, player_made_id, team_made_id, game_made_id, player_suffered_id, team_suffered_id, game_suffered_id, shot_id, turnover_id, foul_id, rebound_defensive_01, rebound_offensive_01, assist_01, blocks_01, time_out_01, x, y)VALUES(27462, 3, 7404, 1649, 25007, 2608, 1646, 25007, NULL, NULL, 1, '', '', '', '', '', 37, 53);
INSERT INTO lba.sub_play (play_id, seconds_da_start, player_made_id, team_made_id, game_made_id, player_suffered_id, team_suffered_id, game_suffered_id, shot_id, turnover_id, foul_id, rebound_defensive_01, rebound_offensive_01, assist_01, blocks_01, time_out_01, x, y)VALUES(27462, 20, 1774, 1646, 25007, NULL, NULL, NULL, 1, NULL, NULL, '', '', '', '', '', 5, 40);

INSERT INTO play(id, game_id, seconds_start, seconds_end, quarter, attack_home_01, score_home, score_guest)VALUES(27463, 25007, 785, 805, 2, '0', 22, 35);
INSERT INTO player_team_game_play(player_id, team_id, game_id, play_id, seconds_start, seconds_end) VALUES(2608, 1646, 25007, 27463, 785, 805);
INSERT INTO player_team_game_play(player_id, team_id, game_id, play_id, seconds_start, seconds_end) VALUES(7461, 1646, 25007, 27463, 785, 805);
INSERT INTO player_team_game_play(player_id, team_id, game_id, play_id, seconds_start, seconds_end) VALUES(7462, 1646, 25007, 27463, 785, 805);
INSERT INTO player_team_game_play(player_id, team_id, game_id, play_id, seconds_start, seconds_end) VALUES(6328, 1646, 25007, 27463, 785, 805);
INSERT INTO player_team_game_play(player_id, team_id, game_id, play_id, seconds_start, seconds_end) VALUES(1774, 1646, 25007, 27463, 785, 805);
INSERT INTO player_team_game_play(player_id, team_id, game_id, play_id, seconds_start, seconds_end) VALUES(7015, 1649, 25007, 27463, 785, 805);
INSERT INTO player_team_game_play(player_id, team_id, game_id, play_id, seconds_start, seconds_end) VALUES(3176, 1649, 25007, 27463, 785, 805);
INSERT INTO player_team_game_play(player_id, team_id, game_id, play_id, seconds_start, seconds_end) VALUES(6138, 1649, 25007, 27463, 785, 805);
INSERT INTO player_team_game_play(player_id, team_id, game_id, play_id, seconds_start, seconds_end) VALUES(7404, 1649, 25007, 27463, 785, 805);
INSERT INTO player_team_game_play(player_id, team_id, game_id, play_id, seconds_start, seconds_end) VALUES(5150, 1649, 25007, 27463, 785, 805);
INSERT INTO lba.sub_play (play_id, seconds_da_start, player_made_id, team_made_id, game_made_id, player_suffered_id, team_suffered_id, game_suffered_id, shot_id, turnover_id, foul_id, rebound_defensive_01, rebound_offensive_01, assist_01, blocks_01, time_out_01, x, y)VALUES(27463, 20, 7015, 1649, 25007, NULL, NULL, NULL, 3, NULL, NULL, '', '', '', '', '', 65, 50);
INSERT INTO lba.sub_play (play_id, seconds_da_start, player_made_id, team_made_id, game_made_id, player_suffered_id, team_suffered_id, game_suffered_id, shot_id, turnover_id, foul_id, rebound_defensive_01, rebound_offensive_01, assist_01, blocks_01, time_out_01, x, y)VALUES(27463, 20, 7404, 1649, 25007, NULL, NULL, NULL, NULL, NULL, NULL, '', '', '1', '', '', 65, 50);

INSERT INTO play(id, game_id, seconds_start, seconds_end, quarter, attack_home_01, score_home, score_guest)VALUES(27464, 25007, 805, 827, 2, '1', 24, 35);
INSERT INTO player_team_game_play(player_id, team_id, game_id, play_id, seconds_start, seconds_end) VALUES(2608, 1646, 25007, 27464, 805, 827);
INSERT INTO player_team_game_play(player_id, team_id, game_id, play_id, seconds_start, seconds_end) VALUES(7461, 1646, 25007, 27464, 805, 827);
INSERT INTO player_team_game_play(player_id, team_id, game_id, play_id, seconds_start, seconds_end) VALUES(7462, 1646, 25007, 27464, 805, 827);
INSERT INTO player_team_game_play(player_id, team_id, game_id, play_id, seconds_start, seconds_end) VALUES(6328, 1646, 25007, 27464, 805, 827);
INSERT INTO player_team_game_play(player_id, team_id, game_id, play_id, seconds_start, seconds_end) VALUES(1774, 1646, 25007, 27464, 805, 827);
INSERT INTO player_team_game_play(player_id, team_id, game_id, play_id, seconds_start, seconds_end) VALUES(7015, 1649, 25007, 27464, 805, 827);
INSERT INTO player_team_game_play(player_id, team_id, game_id, play_id, seconds_start, seconds_end) VALUES(3176, 1649, 25007, 27464, 805, 827);
INSERT INTO player_team_game_play(player_id, team_id, game_id, play_id, seconds_start, seconds_end) VALUES(6138, 1649, 25007, 27464, 805, 827);
INSERT INTO player_team_game_play(player_id, team_id, game_id, play_id, seconds_start, seconds_end) VALUES(7404, 1649, 25007, 27464, 805, 827);
INSERT INTO player_team_game_play(player_id, team_id, game_id, play_id, seconds_start, seconds_end) VALUES(5150, 1649, 25007, 27464, 805, 827);
INSERT INTO lba.sub_play (play_id, seconds_da_start, player_made_id, team_made_id, game_made_id, player_suffered_id, team_suffered_id, game_suffered_id, shot_id, turnover_id, foul_id, rebound_defensive_01, rebound_offensive_01, assist_01, blocks_01, time_out_01, x, y)VALUES(27464, 22, 2608, 1646, 25007, NULL, NULL, NULL, 1, NULL, NULL, '', '', '', '', '', 9, 56);

INSERT INTO play(id, game_id, seconds_start, seconds_end, quarter, attack_home_01, score_home, score_guest)VALUES(27465, 25007, 827, 838, 2, '0', 24, 35);
INSERT INTO player_team_game_play(player_id, team_id, game_id, play_id, seconds_start, seconds_end) VALUES(2608, 1646, 25007, 27465, 827, 838);
INSERT INTO player_team_game_play(player_id, team_id, game_id, play_id, seconds_start, seconds_end) VALUES(7461, 1646, 25007, 27465, 827, 838);
INSERT INTO player_team_game_play(player_id, team_id, game_id, play_id, seconds_start, seconds_end) VALUES(7462, 1646, 25007, 27465, 827, 838);
INSERT INTO player_team_game_play(player_id, team_id, game_id, play_id, seconds_start, seconds_end) VALUES(6328, 1646, 25007, 27465, 827, 838);
INSERT INTO player_team_game_play(player_id, team_id, game_id, play_id, seconds_start, seconds_end) VALUES(1774, 1646, 25007, 27465, 827, 838);
INSERT INTO player_team_game_play(player_id, team_id, game_id, play_id, seconds_start, seconds_end) VALUES(7015, 1649, 25007, 27465, 827, 838);
INSERT INTO player_team_game_play(player_id, team_id, game_id, play_id, seconds_start, seconds_end) VALUES(3176, 1649, 25007, 27465, 827, 838);
INSERT INTO player_team_game_play(player_id, team_id, game_id, play_id, seconds_start, seconds_end) VALUES(6138, 1649, 25007, 27465, 827, 838);
INSERT INTO player_team_game_play(player_id, team_id, game_id, play_id, seconds_start, seconds_end) VALUES(7404, 1649, 25007, 27465, 827, 838);
INSERT INTO player_team_game_play(player_id, team_id, game_id, play_id, seconds_start, seconds_end) VALUES(5150, 1649, 25007, 27465, 827, 838);
INSERT INTO lba.sub_play (play_id, seconds_da_start, player_made_id, team_made_id, game_made_id, player_suffered_id, team_suffered_id, game_suffered_id, shot_id, turnover_id, foul_id, rebound_defensive_01, rebound_offensive_01, assist_01, blocks_01, time_out_01, x, y)VALUES(27465, 11, 7015, 1649, 25007, NULL, NULL, NULL, 4, NULL, NULL, '', '', '', '', '', 79, 93);
INSERT INTO lba.sub_play (play_id, seconds_da_start, player_made_id, team_made_id, game_made_id, player_suffered_id, team_suffered_id, game_suffered_id, shot_id, turnover_id, foul_id, rebound_defensive_01, rebound_offensive_01, assist_01, blocks_01, time_out_01, x, y)VALUES(27465, 11, 2608, 1646, 25007, NULL, NULL, NULL, NULL, NULL, NULL, '1', '', '', '', '', 79, 93);

INSERT INTO play(id, game_id, seconds_start, seconds_end, quarter, attack_home_01, score_home, score_guest)VALUES(27466, 25007, 838, 850, 2, '1', 24, 35);
INSERT INTO player_team_game_play(player_id, team_id, game_id, play_id, seconds_start, seconds_end) VALUES(2608, 1646, 25007, 27466, 838, 850);
INSERT INTO player_team_game_play(player_id, team_id, game_id, play_id, seconds_start, seconds_end) VALUES(7461, 1646, 25007, 27466, 838, 850);
INSERT INTO player_team_game_play(player_id, team_id, game_id, play_id, seconds_start, seconds_end) VALUES(7462, 1646, 25007, 27466, 838, 850);
INSERT INTO player_team_game_play(player_id, team_id, game_id, play_id, seconds_start, seconds_end) VALUES(6328, 1646, 25007, 27466, 838, 850);
INSERT INTO player_team_game_play(player_id, team_id, game_id, play_id, seconds_start, seconds_end) VALUES(1774, 1646, 25007, 27466, 838, 850);
INSERT INTO player_team_game_play(player_id, team_id, game_id, play_id, seconds_start, seconds_end) VALUES(7015, 1649, 25007, 27466, 838, 850);
INSERT INTO player_team_game_play(player_id, team_id, game_id, play_id, seconds_start, seconds_end) VALUES(3176, 1649, 25007, 27466, 838, 850);
INSERT INTO player_team_game_play(player_id, team_id, game_id, play_id, seconds_start, seconds_end) VALUES(6138, 1649, 25007, 27466, 838, 850);
INSERT INTO player_team_game_play(player_id, team_id, game_id, play_id, seconds_start, seconds_end) VALUES(7404, 1649, 25007, 27466, 838, 850);
INSERT INTO player_team_game_play(player_id, team_id, game_id, play_id, seconds_start, seconds_end) VALUES(5150, 1649, 25007, 27466, 838, 850);
UPDATE player_team_game_play SET seconds_end = 850 WHERE player_id = 6328 AND game_id = 25007 AND play_id = 27466;
UPDATE player_team_game_play SET seconds_end = 850 WHERE player_id = 7462 AND game_id = 25007 AND play_id = 27466;
INSERT INTO player_team_game_play(player_id, team_id, game_id, play_id, seconds_start, seconds_end) VALUES(5449, 1646, 25007, 27466, 850, 850);
INSERT INTO player_team_game_play(player_id, team_id, game_id, play_id, seconds_start, seconds_end) VALUES(45, 1646, 25007, 27466, 850, 850);
INSERT INTO lba.sub_play (play_id, seconds_da_start, player_made_id, team_made_id, game_made_id, player_suffered_id, team_suffered_id, game_suffered_id, shot_id, turnover_id, foul_id, rebound_defensive_01, rebound_offensive_01, assist_01, blocks_01, time_out_01, x, y)VALUES(27466, 12, 2608, 1646, 25007, NULL, NULL, NULL, NULL, 1, NULL, '', '', '', '', '', 0, 57);

INSERT INTO play(id, game_id, seconds_start, seconds_end, quarter, attack_home_01, score_home, score_guest)VALUES(27467, 25007, 850, 860, 2, '0', 24, 38);
INSERT INTO player_team_game_play(player_id, team_id, game_id, play_id, seconds_start, seconds_end) VALUES(2608, 1646, 25007, 27467, 850, 860);
INSERT INTO player_team_game_play(player_id, team_id, game_id, play_id, seconds_start, seconds_end) VALUES(7461, 1646, 25007, 27467, 850, 860);
INSERT INTO player_team_game_play(player_id, team_id, game_id, play_id, seconds_start, seconds_end) VALUES(7462, 1646, 25007, 27467, 850, 860);
INSERT INTO player_team_game_play(player_id, team_id, game_id, play_id, seconds_start, seconds_end) VALUES(6328, 1646, 25007, 27467, 850, 860);
INSERT INTO player_team_game_play(player_id, team_id, game_id, play_id, seconds_start, seconds_end) VALUES(1774, 1646, 25007, 27467, 850, 860);
INSERT INTO player_team_game_play(player_id, team_id, game_id, play_id, seconds_start, seconds_end) VALUES(7015, 1649, 25007, 27467, 850, 860);
INSERT INTO player_team_game_play(player_id, team_id, game_id, play_id, seconds_start, seconds_end) VALUES(3176, 1649, 25007, 27467, 850, 860);
INSERT INTO player_team_game_play(player_id, team_id, game_id, play_id, seconds_start, seconds_end) VALUES(6138, 1649, 25007, 27467, 850, 860);
INSERT INTO player_team_game_play(player_id, team_id, game_id, play_id, seconds_start, seconds_end) VALUES(7404, 1649, 25007, 27467, 850, 860);
INSERT INTO player_team_game_play(player_id, team_id, game_id, play_id, seconds_start, seconds_end) VALUES(5150, 1649, 25007, 27467, 850, 860);
UPDATE player_team_game_play SET seconds_end = 850 WHERE player_id = 6328 AND game_id = 25007 AND play_id = 27467;
UPDATE player_team_game_play SET seconds_end = 850 WHERE player_id = 7462 AND game_id = 25007 AND play_id = 27467;
INSERT INTO player_team_game_play(player_id, team_id, game_id, play_id, seconds_start, seconds_end) VALUES(5449, 1646, 25007, 27467, 850, 860);
INSERT INTO player_team_game_play(player_id, team_id, game_id, play_id, seconds_start, seconds_end) VALUES(45, 1646, 25007, 27467, 850, 860);
UPDATE player_team_game_play SET seconds_end = 860 WHERE player_id = 7404 AND game_id = 25007 AND play_id = 27467;
INSERT INTO player_team_game_play(player_id, team_id, game_id, play_id, seconds_start, seconds_end) VALUES(7406, 1649, 25007, 27467, 860, 860);
INSERT INTO lba.sub_play (play_id, seconds_da_start, player_made_id, team_made_id, game_made_id, player_suffered_id, team_suffered_id, game_suffered_id, shot_id, turnover_id, foul_id, rebound_defensive_01, rebound_offensive_01, assist_01, blocks_01, time_out_01, x, y)VALUES(27467, 10, 6138, 1649, 25007, NULL, NULL, NULL, 1, NULL, NULL, '', '', '', '', '', 90, 62);
INSERT INTO lba.sub_play (play_id, seconds_da_start, player_made_id, team_made_id, game_made_id, player_suffered_id, team_suffered_id, game_suffered_id, shot_id, turnover_id, foul_id, rebound_defensive_01, rebound_offensive_01, assist_01, blocks_01, time_out_01, x, y)VALUES(27467, 10, 1774, 1646, 25007, 6138, 1649, 25007, NULL, NULL, 4, '', '', '', '', '', 90, 62);
INSERT INTO lba.sub_play (play_id, seconds_da_start, player_made_id, team_made_id, game_made_id, player_suffered_id, team_suffered_id, game_suffered_id, shot_id, turnover_id, foul_id, rebound_defensive_01, rebound_offensive_01, assist_01, blocks_01, time_out_01, x, y)VALUES(27467, 10, 6138, 1649, 25007, NULL, NULL, NULL, 5, NULL, NULL, '', '', '', '', '', NULL, NULL);

INSERT INTO play(id, game_id, seconds_start, seconds_end, quarter, attack_home_01, score_home, score_guest)VALUES(27468, 25007, 860, 872, 2, '1', 24, 38);
INSERT INTO player_team_game_play(player_id, team_id, game_id, play_id, seconds_start, seconds_end) VALUES(2608, 1646, 25007, 27468, 860, 872);
INSERT INTO player_team_game_play(player_id, team_id, game_id, play_id, seconds_start, seconds_end) VALUES(7461, 1646, 25007, 27468, 860, 872);
INSERT INTO player_team_game_play(player_id, team_id, game_id, play_id, seconds_start, seconds_end) VALUES(5449, 1646, 25007, 27468, 860, 872);
INSERT INTO player_team_game_play(player_id, team_id, game_id, play_id, seconds_start, seconds_end) VALUES(45, 1646, 25007, 27468, 860, 872);
INSERT INTO player_team_game_play(player_id, team_id, game_id, play_id, seconds_start, seconds_end) VALUES(1774, 1646, 25007, 27468, 860, 872);
INSERT INTO player_team_game_play(player_id, team_id, game_id, play_id, seconds_start, seconds_end) VALUES(7015, 1649, 25007, 27468, 860, 872);
INSERT INTO player_team_game_play(player_id, team_id, game_id, play_id, seconds_start, seconds_end) VALUES(3176, 1649, 25007, 27468, 860, 872);
INSERT INTO player_team_game_play(player_id, team_id, game_id, play_id, seconds_start, seconds_end) VALUES(6138, 1649, 25007, 27468, 860, 872);
INSERT INTO player_team_game_play(player_id, team_id, game_id, play_id, seconds_start, seconds_end) VALUES(7404, 1649, 25007, 27468, 860, 872);
INSERT INTO player_team_game_play(player_id, team_id, game_id, play_id, seconds_start, seconds_end) VALUES(5150, 1649, 25007, 27468, 860, 872);
UPDATE player_team_game_play SET seconds_end = 860 WHERE player_id = 7404 AND game_id = 25007 AND play_id = 27468;
INSERT INTO player_team_game_play(player_id, team_id, game_id, play_id, seconds_start, seconds_end) VALUES(7406, 1649, 25007, 27468, 860, 872);
INSERT INTO lba.sub_play (play_id, seconds_da_start, player_made_id, team_made_id, game_made_id, player_suffered_id, team_suffered_id, game_suffered_id, shot_id, turnover_id, foul_id, rebound_defensive_01, rebound_offensive_01, assist_01, blocks_01, time_out_01, x, y)VALUES(27468, 12, 5449, 1646, 25007, NULL, NULL, NULL, NULL, 1, NULL, '', '', '', '', '', 29, 69);

INSERT INTO play(id, game_id, seconds_start, seconds_end, quarter, attack_home_01, score_home, score_guest)VALUES(27469, 25007, 872, 910, 2, '1', 26, 40);
INSERT INTO player_team_game_play(player_id, team_id, game_id, play_id, seconds_start, seconds_end) VALUES(2608, 1646, 25007, 27469, 872, 910);
INSERT INTO player_team_game_play(player_id, team_id, game_id, play_id, seconds_start, seconds_end) VALUES(7461, 1646, 25007, 27469, 872, 910);
INSERT INTO player_team_game_play(player_id, team_id, game_id, play_id, seconds_start, seconds_end) VALUES(5449, 1646, 25007, 27469, 872, 910);
INSERT INTO player_team_game_play(player_id, team_id, game_id, play_id, seconds_start, seconds_end) VALUES(45, 1646, 25007, 27469, 872, 910);
INSERT INTO player_team_game_play(player_id, team_id, game_id, play_id, seconds_start, seconds_end) VALUES(1774, 1646, 25007, 27469, 872, 910);
INSERT INTO player_team_game_play(player_id, team_id, game_id, play_id, seconds_start, seconds_end) VALUES(7015, 1649, 25007, 27469, 872, 910);
INSERT INTO player_team_game_play(player_id, team_id, game_id, play_id, seconds_start, seconds_end) VALUES(3176, 1649, 25007, 27469, 872, 910);
INSERT INTO player_team_game_play(player_id, team_id, game_id, play_id, seconds_start, seconds_end) VALUES(5150, 1649, 25007, 27469, 872, 910);
INSERT INTO player_team_game_play(player_id, team_id, game_id, play_id, seconds_start, seconds_end) VALUES(6138, 1649, 25007, 27469, 872, 910);
INSERT INTO player_team_game_play(player_id, team_id, game_id, play_id, seconds_start, seconds_end) VALUES(7406, 1649, 25007, 27469, 872, 910);
INSERT INTO lba.sub_play (play_id, seconds_da_start, player_made_id, team_made_id, game_made_id, player_suffered_id, team_suffered_id, game_suffered_id, shot_id, turnover_id, foul_id, rebound_defensive_01, rebound_offensive_01, assist_01, blocks_01, time_out_01, x, y)VALUES(27469, 13, 7015, 1649, 25007, NULL, NULL, NULL, 2, NULL, NULL, '', '', '', '', '', 92, 57);
INSERT INTO lba.sub_play (play_id, seconds_da_start, player_made_id, team_made_id, game_made_id, player_suffered_id, team_suffered_id, game_suffered_id, shot_id, turnover_id, foul_id, rebound_defensive_01, rebound_offensive_01, assist_01, blocks_01, time_out_01, x, y)VALUES(27469, 13, 5150, 1649, 25007, NULL, NULL, NULL, NULL, NULL, NULL, '', '1', '', '', '', 92, 57);
INSERT INTO lba.sub_play (play_id, seconds_da_start, player_made_id, team_made_id, game_made_id, player_suffered_id, team_suffered_id, game_suffered_id, shot_id, turnover_id, foul_id, rebound_defensive_01, rebound_offensive_01, assist_01, blocks_01, time_out_01, x, y)VALUES(27469, 15, 5150, 1649, 25007, NULL, NULL, NULL, 1, NULL, NULL, '', '', '', '', '', 92, 57);
INSERT INTO lba.sub_play (play_id, seconds_da_start, player_made_id, team_made_id, game_made_id, player_suffered_id, team_suffered_id, game_suffered_id, shot_id, turnover_id, foul_id, rebound_defensive_01, rebound_offensive_01, assist_01, blocks_01, time_out_01, x, y)VALUES(27469, 22, 6138, 1649, 25007, 5449, 1646, 25007, NULL, NULL, 1, '', '', '', '', '', 43, 55);
INSERT INTO lba.sub_play (play_id, seconds_da_start, player_made_id, team_made_id, game_made_id, player_suffered_id, team_suffered_id, game_suffered_id, shot_id, turnover_id, foul_id, rebound_defensive_01, rebound_offensive_01, assist_01, blocks_01, time_out_01, x, y)VALUES(27469, 37, 2608, 1646, 25007, NULL, NULL, NULL, 2, NULL, NULL, '', '', '', '', '', 7, 57);
INSERT INTO lba.sub_play (play_id, seconds_da_start, player_made_id, team_made_id, game_made_id, player_suffered_id, team_suffered_id, game_suffered_id, shot_id, turnover_id, foul_id, rebound_defensive_01, rebound_offensive_01, assist_01, blocks_01, time_out_01, x, y)VALUES(27469, 37, 1774, 1646, 25007, NULL, NULL, NULL, NULL, NULL, NULL, '', '1', '', '', '', 7, 57);
INSERT INTO lba.sub_play (play_id, seconds_da_start, player_made_id, team_made_id, game_made_id, player_suffered_id, team_suffered_id, game_suffered_id, shot_id, turnover_id, foul_id, rebound_defensive_01, rebound_offensive_01, assist_01, blocks_01, time_out_01, x, y)VALUES(27469, 38, 7406, 1649, 25007, 1774, 1646, 25007, NULL, NULL, 4, '', '', '', '', '', 10, 46);
INSERT INTO lba.sub_play (play_id, seconds_da_start, player_made_id, team_made_id, game_made_id, player_suffered_id, team_suffered_id, game_suffered_id, shot_id, turnover_id, foul_id, rebound_defensive_01, rebound_offensive_01, assist_01, blocks_01, time_out_01, x, y)VALUES(27469, 38, 1774, 1646, 25007, NULL, NULL, NULL, 5, NULL, NULL, '', '', '', '', '', NULL, NULL);
INSERT INTO lba.sub_play (play_id, seconds_da_start, player_made_id, team_made_id, game_made_id, player_suffered_id, team_suffered_id, game_suffered_id, shot_id, turnover_id, foul_id, rebound_defensive_01, rebound_offensive_01, assist_01, blocks_01, time_out_01, x, y)VALUES(27469, 38, 1774, 1646, 25007, NULL, NULL, NULL, 5, NULL, NULL, '', '', '', '', '', NULL, NULL);

INSERT INTO play(id, game_id, seconds_start, seconds_end, quarter, attack_home_01, score_home, score_guest)VALUES(27470, 25007, 910, 923, 2, '0', 26, 40);
INSERT INTO player_team_game_play(player_id, team_id, game_id, play_id, seconds_start, seconds_end) VALUES(2608, 1646, 25007, 27470, 910, 923);
INSERT INTO player_team_game_play(player_id, team_id, game_id, play_id, seconds_start, seconds_end) VALUES(7461, 1646, 25007, 27470, 910, 923);
INSERT INTO player_team_game_play(player_id, team_id, game_id, play_id, seconds_start, seconds_end) VALUES(5449, 1646, 25007, 27470, 910, 923);
INSERT INTO player_team_game_play(player_id, team_id, game_id, play_id, seconds_start, seconds_end) VALUES(45, 1646, 25007, 27470, 910, 923);
INSERT INTO player_team_game_play(player_id, team_id, game_id, play_id, seconds_start, seconds_end) VALUES(1774, 1646, 25007, 27470, 910, 923);
INSERT INTO player_team_game_play(player_id, team_id, game_id, play_id, seconds_start, seconds_end) VALUES(7015, 1649, 25007, 27470, 910, 923);
INSERT INTO player_team_game_play(player_id, team_id, game_id, play_id, seconds_start, seconds_end) VALUES(3176, 1649, 25007, 27470, 910, 923);
INSERT INTO player_team_game_play(player_id, team_id, game_id, play_id, seconds_start, seconds_end) VALUES(5150, 1649, 25007, 27470, 910, 923);
INSERT INTO player_team_game_play(player_id, team_id, game_id, play_id, seconds_start, seconds_end) VALUES(6138, 1649, 25007, 27470, 910, 923);
INSERT INTO player_team_game_play(player_id, team_id, game_id, play_id, seconds_start, seconds_end) VALUES(7406, 1649, 25007, 27470, 910, 923);
INSERT INTO lba.sub_play (play_id, seconds_da_start, player_made_id, team_made_id, game_made_id, player_suffered_id, team_suffered_id, game_suffered_id, shot_id, turnover_id, foul_id, rebound_defensive_01, rebound_offensive_01, assist_01, blocks_01, time_out_01, x, y)VALUES(27470, 13, 6138, 1649, 25007, NULL, NULL, NULL, 2, NULL, NULL, '', '', '', '', '', 85, 63);
INSERT INTO lba.sub_play (play_id, seconds_da_start, player_made_id, team_made_id, game_made_id, player_suffered_id, team_suffered_id, game_suffered_id, shot_id, turnover_id, foul_id, rebound_defensive_01, rebound_offensive_01, assist_01, blocks_01, time_out_01, x, y)VALUES(27470, 13, 2608, 1646, 25007, NULL, NULL, NULL, NULL, NULL, NULL, '1', '', '', '', '', 85, 63);

INSERT INTO play(id, game_id, seconds_start, seconds_end, quarter, attack_home_01, score_home, score_guest)VALUES(27471, 25007, 923, 934, 2, '1', 28, 40);
INSERT INTO player_team_game_play(player_id, team_id, game_id, play_id, seconds_start, seconds_end) VALUES(2608, 1646, 25007, 27471, 923, 934);
INSERT INTO player_team_game_play(player_id, team_id, game_id, play_id, seconds_start, seconds_end) VALUES(7461, 1646, 25007, 27471, 923, 934);
INSERT INTO player_team_game_play(player_id, team_id, game_id, play_id, seconds_start, seconds_end) VALUES(5449, 1646, 25007, 27471, 923, 934);
INSERT INTO player_team_game_play(player_id, team_id, game_id, play_id, seconds_start, seconds_end) VALUES(45, 1646, 25007, 27471, 923, 934);
INSERT INTO player_team_game_play(player_id, team_id, game_id, play_id, seconds_start, seconds_end) VALUES(1774, 1646, 25007, 27471, 923, 934);
INSERT INTO player_team_game_play(player_id, team_id, game_id, play_id, seconds_start, seconds_end) VALUES(7015, 1649, 25007, 27471, 923, 934);
INSERT INTO player_team_game_play(player_id, team_id, game_id, play_id, seconds_start, seconds_end) VALUES(3176, 1649, 25007, 27471, 923, 934);
INSERT INTO player_team_game_play(player_id, team_id, game_id, play_id, seconds_start, seconds_end) VALUES(5150, 1649, 25007, 27471, 923, 934);
INSERT INTO player_team_game_play(player_id, team_id, game_id, play_id, seconds_start, seconds_end) VALUES(6138, 1649, 25007, 27471, 923, 934);
INSERT INTO player_team_game_play(player_id, team_id, game_id, play_id, seconds_start, seconds_end) VALUES(7406, 1649, 25007, 27471, 923, 934);
INSERT INTO lba.sub_play (play_id, seconds_da_start, player_made_id, team_made_id, game_made_id, player_suffered_id, team_suffered_id, game_suffered_id, shot_id, turnover_id, foul_id, rebound_defensive_01, rebound_offensive_01, assist_01, blocks_01, time_out_01, x, y)VALUES(27471, 11, 7461, 1646, 25007, NULL, NULL, NULL, 1, NULL, NULL, '', '', '', '', '', 11, 51);

INSERT INTO play(id, game_id, seconds_start, seconds_end, quarter, attack_home_01, score_home, score_guest)VALUES(27472, 25007, 934, 963, 2, '0', 28, 40);
INSERT INTO player_team_game_play(player_id, team_id, game_id, play_id, seconds_start, seconds_end) VALUES(2608, 1646, 25007, 27472, 934, 963);
INSERT INTO player_team_game_play(player_id, team_id, game_id, play_id, seconds_start, seconds_end) VALUES(7461, 1646, 25007, 27472, 934, 963);
INSERT INTO player_team_game_play(player_id, team_id, game_id, play_id, seconds_start, seconds_end) VALUES(5449, 1646, 25007, 27472, 934, 963);
INSERT INTO player_team_game_play(player_id, team_id, game_id, play_id, seconds_start, seconds_end) VALUES(45, 1646, 25007, 27472, 934, 963);
INSERT INTO player_team_game_play(player_id, team_id, game_id, play_id, seconds_start, seconds_end) VALUES(1774, 1646, 25007, 27472, 934, 963);
INSERT INTO player_team_game_play(player_id, team_id, game_id, play_id, seconds_start, seconds_end) VALUES(7015, 1649, 25007, 27472, 934, 963);
INSERT INTO player_team_game_play(player_id, team_id, game_id, play_id, seconds_start, seconds_end) VALUES(3176, 1649, 25007, 27472, 934, 963);
INSERT INTO player_team_game_play(player_id, team_id, game_id, play_id, seconds_start, seconds_end) VALUES(5150, 1649, 25007, 27472, 934, 963);
INSERT INTO player_team_game_play(player_id, team_id, game_id, play_id, seconds_start, seconds_end) VALUES(6138, 1649, 25007, 27472, 934, 963);
INSERT INTO player_team_game_play(player_id, team_id, game_id, play_id, seconds_start, seconds_end) VALUES(7406, 1649, 25007, 27472, 934, 963);
UPDATE player_team_game_play SET seconds_end = 963 WHERE player_id = 6138 AND game_id = 25007 AND play_id = 27472;
INSERT INTO player_team_game_play(player_id, team_id, game_id, play_id, seconds_start, seconds_end) VALUES(2103, 1649, 25007, 27472, 963, 963);
INSERT INTO lba.sub_play (play_id, seconds_da_start, player_made_id, team_made_id, game_made_id, player_suffered_id, team_suffered_id, game_suffered_id, shot_id, turnover_id, foul_id, rebound_defensive_01, rebound_offensive_01, assist_01, blocks_01, time_out_01, x, y)VALUES(27472, 29, 5150, 1649, 25007, NULL, NULL, NULL, NULL, 1, NULL, '', '', '', '', '', 96, 29);

INSERT INTO play(id, game_id, seconds_start, seconds_end, quarter, attack_home_01, score_home, score_guest)VALUES(27473, 25007, 963, 977, 2, '1', 28, 40);
INSERT INTO player_team_game_play(player_id, team_id, game_id, play_id, seconds_start, seconds_end) VALUES(2608, 1646, 25007, 27473, 963, 977);
INSERT INTO player_team_game_play(player_id, team_id, game_id, play_id, seconds_start, seconds_end) VALUES(7461, 1646, 25007, 27473, 963, 977);
INSERT INTO player_team_game_play(player_id, team_id, game_id, play_id, seconds_start, seconds_end) VALUES(5449, 1646, 25007, 27473, 963, 977);
INSERT INTO player_team_game_play(player_id, team_id, game_id, play_id, seconds_start, seconds_end) VALUES(45, 1646, 25007, 27473, 963, 977);
INSERT INTO player_team_game_play(player_id, team_id, game_id, play_id, seconds_start, seconds_end) VALUES(1774, 1646, 25007, 27473, 963, 977);
INSERT INTO player_team_game_play(player_id, team_id, game_id, play_id, seconds_start, seconds_end) VALUES(7015, 1649, 25007, 27473, 963, 977);
INSERT INTO player_team_game_play(player_id, team_id, game_id, play_id, seconds_start, seconds_end) VALUES(3176, 1649, 25007, 27473, 963, 977);
INSERT INTO player_team_game_play(player_id, team_id, game_id, play_id, seconds_start, seconds_end) VALUES(5150, 1649, 25007, 27473, 963, 977);
INSERT INTO player_team_game_play(player_id, team_id, game_id, play_id, seconds_start, seconds_end) VALUES(6138, 1649, 25007, 27473, 963, 977);
INSERT INTO player_team_game_play(player_id, team_id, game_id, play_id, seconds_start, seconds_end) VALUES(7406, 1649, 25007, 27473, 963, 977);
UPDATE player_team_game_play SET seconds_end = 963 WHERE player_id = 6138 AND game_id = 25007 AND play_id = 27473;
INSERT INTO player_team_game_play(player_id, team_id, game_id, play_id, seconds_start, seconds_end) VALUES(2103, 1649, 25007, 27473, 963, 977);
INSERT INTO lba.sub_play (play_id, seconds_da_start, player_made_id, team_made_id, game_made_id, player_suffered_id, team_suffered_id, game_suffered_id, shot_id, turnover_id, foul_id, rebound_defensive_01, rebound_offensive_01, assist_01, blocks_01, time_out_01, x, y)VALUES(27473, 14, 1774, 1646, 25007, NULL, NULL, NULL, 2, NULL, NULL, '', '', '', '', '', 7, 56);
INSERT INTO lba.sub_play (play_id, seconds_da_start, player_made_id, team_made_id, game_made_id, player_suffered_id, team_suffered_id, game_suffered_id, shot_id, turnover_id, foul_id, rebound_defensive_01, rebound_offensive_01, assist_01, blocks_01, time_out_01, x, y)VALUES(27473, 14, 5150, 1649, 25007, NULL, NULL, NULL, NULL, NULL, NULL, '1', '', '', '', '', 7, 56);

INSERT INTO play(id, game_id, seconds_start, seconds_end, quarter, attack_home_01, score_home, score_guest)VALUES(27474, 25007, 977, 996, 2, '0', 28, 40);
INSERT INTO player_team_game_play(player_id, team_id, game_id, play_id, seconds_start, seconds_end) VALUES(2608, 1646, 25007, 27474, 977, 996);
INSERT INTO player_team_game_play(player_id, team_id, game_id, play_id, seconds_start, seconds_end) VALUES(7461, 1646, 25007, 27474, 977, 996);
INSERT INTO player_team_game_play(player_id, team_id, game_id, play_id, seconds_start, seconds_end) VALUES(5449, 1646, 25007, 27474, 977, 996);
INSERT INTO player_team_game_play(player_id, team_id, game_id, play_id, seconds_start, seconds_end) VALUES(45, 1646, 25007, 27474, 977, 996);
INSERT INTO player_team_game_play(player_id, team_id, game_id, play_id, seconds_start, seconds_end) VALUES(1774, 1646, 25007, 27474, 977, 996);
INSERT INTO player_team_game_play(player_id, team_id, game_id, play_id, seconds_start, seconds_end) VALUES(2103, 1649, 25007, 27474, 977, 996);
INSERT INTO player_team_game_play(player_id, team_id, game_id, play_id, seconds_start, seconds_end) VALUES(7015, 1649, 25007, 27474, 977, 996);
INSERT INTO player_team_game_play(player_id, team_id, game_id, play_id, seconds_start, seconds_end) VALUES(3176, 1649, 25007, 27474, 977, 996);
INSERT INTO player_team_game_play(player_id, team_id, game_id, play_id, seconds_start, seconds_end) VALUES(5150, 1649, 25007, 27474, 977, 996);
INSERT INTO player_team_game_play(player_id, team_id, game_id, play_id, seconds_start, seconds_end) VALUES(7406, 1649, 25007, 27474, 977, 996);
INSERT INTO lba.sub_play (play_id, seconds_da_start, player_made_id, team_made_id, game_made_id, player_suffered_id, team_suffered_id, game_suffered_id, shot_id, turnover_id, foul_id, rebound_defensive_01, rebound_offensive_01, assist_01, blocks_01, time_out_01, x, y)VALUES(27474, 19, 7015, 1649, 25007, NULL, NULL, NULL, 4, NULL, NULL, '', '', '', '', '', 83, 94);
INSERT INTO lba.sub_play (play_id, seconds_da_start, player_made_id, team_made_id, game_made_id, player_suffered_id, team_suffered_id, game_suffered_id, shot_id, turnover_id, foul_id, rebound_defensive_01, rebound_offensive_01, assist_01, blocks_01, time_out_01, x, y)VALUES(27474, 19, 2608, 1646, 25007, NULL, NULL, NULL, NULL, NULL, NULL, '1', '', '', '', '', 83, 94);

INSERT INTO play(id, game_id, seconds_start, seconds_end, quarter, attack_home_01, score_home, score_guest)VALUES(27475, 25007, 996, 1003, 2, '1', 30, 40);
INSERT INTO player_team_game_play(player_id, team_id, game_id, play_id, seconds_start, seconds_end) VALUES(2608, 1646, 25007, 27475, 996, 1003);
INSERT INTO player_team_game_play(player_id, team_id, game_id, play_id, seconds_start, seconds_end) VALUES(7461, 1646, 25007, 27475, 996, 1003);
INSERT INTO player_team_game_play(player_id, team_id, game_id, play_id, seconds_start, seconds_end) VALUES(5449, 1646, 25007, 27475, 996, 1003);
INSERT INTO player_team_game_play(player_id, team_id, game_id, play_id, seconds_start, seconds_end) VALUES(45, 1646, 25007, 27475, 996, 1003);
INSERT INTO player_team_game_play(player_id, team_id, game_id, play_id, seconds_start, seconds_end) VALUES(1774, 1646, 25007, 27475, 996, 1003);
INSERT INTO player_team_game_play(player_id, team_id, game_id, play_id, seconds_start, seconds_end) VALUES(2103, 1649, 25007, 27475, 996, 1003);
INSERT INTO player_team_game_play(player_id, team_id, game_id, play_id, seconds_start, seconds_end) VALUES(7015, 1649, 25007, 27475, 996, 1003);
INSERT INTO player_team_game_play(player_id, team_id, game_id, play_id, seconds_start, seconds_end) VALUES(3176, 1649, 25007, 27475, 996, 1003);
INSERT INTO player_team_game_play(player_id, team_id, game_id, play_id, seconds_start, seconds_end) VALUES(5150, 1649, 25007, 27475, 996, 1003);
INSERT INTO player_team_game_play(player_id, team_id, game_id, play_id, seconds_start, seconds_end) VALUES(7406, 1649, 25007, 27475, 996, 1003);
UPDATE player_team_game_play SET seconds_end = 1003 WHERE player_id = 2608 AND game_id = 25007 AND play_id = 27475;
INSERT INTO player_team_game_play(player_id, team_id, game_id, play_id, seconds_start, seconds_end) VALUES(418, 1646, 25007, 27475, 1003, 1003);
INSERT INTO lba.sub_play (play_id, seconds_da_start, player_made_id, team_made_id, game_made_id, player_suffered_id, team_suffered_id, game_suffered_id, shot_id, turnover_id, foul_id, rebound_defensive_01, rebound_offensive_01, assist_01, blocks_01, time_out_01, x, y)VALUES(27475, 7, 1774, 1646, 25007, NULL, NULL, NULL, 1, NULL, NULL, '', '', '', '', '', 6, 57);
INSERT INTO lba.sub_play (play_id, seconds_da_start, player_made_id, team_made_id, game_made_id, player_suffered_id, team_suffered_id, game_suffered_id, shot_id, turnover_id, foul_id, rebound_defensive_01, rebound_offensive_01, assist_01, blocks_01, time_out_01, x, y)VALUES(27475, 7, 2608, 1646, 25007, NULL, NULL, NULL, NULL, NULL, NULL, '', '', '1', '', '', 6, 57);

INSERT INTO play(id, game_id, seconds_start, seconds_end, quarter, attack_home_01, score_home, score_guest)VALUES(27476, 25007, 1003, 1003, 2, '1', 31, 40);
INSERT INTO player_team_game_play(player_id, team_id, game_id, play_id, seconds_start, seconds_end) VALUES(2608, 1646, 25007, 27476, 1003, 1003);
INSERT INTO player_team_game_play(player_id, team_id, game_id, play_id, seconds_start, seconds_end) VALUES(7461, 1646, 25007, 27476, 1003, 1003);
INSERT INTO player_team_game_play(player_id, team_id, game_id, play_id, seconds_start, seconds_end) VALUES(5449, 1646, 25007, 27476, 1003, 1003);
INSERT INTO player_team_game_play(player_id, team_id, game_id, play_id, seconds_start, seconds_end) VALUES(45, 1646, 25007, 27476, 1003, 1003);
INSERT INTO player_team_game_play(player_id, team_id, game_id, play_id, seconds_start, seconds_end) VALUES(1774, 1646, 25007, 27476, 1003, 1003);
INSERT INTO player_team_game_play(player_id, team_id, game_id, play_id, seconds_start, seconds_end) VALUES(2103, 1649, 25007, 27476, 1003, 1003);
INSERT INTO player_team_game_play(player_id, team_id, game_id, play_id, seconds_start, seconds_end) VALUES(7015, 1649, 25007, 27476, 1003, 1003);
INSERT INTO player_team_game_play(player_id, team_id, game_id, play_id, seconds_start, seconds_end) VALUES(3176, 1649, 25007, 27476, 1003, 1003);
INSERT INTO player_team_game_play(player_id, team_id, game_id, play_id, seconds_start, seconds_end) VALUES(5150, 1649, 25007, 27476, 1003, 1003);
INSERT INTO player_team_game_play(player_id, team_id, game_id, play_id, seconds_start, seconds_end) VALUES(7406, 1649, 25007, 27476, 1003, 1003);
UPDATE player_team_game_play SET seconds_end = 1003 WHERE player_id = 2608 AND game_id = 25007 AND play_id = 27476;
INSERT INTO player_team_game_play(player_id, team_id, game_id, play_id, seconds_start, seconds_end) VALUES(418, 1646, 25007, 27476, 1003, 1003);
INSERT INTO lba.sub_play (play_id, seconds_da_start, player_made_id, team_made_id, game_made_id, player_suffered_id, team_suffered_id, game_suffered_id, shot_id, turnover_id, foul_id, rebound_defensive_01, rebound_offensive_01, assist_01, blocks_01, time_out_01, x, y)VALUES(27476, 0, 418, 1646, 25007, NULL, NULL, NULL, 5, NULL, NULL, '', '', '', '', '', NULL, NULL);

INSERT INTO play(id, game_id, seconds_start, seconds_end, quarter, attack_home_01, score_home, score_guest)VALUES(27477, 25007, 1003, 1017, 2, '0', 31, 40);
INSERT INTO player_team_game_play(player_id, team_id, game_id, play_id, seconds_start, seconds_end) VALUES(2608, 1646, 25007, 27477, 1003, 1017);
INSERT INTO player_team_game_play(player_id, team_id, game_id, play_id, seconds_start, seconds_end) VALUES(7461, 1646, 25007, 27477, 1003, 1017);
INSERT INTO player_team_game_play(player_id, team_id, game_id, play_id, seconds_start, seconds_end) VALUES(5449, 1646, 25007, 27477, 1003, 1017);
INSERT INTO player_team_game_play(player_id, team_id, game_id, play_id, seconds_start, seconds_end) VALUES(45, 1646, 25007, 27477, 1003, 1017);
INSERT INTO player_team_game_play(player_id, team_id, game_id, play_id, seconds_start, seconds_end) VALUES(1774, 1646, 25007, 27477, 1003, 1017);
INSERT INTO player_team_game_play(player_id, team_id, game_id, play_id, seconds_start, seconds_end) VALUES(2103, 1649, 25007, 27477, 1003, 1017);
INSERT INTO player_team_game_play(player_id, team_id, game_id, play_id, seconds_start, seconds_end) VALUES(7015, 1649, 25007, 27477, 1003, 1017);
INSERT INTO player_team_game_play(player_id, team_id, game_id, play_id, seconds_start, seconds_end) VALUES(3176, 1649, 25007, 27477, 1003, 1017);
INSERT INTO player_team_game_play(player_id, team_id, game_id, play_id, seconds_start, seconds_end) VALUES(5150, 1649, 25007, 27477, 1003, 1017);
INSERT INTO player_team_game_play(player_id, team_id, game_id, play_id, seconds_start, seconds_end) VALUES(7406, 1649, 25007, 27477, 1003, 1017);
UPDATE player_team_game_play SET seconds_end = 1003 WHERE player_id = 2608 AND game_id = 25007 AND play_id = 27477;
INSERT INTO player_team_game_play(player_id, team_id, game_id, play_id, seconds_start, seconds_end) VALUES(418, 1646, 25007, 27477, 1003, 1017);
INSERT INTO lba.sub_play (play_id, seconds_da_start, player_made_id, team_made_id, game_made_id, player_suffered_id, team_suffered_id, game_suffered_id, shot_id, turnover_id, foul_id, rebound_defensive_01, rebound_offensive_01, assist_01, blocks_01, time_out_01, x, y)VALUES(27477, 14, 7406, 1649, 25007, 1774, 1646, 25007, NULL, 1, NULL, '', '', '', '', '', 71, 17);

INSERT INTO play(id, game_id, seconds_start, seconds_end, quarter, attack_home_01, score_home, score_guest)VALUES(27478, 25007, 1017, 1025, 2, '1', 33, 40);
INSERT INTO player_team_game_play(player_id, team_id, game_id, play_id, seconds_start, seconds_end) VALUES(418, 1646, 25007, 27478, 1017, 1025);
INSERT INTO player_team_game_play(player_id, team_id, game_id, play_id, seconds_start, seconds_end) VALUES(7461, 1646, 25007, 27478, 1017, 1025);
INSERT INTO player_team_game_play(player_id, team_id, game_id, play_id, seconds_start, seconds_end) VALUES(5449, 1646, 25007, 27478, 1017, 1025);
INSERT INTO player_team_game_play(player_id, team_id, game_id, play_id, seconds_start, seconds_end) VALUES(45, 1646, 25007, 27478, 1017, 1025);
INSERT INTO player_team_game_play(player_id, team_id, game_id, play_id, seconds_start, seconds_end) VALUES(1774, 1646, 25007, 27478, 1017, 1025);
INSERT INTO player_team_game_play(player_id, team_id, game_id, play_id, seconds_start, seconds_end) VALUES(2103, 1649, 25007, 27478, 1017, 1025);
INSERT INTO player_team_game_play(player_id, team_id, game_id, play_id, seconds_start, seconds_end) VALUES(7015, 1649, 25007, 27478, 1017, 1025);
INSERT INTO player_team_game_play(player_id, team_id, game_id, play_id, seconds_start, seconds_end) VALUES(3176, 1649, 25007, 27478, 1017, 1025);
INSERT INTO player_team_game_play(player_id, team_id, game_id, play_id, seconds_start, seconds_end) VALUES(5150, 1649, 25007, 27478, 1017, 1025);
INSERT INTO player_team_game_play(player_id, team_id, game_id, play_id, seconds_start, seconds_end) VALUES(7406, 1649, 25007, 27478, 1017, 1025);
INSERT INTO lba.sub_play (play_id, seconds_da_start, player_made_id, team_made_id, game_made_id, player_suffered_id, team_suffered_id, game_suffered_id, shot_id, turnover_id, foul_id, rebound_defensive_01, rebound_offensive_01, assist_01, blocks_01, time_out_01, x, y)VALUES(27478, 8, 1774, 1646, 25007, NULL, NULL, NULL, 1, NULL, NULL, '', '', '', '', '', 7, 55);
INSERT INTO lba.sub_play (play_id, seconds_da_start, player_made_id, team_made_id, game_made_id, player_suffered_id, team_suffered_id, game_suffered_id, shot_id, turnover_id, foul_id, rebound_defensive_01, rebound_offensive_01, assist_01, blocks_01, time_out_01, x, y)VALUES(27478, 8, 5449, 1646, 25007, NULL, NULL, NULL, NULL, NULL, NULL, '', '', '1', '', '', 7, 55);

INSERT INTO play(id, game_id, seconds_start, seconds_end, quarter, attack_home_01, score_home, score_guest)VALUES(27479, 25007, 1025, 1048, 2, '0', 33, 42);
INSERT INTO player_team_game_play(player_id, team_id, game_id, play_id, seconds_start, seconds_end) VALUES(418, 1646, 25007, 27479, 1025, 1048);
INSERT INTO player_team_game_play(player_id, team_id, game_id, play_id, seconds_start, seconds_end) VALUES(7461, 1646, 25007, 27479, 1025, 1048);
INSERT INTO player_team_game_play(player_id, team_id, game_id, play_id, seconds_start, seconds_end) VALUES(5449, 1646, 25007, 27479, 1025, 1048);
INSERT INTO player_team_game_play(player_id, team_id, game_id, play_id, seconds_start, seconds_end) VALUES(45, 1646, 25007, 27479, 1025, 1048);
INSERT INTO player_team_game_play(player_id, team_id, game_id, play_id, seconds_start, seconds_end) VALUES(1774, 1646, 25007, 27479, 1025, 1048);
INSERT INTO player_team_game_play(player_id, team_id, game_id, play_id, seconds_start, seconds_end) VALUES(2103, 1649, 25007, 27479, 1025, 1048);
INSERT INTO player_team_game_play(player_id, team_id, game_id, play_id, seconds_start, seconds_end) VALUES(7015, 1649, 25007, 27479, 1025, 1048);
INSERT INTO player_team_game_play(player_id, team_id, game_id, play_id, seconds_start, seconds_end) VALUES(3176, 1649, 25007, 27479, 1025, 1048);
INSERT INTO player_team_game_play(player_id, team_id, game_id, play_id, seconds_start, seconds_end) VALUES(5150, 1649, 25007, 27479, 1025, 1048);
INSERT INTO player_team_game_play(player_id, team_id, game_id, play_id, seconds_start, seconds_end) VALUES(7406, 1649, 25007, 27479, 1025, 1048);
INSERT INTO lba.sub_play (play_id, seconds_da_start, player_made_id, team_made_id, game_made_id, player_suffered_id, team_suffered_id, game_suffered_id, shot_id, turnover_id, foul_id, rebound_defensive_01, rebound_offensive_01, assist_01, blocks_01, time_out_01, x, y)VALUES(27479, 23, 3176, 1649, 25007, NULL, NULL, NULL, 1, NULL, NULL, '', '', '', '', '', 92, 21);
INSERT INTO lba.sub_play (play_id, seconds_da_start, player_made_id, team_made_id, game_made_id, player_suffered_id, team_suffered_id, game_suffered_id, shot_id, turnover_id, foul_id, rebound_defensive_01, rebound_offensive_01, assist_01, blocks_01, time_out_01, x, y)VALUES(27479, 23, 7406, 1649, 25007, NULL, NULL, NULL, NULL, NULL, NULL, '', '', '1', '', '', 92, 21);

INSERT INTO play(id, game_id, seconds_start, seconds_end, quarter, attack_home_01, score_home, score_guest)VALUES(27480, 25007, 1048, 1096, 2, '0', 35, 44);
INSERT INTO player_team_game_play(player_id, team_id, game_id, play_id, seconds_start, seconds_end) VALUES(418, 1646, 25007, 27480, 1048, 1096);
INSERT INTO player_team_game_play(player_id, team_id, game_id, play_id, seconds_start, seconds_end) VALUES(7461, 1646, 25007, 27480, 1048, 1096);
INSERT INTO player_team_game_play(player_id, team_id, game_id, play_id, seconds_start, seconds_end) VALUES(5449, 1646, 25007, 27480, 1048, 1096);
INSERT INTO player_team_game_play(player_id, team_id, game_id, play_id, seconds_start, seconds_end) VALUES(45, 1646, 25007, 27480, 1048, 1096);
INSERT INTO player_team_game_play(player_id, team_id, game_id, play_id, seconds_start, seconds_end) VALUES(1774, 1646, 25007, 27480, 1048, 1096);
INSERT INTO player_team_game_play(player_id, team_id, game_id, play_id, seconds_start, seconds_end) VALUES(2103, 1649, 25007, 27480, 1048, 1096);
INSERT INTO player_team_game_play(player_id, team_id, game_id, play_id, seconds_start, seconds_end) VALUES(7015, 1649, 25007, 27480, 1048, 1096);
INSERT INTO player_team_game_play(player_id, team_id, game_id, play_id, seconds_start, seconds_end) VALUES(3176, 1649, 25007, 27480, 1048, 1096);
INSERT INTO player_team_game_play(player_id, team_id, game_id, play_id, seconds_start, seconds_end) VALUES(5150, 1649, 25007, 27480, 1048, 1096);
INSERT INTO player_team_game_play(player_id, team_id, game_id, play_id, seconds_start, seconds_end) VALUES(7406, 1649, 25007, 27480, 1048, 1096);
UPDATE player_team_game_play SET seconds_end = 1087 WHERE player_id = 418 AND game_id = 25007 AND play_id = 27480;
INSERT INTO player_team_game_play(player_id, team_id, game_id, play_id, seconds_start, seconds_end) VALUES(4162, 1646, 25007, 27480, 1087, 1096);
UPDATE player_team_game_play SET seconds_end = 1087 WHERE player_id = 7015 AND game_id = 25007 AND play_id = 27480;
UPDATE player_team_game_play SET seconds_end = 1087 WHERE player_id = 2103 AND game_id = 25007 AND play_id = 27480;
INSERT INTO player_team_game_play(player_id, team_id, game_id, play_id, seconds_start, seconds_end) VALUES(6138, 1649, 25007, 27480, 1087, 1096);
INSERT INTO player_team_game_play(player_id, team_id, game_id, play_id, seconds_start, seconds_end) VALUES(1775, 1649, 25007, 27480, 1087, 1096);
INSERT INTO lba.sub_play (play_id, seconds_da_start, player_made_id, team_made_id, game_made_id, player_suffered_id, team_suffered_id, game_suffered_id, shot_id, turnover_id, foul_id, rebound_defensive_01, rebound_offensive_01, assist_01, blocks_01, time_out_01, x, y)VALUES(27480, 18, 5449, 1646, 25007, NULL, NULL, NULL, 1, NULL, NULL, '', '', '', '', '', 20, 20);
INSERT INTO lba.sub_play (play_id, seconds_da_start, player_made_id, team_made_id, game_made_id, player_suffered_id, team_suffered_id, game_suffered_id, shot_id, turnover_id, foul_id, rebound_defensive_01, rebound_offensive_01, assist_01, blocks_01, time_out_01, x, y)VALUES(27480, 39, 7461, 1646, 25007, 5150, 1649, 25007, NULL, NULL, 1, '', '', '', '', '', 69, 38);
INSERT INTO lba.sub_play (play_id, seconds_da_start, player_made_id, team_made_id, game_made_id, player_suffered_id, team_suffered_id, game_suffered_id, shot_id, turnover_id, foul_id, rebound_defensive_01, rebound_offensive_01, assist_01, blocks_01, time_out_01, x, y)VALUES(27480, 48, 5150, 1649, 25007, NULL, NULL, NULL, 1, NULL, NULL, '', '', '', '', '', 87, 39);

INSERT INTO play(id, game_id, seconds_start, seconds_end, quarter, attack_home_01, score_home, score_guest)VALUES(27481, 25007, 1096, 1111, 2, '1', 35, 44);
INSERT INTO player_team_game_play(player_id, team_id, game_id, play_id, seconds_start, seconds_end) VALUES(4162, 1646, 25007, 27481, 1096, 1111);
INSERT INTO player_team_game_play(player_id, team_id, game_id, play_id, seconds_start, seconds_end) VALUES(7461, 1646, 25007, 27481, 1096, 1111);
INSERT INTO player_team_game_play(player_id, team_id, game_id, play_id, seconds_start, seconds_end) VALUES(5449, 1646, 25007, 27481, 1096, 1111);
INSERT INTO player_team_game_play(player_id, team_id, game_id, play_id, seconds_start, seconds_end) VALUES(45, 1646, 25007, 27481, 1096, 1111);
INSERT INTO player_team_game_play(player_id, team_id, game_id, play_id, seconds_start, seconds_end) VALUES(1774, 1646, 25007, 27481, 1096, 1111);
INSERT INTO player_team_game_play(player_id, team_id, game_id, play_id, seconds_start, seconds_end) VALUES(5150, 1649, 25007, 27481, 1096, 1111);
INSERT INTO player_team_game_play(player_id, team_id, game_id, play_id, seconds_start, seconds_end) VALUES(3176, 1649, 25007, 27481, 1096, 1111);
INSERT INTO player_team_game_play(player_id, team_id, game_id, play_id, seconds_start, seconds_end) VALUES(6138, 1649, 25007, 27481, 1096, 1111);
INSERT INTO player_team_game_play(player_id, team_id, game_id, play_id, seconds_start, seconds_end) VALUES(7406, 1649, 25007, 27481, 1096, 1111);
INSERT INTO player_team_game_play(player_id, team_id, game_id, play_id, seconds_start, seconds_end) VALUES(1775, 1649, 25007, 27481, 1096, 1111);
INSERT INTO lba.sub_play (play_id, seconds_da_start, player_made_id, team_made_id, game_made_id, player_suffered_id, team_suffered_id, game_suffered_id, shot_id, turnover_id, foul_id, rebound_defensive_01, rebound_offensive_01, assist_01, blocks_01, time_out_01, x, y)VALUES(27481, 15, 5449, 1646, 25007, 3176, 1649, 25007, NULL, 1, NULL, '', '', '', '', '', 33, 45);

INSERT INTO play(id, game_id, seconds_start, seconds_end, quarter, attack_home_01, score_home, score_guest)VALUES(27482, 25007, 1111, 1116, 2, '0', 35, 44);
INSERT INTO player_team_game_play(player_id, team_id, game_id, play_id, seconds_start, seconds_end) VALUES(4162, 1646, 25007, 27482, 1111, 1116);
INSERT INTO player_team_game_play(player_id, team_id, game_id, play_id, seconds_start, seconds_end) VALUES(7461, 1646, 25007, 27482, 1111, 1116);
INSERT INTO player_team_game_play(player_id, team_id, game_id, play_id, seconds_start, seconds_end) VALUES(5449, 1646, 25007, 27482, 1111, 1116);
INSERT INTO player_team_game_play(player_id, team_id, game_id, play_id, seconds_start, seconds_end) VALUES(45, 1646, 25007, 27482, 1111, 1116);
INSERT INTO player_team_game_play(player_id, team_id, game_id, play_id, seconds_start, seconds_end) VALUES(1774, 1646, 25007, 27482, 1111, 1116);
INSERT INTO player_team_game_play(player_id, team_id, game_id, play_id, seconds_start, seconds_end) VALUES(5150, 1649, 25007, 27482, 1111, 1116);
INSERT INTO player_team_game_play(player_id, team_id, game_id, play_id, seconds_start, seconds_end) VALUES(3176, 1649, 25007, 27482, 1111, 1116);
INSERT INTO player_team_game_play(player_id, team_id, game_id, play_id, seconds_start, seconds_end) VALUES(6138, 1649, 25007, 27482, 1111, 1116);
INSERT INTO player_team_game_play(player_id, team_id, game_id, play_id, seconds_start, seconds_end) VALUES(7406, 1649, 25007, 27482, 1111, 1116);
INSERT INTO player_team_game_play(player_id, team_id, game_id, play_id, seconds_start, seconds_end) VALUES(1775, 1649, 25007, 27482, 1111, 1116);
INSERT INTO lba.sub_play (play_id, seconds_da_start, player_made_id, team_made_id, game_made_id, player_suffered_id, team_suffered_id, game_suffered_id, shot_id, turnover_id, foul_id, rebound_defensive_01, rebound_offensive_01, assist_01, blocks_01, time_out_01, x, y)VALUES(27482, 5, 5150, 1649, 25007, NULL, NULL, NULL, 2, NULL, NULL, '', '', '', '', '', 92, 43);
INSERT INTO lba.sub_play (play_id, seconds_da_start, player_made_id, team_made_id, game_made_id, player_suffered_id, team_suffered_id, game_suffered_id, shot_id, turnover_id, foul_id, rebound_defensive_01, rebound_offensive_01, assist_01, blocks_01, time_out_01, x, y)VALUES(27482, 5, 4162, 1646, 25007, NULL, NULL, NULL, NULL, NULL, NULL, '1', '', '', '', '', 92, 43);

INSERT INTO play(id, game_id, seconds_start, seconds_end, quarter, attack_home_01, score_home, score_guest)VALUES(27483, 25007, 1116, 1124, 2, '1', 35, 44);
INSERT INTO player_team_game_play(player_id, team_id, game_id, play_id, seconds_start, seconds_end) VALUES(4162, 1646, 25007, 27483, 1116, 1124);
INSERT INTO player_team_game_play(player_id, team_id, game_id, play_id, seconds_start, seconds_end) VALUES(7461, 1646, 25007, 27483, 1116, 1124);
INSERT INTO player_team_game_play(player_id, team_id, game_id, play_id, seconds_start, seconds_end) VALUES(5449, 1646, 25007, 27483, 1116, 1124);
INSERT INTO player_team_game_play(player_id, team_id, game_id, play_id, seconds_start, seconds_end) VALUES(45, 1646, 25007, 27483, 1116, 1124);
INSERT INTO player_team_game_play(player_id, team_id, game_id, play_id, seconds_start, seconds_end) VALUES(1774, 1646, 25007, 27483, 1116, 1124);
INSERT INTO player_team_game_play(player_id, team_id, game_id, play_id, seconds_start, seconds_end) VALUES(5150, 1649, 25007, 27483, 1116, 1124);
INSERT INTO player_team_game_play(player_id, team_id, game_id, play_id, seconds_start, seconds_end) VALUES(3176, 1649, 25007, 27483, 1116, 1124);
INSERT INTO player_team_game_play(player_id, team_id, game_id, play_id, seconds_start, seconds_end) VALUES(6138, 1649, 25007, 27483, 1116, 1124);
INSERT INTO player_team_game_play(player_id, team_id, game_id, play_id, seconds_start, seconds_end) VALUES(7406, 1649, 25007, 27483, 1116, 1124);
INSERT INTO player_team_game_play(player_id, team_id, game_id, play_id, seconds_start, seconds_end) VALUES(1775, 1649, 25007, 27483, 1116, 1124);
INSERT INTO lba.sub_play (play_id, seconds_da_start, player_made_id, team_made_id, game_made_id, player_suffered_id, team_suffered_id, game_suffered_id, shot_id, turnover_id, foul_id, rebound_defensive_01, rebound_offensive_01, assist_01, blocks_01, time_out_01, x, y)VALUES(27483, 8, 5449, 1646, 25007, NULL, NULL, NULL, NULL, 5, NULL, '', '', '', '', '', 10, 76);

INSERT INTO play(id, game_id, seconds_start, seconds_end, quarter, attack_home_01, score_home, score_guest)VALUES(27484, 25007, 1124, 1145, 2, '0', 35, 44);
INSERT INTO player_team_game_play(player_id, team_id, game_id, play_id, seconds_start, seconds_end) VALUES(4162, 1646, 25007, 27484, 1124, 1145);
INSERT INTO player_team_game_play(player_id, team_id, game_id, play_id, seconds_start, seconds_end) VALUES(7461, 1646, 25007, 27484, 1124, 1145);
INSERT INTO player_team_game_play(player_id, team_id, game_id, play_id, seconds_start, seconds_end) VALUES(5449, 1646, 25007, 27484, 1124, 1145);
INSERT INTO player_team_game_play(player_id, team_id, game_id, play_id, seconds_start, seconds_end) VALUES(45, 1646, 25007, 27484, 1124, 1145);
INSERT INTO player_team_game_play(player_id, team_id, game_id, play_id, seconds_start, seconds_end) VALUES(1774, 1646, 25007, 27484, 1124, 1145);
INSERT INTO player_team_game_play(player_id, team_id, game_id, play_id, seconds_start, seconds_end) VALUES(5150, 1649, 25007, 27484, 1124, 1145);
INSERT INTO player_team_game_play(player_id, team_id, game_id, play_id, seconds_start, seconds_end) VALUES(3176, 1649, 25007, 27484, 1124, 1145);
INSERT INTO player_team_game_play(player_id, team_id, game_id, play_id, seconds_start, seconds_end) VALUES(6138, 1649, 25007, 27484, 1124, 1145);
INSERT INTO player_team_game_play(player_id, team_id, game_id, play_id, seconds_start, seconds_end) VALUES(7406, 1649, 25007, 27484, 1124, 1145);
INSERT INTO player_team_game_play(player_id, team_id, game_id, play_id, seconds_start, seconds_end) VALUES(1775, 1649, 25007, 27484, 1124, 1145);
INSERT INTO lba.sub_play (play_id, seconds_da_start, player_made_id, team_made_id, game_made_id, player_suffered_id, team_suffered_id, game_suffered_id, shot_id, turnover_id, foul_id, rebound_defensive_01, rebound_offensive_01, assist_01, blocks_01, time_out_01, x, y)VALUES(27484, 21, 7406, 1649, 25007, NULL, NULL, NULL, 4, NULL, NULL, '', '', '', '', '', 78, 94);
INSERT INTO lba.sub_play (play_id, seconds_da_start, player_made_id, team_made_id, game_made_id, player_suffered_id, team_suffered_id, game_suffered_id, shot_id, turnover_id, foul_id, rebound_defensive_01, rebound_offensive_01, assist_01, blocks_01, time_out_01, x, y)VALUES(27484, 21, 45, 1646, 25007, NULL, NULL, NULL, NULL, NULL, NULL, '1', '', '', '', '', 78, 94);

INSERT INTO play(id, game_id, seconds_start, seconds_end, quarter, attack_home_01, score_home, score_guest)VALUES(27485, 25007, 1145, 1169, 2, '1', 35, 44);
INSERT INTO player_team_game_play(player_id, team_id, game_id, play_id, seconds_start, seconds_end) VALUES(4162, 1646, 25007, 27485, 1145, 1169);
INSERT INTO player_team_game_play(player_id, team_id, game_id, play_id, seconds_start, seconds_end) VALUES(7461, 1646, 25007, 27485, 1145, 1169);
INSERT INTO player_team_game_play(player_id, team_id, game_id, play_id, seconds_start, seconds_end) VALUES(5449, 1646, 25007, 27485, 1145, 1169);
INSERT INTO player_team_game_play(player_id, team_id, game_id, play_id, seconds_start, seconds_end) VALUES(45, 1646, 25007, 27485, 1145, 1169);
INSERT INTO player_team_game_play(player_id, team_id, game_id, play_id, seconds_start, seconds_end) VALUES(1774, 1646, 25007, 27485, 1145, 1169);
INSERT INTO player_team_game_play(player_id, team_id, game_id, play_id, seconds_start, seconds_end) VALUES(5150, 1649, 25007, 27485, 1145, 1169);
INSERT INTO player_team_game_play(player_id, team_id, game_id, play_id, seconds_start, seconds_end) VALUES(3176, 1649, 25007, 27485, 1145, 1169);
INSERT INTO player_team_game_play(player_id, team_id, game_id, play_id, seconds_start, seconds_end) VALUES(6138, 1649, 25007, 27485, 1145, 1169);
INSERT INTO player_team_game_play(player_id, team_id, game_id, play_id, seconds_start, seconds_end) VALUES(7406, 1649, 25007, 27485, 1145, 1169);
INSERT INTO player_team_game_play(player_id, team_id, game_id, play_id, seconds_start, seconds_end) VALUES(1775, 1649, 25007, 27485, 1145, 1169);
INSERT INTO lba.sub_play (play_id, seconds_da_start, player_made_id, team_made_id, game_made_id, player_suffered_id, team_suffered_id, game_suffered_id, shot_id, turnover_id, foul_id, rebound_defensive_01, rebound_offensive_01, assist_01, blocks_01, time_out_01, x, y)VALUES(27485, 24, 4162, 1646, 25007, NULL, NULL, NULL, 4, NULL, NULL, '', '', '', '', '', 33, 41);
INSERT INTO lba.sub_play (play_id, seconds_da_start, player_made_id, team_made_id, game_made_id, player_suffered_id, team_suffered_id, game_suffered_id, shot_id, turnover_id, foul_id, rebound_defensive_01, rebound_offensive_01, assist_01, blocks_01, time_out_01, x, y)VALUES(27485, 24, 5150, 1649, 25007, NULL, NULL, NULL, NULL, NULL, NULL, '1', '', '', '', '', 33, 41);

INSERT INTO play(id, game_id, seconds_start, seconds_end, quarter, attack_home_01, score_home, score_guest)VALUES(27486, 25007, 1169, 1194, 2, '0', 35, 44);
INSERT INTO player_team_game_play(player_id, team_id, game_id, play_id, seconds_start, seconds_end) VALUES(4162, 1646, 25007, 27486, 1169, 1194);
INSERT INTO player_team_game_play(player_id, team_id, game_id, play_id, seconds_start, seconds_end) VALUES(7461, 1646, 25007, 27486, 1169, 1194);
INSERT INTO player_team_game_play(player_id, team_id, game_id, play_id, seconds_start, seconds_end) VALUES(5449, 1646, 25007, 27486, 1169, 1194);
INSERT INTO player_team_game_play(player_id, team_id, game_id, play_id, seconds_start, seconds_end) VALUES(45, 1646, 25007, 27486, 1169, 1194);
INSERT INTO player_team_game_play(player_id, team_id, game_id, play_id, seconds_start, seconds_end) VALUES(1774, 1646, 25007, 27486, 1169, 1194);
INSERT INTO player_team_game_play(player_id, team_id, game_id, play_id, seconds_start, seconds_end) VALUES(5150, 1649, 25007, 27486, 1169, 1194);
INSERT INTO player_team_game_play(player_id, team_id, game_id, play_id, seconds_start, seconds_end) VALUES(3176, 1649, 25007, 27486, 1169, 1194);
INSERT INTO player_team_game_play(player_id, team_id, game_id, play_id, seconds_start, seconds_end) VALUES(6138, 1649, 25007, 27486, 1169, 1194);
INSERT INTO player_team_game_play(player_id, team_id, game_id, play_id, seconds_start, seconds_end) VALUES(7406, 1649, 25007, 27486, 1169, 1194);
INSERT INTO player_team_game_play(player_id, team_id, game_id, play_id, seconds_start, seconds_end) VALUES(1775, 1649, 25007, 27486, 1169, 1194);
UPDATE player_team_game_play SET seconds_end = 1194 WHERE player_id = 4162 AND game_id = 25007 AND play_id = 27486;
UPDATE player_team_game_play SET seconds_end = 1194 WHERE player_id = 45 AND game_id = 25007 AND play_id = 27486;
INSERT INTO player_team_game_play(player_id, team_id, game_id, play_id, seconds_start, seconds_end) VALUES(418, 1646, 25007, 27486, 1194, 1194);
INSERT INTO player_team_game_play(player_id, team_id, game_id, play_id, seconds_start, seconds_end) VALUES(7462, 1646, 25007, 27486, 1194, 1194);
UPDATE player_team_game_play SET seconds_end = 1194 WHERE player_id = 6138 AND game_id = 25007 AND play_id = 27486;
INSERT INTO player_team_game_play(player_id, team_id, game_id, play_id, seconds_start, seconds_end) VALUES(2103, 1649, 25007, 27486, 1194, 1194);
INSERT INTO lba.sub_play (play_id, seconds_da_start, player_made_id, team_made_id, game_made_id, player_suffered_id, team_suffered_id, game_suffered_id, shot_id, turnover_id, foul_id, rebound_defensive_01, rebound_offensive_01, assist_01, blocks_01, time_out_01, x, y)VALUES(27486, 24, 3176, 1649, 25007, NULL, NULL, NULL, 2, NULL, NULL, '', '', '', '', '', 78, 60);
INSERT INTO lba.sub_play (play_id, seconds_da_start, player_made_id, team_made_id, game_made_id, player_suffered_id, team_suffered_id, game_suffered_id, shot_id, turnover_id, foul_id, rebound_defensive_01, rebound_offensive_01, assist_01, blocks_01, time_out_01, x, y)VALUES(27486, 24, 7406, 1649, 25007, NULL, NULL, NULL, NULL, NULL, NULL, '', '1', '', '', '', 78, 60);

INSERT INTO play(id, game_id, seconds_start, seconds_end, quarter, attack_home_01, score_home, score_guest)VALUES(27487, 25007, 1194, 1213, 3, '1', 35, 44);
INSERT INTO player_team_game_play(player_id, team_id, game_id, play_id, seconds_start, seconds_end) VALUES(4162, 1646, 25007, 27487, 1194, 1213);
INSERT INTO player_team_game_play(player_id, team_id, game_id, play_id, seconds_start, seconds_end) VALUES(7461, 1646, 25007, 27487, 1194, 1213);
INSERT INTO player_team_game_play(player_id, team_id, game_id, play_id, seconds_start, seconds_end) VALUES(5449, 1646, 25007, 27487, 1194, 1213);
INSERT INTO player_team_game_play(player_id, team_id, game_id, play_id, seconds_start, seconds_end) VALUES(45, 1646, 25007, 27487, 1194, 1213);
INSERT INTO player_team_game_play(player_id, team_id, game_id, play_id, seconds_start, seconds_end) VALUES(1774, 1646, 25007, 27487, 1194, 1213);
INSERT INTO player_team_game_play(player_id, team_id, game_id, play_id, seconds_start, seconds_end) VALUES(5150, 1649, 25007, 27487, 1194, 1213);
INSERT INTO player_team_game_play(player_id, team_id, game_id, play_id, seconds_start, seconds_end) VALUES(3176, 1649, 25007, 27487, 1194, 1213);
INSERT INTO player_team_game_play(player_id, team_id, game_id, play_id, seconds_start, seconds_end) VALUES(6138, 1649, 25007, 27487, 1194, 1213);
INSERT INTO player_team_game_play(player_id, team_id, game_id, play_id, seconds_start, seconds_end) VALUES(7406, 1649, 25007, 27487, 1194, 1213);
INSERT INTO player_team_game_play(player_id, team_id, game_id, play_id, seconds_start, seconds_end) VALUES(1775, 1649, 25007, 27487, 1194, 1213);
UPDATE player_team_game_play SET seconds_end = 1194 WHERE player_id = 4162 AND game_id = 25007 AND play_id = 27487;
UPDATE player_team_game_play SET seconds_end = 1194 WHERE player_id = 45 AND game_id = 25007 AND play_id = 27487;
INSERT INTO player_team_game_play(player_id, team_id, game_id, play_id, seconds_start, seconds_end) VALUES(418, 1646, 25007, 27487, 1194, 1213);
INSERT INTO player_team_game_play(player_id, team_id, game_id, play_id, seconds_start, seconds_end) VALUES(7462, 1646, 25007, 27487, 1194, 1213);
UPDATE player_team_game_play SET seconds_end = 1194 WHERE player_id = 6138 AND game_id = 25007 AND play_id = 27487;
INSERT INTO player_team_game_play(player_id, team_id, game_id, play_id, seconds_start, seconds_end) VALUES(2103, 1649, 25007, 27487, 1194, 1213);
UPDATE player_team_game_play SET seconds_end = 1200 WHERE player_id = 5449 AND game_id = 25007 AND play_id = 27487;
UPDATE player_team_game_play SET seconds_end = 1200 WHERE player_id = 418 AND game_id = 25007 AND play_id = 27487;
INSERT INTO player_team_game_play(player_id, team_id, game_id, play_id, seconds_start, seconds_end) VALUES(2608, 1646, 25007, 27487, 1200, 1213);
INSERT INTO player_team_game_play(player_id, team_id, game_id, play_id, seconds_start, seconds_end) VALUES(6328, 1646, 25007, 27487, 1200, 1213);
UPDATE player_team_game_play SET seconds_end = 1200 WHERE player_id = 1775 AND game_id = 25007 AND play_id = 27487;
UPDATE player_team_game_play SET seconds_end = 1200 WHERE player_id = 2103 AND game_id = 25007 AND play_id = 27487;
INSERT INTO player_team_game_play(player_id, team_id, game_id, play_id, seconds_start, seconds_end) VALUES(7015, 1649, 25007, 27487, 1200, 1213);
INSERT INTO lba.sub_play (play_id, seconds_da_start, player_made_id, team_made_id, game_made_id, player_suffered_id, team_suffered_id, game_suffered_id, shot_id, turnover_id, foul_id, rebound_defensive_01, rebound_offensive_01, assist_01, blocks_01, time_out_01, x, y)VALUES(27487, 6, 5449, 1646, 25007, NULL, NULL, NULL, 4, NULL, NULL, '', '', '', '', '', 33, 63);
INSERT INTO lba.sub_play (play_id, seconds_da_start, player_made_id, team_made_id, game_made_id, player_suffered_id, team_suffered_id, game_suffered_id, shot_id, turnover_id, foul_id, rebound_defensive_01, rebound_offensive_01, assist_01, blocks_01, time_out_01, x, y)VALUES(27487, 19, 7462, 1646, 25007, NULL, NULL, NULL, 2, NULL, NULL, '', '', '', '', '', 86, 51);
INSERT INTO lba.sub_play (play_id, seconds_da_start, player_made_id, team_made_id, game_made_id, player_suffered_id, team_suffered_id, game_suffered_id, shot_id, turnover_id, foul_id, rebound_defensive_01, rebound_offensive_01, assist_01, blocks_01, time_out_01, x, y)VALUES(27487, 19, 6138, 1649, 25007, NULL, NULL, NULL, NULL, NULL, NULL, '1', '', '', '', '', 86, 51);

INSERT INTO play(id, game_id, seconds_start, seconds_end, quarter, attack_home_01, score_home, score_guest)VALUES(27488, 25007, 1213, 1226, 3, '0', 35, 47);
INSERT INTO player_team_game_play(player_id, team_id, game_id, play_id, seconds_start, seconds_end) VALUES(2608, 1646, 25007, 27488, 1213, 1226);
INSERT INTO player_team_game_play(player_id, team_id, game_id, play_id, seconds_start, seconds_end) VALUES(7461, 1646, 25007, 27488, 1213, 1226);
INSERT INTO player_team_game_play(player_id, team_id, game_id, play_id, seconds_start, seconds_end) VALUES(7462, 1646, 25007, 27488, 1213, 1226);
INSERT INTO player_team_game_play(player_id, team_id, game_id, play_id, seconds_start, seconds_end) VALUES(6328, 1646, 25007, 27488, 1213, 1226);
INSERT INTO player_team_game_play(player_id, team_id, game_id, play_id, seconds_start, seconds_end) VALUES(1774, 1646, 25007, 27488, 1213, 1226);
INSERT INTO player_team_game_play(player_id, team_id, game_id, play_id, seconds_start, seconds_end) VALUES(7015, 1649, 25007, 27488, 1213, 1226);
INSERT INTO player_team_game_play(player_id, team_id, game_id, play_id, seconds_start, seconds_end) VALUES(3176, 1649, 25007, 27488, 1213, 1226);
INSERT INTO player_team_game_play(player_id, team_id, game_id, play_id, seconds_start, seconds_end) VALUES(5150, 1649, 25007, 27488, 1213, 1226);
INSERT INTO player_team_game_play(player_id, team_id, game_id, play_id, seconds_start, seconds_end) VALUES(6138, 1649, 25007, 27488, 1213, 1226);
INSERT INTO player_team_game_play(player_id, team_id, game_id, play_id, seconds_start, seconds_end) VALUES(7406, 1649, 25007, 27488, 1213, 1226);
INSERT INTO lba.sub_play (play_id, seconds_da_start, player_made_id, team_made_id, game_made_id, player_suffered_id, team_suffered_id, game_suffered_id, shot_id, turnover_id, foul_id, rebound_defensive_01, rebound_offensive_01, assist_01, blocks_01, time_out_01, x, y)VALUES(27488, 13, 7406, 1649, 25007, NULL, NULL, NULL, 3, NULL, NULL, '', '', '', '', '', 34, 48);

INSERT INTO play(id, game_id, seconds_start, seconds_end, quarter, attack_home_01, score_home, score_guest)VALUES(27489, 25007, 1226, 1271, 3, '1', 37, 47);
INSERT INTO player_team_game_play(player_id, team_id, game_id, play_id, seconds_start, seconds_end) VALUES(2608, 1646, 25007, 27489, 1226, 1271);
INSERT INTO player_team_game_play(player_id, team_id, game_id, play_id, seconds_start, seconds_end) VALUES(7461, 1646, 25007, 27489, 1226, 1271);
INSERT INTO player_team_game_play(player_id, team_id, game_id, play_id, seconds_start, seconds_end) VALUES(7462, 1646, 25007, 27489, 1226, 1271);
INSERT INTO player_team_game_play(player_id, team_id, game_id, play_id, seconds_start, seconds_end) VALUES(6328, 1646, 25007, 27489, 1226, 1271);
INSERT INTO player_team_game_play(player_id, team_id, game_id, play_id, seconds_start, seconds_end) VALUES(1774, 1646, 25007, 27489, 1226, 1271);
INSERT INTO player_team_game_play(player_id, team_id, game_id, play_id, seconds_start, seconds_end) VALUES(7015, 1649, 25007, 27489, 1226, 1271);
INSERT INTO player_team_game_play(player_id, team_id, game_id, play_id, seconds_start, seconds_end) VALUES(3176, 1649, 25007, 27489, 1226, 1271);
INSERT INTO player_team_game_play(player_id, team_id, game_id, play_id, seconds_start, seconds_end) VALUES(5150, 1649, 25007, 27489, 1226, 1271);
INSERT INTO player_team_game_play(player_id, team_id, game_id, play_id, seconds_start, seconds_end) VALUES(6138, 1649, 25007, 27489, 1226, 1271);
INSERT INTO player_team_game_play(player_id, team_id, game_id, play_id, seconds_start, seconds_end) VALUES(7406, 1649, 25007, 27489, 1226, 1271);
INSERT INTO lba.sub_play (play_id, seconds_da_start, player_made_id, team_made_id, game_made_id, player_suffered_id, team_suffered_id, game_suffered_id, shot_id, turnover_id, foul_id, rebound_defensive_01, rebound_offensive_01, assist_01, blocks_01, time_out_01, x, y)VALUES(27489, 20, 2608, 1646, 25007, NULL, NULL, NULL, 2, NULL, NULL, '', '', '', '', '', 83, 60);
INSERT INTO lba.sub_play (play_id, seconds_da_start, player_made_id, team_made_id, game_made_id, player_suffered_id, team_suffered_id, game_suffered_id, shot_id, turnover_id, foul_id, rebound_defensive_01, rebound_offensive_01, assist_01, blocks_01, time_out_01, x, y)VALUES(27489, 20, 1774, 1646, 25007, NULL, NULL, NULL, NULL, NULL, NULL, '', '1', '', '', '', 83, 60);
INSERT INTO lba.sub_play (play_id, seconds_da_start, player_made_id, team_made_id, game_made_id, player_suffered_id, team_suffered_id, game_suffered_id, shot_id, turnover_id, foul_id, rebound_defensive_01, rebound_offensive_01, assist_01, blocks_01, time_out_01, x, y)VALUES(27489, 31, 5150, 1649, 25007, 1774, 1646, 25007, NULL, NULL, 1, '', '', '', '', '', 90, 41);
INSERT INTO lba.sub_play (play_id, seconds_da_start, player_made_id, team_made_id, game_made_id, player_suffered_id, team_suffered_id, game_suffered_id, shot_id, turnover_id, foul_id, rebound_defensive_01, rebound_offensive_01, assist_01, blocks_01, time_out_01, x, y)VALUES(27489, 45, 7461, 1646, 25007, NULL, NULL, NULL, 1, NULL, NULL, '', '', '', '', '', 87, 8);

INSERT INTO play(id, game_id, seconds_start, seconds_end, quarter, attack_home_01, score_home, score_guest)VALUES(27490, 25007, 1271, 1286, 3, '0', 37, 50);
INSERT INTO player_team_game_play(player_id, team_id, game_id, play_id, seconds_start, seconds_end) VALUES(2608, 1646, 25007, 27490, 1271, 1286);
INSERT INTO player_team_game_play(player_id, team_id, game_id, play_id, seconds_start, seconds_end) VALUES(7461, 1646, 25007, 27490, 1271, 1286);
INSERT INTO player_team_game_play(player_id, team_id, game_id, play_id, seconds_start, seconds_end) VALUES(7462, 1646, 25007, 27490, 1271, 1286);
INSERT INTO player_team_game_play(player_id, team_id, game_id, play_id, seconds_start, seconds_end) VALUES(6328, 1646, 25007, 27490, 1271, 1286);
INSERT INTO player_team_game_play(player_id, team_id, game_id, play_id, seconds_start, seconds_end) VALUES(1774, 1646, 25007, 27490, 1271, 1286);
INSERT INTO player_team_game_play(player_id, team_id, game_id, play_id, seconds_start, seconds_end) VALUES(7015, 1649, 25007, 27490, 1271, 1286);
INSERT INTO player_team_game_play(player_id, team_id, game_id, play_id, seconds_start, seconds_end) VALUES(3176, 1649, 25007, 27490, 1271, 1286);
INSERT INTO player_team_game_play(player_id, team_id, game_id, play_id, seconds_start, seconds_end) VALUES(5150, 1649, 25007, 27490, 1271, 1286);
INSERT INTO player_team_game_play(player_id, team_id, game_id, play_id, seconds_start, seconds_end) VALUES(6138, 1649, 25007, 27490, 1271, 1286);
INSERT INTO player_team_game_play(player_id, team_id, game_id, play_id, seconds_start, seconds_end) VALUES(7406, 1649, 25007, 27490, 1271, 1286);
INSERT INTO lba.sub_play (play_id, seconds_da_start, player_made_id, team_made_id, game_made_id, player_suffered_id, team_suffered_id, game_suffered_id, shot_id, turnover_id, foul_id, rebound_defensive_01, rebound_offensive_01, assist_01, blocks_01, time_out_01, x, y)VALUES(27490, 15, 7015, 1649, 25007, NULL, NULL, NULL, 3, NULL, NULL, '', '', '', '', '', 34, 71);
INSERT INTO lba.sub_play (play_id, seconds_da_start, player_made_id, team_made_id, game_made_id, player_suffered_id, team_suffered_id, game_suffered_id, shot_id, turnover_id, foul_id, rebound_defensive_01, rebound_offensive_01, assist_01, blocks_01, time_out_01, x, y)VALUES(27490, 15, 7406, 1649, 25007, NULL, NULL, NULL, NULL, NULL, NULL, '', '', '1', '', '', 34, 71);

INSERT INTO play(id, game_id, seconds_start, seconds_end, quarter, attack_home_01, score_home, score_guest)VALUES(27491, 25007, 1286, 1319, 3, '1', 40, 50);
INSERT INTO player_team_game_play(player_id, team_id, game_id, play_id, seconds_start, seconds_end) VALUES(2608, 1646, 25007, 27491, 1286, 1319);
INSERT INTO player_team_game_play(player_id, team_id, game_id, play_id, seconds_start, seconds_end) VALUES(7461, 1646, 25007, 27491, 1286, 1319);
INSERT INTO player_team_game_play(player_id, team_id, game_id, play_id, seconds_start, seconds_end) VALUES(7462, 1646, 25007, 27491, 1286, 1319);
INSERT INTO player_team_game_play(player_id, team_id, game_id, play_id, seconds_start, seconds_end) VALUES(6328, 1646, 25007, 27491, 1286, 1319);
INSERT INTO player_team_game_play(player_id, team_id, game_id, play_id, seconds_start, seconds_end) VALUES(1774, 1646, 25007, 27491, 1286, 1319);
INSERT INTO player_team_game_play(player_id, team_id, game_id, play_id, seconds_start, seconds_end) VALUES(7015, 1649, 25007, 27491, 1286, 1319);
INSERT INTO player_team_game_play(player_id, team_id, game_id, play_id, seconds_start, seconds_end) VALUES(3176, 1649, 25007, 27491, 1286, 1319);
INSERT INTO player_team_game_play(player_id, team_id, game_id, play_id, seconds_start, seconds_end) VALUES(5150, 1649, 25007, 27491, 1286, 1319);
INSERT INTO player_team_game_play(player_id, team_id, game_id, play_id, seconds_start, seconds_end) VALUES(6138, 1649, 25007, 27491, 1286, 1319);
INSERT INTO player_team_game_play(player_id, team_id, game_id, play_id, seconds_start, seconds_end) VALUES(7406, 1649, 25007, 27491, 1286, 1319);
INSERT INTO lba.sub_play (play_id, seconds_da_start, player_made_id, team_made_id, game_made_id, player_suffered_id, team_suffered_id, game_suffered_id, shot_id, turnover_id, foul_id, rebound_defensive_01, rebound_offensive_01, assist_01, blocks_01, time_out_01, x, y)VALUES(27491, 20, 7406, 1649, 25007, 7462, 1646, 25007, NULL, NULL, 1, '', '', '', '', '', 67, 42);
INSERT INTO lba.sub_play (play_id, seconds_da_start, player_made_id, team_made_id, game_made_id, player_suffered_id, team_suffered_id, game_suffered_id, shot_id, turnover_id, foul_id, rebound_defensive_01, rebound_offensive_01, assist_01, blocks_01, time_out_01, x, y)VALUES(27491, 33, 7461, 1646, 25007, NULL, NULL, NULL, 3, NULL, NULL, '', '', '', '', '', 67, 59);

INSERT INTO play(id, game_id, seconds_start, seconds_end, quarter, attack_home_01, score_home, score_guest)VALUES(27492, 25007, 1319, 1329, 3, '0', 40, 53);
INSERT INTO player_team_game_play(player_id, team_id, game_id, play_id, seconds_start, seconds_end) VALUES(2608, 1646, 25007, 27492, 1319, 1329);
INSERT INTO player_team_game_play(player_id, team_id, game_id, play_id, seconds_start, seconds_end) VALUES(7461, 1646, 25007, 27492, 1319, 1329);
INSERT INTO player_team_game_play(player_id, team_id, game_id, play_id, seconds_start, seconds_end) VALUES(7462, 1646, 25007, 27492, 1319, 1329);
INSERT INTO player_team_game_play(player_id, team_id, game_id, play_id, seconds_start, seconds_end) VALUES(6328, 1646, 25007, 27492, 1319, 1329);
INSERT INTO player_team_game_play(player_id, team_id, game_id, play_id, seconds_start, seconds_end) VALUES(1774, 1646, 25007, 27492, 1319, 1329);
INSERT INTO player_team_game_play(player_id, team_id, game_id, play_id, seconds_start, seconds_end) VALUES(7015, 1649, 25007, 27492, 1319, 1329);
INSERT INTO player_team_game_play(player_id, team_id, game_id, play_id, seconds_start, seconds_end) VALUES(3176, 1649, 25007, 27492, 1319, 1329);
INSERT INTO player_team_game_play(player_id, team_id, game_id, play_id, seconds_start, seconds_end) VALUES(5150, 1649, 25007, 27492, 1319, 1329);
INSERT INTO player_team_game_play(player_id, team_id, game_id, play_id, seconds_start, seconds_end) VALUES(6138, 1649, 25007, 27492, 1319, 1329);
INSERT INTO player_team_game_play(player_id, team_id, game_id, play_id, seconds_start, seconds_end) VALUES(7406, 1649, 25007, 27492, 1319, 1329);
INSERT INTO lba.sub_play (play_id, seconds_da_start, player_made_id, team_made_id, game_made_id, player_suffered_id, team_suffered_id, game_suffered_id, shot_id, turnover_id, foul_id, rebound_defensive_01, rebound_offensive_01, assist_01, blocks_01, time_out_01, x, y)VALUES(27492, 10, 5150, 1649, 25007, NULL, NULL, NULL, 1, NULL, NULL, '', '', '', '', '', 7, 44);
INSERT INTO lba.sub_play (play_id, seconds_da_start, player_made_id, team_made_id, game_made_id, player_suffered_id, team_suffered_id, game_suffered_id, shot_id, turnover_id, foul_id, rebound_defensive_01, rebound_offensive_01, assist_01, blocks_01, time_out_01, x, y)VALUES(27492, 10, 7461, 1646, 25007, 5150, 1649, 25007, NULL, NULL, 4, '', '', '', '', '', 7, 44);
INSERT INTO lba.sub_play (play_id, seconds_da_start, player_made_id, team_made_id, game_made_id, player_suffered_id, team_suffered_id, game_suffered_id, shot_id, turnover_id, foul_id, rebound_defensive_01, rebound_offensive_01, assist_01, blocks_01, time_out_01, x, y)VALUES(27492, 10, 5150, 1649, 25007, NULL, NULL, NULL, 5, NULL, NULL, '', '', '', '', '', NULL, NULL);

INSERT INTO play(id, game_id, seconds_start, seconds_end, quarter, attack_home_01, score_home, score_guest)VALUES(27493, 25007, 1329, 1343, 3, '1', 40, 53);
INSERT INTO player_team_game_play(player_id, team_id, game_id, play_id, seconds_start, seconds_end) VALUES(2608, 1646, 25007, 27493, 1329, 1343);
INSERT INTO player_team_game_play(player_id, team_id, game_id, play_id, seconds_start, seconds_end) VALUES(7461, 1646, 25007, 27493, 1329, 1343);
INSERT INTO player_team_game_play(player_id, team_id, game_id, play_id, seconds_start, seconds_end) VALUES(7462, 1646, 25007, 27493, 1329, 1343);
INSERT INTO player_team_game_play(player_id, team_id, game_id, play_id, seconds_start, seconds_end) VALUES(6328, 1646, 25007, 27493, 1329, 1343);
INSERT INTO player_team_game_play(player_id, team_id, game_id, play_id, seconds_start, seconds_end) VALUES(1774, 1646, 25007, 27493, 1329, 1343);
INSERT INTO player_team_game_play(player_id, team_id, game_id, play_id, seconds_start, seconds_end) VALUES(7015, 1649, 25007, 27493, 1329, 1343);
INSERT INTO player_team_game_play(player_id, team_id, game_id, play_id, seconds_start, seconds_end) VALUES(3176, 1649, 25007, 27493, 1329, 1343);
INSERT INTO player_team_game_play(player_id, team_id, game_id, play_id, seconds_start, seconds_end) VALUES(5150, 1649, 25007, 27493, 1329, 1343);
INSERT INTO player_team_game_play(player_id, team_id, game_id, play_id, seconds_start, seconds_end) VALUES(6138, 1649, 25007, 27493, 1329, 1343);
INSERT INTO player_team_game_play(player_id, team_id, game_id, play_id, seconds_start, seconds_end) VALUES(7406, 1649, 25007, 27493, 1329, 1343);
INSERT INTO lba.sub_play (play_id, seconds_da_start, player_made_id, team_made_id, game_made_id, player_suffered_id, team_suffered_id, game_suffered_id, shot_id, turnover_id, foul_id, rebound_defensive_01, rebound_offensive_01, assist_01, blocks_01, time_out_01, x, y)VALUES(27493, 11, 7015, 1649, 25007, 6328, 1646, 25007, NULL, NULL, 1, '', '', '', '', '', 90, 81);
INSERT INTO lba.sub_play (play_id, seconds_da_start, player_made_id, team_made_id, game_made_id, player_suffered_id, team_suffered_id, game_suffered_id, shot_id, turnover_id, foul_id, rebound_defensive_01, rebound_offensive_01, assist_01, blocks_01, time_out_01, x, y)VALUES(27493, 14, 1774, 1646, 25007, 7015, 1649, 25007, NULL, NULL, 7, '', '', '', '', '', 90, 51);
INSERT INTO lba.sub_play (play_id, seconds_da_start, player_made_id, team_made_id, game_made_id, player_suffered_id, team_suffered_id, game_suffered_id, shot_id, turnover_id, foul_id, rebound_defensive_01, rebound_offensive_01, assist_01, blocks_01, time_out_01, x, y)VALUES(27493, 14, 1774, 1646, 25007, NULL, NULL, NULL, NULL, 13, NULL, '', '', '', '', '', 90, 51);

INSERT INTO play(id, game_id, seconds_start, seconds_end, quarter, attack_home_01, score_home, score_guest)VALUES(27494, 25007, 1343, 1354, 3, '0', 40, 56);
INSERT INTO player_team_game_play(player_id, team_id, game_id, play_id, seconds_start, seconds_end) VALUES(2608, 1646, 25007, 27494, 1343, 1354);
INSERT INTO player_team_game_play(player_id, team_id, game_id, play_id, seconds_start, seconds_end) VALUES(7461, 1646, 25007, 27494, 1343, 1354);
INSERT INTO player_team_game_play(player_id, team_id, game_id, play_id, seconds_start, seconds_end) VALUES(7462, 1646, 25007, 27494, 1343, 1354);
INSERT INTO player_team_game_play(player_id, team_id, game_id, play_id, seconds_start, seconds_end) VALUES(6328, 1646, 25007, 27494, 1343, 1354);
INSERT INTO player_team_game_play(player_id, team_id, game_id, play_id, seconds_start, seconds_end) VALUES(1774, 1646, 25007, 27494, 1343, 1354);
INSERT INTO player_team_game_play(player_id, team_id, game_id, play_id, seconds_start, seconds_end) VALUES(7015, 1649, 25007, 27494, 1343, 1354);
INSERT INTO player_team_game_play(player_id, team_id, game_id, play_id, seconds_start, seconds_end) VALUES(3176, 1649, 25007, 27494, 1343, 1354);
INSERT INTO player_team_game_play(player_id, team_id, game_id, play_id, seconds_start, seconds_end) VALUES(5150, 1649, 25007, 27494, 1343, 1354);
INSERT INTO player_team_game_play(player_id, team_id, game_id, play_id, seconds_start, seconds_end) VALUES(6138, 1649, 25007, 27494, 1343, 1354);
INSERT INTO player_team_game_play(player_id, team_id, game_id, play_id, seconds_start, seconds_end) VALUES(7406, 1649, 25007, 27494, 1343, 1354);
INSERT INTO lba.sub_play (play_id, seconds_da_start, player_made_id, team_made_id, game_made_id, player_suffered_id, team_suffered_id, game_suffered_id, shot_id, turnover_id, foul_id, rebound_defensive_01, rebound_offensive_01, assist_01, blocks_01, time_out_01, x, y)VALUES(27494, 11, 7406, 1649, 25007, NULL, NULL, NULL, 3, NULL, NULL, '', '', '', '', '', 26, 19);
INSERT INTO lba.sub_play (play_id, seconds_da_start, player_made_id, team_made_id, game_made_id, player_suffered_id, team_suffered_id, game_suffered_id, shot_id, turnover_id, foul_id, rebound_defensive_01, rebound_offensive_01, assist_01, blocks_01, time_out_01, x, y)VALUES(27494, 11, 3176, 1649, 25007, NULL, NULL, NULL, NULL, NULL, NULL, '', '', '1', '', '', 26, 19);

INSERT INTO play(id, game_id, seconds_start, seconds_end, quarter, attack_home_01, score_home, score_guest)VALUES(27495, 25007, 1354, 1382, 3, '1', 40, 56);
INSERT INTO player_team_game_play(player_id, team_id, game_id, play_id, seconds_start, seconds_end) VALUES(2608, 1646, 25007, 27495, 1354, 1382);
INSERT INTO player_team_game_play(player_id, team_id, game_id, play_id, seconds_start, seconds_end) VALUES(7461, 1646, 25007, 27495, 1354, 1382);
INSERT INTO player_team_game_play(player_id, team_id, game_id, play_id, seconds_start, seconds_end) VALUES(7462, 1646, 25007, 27495, 1354, 1382);
INSERT INTO player_team_game_play(player_id, team_id, game_id, play_id, seconds_start, seconds_end) VALUES(6328, 1646, 25007, 27495, 1354, 1382);
INSERT INTO player_team_game_play(player_id, team_id, game_id, play_id, seconds_start, seconds_end) VALUES(1774, 1646, 25007, 27495, 1354, 1382);
INSERT INTO player_team_game_play(player_id, team_id, game_id, play_id, seconds_start, seconds_end) VALUES(7015, 1649, 25007, 27495, 1354, 1382);
INSERT INTO player_team_game_play(player_id, team_id, game_id, play_id, seconds_start, seconds_end) VALUES(3176, 1649, 25007, 27495, 1354, 1382);
INSERT INTO player_team_game_play(player_id, team_id, game_id, play_id, seconds_start, seconds_end) VALUES(5150, 1649, 25007, 27495, 1354, 1382);
INSERT INTO player_team_game_play(player_id, team_id, game_id, play_id, seconds_start, seconds_end) VALUES(6138, 1649, 25007, 27495, 1354, 1382);
INSERT INTO player_team_game_play(player_id, team_id, game_id, play_id, seconds_start, seconds_end) VALUES(7406, 1649, 25007, 27495, 1354, 1382);
UPDATE player_team_game_play SET seconds_end = 1382 WHERE player_id = 7462 AND game_id = 25007 AND play_id = 27495;
INSERT INTO player_team_game_play(player_id, team_id, game_id, play_id, seconds_start, seconds_end) VALUES(6223, 1646, 25007, 27495, 1382, 1382);
UPDATE player_team_game_play SET seconds_end = 1382 WHERE player_id = 7015 AND game_id = 25007 AND play_id = 27495;
INSERT INTO player_team_game_play(player_id, team_id, game_id, play_id, seconds_start, seconds_end) VALUES(1775, 1649, 25007, 27495, 1382, 1382);
INSERT INTO lba.sub_play (play_id, seconds_da_start, player_made_id, team_made_id, game_made_id, player_suffered_id, team_suffered_id, game_suffered_id, shot_id, turnover_id, foul_id, rebound_defensive_01, rebound_offensive_01, assist_01, blocks_01, time_out_01, x, y)VALUES(27495, 28, 7461, 1646, 25007, NULL, NULL, NULL, NULL, 1, NULL, '', '', '', '', '', 76, 67);

INSERT INTO play(id, game_id, seconds_start, seconds_end, quarter, attack_home_01, score_home, score_guest)VALUES(27496, 25007, 1382, 1395, 3, '0', 40, 56);
INSERT INTO player_team_game_play(player_id, team_id, game_id, play_id, seconds_start, seconds_end) VALUES(2608, 1646, 25007, 27496, 1382, 1395);
INSERT INTO player_team_game_play(player_id, team_id, game_id, play_id, seconds_start, seconds_end) VALUES(7461, 1646, 25007, 27496, 1382, 1395);
INSERT INTO player_team_game_play(player_id, team_id, game_id, play_id, seconds_start, seconds_end) VALUES(7462, 1646, 25007, 27496, 1382, 1395);
INSERT INTO player_team_game_play(player_id, team_id, game_id, play_id, seconds_start, seconds_end) VALUES(6328, 1646, 25007, 27496, 1382, 1395);
INSERT INTO player_team_game_play(player_id, team_id, game_id, play_id, seconds_start, seconds_end) VALUES(1774, 1646, 25007, 27496, 1382, 1395);
INSERT INTO player_team_game_play(player_id, team_id, game_id, play_id, seconds_start, seconds_end) VALUES(7015, 1649, 25007, 27496, 1382, 1395);
INSERT INTO player_team_game_play(player_id, team_id, game_id, play_id, seconds_start, seconds_end) VALUES(3176, 1649, 25007, 27496, 1382, 1395);
INSERT INTO player_team_game_play(player_id, team_id, game_id, play_id, seconds_start, seconds_end) VALUES(5150, 1649, 25007, 27496, 1382, 1395);
INSERT INTO player_team_game_play(player_id, team_id, game_id, play_id, seconds_start, seconds_end) VALUES(6138, 1649, 25007, 27496, 1382, 1395);
INSERT INTO player_team_game_play(player_id, team_id, game_id, play_id, seconds_start, seconds_end) VALUES(7406, 1649, 25007, 27496, 1382, 1395);
UPDATE player_team_game_play SET seconds_end = 1382 WHERE player_id = 7462 AND game_id = 25007 AND play_id = 27496;
INSERT INTO player_team_game_play(player_id, team_id, game_id, play_id, seconds_start, seconds_end) VALUES(6223, 1646, 25007, 27496, 1382, 1395);
UPDATE player_team_game_play SET seconds_end = 1382 WHERE player_id = 7015 AND game_id = 25007 AND play_id = 27496;
INSERT INTO player_team_game_play(player_id, team_id, game_id, play_id, seconds_start, seconds_end) VALUES(1775, 1649, 25007, 27496, 1382, 1395);
INSERT INTO lba.sub_play (play_id, seconds_da_start, player_made_id, team_made_id, game_made_id, player_suffered_id, team_suffered_id, game_suffered_id, shot_id, turnover_id, foul_id, rebound_defensive_01, rebound_offensive_01, assist_01, blocks_01, time_out_01, x, y)VALUES(27496, 13, 3176, 1649, 25007, NULL, NULL, NULL, 4, NULL, NULL, '', '', '', '', '', 31, 25);
INSERT INTO lba.sub_play (play_id, seconds_da_start, player_made_id, team_made_id, game_made_id, player_suffered_id, team_suffered_id, game_suffered_id, shot_id, turnover_id, foul_id, rebound_defensive_01, rebound_offensive_01, assist_01, blocks_01, time_out_01, x, y)VALUES(27496, 13, 7461, 1646, 25007, NULL, NULL, NULL, NULL, NULL, NULL, '1', '', '', '', '', 31, 25);

INSERT INTO play(id, game_id, seconds_start, seconds_end, quarter, attack_home_01, score_home, score_guest)VALUES(27497, 25007, 1395, 1397, 3, '1', 42, 56);
INSERT INTO player_team_game_play(player_id, team_id, game_id, play_id, seconds_start, seconds_end) VALUES(2608, 1646, 25007, 27497, 1395, 1397);
INSERT INTO player_team_game_play(player_id, team_id, game_id, play_id, seconds_start, seconds_end) VALUES(7461, 1646, 25007, 27497, 1395, 1397);
INSERT INTO player_team_game_play(player_id, team_id, game_id, play_id, seconds_start, seconds_end) VALUES(6328, 1646, 25007, 27497, 1395, 1397);
INSERT INTO player_team_game_play(player_id, team_id, game_id, play_id, seconds_start, seconds_end) VALUES(1774, 1646, 25007, 27497, 1395, 1397);
INSERT INTO player_team_game_play(player_id, team_id, game_id, play_id, seconds_start, seconds_end) VALUES(6223, 1646, 25007, 27497, 1395, 1397);
INSERT INTO player_team_game_play(player_id, team_id, game_id, play_id, seconds_start, seconds_end) VALUES(5150, 1649, 25007, 27497, 1395, 1397);
INSERT INTO player_team_game_play(player_id, team_id, game_id, play_id, seconds_start, seconds_end) VALUES(3176, 1649, 25007, 27497, 1395, 1397);
INSERT INTO player_team_game_play(player_id, team_id, game_id, play_id, seconds_start, seconds_end) VALUES(6138, 1649, 25007, 27497, 1395, 1397);
INSERT INTO player_team_game_play(player_id, team_id, game_id, play_id, seconds_start, seconds_end) VALUES(7406, 1649, 25007, 27497, 1395, 1397);
INSERT INTO player_team_game_play(player_id, team_id, game_id, play_id, seconds_start, seconds_end) VALUES(1775, 1649, 25007, 27497, 1395, 1397);
UPDATE player_team_game_play SET seconds_end = 1397 WHERE player_id = 7461 AND game_id = 25007 AND play_id = 27497;
INSERT INTO player_team_game_play(player_id, team_id, game_id, play_id, seconds_start, seconds_end) VALUES(418, 1646, 25007, 27497, 1397, 1397);
INSERT INTO lba.sub_play (play_id, seconds_da_start, player_made_id, team_made_id, game_made_id, player_suffered_id, team_suffered_id, game_suffered_id, shot_id, turnover_id, foul_id, rebound_defensive_01, rebound_offensive_01, assist_01, blocks_01, time_out_01, x, y)VALUES(27497, 2, 5150, 1649, 25007, 7461, 1646, 25007, NULL, NULL, 4, '', '', '', '', '', 92, 40);
INSERT INTO lba.sub_play (play_id, seconds_da_start, player_made_id, team_made_id, game_made_id, player_suffered_id, team_suffered_id, game_suffered_id, shot_id, turnover_id, foul_id, rebound_defensive_01, rebound_offensive_01, assist_01, blocks_01, time_out_01, x, y)VALUES(27497, 2, 418, 1646, 25007, NULL, NULL, NULL, 5, NULL, NULL, '', '', '', '', '', NULL, NULL);
INSERT INTO lba.sub_play (play_id, seconds_da_start, player_made_id, team_made_id, game_made_id, player_suffered_id, team_suffered_id, game_suffered_id, shot_id, turnover_id, foul_id, rebound_defensive_01, rebound_offensive_01, assist_01, blocks_01, time_out_01, x, y)VALUES(27497, 2, 418, 1646, 25007, NULL, NULL, NULL, 5, NULL, NULL, '', '', '', '', '', NULL, NULL);

INSERT INTO play(id, game_id, seconds_start, seconds_end, quarter, attack_home_01, score_home, score_guest)VALUES(27498, 25007, 1397, 1411, 3, '0', 42, 58);
INSERT INTO player_team_game_play(player_id, team_id, game_id, play_id, seconds_start, seconds_end) VALUES(2608, 1646, 25007, 27498, 1397, 1411);
INSERT INTO player_team_game_play(player_id, team_id, game_id, play_id, seconds_start, seconds_end) VALUES(7461, 1646, 25007, 27498, 1397, 1411);
INSERT INTO player_team_game_play(player_id, team_id, game_id, play_id, seconds_start, seconds_end) VALUES(6328, 1646, 25007, 27498, 1397, 1411);
INSERT INTO player_team_game_play(player_id, team_id, game_id, play_id, seconds_start, seconds_end) VALUES(1774, 1646, 25007, 27498, 1397, 1411);
INSERT INTO player_team_game_play(player_id, team_id, game_id, play_id, seconds_start, seconds_end) VALUES(6223, 1646, 25007, 27498, 1397, 1411);
INSERT INTO player_team_game_play(player_id, team_id, game_id, play_id, seconds_start, seconds_end) VALUES(5150, 1649, 25007, 27498, 1397, 1411);
INSERT INTO player_team_game_play(player_id, team_id, game_id, play_id, seconds_start, seconds_end) VALUES(3176, 1649, 25007, 27498, 1397, 1411);
INSERT INTO player_team_game_play(player_id, team_id, game_id, play_id, seconds_start, seconds_end) VALUES(6138, 1649, 25007, 27498, 1397, 1411);
INSERT INTO player_team_game_play(player_id, team_id, game_id, play_id, seconds_start, seconds_end) VALUES(7406, 1649, 25007, 27498, 1397, 1411);
INSERT INTO player_team_game_play(player_id, team_id, game_id, play_id, seconds_start, seconds_end) VALUES(1775, 1649, 25007, 27498, 1397, 1411);
UPDATE player_team_game_play SET seconds_end = 1397 WHERE player_id = 7461 AND game_id = 25007 AND play_id = 27498;
INSERT INTO player_team_game_play(player_id, team_id, game_id, play_id, seconds_start, seconds_end) VALUES(418, 1646, 25007, 27498, 1397, 1411);
INSERT INTO lba.sub_play (play_id, seconds_da_start, player_made_id, team_made_id, game_made_id, player_suffered_id, team_suffered_id, game_suffered_id, shot_id, turnover_id, foul_id, rebound_defensive_01, rebound_offensive_01, assist_01, blocks_01, time_out_01, x, y)VALUES(27498, 14, 1775, 1649, 25007, NULL, NULL, NULL, 1, NULL, NULL, '', '', '', '', '', 7, 56);
INSERT INTO lba.sub_play (play_id, seconds_da_start, player_made_id, team_made_id, game_made_id, player_suffered_id, team_suffered_id, game_suffered_id, shot_id, turnover_id, foul_id, rebound_defensive_01, rebound_offensive_01, assist_01, blocks_01, time_out_01, x, y)VALUES(27498, 14, 6138, 1649, 25007, NULL, NULL, NULL, NULL, NULL, NULL, '', '', '1', '', '', 7, 56);

INSERT INTO play(id, game_id, seconds_start, seconds_end, quarter, attack_home_01, score_home, score_guest)VALUES(27499, 25007, 1411, 1431, 3, '1', 44, 58);
INSERT INTO player_team_game_play(player_id, team_id, game_id, play_id, seconds_start, seconds_end) VALUES(2608, 1646, 25007, 27499, 1411, 1431);
INSERT INTO player_team_game_play(player_id, team_id, game_id, play_id, seconds_start, seconds_end) VALUES(418, 1646, 25007, 27499, 1411, 1431);
INSERT INTO player_team_game_play(player_id, team_id, game_id, play_id, seconds_start, seconds_end) VALUES(6328, 1646, 25007, 27499, 1411, 1431);
INSERT INTO player_team_game_play(player_id, team_id, game_id, play_id, seconds_start, seconds_end) VALUES(1774, 1646, 25007, 27499, 1411, 1431);
INSERT INTO player_team_game_play(player_id, team_id, game_id, play_id, seconds_start, seconds_end) VALUES(6223, 1646, 25007, 27499, 1411, 1431);
INSERT INTO player_team_game_play(player_id, team_id, game_id, play_id, seconds_start, seconds_end) VALUES(5150, 1649, 25007, 27499, 1411, 1431);
INSERT INTO player_team_game_play(player_id, team_id, game_id, play_id, seconds_start, seconds_end) VALUES(3176, 1649, 25007, 27499, 1411, 1431);
INSERT INTO player_team_game_play(player_id, team_id, game_id, play_id, seconds_start, seconds_end) VALUES(6138, 1649, 25007, 27499, 1411, 1431);
INSERT INTO player_team_game_play(player_id, team_id, game_id, play_id, seconds_start, seconds_end) VALUES(7406, 1649, 25007, 27499, 1411, 1431);
INSERT INTO player_team_game_play(player_id, team_id, game_id, play_id, seconds_start, seconds_end) VALUES(1775, 1649, 25007, 27499, 1411, 1431);
UPDATE player_team_game_play SET seconds_end = 1431 WHERE player_id = 3176 AND game_id = 25007 AND play_id = 27499;
UPDATE player_team_game_play SET seconds_end = 1431 WHERE player_id = 5150 AND game_id = 25007 AND play_id = 27499;
INSERT INTO player_team_game_play(player_id, team_id, game_id, play_id, seconds_start, seconds_end) VALUES(4692, 1649, 25007, 27499, 1431, 1431);
INSERT INTO player_team_game_play(player_id, team_id, game_id, play_id, seconds_start, seconds_end) VALUES(7404, 1649, 25007, 27499, 1431, 1431);
INSERT INTO lba.sub_play (play_id, seconds_da_start, player_made_id, team_made_id, game_made_id, player_suffered_id, team_suffered_id, game_suffered_id, shot_id, turnover_id, foul_id, rebound_defensive_01, rebound_offensive_01, assist_01, blocks_01, time_out_01, x, y)VALUES(27499, 20, 6138, 1649, 25007, 2608, 1646, 25007, NULL, NULL, 1, '', '', '', '', '', 67, 75);
INSERT INTO lba.sub_play (play_id, seconds_da_start, player_made_id, team_made_id, game_made_id, player_suffered_id, team_suffered_id, game_suffered_id, shot_id, turnover_id, foul_id, rebound_defensive_01, rebound_offensive_01, assist_01, blocks_01, time_out_01, x, y)VALUES(27499, 20, 2608, 1646, 25007, NULL, NULL, NULL, 5, NULL, NULL, '', '', '', '', '', NULL, NULL);
INSERT INTO lba.sub_play (play_id, seconds_da_start, player_made_id, team_made_id, game_made_id, player_suffered_id, team_suffered_id, game_suffered_id, shot_id, turnover_id, foul_id, rebound_defensive_01, rebound_offensive_01, assist_01, blocks_01, time_out_01, x, y)VALUES(27499, 20, 2608, 1646, 25007, NULL, NULL, NULL, 5, NULL, NULL, '', '', '', '', '', NULL, NULL);

INSERT INTO play(id, game_id, seconds_start, seconds_end, quarter, attack_home_01, score_home, score_guest)VALUES(27500, 25007, 1431, 1451, 3, '0', 44, 58);
INSERT INTO player_team_game_play(player_id, team_id, game_id, play_id, seconds_start, seconds_end) VALUES(2608, 1646, 25007, 27500, 1431, 1451);
INSERT INTO player_team_game_play(player_id, team_id, game_id, play_id, seconds_start, seconds_end) VALUES(418, 1646, 25007, 27500, 1431, 1451);
INSERT INTO player_team_game_play(player_id, team_id, game_id, play_id, seconds_start, seconds_end) VALUES(6328, 1646, 25007, 27500, 1431, 1451);
INSERT INTO player_team_game_play(player_id, team_id, game_id, play_id, seconds_start, seconds_end) VALUES(1774, 1646, 25007, 27500, 1431, 1451);
INSERT INTO player_team_game_play(player_id, team_id, game_id, play_id, seconds_start, seconds_end) VALUES(6223, 1646, 25007, 27500, 1431, 1451);
INSERT INTO player_team_game_play(player_id, team_id, game_id, play_id, seconds_start, seconds_end) VALUES(5150, 1649, 25007, 27500, 1431, 1451);
INSERT INTO player_team_game_play(player_id, team_id, game_id, play_id, seconds_start, seconds_end) VALUES(3176, 1649, 25007, 27500, 1431, 1451);
INSERT INTO player_team_game_play(player_id, team_id, game_id, play_id, seconds_start, seconds_end) VALUES(6138, 1649, 25007, 27500, 1431, 1451);
INSERT INTO player_team_game_play(player_id, team_id, game_id, play_id, seconds_start, seconds_end) VALUES(7406, 1649, 25007, 27500, 1431, 1451);
INSERT INTO player_team_game_play(player_id, team_id, game_id, play_id, seconds_start, seconds_end) VALUES(1775, 1649, 25007, 27500, 1431, 1451);
UPDATE player_team_game_play SET seconds_end = 1431 WHERE player_id = 3176 AND game_id = 25007 AND play_id = 27500;
UPDATE player_team_game_play SET seconds_end = 1431 WHERE player_id = 5150 AND game_id = 25007 AND play_id = 27500;
INSERT INTO player_team_game_play(player_id, team_id, game_id, play_id, seconds_start, seconds_end) VALUES(4692, 1649, 25007, 27500, 1431, 1451);
INSERT INTO player_team_game_play(player_id, team_id, game_id, play_id, seconds_start, seconds_end) VALUES(7404, 1649, 25007, 27500, 1431, 1451);
UPDATE player_team_game_play SET seconds_end = 1443 WHERE player_id = 1774 AND game_id = 25007 AND play_id = 27500;
INSERT INTO player_team_game_play(player_id, team_id, game_id, play_id, seconds_start, seconds_end) VALUES(7314, 1646, 25007, 27500, 1443, 1451);
INSERT INTO lba.sub_play (play_id, seconds_da_start, player_made_id, team_made_id, game_made_id, player_suffered_id, team_suffered_id, game_suffered_id, shot_id, turnover_id, foul_id, rebound_defensive_01, rebound_offensive_01, assist_01, blocks_01, time_out_01, x, y)VALUES(27500, 12, 418, 1646, 25007, 7404, 1649, 25007, NULL, NULL, 1, '', '', '', '', '', 36, 51);
INSERT INTO lba.sub_play (play_id, seconds_da_start, player_made_id, team_made_id, game_made_id, player_suffered_id, team_suffered_id, game_suffered_id, shot_id, turnover_id, foul_id, rebound_defensive_01, rebound_offensive_01, assist_01, blocks_01, time_out_01, x, y)VALUES(27500, 20, 6138, 1649, 25007, 2608, 1646, 25007, NULL, 2, NULL, '', '', '', '', '', 16, 39);

INSERT INTO play(id, game_id, seconds_start, seconds_end, quarter, attack_home_01, score_home, score_guest)VALUES(27501, 25007, 1451, 1458, 3, '1', 47, 58);
INSERT INTO player_team_game_play(player_id, team_id, game_id, play_id, seconds_start, seconds_end) VALUES(2608, 1646, 25007, 27501, 1451, 1458);
INSERT INTO player_team_game_play(player_id, team_id, game_id, play_id, seconds_start, seconds_end) VALUES(418, 1646, 25007, 27501, 1451, 1458);
INSERT INTO player_team_game_play(player_id, team_id, game_id, play_id, seconds_start, seconds_end) VALUES(7314, 1646, 25007, 27501, 1451, 1458);
INSERT INTO player_team_game_play(player_id, team_id, game_id, play_id, seconds_start, seconds_end) VALUES(6328, 1646, 25007, 27501, 1451, 1458);
INSERT INTO player_team_game_play(player_id, team_id, game_id, play_id, seconds_start, seconds_end) VALUES(6223, 1646, 25007, 27501, 1451, 1458);
INSERT INTO player_team_game_play(player_id, team_id, game_id, play_id, seconds_start, seconds_end) VALUES(4692, 1649, 25007, 27501, 1451, 1458);
INSERT INTO player_team_game_play(player_id, team_id, game_id, play_id, seconds_start, seconds_end) VALUES(6138, 1649, 25007, 27501, 1451, 1458);
INSERT INTO player_team_game_play(player_id, team_id, game_id, play_id, seconds_start, seconds_end) VALUES(7404, 1649, 25007, 27501, 1451, 1458);
INSERT INTO player_team_game_play(player_id, team_id, game_id, play_id, seconds_start, seconds_end) VALUES(7406, 1649, 25007, 27501, 1451, 1458);
INSERT INTO player_team_game_play(player_id, team_id, game_id, play_id, seconds_start, seconds_end) VALUES(1775, 1649, 25007, 27501, 1451, 1458);
INSERT INTO lba.sub_play (play_id, seconds_da_start, player_made_id, team_made_id, game_made_id, player_suffered_id, team_suffered_id, game_suffered_id, shot_id, turnover_id, foul_id, rebound_defensive_01, rebound_offensive_01, assist_01, blocks_01, time_out_01, x, y)VALUES(27501, 7, 6223, 1646, 25007, NULL, NULL, NULL, 3, NULL, NULL, '', '', '', '', '', 76, 90);
INSERT INTO lba.sub_play (play_id, seconds_da_start, player_made_id, team_made_id, game_made_id, player_suffered_id, team_suffered_id, game_suffered_id, shot_id, turnover_id, foul_id, rebound_defensive_01, rebound_offensive_01, assist_01, blocks_01, time_out_01, x, y)VALUES(27501, 7, 2608, 1646, 25007, NULL, NULL, NULL, NULL, NULL, NULL, '', '', '1', '', '', 76, 90);

INSERT INTO play(id, game_id, seconds_start, seconds_end, quarter, attack_home_01, score_home, score_guest)VALUES(27502, 25007, 1458, 1478, 3, '0', 47, 58);
INSERT INTO player_team_game_play(player_id, team_id, game_id, play_id, seconds_start, seconds_end) VALUES(2608, 1646, 25007, 27502, 1458, 1478);
INSERT INTO player_team_game_play(player_id, team_id, game_id, play_id, seconds_start, seconds_end) VALUES(418, 1646, 25007, 27502, 1458, 1478);
INSERT INTO player_team_game_play(player_id, team_id, game_id, play_id, seconds_start, seconds_end) VALUES(7314, 1646, 25007, 27502, 1458, 1478);
INSERT INTO player_team_game_play(player_id, team_id, game_id, play_id, seconds_start, seconds_end) VALUES(6328, 1646, 25007, 27502, 1458, 1478);
INSERT INTO player_team_game_play(player_id, team_id, game_id, play_id, seconds_start, seconds_end) VALUES(6223, 1646, 25007, 27502, 1458, 1478);
INSERT INTO player_team_game_play(player_id, team_id, game_id, play_id, seconds_start, seconds_end) VALUES(4692, 1649, 25007, 27502, 1458, 1478);
INSERT INTO player_team_game_play(player_id, team_id, game_id, play_id, seconds_start, seconds_end) VALUES(6138, 1649, 25007, 27502, 1458, 1478);
INSERT INTO player_team_game_play(player_id, team_id, game_id, play_id, seconds_start, seconds_end) VALUES(7404, 1649, 25007, 27502, 1458, 1478);
INSERT INTO player_team_game_play(player_id, team_id, game_id, play_id, seconds_start, seconds_end) VALUES(7406, 1649, 25007, 27502, 1458, 1478);
INSERT INTO player_team_game_play(player_id, team_id, game_id, play_id, seconds_start, seconds_end) VALUES(1775, 1649, 25007, 27502, 1458, 1478);
INSERT INTO lba.sub_play (play_id, seconds_da_start, player_made_id, team_made_id, game_made_id, player_suffered_id, team_suffered_id, game_suffered_id, shot_id, turnover_id, foul_id, rebound_defensive_01, rebound_offensive_01, assist_01, blocks_01, time_out_01, x, y)VALUES(27502, 20, 6138, 1649, 25007, 2608, 1646, 25007, NULL, 1, NULL, '', '', '', '', '', 23, 54);

INSERT INTO play(id, game_id, seconds_start, seconds_end, quarter, attack_home_01, score_home, score_guest)VALUES(27503, 25007, 1478, 1487, 3, '1', 47, 58);
INSERT INTO player_team_game_play(player_id, team_id, game_id, play_id, seconds_start, seconds_end) VALUES(2608, 1646, 25007, 27503, 1478, 1487);
INSERT INTO player_team_game_play(player_id, team_id, game_id, play_id, seconds_start, seconds_end) VALUES(418, 1646, 25007, 27503, 1478, 1487);
INSERT INTO player_team_game_play(player_id, team_id, game_id, play_id, seconds_start, seconds_end) VALUES(7314, 1646, 25007, 27503, 1478, 1487);
INSERT INTO player_team_game_play(player_id, team_id, game_id, play_id, seconds_start, seconds_end) VALUES(6328, 1646, 25007, 27503, 1478, 1487);
INSERT INTO player_team_game_play(player_id, team_id, game_id, play_id, seconds_start, seconds_end) VALUES(6223, 1646, 25007, 27503, 1478, 1487);
INSERT INTO player_team_game_play(player_id, team_id, game_id, play_id, seconds_start, seconds_end) VALUES(4692, 1649, 25007, 27503, 1478, 1487);
INSERT INTO player_team_game_play(player_id, team_id, game_id, play_id, seconds_start, seconds_end) VALUES(6138, 1649, 25007, 27503, 1478, 1487);
INSERT INTO player_team_game_play(player_id, team_id, game_id, play_id, seconds_start, seconds_end) VALUES(7404, 1649, 25007, 27503, 1478, 1487);
INSERT INTO player_team_game_play(player_id, team_id, game_id, play_id, seconds_start, seconds_end) VALUES(7406, 1649, 25007, 27503, 1478, 1487);
INSERT INTO player_team_game_play(player_id, team_id, game_id, play_id, seconds_start, seconds_end) VALUES(1775, 1649, 25007, 27503, 1478, 1487);
INSERT INTO lba.sub_play (play_id, seconds_da_start, player_made_id, team_made_id, game_made_id, player_suffered_id, team_suffered_id, game_suffered_id, shot_id, turnover_id, foul_id, rebound_defensive_01, rebound_offensive_01, assist_01, blocks_01, time_out_01, x, y)VALUES(27503, 9, 6328, 1646, 25007, 1775, 1649, 25007, NULL, 1, NULL, '', '', '', '', '', 86, 71);

INSERT INTO play(id, game_id, seconds_start, seconds_end, quarter, attack_home_01, score_home, score_guest)VALUES(27504, 25007, 1487, 1505, 3, '0', 47, 58);
INSERT INTO player_team_game_play(player_id, team_id, game_id, play_id, seconds_start, seconds_end) VALUES(2608, 1646, 25007, 27504, 1487, 1505);
INSERT INTO player_team_game_play(player_id, team_id, game_id, play_id, seconds_start, seconds_end) VALUES(418, 1646, 25007, 27504, 1487, 1505);
INSERT INTO player_team_game_play(player_id, team_id, game_id, play_id, seconds_start, seconds_end) VALUES(7314, 1646, 25007, 27504, 1487, 1505);
INSERT INTO player_team_game_play(player_id, team_id, game_id, play_id, seconds_start, seconds_end) VALUES(6328, 1646, 25007, 27504, 1487, 1505);
INSERT INTO player_team_game_play(player_id, team_id, game_id, play_id, seconds_start, seconds_end) VALUES(6223, 1646, 25007, 27504, 1487, 1505);
INSERT INTO player_team_game_play(player_id, team_id, game_id, play_id, seconds_start, seconds_end) VALUES(4692, 1649, 25007, 27504, 1487, 1505);
INSERT INTO player_team_game_play(player_id, team_id, game_id, play_id, seconds_start, seconds_end) VALUES(6138, 1649, 25007, 27504, 1487, 1505);
INSERT INTO player_team_game_play(player_id, team_id, game_id, play_id, seconds_start, seconds_end) VALUES(7404, 1649, 25007, 27504, 1487, 1505);
INSERT INTO player_team_game_play(player_id, team_id, game_id, play_id, seconds_start, seconds_end) VALUES(7406, 1649, 25007, 27504, 1487, 1505);
INSERT INTO player_team_game_play(player_id, team_id, game_id, play_id, seconds_start, seconds_end) VALUES(1775, 1649, 25007, 27504, 1487, 1505);
INSERT INTO lba.sub_play (play_id, seconds_da_start, player_made_id, team_made_id, game_made_id, player_suffered_id, team_suffered_id, game_suffered_id, shot_id, turnover_id, foul_id, rebound_defensive_01, rebound_offensive_01, assist_01, blocks_01, time_out_01, x, y)VALUES(27504, 18, 7406, 1649, 25007, NULL, NULL, NULL, 4, NULL, NULL, '', '', '', '', '', 33, 53);
INSERT INTO lba.sub_play (play_id, seconds_da_start, player_made_id, team_made_id, game_made_id, player_suffered_id, team_suffered_id, game_suffered_id, shot_id, turnover_id, foul_id, rebound_defensive_01, rebound_offensive_01, assist_01, blocks_01, time_out_01, x, y)VALUES(27504, 18, 2608, 1646, 25007, NULL, NULL, NULL, NULL, NULL, NULL, '1', '', '', '', '', 33, 53);

INSERT INTO play(id, game_id, seconds_start, seconds_end, quarter, attack_home_01, score_home, score_guest)VALUES(27505, 25007, 1505, 1511, 3, '1', 49, 58);
INSERT INTO player_team_game_play(player_id, team_id, game_id, play_id, seconds_start, seconds_end) VALUES(2608, 1646, 25007, 27505, 1505, 1511);
INSERT INTO player_team_game_play(player_id, team_id, game_id, play_id, seconds_start, seconds_end) VALUES(418, 1646, 25007, 27505, 1505, 1511);
INSERT INTO player_team_game_play(player_id, team_id, game_id, play_id, seconds_start, seconds_end) VALUES(7314, 1646, 25007, 27505, 1505, 1511);
INSERT INTO player_team_game_play(player_id, team_id, game_id, play_id, seconds_start, seconds_end) VALUES(6328, 1646, 25007, 27505, 1505, 1511);
INSERT INTO player_team_game_play(player_id, team_id, game_id, play_id, seconds_start, seconds_end) VALUES(6223, 1646, 25007, 27505, 1505, 1511);
INSERT INTO player_team_game_play(player_id, team_id, game_id, play_id, seconds_start, seconds_end) VALUES(4692, 1649, 25007, 27505, 1505, 1511);
INSERT INTO player_team_game_play(player_id, team_id, game_id, play_id, seconds_start, seconds_end) VALUES(6138, 1649, 25007, 27505, 1505, 1511);
INSERT INTO player_team_game_play(player_id, team_id, game_id, play_id, seconds_start, seconds_end) VALUES(7404, 1649, 25007, 27505, 1505, 1511);
INSERT INTO player_team_game_play(player_id, team_id, game_id, play_id, seconds_start, seconds_end) VALUES(7406, 1649, 25007, 27505, 1505, 1511);
INSERT INTO player_team_game_play(player_id, team_id, game_id, play_id, seconds_start, seconds_end) VALUES(1775, 1649, 25007, 27505, 1505, 1511);
INSERT INTO lba.sub_play (play_id, seconds_da_start, player_made_id, team_made_id, game_made_id, player_suffered_id, team_suffered_id, game_suffered_id, shot_id, turnover_id, foul_id, rebound_defensive_01, rebound_offensive_01, assist_01, blocks_01, time_out_01, x, y)VALUES(27505, 6, 6328, 1646, 25007, NULL, NULL, NULL, 1, NULL, NULL, '', '', '', '', '', 92, 59);
INSERT INTO lba.sub_play (play_id, seconds_da_start, player_made_id, team_made_id, game_made_id, player_suffered_id, team_suffered_id, game_suffered_id, shot_id, turnover_id, foul_id, rebound_defensive_01, rebound_offensive_01, assist_01, blocks_01, time_out_01, x, y)VALUES(27505, 6, 6223, 1646, 25007, NULL, NULL, NULL, NULL, NULL, NULL, '', '', '1', '', '', 92, 59);

INSERT INTO play(id, game_id, seconds_start, seconds_end, quarter, attack_home_01, score_home, score_guest)VALUES(27506, 25007, 1511, 1537, 3, '0', 49, 58);
INSERT INTO player_team_game_play(player_id, team_id, game_id, play_id, seconds_start, seconds_end) VALUES(2608, 1646, 25007, 27506, 1511, 1537);
INSERT INTO player_team_game_play(player_id, team_id, game_id, play_id, seconds_start, seconds_end) VALUES(418, 1646, 25007, 27506, 1511, 1537);
INSERT INTO player_team_game_play(player_id, team_id, game_id, play_id, seconds_start, seconds_end) VALUES(7314, 1646, 25007, 27506, 1511, 1537);
INSERT INTO player_team_game_play(player_id, team_id, game_id, play_id, seconds_start, seconds_end) VALUES(6328, 1646, 25007, 27506, 1511, 1537);
INSERT INTO player_team_game_play(player_id, team_id, game_id, play_id, seconds_start, seconds_end) VALUES(6223, 1646, 25007, 27506, 1511, 1537);
INSERT INTO player_team_game_play(player_id, team_id, game_id, play_id, seconds_start, seconds_end) VALUES(4692, 1649, 25007, 27506, 1511, 1537);
INSERT INTO player_team_game_play(player_id, team_id, game_id, play_id, seconds_start, seconds_end) VALUES(6138, 1649, 25007, 27506, 1511, 1537);
INSERT INTO player_team_game_play(player_id, team_id, game_id, play_id, seconds_start, seconds_end) VALUES(7404, 1649, 25007, 27506, 1511, 1537);
INSERT INTO player_team_game_play(player_id, team_id, game_id, play_id, seconds_start, seconds_end) VALUES(7406, 1649, 25007, 27506, 1511, 1537);
INSERT INTO player_team_game_play(player_id, team_id, game_id, play_id, seconds_start, seconds_end) VALUES(1775, 1649, 25007, 27506, 1511, 1537);
INSERT INTO lba.sub_play (play_id, seconds_da_start, player_made_id, team_made_id, game_made_id, player_suffered_id, team_suffered_id, game_suffered_id, shot_id, turnover_id, foul_id, rebound_defensive_01, rebound_offensive_01, assist_01, blocks_01, time_out_01, x, y)VALUES(27506, 26, 4692, 1649, 25007, 6328, 1646, 25007, NULL, 2, NULL, '', '', '', '', '', 20, 14);

INSERT INTO play(id, game_id, seconds_start, seconds_end, quarter, attack_home_01, score_home, score_guest)VALUES(27507, 25007, 1537, 1541, 3, '1', 51, 58);
INSERT INTO player_team_game_play(player_id, team_id, game_id, play_id, seconds_start, seconds_end) VALUES(2608, 1646, 25007, 27507, 1537, 1541);
INSERT INTO player_team_game_play(player_id, team_id, game_id, play_id, seconds_start, seconds_end) VALUES(418, 1646, 25007, 27507, 1537, 1541);
INSERT INTO player_team_game_play(player_id, team_id, game_id, play_id, seconds_start, seconds_end) VALUES(7314, 1646, 25007, 27507, 1537, 1541);
INSERT INTO player_team_game_play(player_id, team_id, game_id, play_id, seconds_start, seconds_end) VALUES(6328, 1646, 25007, 27507, 1537, 1541);
INSERT INTO player_team_game_play(player_id, team_id, game_id, play_id, seconds_start, seconds_end) VALUES(6223, 1646, 25007, 27507, 1537, 1541);
INSERT INTO player_team_game_play(player_id, team_id, game_id, play_id, seconds_start, seconds_end) VALUES(4692, 1649, 25007, 27507, 1537, 1541);
INSERT INTO player_team_game_play(player_id, team_id, game_id, play_id, seconds_start, seconds_end) VALUES(6138, 1649, 25007, 27507, 1537, 1541);
INSERT INTO player_team_game_play(player_id, team_id, game_id, play_id, seconds_start, seconds_end) VALUES(7404, 1649, 25007, 27507, 1537, 1541);
INSERT INTO player_team_game_play(player_id, team_id, game_id, play_id, seconds_start, seconds_end) VALUES(7406, 1649, 25007, 27507, 1537, 1541);
INSERT INTO player_team_game_play(player_id, team_id, game_id, play_id, seconds_start, seconds_end) VALUES(1775, 1649, 25007, 27507, 1537, 1541);
INSERT INTO lba.sub_play (play_id, seconds_da_start, player_made_id, team_made_id, game_made_id, player_suffered_id, team_suffered_id, game_suffered_id, shot_id, turnover_id, foul_id, rebound_defensive_01, rebound_offensive_01, assist_01, blocks_01, time_out_01, x, y)VALUES(27507, 4, 2608, 1646, 25007, NULL, NULL, NULL, 1, NULL, NULL, '', '', '', '', '', 71, 52);

INSERT INTO play(id, game_id, seconds_start, seconds_end, quarter, attack_home_01, score_home, score_guest)VALUES(27508, 25007, 1541, 1549, 3, '0', 51, 58);
INSERT INTO player_team_game_play(player_id, team_id, game_id, play_id, seconds_start, seconds_end) VALUES(2608, 1646, 25007, 27508, 1541, 1549);
INSERT INTO player_team_game_play(player_id, team_id, game_id, play_id, seconds_start, seconds_end) VALUES(418, 1646, 25007, 27508, 1541, 1549);
INSERT INTO player_team_game_play(player_id, team_id, game_id, play_id, seconds_start, seconds_end) VALUES(7314, 1646, 25007, 27508, 1541, 1549);
INSERT INTO player_team_game_play(player_id, team_id, game_id, play_id, seconds_start, seconds_end) VALUES(6328, 1646, 25007, 27508, 1541, 1549);
INSERT INTO player_team_game_play(player_id, team_id, game_id, play_id, seconds_start, seconds_end) VALUES(6223, 1646, 25007, 27508, 1541, 1549);
INSERT INTO player_team_game_play(player_id, team_id, game_id, play_id, seconds_start, seconds_end) VALUES(4692, 1649, 25007, 27508, 1541, 1549);
INSERT INTO player_team_game_play(player_id, team_id, game_id, play_id, seconds_start, seconds_end) VALUES(6138, 1649, 25007, 27508, 1541, 1549);
INSERT INTO player_team_game_play(player_id, team_id, game_id, play_id, seconds_start, seconds_end) VALUES(7404, 1649, 25007, 27508, 1541, 1549);
INSERT INTO player_team_game_play(player_id, team_id, game_id, play_id, seconds_start, seconds_end) VALUES(7406, 1649, 25007, 27508, 1541, 1549);
INSERT INTO player_team_game_play(player_id, team_id, game_id, play_id, seconds_start, seconds_end) VALUES(1775, 1649, 25007, 27508, 1541, 1549);
UPDATE player_team_game_play SET seconds_end = 1542 WHERE player_id = 6138 AND game_id = 25007 AND play_id = 27508;
UPDATE player_team_game_play SET seconds_end = 1542 WHERE player_id = 4692 AND game_id = 25007 AND play_id = 27508;
UPDATE player_team_game_play SET seconds_end = 1542 WHERE player_id = 7406 AND game_id = 25007 AND play_id = 27508;
INSERT INTO player_team_game_play(player_id, team_id, game_id, play_id, seconds_start, seconds_end) VALUES(7015, 1649, 25007, 27508, 1542, 1549);
INSERT INTO player_team_game_play(player_id, team_id, game_id, play_id, seconds_start, seconds_end) VALUES(7405, 1649, 25007, 27508, 1542, 1549);
INSERT INTO player_team_game_play(player_id, team_id, game_id, play_id, seconds_start, seconds_end) VALUES(2103, 1649, 25007, 27508, 1542, 1549);
INSERT INTO lba.sub_play (play_id, seconds_da_start, player_made_id, team_made_id, game_made_id, player_suffered_id, team_suffered_id, game_suffered_id, shot_id, turnover_id, foul_id, rebound_defensive_01, rebound_offensive_01, assist_01, blocks_01, time_out_01, x, y)VALUES(27508, 8, 2103, 1649, 25007, 2608, 1646, 25007, NULL, NULL, 7, '', '', '', '', '', 32, 31);
INSERT INTO lba.sub_play (play_id, seconds_da_start, player_made_id, team_made_id, game_made_id, player_suffered_id, team_suffered_id, game_suffered_id, shot_id, turnover_id, foul_id, rebound_defensive_01, rebound_offensive_01, assist_01, blocks_01, time_out_01, x, y)VALUES(27508, 8, 2103, 1649, 25007, NULL, NULL, NULL, NULL, 13, NULL, '', '', '', '', '', 32, 31);

INSERT INTO play(id, game_id, seconds_start, seconds_end, quarter, attack_home_01, score_home, score_guest)VALUES(27509, 25007, 1549, 1563, 3, '1', 52, 58);
INSERT INTO player_team_game_play(player_id, team_id, game_id, play_id, seconds_start, seconds_end) VALUES(2608, 1646, 25007, 27509, 1549, 1563);
INSERT INTO player_team_game_play(player_id, team_id, game_id, play_id, seconds_start, seconds_end) VALUES(418, 1646, 25007, 27509, 1549, 1563);
INSERT INTO player_team_game_play(player_id, team_id, game_id, play_id, seconds_start, seconds_end) VALUES(7314, 1646, 25007, 27509, 1549, 1563);
INSERT INTO player_team_game_play(player_id, team_id, game_id, play_id, seconds_start, seconds_end) VALUES(6328, 1646, 25007, 27509, 1549, 1563);
INSERT INTO player_team_game_play(player_id, team_id, game_id, play_id, seconds_start, seconds_end) VALUES(6223, 1646, 25007, 27509, 1549, 1563);
INSERT INTO player_team_game_play(player_id, team_id, game_id, play_id, seconds_start, seconds_end) VALUES(2103, 1649, 25007, 27509, 1549, 1563);
INSERT INTO player_team_game_play(player_id, team_id, game_id, play_id, seconds_start, seconds_end) VALUES(7015, 1649, 25007, 27509, 1549, 1563);
INSERT INTO player_team_game_play(player_id, team_id, game_id, play_id, seconds_start, seconds_end) VALUES(7404, 1649, 25007, 27509, 1549, 1563);
INSERT INTO player_team_game_play(player_id, team_id, game_id, play_id, seconds_start, seconds_end) VALUES(7405, 1649, 25007, 27509, 1549, 1563);
INSERT INTO player_team_game_play(player_id, team_id, game_id, play_id, seconds_start, seconds_end) VALUES(1775, 1649, 25007, 27509, 1549, 1563);
UPDATE player_team_game_play SET seconds_end = 1563 WHERE player_id = 7015 AND game_id = 25007 AND play_id = 27509;
INSERT INTO player_team_game_play(player_id, team_id, game_id, play_id, seconds_start, seconds_end) VALUES(3176, 1649, 25007, 27509, 1563, 1563);
INSERT INTO lba.sub_play (play_id, seconds_da_start, player_made_id, team_made_id, game_made_id, player_suffered_id, team_suffered_id, game_suffered_id, shot_id, turnover_id, foul_id, rebound_defensive_01, rebound_offensive_01, assist_01, blocks_01, time_out_01, x, y)VALUES(27509, 14, 7015, 1649, 25007, 6328, 1646, 25007, NULL, NULL, 1, '', '', '', '', '', 89, 74);
INSERT INTO lba.sub_play (play_id, seconds_da_start, player_made_id, team_made_id, game_made_id, player_suffered_id, team_suffered_id, game_suffered_id, shot_id, turnover_id, foul_id, rebound_defensive_01, rebound_offensive_01, assist_01, blocks_01, time_out_01, x, y)VALUES(27509, 14, 6328, 1646, 25007, NULL, NULL, NULL, 6, NULL, NULL, '', '', '', '', '', NULL, NULL);
INSERT INTO lba.sub_play (play_id, seconds_da_start, player_made_id, team_made_id, game_made_id, player_suffered_id, team_suffered_id, game_suffered_id, shot_id, turnover_id, foul_id, rebound_defensive_01, rebound_offensive_01, assist_01, blocks_01, time_out_01, x, y)VALUES(27509, 14, 6328, 1646, 25007, NULL, NULL, NULL, 5, NULL, NULL, '', '', '', '', '', NULL, NULL);

INSERT INTO play(id, game_id, seconds_start, seconds_end, quarter, attack_home_01, score_home, score_guest)VALUES(27510, 25007, 1563, 1586, 3, '0', 52, 60);
INSERT INTO player_team_game_play(player_id, team_id, game_id, play_id, seconds_start, seconds_end) VALUES(2608, 1646, 25007, 27510, 1563, 1586);
INSERT INTO player_team_game_play(player_id, team_id, game_id, play_id, seconds_start, seconds_end) VALUES(418, 1646, 25007, 27510, 1563, 1586);
INSERT INTO player_team_game_play(player_id, team_id, game_id, play_id, seconds_start, seconds_end) VALUES(7314, 1646, 25007, 27510, 1563, 1586);
INSERT INTO player_team_game_play(player_id, team_id, game_id, play_id, seconds_start, seconds_end) VALUES(6328, 1646, 25007, 27510, 1563, 1586);
INSERT INTO player_team_game_play(player_id, team_id, game_id, play_id, seconds_start, seconds_end) VALUES(6223, 1646, 25007, 27510, 1563, 1586);
INSERT INTO player_team_game_play(player_id, team_id, game_id, play_id, seconds_start, seconds_end) VALUES(2103, 1649, 25007, 27510, 1563, 1586);
INSERT INTO player_team_game_play(player_id, team_id, game_id, play_id, seconds_start, seconds_end) VALUES(7015, 1649, 25007, 27510, 1563, 1586);
INSERT INTO player_team_game_play(player_id, team_id, game_id, play_id, seconds_start, seconds_end) VALUES(7404, 1649, 25007, 27510, 1563, 1586);
INSERT INTO player_team_game_play(player_id, team_id, game_id, play_id, seconds_start, seconds_end) VALUES(7405, 1649, 25007, 27510, 1563, 1586);
INSERT INTO player_team_game_play(player_id, team_id, game_id, play_id, seconds_start, seconds_end) VALUES(1775, 1649, 25007, 27510, 1563, 1586);
UPDATE player_team_game_play SET seconds_end = 1563 WHERE player_id = 7015 AND game_id = 25007 AND play_id = 27510;
INSERT INTO player_team_game_play(player_id, team_id, game_id, play_id, seconds_start, seconds_end) VALUES(3176, 1649, 25007, 27510, 1563, 1586);
INSERT INTO lba.sub_play (play_id, seconds_da_start, player_made_id, team_made_id, game_made_id, player_suffered_id, team_suffered_id, game_suffered_id, shot_id, turnover_id, foul_id, rebound_defensive_01, rebound_offensive_01, assist_01, blocks_01, time_out_01, x, y)VALUES(27510, 23, 3176, 1649, 25007, NULL, NULL, NULL, 1, NULL, NULL, '', '', '', '', '', 10, 32);

INSERT INTO play(id, game_id, seconds_start, seconds_end, quarter, attack_home_01, score_home, score_guest)VALUES(27511, 25007, 1586, 1602, 3, '1', 54, 60);
INSERT INTO player_team_game_play(player_id, team_id, game_id, play_id, seconds_start, seconds_end) VALUES(2608, 1646, 25007, 27511, 1586, 1602);
INSERT INTO player_team_game_play(player_id, team_id, game_id, play_id, seconds_start, seconds_end) VALUES(418, 1646, 25007, 27511, 1586, 1602);
INSERT INTO player_team_game_play(player_id, team_id, game_id, play_id, seconds_start, seconds_end) VALUES(7314, 1646, 25007, 27511, 1586, 1602);
INSERT INTO player_team_game_play(player_id, team_id, game_id, play_id, seconds_start, seconds_end) VALUES(6328, 1646, 25007, 27511, 1586, 1602);
INSERT INTO player_team_game_play(player_id, team_id, game_id, play_id, seconds_start, seconds_end) VALUES(6223, 1646, 25007, 27511, 1586, 1602);
INSERT INTO player_team_game_play(player_id, team_id, game_id, play_id, seconds_start, seconds_end) VALUES(2103, 1649, 25007, 27511, 1586, 1602);
INSERT INTO player_team_game_play(player_id, team_id, game_id, play_id, seconds_start, seconds_end) VALUES(3176, 1649, 25007, 27511, 1586, 1602);
INSERT INTO player_team_game_play(player_id, team_id, game_id, play_id, seconds_start, seconds_end) VALUES(7404, 1649, 25007, 27511, 1586, 1602);
INSERT INTO player_team_game_play(player_id, team_id, game_id, play_id, seconds_start, seconds_end) VALUES(7405, 1649, 25007, 27511, 1586, 1602);
INSERT INTO player_team_game_play(player_id, team_id, game_id, play_id, seconds_start, seconds_end) VALUES(1775, 1649, 25007, 27511, 1586, 1602);
INSERT INTO lba.sub_play (play_id, seconds_da_start, player_made_id, team_made_id, game_made_id, player_suffered_id, team_suffered_id, game_suffered_id, shot_id, turnover_id, foul_id, rebound_defensive_01, rebound_offensive_01, assist_01, blocks_01, time_out_01, x, y)VALUES(27511, 16, 418, 1646, 25007, NULL, NULL, NULL, 1, NULL, NULL, '', '', '', '', '', 92, 55);
INSERT INTO lba.sub_play (play_id, seconds_da_start, player_made_id, team_made_id, game_made_id, player_suffered_id, team_suffered_id, game_suffered_id, shot_id, turnover_id, foul_id, rebound_defensive_01, rebound_offensive_01, assist_01, blocks_01, time_out_01, x, y)VALUES(27511, 16, 6223, 1646, 25007, NULL, NULL, NULL, NULL, NULL, NULL, '', '', '1', '', '', 92, 55);

INSERT INTO play(id, game_id, seconds_start, seconds_end, quarter, attack_home_01, score_home, score_guest)VALUES(27512, 25007, 1602, 1618, 3, '0', 54, 62);
INSERT INTO player_team_game_play(player_id, team_id, game_id, play_id, seconds_start, seconds_end) VALUES(2608, 1646, 25007, 27512, 1602, 1618);
INSERT INTO player_team_game_play(player_id, team_id, game_id, play_id, seconds_start, seconds_end) VALUES(418, 1646, 25007, 27512, 1602, 1618);
INSERT INTO player_team_game_play(player_id, team_id, game_id, play_id, seconds_start, seconds_end) VALUES(7314, 1646, 25007, 27512, 1602, 1618);
INSERT INTO player_team_game_play(player_id, team_id, game_id, play_id, seconds_start, seconds_end) VALUES(6328, 1646, 25007, 27512, 1602, 1618);
INSERT INTO player_team_game_play(player_id, team_id, game_id, play_id, seconds_start, seconds_end) VALUES(6223, 1646, 25007, 27512, 1602, 1618);
INSERT INTO player_team_game_play(player_id, team_id, game_id, play_id, seconds_start, seconds_end) VALUES(2103, 1649, 25007, 27512, 1602, 1618);
INSERT INTO player_team_game_play(player_id, team_id, game_id, play_id, seconds_start, seconds_end) VALUES(3176, 1649, 25007, 27512, 1602, 1618);
INSERT INTO player_team_game_play(player_id, team_id, game_id, play_id, seconds_start, seconds_end) VALUES(7404, 1649, 25007, 27512, 1602, 1618);
INSERT INTO player_team_game_play(player_id, team_id, game_id, play_id, seconds_start, seconds_end) VALUES(7405, 1649, 25007, 27512, 1602, 1618);
INSERT INTO player_team_game_play(player_id, team_id, game_id, play_id, seconds_start, seconds_end) VALUES(1775, 1649, 25007, 27512, 1602, 1618);
UPDATE player_team_game_play SET seconds_end = 1605 WHERE player_id = 2608 AND game_id = 25007 AND play_id = 27512;
INSERT INTO player_team_game_play(player_id, team_id, game_id, play_id, seconds_start, seconds_end) VALUES(4162, 1646, 25007, 27512, 1605, 1618);
INSERT INTO lba.sub_play (play_id, seconds_da_start, player_made_id, team_made_id, game_made_id, player_suffered_id, team_suffered_id, game_suffered_id, shot_id, turnover_id, foul_id, rebound_defensive_01, rebound_offensive_01, assist_01, blocks_01, time_out_01, x, y)VALUES(27512, 16, 7405, 1649, 25007, NULL, NULL, NULL, 1, NULL, NULL, '', '', '', '', '', 16, 63);

INSERT INTO play(id, game_id, seconds_start, seconds_end, quarter, attack_home_01, score_home, score_guest)VALUES(27513, 25007, 1618, 1630, 3, '1', 54, 62);
INSERT INTO player_team_game_play(player_id, team_id, game_id, play_id, seconds_start, seconds_end) VALUES(4162, 1646, 25007, 27513, 1618, 1630);
INSERT INTO player_team_game_play(player_id, team_id, game_id, play_id, seconds_start, seconds_end) VALUES(418, 1646, 25007, 27513, 1618, 1630);
INSERT INTO player_team_game_play(player_id, team_id, game_id, play_id, seconds_start, seconds_end) VALUES(7314, 1646, 25007, 27513, 1618, 1630);
INSERT INTO player_team_game_play(player_id, team_id, game_id, play_id, seconds_start, seconds_end) VALUES(6328, 1646, 25007, 27513, 1618, 1630);
INSERT INTO player_team_game_play(player_id, team_id, game_id, play_id, seconds_start, seconds_end) VALUES(6223, 1646, 25007, 27513, 1618, 1630);
INSERT INTO player_team_game_play(player_id, team_id, game_id, play_id, seconds_start, seconds_end) VALUES(2103, 1649, 25007, 27513, 1618, 1630);
INSERT INTO player_team_game_play(player_id, team_id, game_id, play_id, seconds_start, seconds_end) VALUES(3176, 1649, 25007, 27513, 1618, 1630);
INSERT INTO player_team_game_play(player_id, team_id, game_id, play_id, seconds_start, seconds_end) VALUES(7404, 1649, 25007, 27513, 1618, 1630);
INSERT INTO player_team_game_play(player_id, team_id, game_id, play_id, seconds_start, seconds_end) VALUES(7405, 1649, 25007, 27513, 1618, 1630);
INSERT INTO player_team_game_play(player_id, team_id, game_id, play_id, seconds_start, seconds_end) VALUES(1775, 1649, 25007, 27513, 1618, 1630);
INSERT INTO lba.sub_play (play_id, seconds_da_start, player_made_id, team_made_id, game_made_id, player_suffered_id, team_suffered_id, game_suffered_id, shot_id, turnover_id, foul_id, rebound_defensive_01, rebound_offensive_01, assist_01, blocks_01, time_out_01, x, y)VALUES(27513, 12, 418, 1646, 25007, 7404, 1649, 25007, NULL, 1, NULL, '', '', '', '', '', 61, 79);

INSERT INTO play(id, game_id, seconds_start, seconds_end, quarter, attack_home_01, score_home, score_guest)VALUES(27514, 25007, 1630, 1634, 3, '0', 54, 64);
INSERT INTO player_team_game_play(player_id, team_id, game_id, play_id, seconds_start, seconds_end) VALUES(4162, 1646, 25007, 27514, 1630, 1634);
INSERT INTO player_team_game_play(player_id, team_id, game_id, play_id, seconds_start, seconds_end) VALUES(418, 1646, 25007, 27514, 1630, 1634);
INSERT INTO player_team_game_play(player_id, team_id, game_id, play_id, seconds_start, seconds_end) VALUES(7314, 1646, 25007, 27514, 1630, 1634);
INSERT INTO player_team_game_play(player_id, team_id, game_id, play_id, seconds_start, seconds_end) VALUES(6328, 1646, 25007, 27514, 1630, 1634);
INSERT INTO player_team_game_play(player_id, team_id, game_id, play_id, seconds_start, seconds_end) VALUES(6223, 1646, 25007, 27514, 1630, 1634);
INSERT INTO player_team_game_play(player_id, team_id, game_id, play_id, seconds_start, seconds_end) VALUES(2103, 1649, 25007, 27514, 1630, 1634);
INSERT INTO player_team_game_play(player_id, team_id, game_id, play_id, seconds_start, seconds_end) VALUES(3176, 1649, 25007, 27514, 1630, 1634);
INSERT INTO player_team_game_play(player_id, team_id, game_id, play_id, seconds_start, seconds_end) VALUES(7404, 1649, 25007, 27514, 1630, 1634);
INSERT INTO player_team_game_play(player_id, team_id, game_id, play_id, seconds_start, seconds_end) VALUES(7405, 1649, 25007, 27514, 1630, 1634);
INSERT INTO player_team_game_play(player_id, team_id, game_id, play_id, seconds_start, seconds_end) VALUES(1775, 1649, 25007, 27514, 1630, 1634);
INSERT INTO lba.sub_play (play_id, seconds_da_start, player_made_id, team_made_id, game_made_id, player_suffered_id, team_suffered_id, game_suffered_id, shot_id, turnover_id, foul_id, rebound_defensive_01, rebound_offensive_01, assist_01, blocks_01, time_out_01, x, y)VALUES(27514, 4, 7404, 1649, 25007, NULL, NULL, NULL, 1, NULL, NULL, '', '', '', '', '', 6, 44);

INSERT INTO play(id, game_id, seconds_start, seconds_end, quarter, attack_home_01, score_home, score_guest)VALUES(27515, 25007, 1634, 1653, 3, '1', 54, 64);
INSERT INTO player_team_game_play(player_id, team_id, game_id, play_id, seconds_start, seconds_end) VALUES(4162, 1646, 25007, 27515, 1634, 1653);
INSERT INTO player_team_game_play(player_id, team_id, game_id, play_id, seconds_start, seconds_end) VALUES(418, 1646, 25007, 27515, 1634, 1653);
INSERT INTO player_team_game_play(player_id, team_id, game_id, play_id, seconds_start, seconds_end) VALUES(7314, 1646, 25007, 27515, 1634, 1653);
INSERT INTO player_team_game_play(player_id, team_id, game_id, play_id, seconds_start, seconds_end) VALUES(6328, 1646, 25007, 27515, 1634, 1653);
INSERT INTO player_team_game_play(player_id, team_id, game_id, play_id, seconds_start, seconds_end) VALUES(6223, 1646, 25007, 27515, 1634, 1653);
INSERT INTO player_team_game_play(player_id, team_id, game_id, play_id, seconds_start, seconds_end) VALUES(2103, 1649, 25007, 27515, 1634, 1653);
INSERT INTO player_team_game_play(player_id, team_id, game_id, play_id, seconds_start, seconds_end) VALUES(3176, 1649, 25007, 27515, 1634, 1653);
INSERT INTO player_team_game_play(player_id, team_id, game_id, play_id, seconds_start, seconds_end) VALUES(7404, 1649, 25007, 27515, 1634, 1653);
INSERT INTO player_team_game_play(player_id, team_id, game_id, play_id, seconds_start, seconds_end) VALUES(7405, 1649, 25007, 27515, 1634, 1653);
INSERT INTO player_team_game_play(player_id, team_id, game_id, play_id, seconds_start, seconds_end) VALUES(1775, 1649, 25007, 27515, 1634, 1653);
INSERT INTO lba.sub_play (play_id, seconds_da_start, player_made_id, team_made_id, game_made_id, player_suffered_id, team_suffered_id, game_suffered_id, shot_id, turnover_id, foul_id, rebound_defensive_01, rebound_offensive_01, assist_01, blocks_01, time_out_01, x, y)VALUES(27515, 19, 7314, 1646, 25007, NULL, NULL, NULL, 2, NULL, NULL, '', '', '', '', '', 91, 44);
INSERT INTO lba.sub_play (play_id, seconds_da_start, player_made_id, team_made_id, game_made_id, player_suffered_id, team_suffered_id, game_suffered_id, shot_id, turnover_id, foul_id, rebound_defensive_01, rebound_offensive_01, assist_01, blocks_01, time_out_01, x, y)VALUES(27515, 19, 1775, 1649, 25007, NULL, NULL, NULL, NULL, NULL, NULL, '1', '', '', '', '', 91, 44);

INSERT INTO play(id, game_id, seconds_start, seconds_end, quarter, attack_home_01, score_home, score_guest)VALUES(27516, 25007, 1653, 1677, 3, '0', 54, 64);
INSERT INTO player_team_game_play(player_id, team_id, game_id, play_id, seconds_start, seconds_end) VALUES(4162, 1646, 25007, 27516, 1653, 1677);
INSERT INTO player_team_game_play(player_id, team_id, game_id, play_id, seconds_start, seconds_end) VALUES(418, 1646, 25007, 27516, 1653, 1677);
INSERT INTO player_team_game_play(player_id, team_id, game_id, play_id, seconds_start, seconds_end) VALUES(7314, 1646, 25007, 27516, 1653, 1677);
INSERT INTO player_team_game_play(player_id, team_id, game_id, play_id, seconds_start, seconds_end) VALUES(6328, 1646, 25007, 27516, 1653, 1677);
INSERT INTO player_team_game_play(player_id, team_id, game_id, play_id, seconds_start, seconds_end) VALUES(6223, 1646, 25007, 27516, 1653, 1677);
INSERT INTO player_team_game_play(player_id, team_id, game_id, play_id, seconds_start, seconds_end) VALUES(2103, 1649, 25007, 27516, 1653, 1677);
INSERT INTO player_team_game_play(player_id, team_id, game_id, play_id, seconds_start, seconds_end) VALUES(3176, 1649, 25007, 27516, 1653, 1677);
INSERT INTO player_team_game_play(player_id, team_id, game_id, play_id, seconds_start, seconds_end) VALUES(7404, 1649, 25007, 27516, 1653, 1677);
INSERT INTO player_team_game_play(player_id, team_id, game_id, play_id, seconds_start, seconds_end) VALUES(7405, 1649, 25007, 27516, 1653, 1677);
INSERT INTO player_team_game_play(player_id, team_id, game_id, play_id, seconds_start, seconds_end) VALUES(1775, 1649, 25007, 27516, 1653, 1677);
INSERT INTO lba.sub_play (play_id, seconds_da_start, player_made_id, team_made_id, game_made_id, player_suffered_id, team_suffered_id, game_suffered_id, shot_id, turnover_id, foul_id, rebound_defensive_01, rebound_offensive_01, assist_01, blocks_01, time_out_01, x, y)VALUES(27516, 24, 7404, 1649, 25007, NULL, NULL, NULL, 4, NULL, NULL, '', '', '', '', '', 32, 77);
INSERT INTO lba.sub_play (play_id, seconds_da_start, player_made_id, team_made_id, game_made_id, player_suffered_id, team_suffered_id, game_suffered_id, shot_id, turnover_id, foul_id, rebound_defensive_01, rebound_offensive_01, assist_01, blocks_01, time_out_01, x, y)VALUES(27516, 24, 4162, 1646, 25007, NULL, NULL, NULL, NULL, NULL, NULL, '1', '', '', '', '', 32, 77);

INSERT INTO play(id, game_id, seconds_start, seconds_end, quarter, attack_home_01, score_home, score_guest)VALUES(27517, 25007, 1677, 1693, 3, '1', 56, 64);
INSERT INTO player_team_game_play(player_id, team_id, game_id, play_id, seconds_start, seconds_end) VALUES(4162, 1646, 25007, 27517, 1677, 1693);
INSERT INTO player_team_game_play(player_id, team_id, game_id, play_id, seconds_start, seconds_end) VALUES(418, 1646, 25007, 27517, 1677, 1693);
INSERT INTO player_team_game_play(player_id, team_id, game_id, play_id, seconds_start, seconds_end) VALUES(7314, 1646, 25007, 27517, 1677, 1693);
INSERT INTO player_team_game_play(player_id, team_id, game_id, play_id, seconds_start, seconds_end) VALUES(6328, 1646, 25007, 27517, 1677, 1693);
INSERT INTO player_team_game_play(player_id, team_id, game_id, play_id, seconds_start, seconds_end) VALUES(6223, 1646, 25007, 27517, 1677, 1693);
INSERT INTO player_team_game_play(player_id, team_id, game_id, play_id, seconds_start, seconds_end) VALUES(2103, 1649, 25007, 27517, 1677, 1693);
INSERT INTO player_team_game_play(player_id, team_id, game_id, play_id, seconds_start, seconds_end) VALUES(3176, 1649, 25007, 27517, 1677, 1693);
INSERT INTO player_team_game_play(player_id, team_id, game_id, play_id, seconds_start, seconds_end) VALUES(7404, 1649, 25007, 27517, 1677, 1693);
INSERT INTO player_team_game_play(player_id, team_id, game_id, play_id, seconds_start, seconds_end) VALUES(7405, 1649, 25007, 27517, 1677, 1693);
INSERT INTO player_team_game_play(player_id, team_id, game_id, play_id, seconds_start, seconds_end) VALUES(1775, 1649, 25007, 27517, 1677, 1693);
UPDATE player_team_game_play SET seconds_end = 1693 WHERE player_id = 6328 AND game_id = 25007 AND play_id = 27517;
INSERT INTO player_team_game_play(player_id, team_id, game_id, play_id, seconds_start, seconds_end) VALUES(45, 1646, 25007, 27517, 1693, 1693);
INSERT INTO lba.sub_play (play_id, seconds_da_start, player_made_id, team_made_id, game_made_id, player_suffered_id, team_suffered_id, game_suffered_id, shot_id, turnover_id, foul_id, rebound_defensive_01, rebound_offensive_01, assist_01, blocks_01, time_out_01, x, y)VALUES(27517, 16, 3176, 1649, 25007, 6328, 1646, 25007, NULL, NULL, 4, '', '', '', '', '', 92, 65);
INSERT INTO lba.sub_play (play_id, seconds_da_start, player_made_id, team_made_id, game_made_id, player_suffered_id, team_suffered_id, game_suffered_id, shot_id, turnover_id, foul_id, rebound_defensive_01, rebound_offensive_01, assist_01, blocks_01, time_out_01, x, y)VALUES(27517, 16, 6328, 1646, 25007, NULL, NULL, NULL, 5, NULL, NULL, '', '', '', '', '', NULL, NULL);
INSERT INTO lba.sub_play (play_id, seconds_da_start, player_made_id, team_made_id, game_made_id, player_suffered_id, team_suffered_id, game_suffered_id, shot_id, turnover_id, foul_id, rebound_defensive_01, rebound_offensive_01, assist_01, blocks_01, time_out_01, x, y)VALUES(27517, 16, 6328, 1646, 25007, NULL, NULL, NULL, 5, NULL, NULL, '', '', '', '', '', NULL, NULL);

INSERT INTO play(id, game_id, seconds_start, seconds_end, quarter, attack_home_01, score_home, score_guest)VALUES(27518, 25007, 1693, 1708, 3, '0', 56, 64);
INSERT INTO player_team_game_play(player_id, team_id, game_id, play_id, seconds_start, seconds_end) VALUES(4162, 1646, 25007, 27518, 1693, 1708);
INSERT INTO player_team_game_play(player_id, team_id, game_id, play_id, seconds_start, seconds_end) VALUES(418, 1646, 25007, 27518, 1693, 1708);
INSERT INTO player_team_game_play(player_id, team_id, game_id, play_id, seconds_start, seconds_end) VALUES(7314, 1646, 25007, 27518, 1693, 1708);
INSERT INTO player_team_game_play(player_id, team_id, game_id, play_id, seconds_start, seconds_end) VALUES(6328, 1646, 25007, 27518, 1693, 1708);
INSERT INTO player_team_game_play(player_id, team_id, game_id, play_id, seconds_start, seconds_end) VALUES(6223, 1646, 25007, 27518, 1693, 1708);
INSERT INTO player_team_game_play(player_id, team_id, game_id, play_id, seconds_start, seconds_end) VALUES(2103, 1649, 25007, 27518, 1693, 1708);
INSERT INTO player_team_game_play(player_id, team_id, game_id, play_id, seconds_start, seconds_end) VALUES(3176, 1649, 25007, 27518, 1693, 1708);
INSERT INTO player_team_game_play(player_id, team_id, game_id, play_id, seconds_start, seconds_end) VALUES(7404, 1649, 25007, 27518, 1693, 1708);
INSERT INTO player_team_game_play(player_id, team_id, game_id, play_id, seconds_start, seconds_end) VALUES(7405, 1649, 25007, 27518, 1693, 1708);
INSERT INTO player_team_game_play(player_id, team_id, game_id, play_id, seconds_start, seconds_end) VALUES(1775, 1649, 25007, 27518, 1693, 1708);
UPDATE player_team_game_play SET seconds_end = 1693 WHERE player_id = 6328 AND game_id = 25007 AND play_id = 27518;
INSERT INTO player_team_game_play(player_id, team_id, game_id, play_id, seconds_start, seconds_end) VALUES(45, 1646, 25007, 27518, 1693, 1708);
INSERT INTO lba.sub_play (play_id, seconds_da_start, player_made_id, team_made_id, game_made_id, player_suffered_id, team_suffered_id, game_suffered_id, shot_id, turnover_id, foul_id, rebound_defensive_01, rebound_offensive_01, assist_01, blocks_01, time_out_01, x, y)VALUES(27518, 15, 3176, 1649, 25007, NULL, NULL, NULL, 4, NULL, NULL, '', '', '', '', '', 9, 98);
INSERT INTO lba.sub_play (play_id, seconds_da_start, player_made_id, team_made_id, game_made_id, player_suffered_id, team_suffered_id, game_suffered_id, shot_id, turnover_id, foul_id, rebound_defensive_01, rebound_offensive_01, assist_01, blocks_01, time_out_01, x, y)VALUES(27518, 15, 6223, 1646, 25007, NULL, NULL, NULL, NULL, NULL, NULL, '1', '', '', '', '', 9, 98);

INSERT INTO play(id, game_id, seconds_start, seconds_end, quarter, attack_home_01, score_home, score_guest)VALUES(27519, 25007, 1708, 1715, 3, '1', 56, 64);
INSERT INTO player_team_game_play(player_id, team_id, game_id, play_id, seconds_start, seconds_end) VALUES(4162, 1646, 25007, 27519, 1708, 1715);
INSERT INTO player_team_game_play(player_id, team_id, game_id, play_id, seconds_start, seconds_end) VALUES(418, 1646, 25007, 27519, 1708, 1715);
INSERT INTO player_team_game_play(player_id, team_id, game_id, play_id, seconds_start, seconds_end) VALUES(7314, 1646, 25007, 27519, 1708, 1715);
INSERT INTO player_team_game_play(player_id, team_id, game_id, play_id, seconds_start, seconds_end) VALUES(45, 1646, 25007, 27519, 1708, 1715);
INSERT INTO player_team_game_play(player_id, team_id, game_id, play_id, seconds_start, seconds_end) VALUES(6223, 1646, 25007, 27519, 1708, 1715);
INSERT INTO player_team_game_play(player_id, team_id, game_id, play_id, seconds_start, seconds_end) VALUES(2103, 1649, 25007, 27519, 1708, 1715);
INSERT INTO player_team_game_play(player_id, team_id, game_id, play_id, seconds_start, seconds_end) VALUES(3176, 1649, 25007, 27519, 1708, 1715);
INSERT INTO player_team_game_play(player_id, team_id, game_id, play_id, seconds_start, seconds_end) VALUES(7404, 1649, 25007, 27519, 1708, 1715);
INSERT INTO player_team_game_play(player_id, team_id, game_id, play_id, seconds_start, seconds_end) VALUES(7405, 1649, 25007, 27519, 1708, 1715);
INSERT INTO player_team_game_play(player_id, team_id, game_id, play_id, seconds_start, seconds_end) VALUES(1775, 1649, 25007, 27519, 1708, 1715);
INSERT INTO lba.sub_play (play_id, seconds_da_start, player_made_id, team_made_id, game_made_id, player_suffered_id, team_suffered_id, game_suffered_id, shot_id, turnover_id, foul_id, rebound_defensive_01, rebound_offensive_01, assist_01, blocks_01, time_out_01, x, y)VALUES(27519, 7, 6223, 1646, 25007, 1775, 1649, 25007, NULL, 2, NULL, '', '', '', '', '', 74, 44);

INSERT INTO play(id, game_id, seconds_start, seconds_end, quarter, attack_home_01, score_home, score_guest)VALUES(27520, 25007, 1715, 1734, 3, '0', 56, 64);
INSERT INTO player_team_game_play(player_id, team_id, game_id, play_id, seconds_start, seconds_end) VALUES(4162, 1646, 25007, 27520, 1715, 1734);
INSERT INTO player_team_game_play(player_id, team_id, game_id, play_id, seconds_start, seconds_end) VALUES(418, 1646, 25007, 27520, 1715, 1734);
INSERT INTO player_team_game_play(player_id, team_id, game_id, play_id, seconds_start, seconds_end) VALUES(7314, 1646, 25007, 27520, 1715, 1734);
INSERT INTO player_team_game_play(player_id, team_id, game_id, play_id, seconds_start, seconds_end) VALUES(45, 1646, 25007, 27520, 1715, 1734);
INSERT INTO player_team_game_play(player_id, team_id, game_id, play_id, seconds_start, seconds_end) VALUES(6223, 1646, 25007, 27520, 1715, 1734);
INSERT INTO player_team_game_play(player_id, team_id, game_id, play_id, seconds_start, seconds_end) VALUES(2103, 1649, 25007, 27520, 1715, 1734);
INSERT INTO player_team_game_play(player_id, team_id, game_id, play_id, seconds_start, seconds_end) VALUES(3176, 1649, 25007, 27520, 1715, 1734);
INSERT INTO player_team_game_play(player_id, team_id, game_id, play_id, seconds_start, seconds_end) VALUES(7404, 1649, 25007, 27520, 1715, 1734);
INSERT INTO player_team_game_play(player_id, team_id, game_id, play_id, seconds_start, seconds_end) VALUES(7405, 1649, 25007, 27520, 1715, 1734);
INSERT INTO player_team_game_play(player_id, team_id, game_id, play_id, seconds_start, seconds_end) VALUES(1775, 1649, 25007, 27520, 1715, 1734);
UPDATE player_team_game_play SET seconds_end = 1722 WHERE player_id = 2103 AND game_id = 25007 AND play_id = 27520;
INSERT INTO player_team_game_play(player_id, team_id, game_id, play_id, seconds_start, seconds_end) VALUES(5150, 1649, 25007, 27520, 1722, 1734);
INSERT INTO lba.sub_play (play_id, seconds_da_start, player_made_id, team_made_id, game_made_id, player_suffered_id, team_suffered_id, game_suffered_id, shot_id, turnover_id, foul_id, rebound_defensive_01, rebound_offensive_01, assist_01, blocks_01, time_out_01, x, y)VALUES(27520, 6, 7405, 1649, 25007, NULL, NULL, NULL, 2, NULL, NULL, '', '', '', '', '', 9, 44);
INSERT INTO lba.sub_play (play_id, seconds_da_start, player_made_id, team_made_id, game_made_id, player_suffered_id, team_suffered_id, game_suffered_id, shot_id, turnover_id, foul_id, rebound_defensive_01, rebound_offensive_01, assist_01, blocks_01, time_out_01, x, y)VALUES(27520, 19, 7404, 1649, 25007, 4162, 1646, 25007, NULL, 2, NULL, '', '', '', '', '', 27, 59);

INSERT INTO play(id, game_id, seconds_start, seconds_end, quarter, attack_home_01, score_home, score_guest)VALUES(27521, 25007, 1734, 1744, 3, '1', 56, 64);
INSERT INTO player_team_game_play(player_id, team_id, game_id, play_id, seconds_start, seconds_end) VALUES(4162, 1646, 25007, 27521, 1734, 1744);
INSERT INTO player_team_game_play(player_id, team_id, game_id, play_id, seconds_start, seconds_end) VALUES(418, 1646, 25007, 27521, 1734, 1744);
INSERT INTO player_team_game_play(player_id, team_id, game_id, play_id, seconds_start, seconds_end) VALUES(7314, 1646, 25007, 27521, 1734, 1744);
INSERT INTO player_team_game_play(player_id, team_id, game_id, play_id, seconds_start, seconds_end) VALUES(45, 1646, 25007, 27521, 1734, 1744);
INSERT INTO player_team_game_play(player_id, team_id, game_id, play_id, seconds_start, seconds_end) VALUES(6223, 1646, 25007, 27521, 1734, 1744);
INSERT INTO player_team_game_play(player_id, team_id, game_id, play_id, seconds_start, seconds_end) VALUES(3176, 1649, 25007, 27521, 1734, 1744);
INSERT INTO player_team_game_play(player_id, team_id, game_id, play_id, seconds_start, seconds_end) VALUES(7404, 1649, 25007, 27521, 1734, 1744);
INSERT INTO player_team_game_play(player_id, team_id, game_id, play_id, seconds_start, seconds_end) VALUES(7405, 1649, 25007, 27521, 1734, 1744);
INSERT INTO player_team_game_play(player_id, team_id, game_id, play_id, seconds_start, seconds_end) VALUES(5150, 1649, 25007, 27521, 1734, 1744);
INSERT INTO player_team_game_play(player_id, team_id, game_id, play_id, seconds_start, seconds_end) VALUES(1775, 1649, 25007, 27521, 1734, 1744);
INSERT INTO lba.sub_play (play_id, seconds_da_start, player_made_id, team_made_id, game_made_id, player_suffered_id, team_suffered_id, game_suffered_id, shot_id, turnover_id, foul_id, rebound_defensive_01, rebound_offensive_01, assist_01, blocks_01, time_out_01, x, y)VALUES(27521, 10, 418, 1646, 25007, NULL, NULL, NULL, 4, NULL, NULL, '', '', '', '', '', 69, 79);
INSERT INTO lba.sub_play (play_id, seconds_da_start, player_made_id, team_made_id, game_made_id, player_suffered_id, team_suffered_id, game_suffered_id, shot_id, turnover_id, foul_id, rebound_defensive_01, rebound_offensive_01, assist_01, blocks_01, time_out_01, x, y)VALUES(27521, 10, 7405, 1649, 25007, NULL, NULL, NULL, NULL, NULL, NULL, '1', '', '', '', '', 69, 79);

INSERT INTO play(id, game_id, seconds_start, seconds_end, quarter, attack_home_01, score_home, score_guest)VALUES(27522, 25007, 1744, 1777, 3, '0', 56, 66);
INSERT INTO player_team_game_play(player_id, team_id, game_id, play_id, seconds_start, seconds_end) VALUES(4162, 1646, 25007, 27522, 1744, 1777);
INSERT INTO player_team_game_play(player_id, team_id, game_id, play_id, seconds_start, seconds_end) VALUES(418, 1646, 25007, 27522, 1744, 1777);
INSERT INTO player_team_game_play(player_id, team_id, game_id, play_id, seconds_start, seconds_end) VALUES(7314, 1646, 25007, 27522, 1744, 1777);
INSERT INTO player_team_game_play(player_id, team_id, game_id, play_id, seconds_start, seconds_end) VALUES(45, 1646, 25007, 27522, 1744, 1777);
INSERT INTO player_team_game_play(player_id, team_id, game_id, play_id, seconds_start, seconds_end) VALUES(6223, 1646, 25007, 27522, 1744, 1777);
INSERT INTO player_team_game_play(player_id, team_id, game_id, play_id, seconds_start, seconds_end) VALUES(3176, 1649, 25007, 27522, 1744, 1777);
INSERT INTO player_team_game_play(player_id, team_id, game_id, play_id, seconds_start, seconds_end) VALUES(7404, 1649, 25007, 27522, 1744, 1777);
INSERT INTO player_team_game_play(player_id, team_id, game_id, play_id, seconds_start, seconds_end) VALUES(7405, 1649, 25007, 27522, 1744, 1777);
INSERT INTO player_team_game_play(player_id, team_id, game_id, play_id, seconds_start, seconds_end) VALUES(5150, 1649, 25007, 27522, 1744, 1777);
INSERT INTO player_team_game_play(player_id, team_id, game_id, play_id, seconds_start, seconds_end) VALUES(1775, 1649, 25007, 27522, 1744, 1777);
UPDATE player_team_game_play SET seconds_end = 1764 WHERE player_id = 7404 AND game_id = 25007 AND play_id = 27522;
INSERT INTO player_team_game_play(player_id, team_id, game_id, play_id, seconds_start, seconds_end) VALUES(2103, 1649, 25007, 27522, 1764, 1777);
INSERT INTO lba.sub_play (play_id, seconds_da_start, player_made_id, team_made_id, game_made_id, player_suffered_id, team_suffered_id, game_suffered_id, shot_id, turnover_id, foul_id, rebound_defensive_01, rebound_offensive_01, assist_01, blocks_01, time_out_01, x, y)VALUES(27522, 20, 45, 1646, 25007, 3176, 1649, 25007, NULL, NULL, 1, '', '', '', '', '', 11, 28);
INSERT INTO lba.sub_play (play_id, seconds_da_start, player_made_id, team_made_id, game_made_id, player_suffered_id, team_suffered_id, game_suffered_id, shot_id, turnover_id, foul_id, rebound_defensive_01, rebound_offensive_01, assist_01, blocks_01, time_out_01, x, y)VALUES(27522, 33, 5150, 1649, 25007, NULL, NULL, NULL, 1, NULL, NULL, '', '', '', '', '', 21, 58);

INSERT INTO play(id, game_id, seconds_start, seconds_end, quarter, attack_home_01, score_home, score_guest)VALUES(27523, 25007, 1777, 1796, 3, '1', 58, 66);
INSERT INTO player_team_game_play(player_id, team_id, game_id, play_id, seconds_start, seconds_end) VALUES(4162, 1646, 25007, 27523, 1777, 1796);
INSERT INTO player_team_game_play(player_id, team_id, game_id, play_id, seconds_start, seconds_end) VALUES(418, 1646, 25007, 27523, 1777, 1796);
INSERT INTO player_team_game_play(player_id, team_id, game_id, play_id, seconds_start, seconds_end) VALUES(7314, 1646, 25007, 27523, 1777, 1796);
INSERT INTO player_team_game_play(player_id, team_id, game_id, play_id, seconds_start, seconds_end) VALUES(45, 1646, 25007, 27523, 1777, 1796);
INSERT INTO player_team_game_play(player_id, team_id, game_id, play_id, seconds_start, seconds_end) VALUES(6223, 1646, 25007, 27523, 1777, 1796);
INSERT INTO player_team_game_play(player_id, team_id, game_id, play_id, seconds_start, seconds_end) VALUES(2103, 1649, 25007, 27523, 1777, 1796);
INSERT INTO player_team_game_play(player_id, team_id, game_id, play_id, seconds_start, seconds_end) VALUES(3176, 1649, 25007, 27523, 1777, 1796);
INSERT INTO player_team_game_play(player_id, team_id, game_id, play_id, seconds_start, seconds_end) VALUES(7405, 1649, 25007, 27523, 1777, 1796);
INSERT INTO player_team_game_play(player_id, team_id, game_id, play_id, seconds_start, seconds_end) VALUES(5150, 1649, 25007, 27523, 1777, 1796);
INSERT INTO player_team_game_play(player_id, team_id, game_id, play_id, seconds_start, seconds_end) VALUES(1775, 1649, 25007, 27523, 1777, 1796);
INSERT INTO lba.sub_play (play_id, seconds_da_start, player_made_id, team_made_id, game_made_id, player_suffered_id, team_suffered_id, game_suffered_id, shot_id, turnover_id, foul_id, rebound_defensive_01, rebound_offensive_01, assist_01, blocks_01, time_out_01, x, y)VALUES(27523, 19, 418, 1646, 25007, NULL, NULL, NULL, 1, NULL, NULL, '', '', '', '', '', 94, 42);
INSERT INTO lba.sub_play (play_id, seconds_da_start, player_made_id, team_made_id, game_made_id, player_suffered_id, team_suffered_id, game_suffered_id, shot_id, turnover_id, foul_id, rebound_defensive_01, rebound_offensive_01, assist_01, blocks_01, time_out_01, x, y)VALUES(27523, 19, 4162, 1646, 25007, NULL, NULL, NULL, NULL, NULL, NULL, '', '', '1', '', '', 94, 42);

INSERT INTO play(id, game_id, seconds_start, seconds_end, quarter, attack_home_01, score_home, score_guest)VALUES(27524, 25007, 1796, 1849, 4, '0', 58, 66);
INSERT INTO player_team_game_play(player_id, team_id, game_id, play_id, seconds_start, seconds_end) VALUES(4162, 1646, 25007, 27524, 1796, 1849);
INSERT INTO player_team_game_play(player_id, team_id, game_id, play_id, seconds_start, seconds_end) VALUES(418, 1646, 25007, 27524, 1796, 1849);
INSERT INTO player_team_game_play(player_id, team_id, game_id, play_id, seconds_start, seconds_end) VALUES(7314, 1646, 25007, 27524, 1796, 1849);
INSERT INTO player_team_game_play(player_id, team_id, game_id, play_id, seconds_start, seconds_end) VALUES(45, 1646, 25007, 27524, 1796, 1849);
INSERT INTO player_team_game_play(player_id, team_id, game_id, play_id, seconds_start, seconds_end) VALUES(6223, 1646, 25007, 27524, 1796, 1849);
INSERT INTO player_team_game_play(player_id, team_id, game_id, play_id, seconds_start, seconds_end) VALUES(2103, 1649, 25007, 27524, 1796, 1849);
INSERT INTO player_team_game_play(player_id, team_id, game_id, play_id, seconds_start, seconds_end) VALUES(3176, 1649, 25007, 27524, 1796, 1849);
INSERT INTO player_team_game_play(player_id, team_id, game_id, play_id, seconds_start, seconds_end) VALUES(7405, 1649, 25007, 27524, 1796, 1849);
INSERT INTO player_team_game_play(player_id, team_id, game_id, play_id, seconds_start, seconds_end) VALUES(5150, 1649, 25007, 27524, 1796, 1849);
INSERT INTO player_team_game_play(player_id, team_id, game_id, play_id, seconds_start, seconds_end) VALUES(1775, 1649, 25007, 27524, 1796, 1849);
UPDATE player_team_game_play SET seconds_end = 1836 WHERE player_id = 2103 AND game_id = 25007 AND play_id = 27524;
INSERT INTO player_team_game_play(player_id, team_id, game_id, play_id, seconds_start, seconds_end) VALUES(7406, 1649, 25007, 27524, 1836, 1849);
INSERT INTO lba.sub_play (play_id, seconds_da_start, player_made_id, team_made_id, game_made_id, player_suffered_id, team_suffered_id, game_suffered_id, shot_id, turnover_id, foul_id, rebound_defensive_01, rebound_offensive_01, assist_01, blocks_01, time_out_01, x, y)VALUES(27524, 27, 2103, 1649, 25007, NULL, NULL, NULL, 4, NULL, NULL, '', '', '', '', '', 14, 3);
INSERT INTO lba.sub_play (play_id, seconds_da_start, player_made_id, team_made_id, game_made_id, player_suffered_id, team_suffered_id, game_suffered_id, shot_id, turnover_id, foul_id, rebound_defensive_01, rebound_offensive_01, assist_01, blocks_01, time_out_01, x, y)VALUES(27524, 27, 3176, 1649, 25007, NULL, NULL, NULL, NULL, NULL, NULL, '', '1', '', '', '', 14, 3);
INSERT INTO lba.sub_play (play_id, seconds_da_start, player_made_id, team_made_id, game_made_id, player_suffered_id, team_suffered_id, game_suffered_id, shot_id, turnover_id, foul_id, rebound_defensive_01, rebound_offensive_01, assist_01, blocks_01, time_out_01, x, y)VALUES(27524, 40, 45, 1646, 25007, 2103, 1649, 25007, NULL, NULL, 1, '', '', '', '', '', 17, 91);
INSERT INTO lba.sub_play (play_id, seconds_da_start, player_made_id, team_made_id, game_made_id, player_suffered_id, team_suffered_id, game_suffered_id, shot_id, turnover_id, foul_id, rebound_defensive_01, rebound_offensive_01, assist_01, blocks_01, time_out_01, x, y)VALUES(27524, 53, 7406, 1649, 25007, NULL, NULL, NULL, 4, NULL, NULL, '', '', '', '', '', 31, 28);
INSERT INTO lba.sub_play (play_id, seconds_da_start, player_made_id, team_made_id, game_made_id, player_suffered_id, team_suffered_id, game_suffered_id, shot_id, turnover_id, foul_id, rebound_defensive_01, rebound_offensive_01, assist_01, blocks_01, time_out_01, x, y)VALUES(27524, 53, 4162, 1646, 25007, NULL, NULL, NULL, NULL, NULL, NULL, '1', '', '', '', '', 31, 28);

INSERT INTO play(id, game_id, seconds_start, seconds_end, quarter, attack_home_01, score_home, score_guest)VALUES(27525, 25007, 1849, 1868, 4, '1', 58, 66);
INSERT INTO player_team_game_play(player_id, team_id, game_id, play_id, seconds_start, seconds_end) VALUES(4162, 1646, 25007, 27525, 1849, 1868);
INSERT INTO player_team_game_play(player_id, team_id, game_id, play_id, seconds_start, seconds_end) VALUES(418, 1646, 25007, 27525, 1849, 1868);
INSERT INTO player_team_game_play(player_id, team_id, game_id, play_id, seconds_start, seconds_end) VALUES(7314, 1646, 25007, 27525, 1849, 1868);
INSERT INTO player_team_game_play(player_id, team_id, game_id, play_id, seconds_start, seconds_end) VALUES(45, 1646, 25007, 27525, 1849, 1868);
INSERT INTO player_team_game_play(player_id, team_id, game_id, play_id, seconds_start, seconds_end) VALUES(6223, 1646, 25007, 27525, 1849, 1868);
INSERT INTO player_team_game_play(player_id, team_id, game_id, play_id, seconds_start, seconds_end) VALUES(5150, 1649, 25007, 27525, 1849, 1868);
INSERT INTO player_team_game_play(player_id, team_id, game_id, play_id, seconds_start, seconds_end) VALUES(3176, 1649, 25007, 27525, 1849, 1868);
INSERT INTO player_team_game_play(player_id, team_id, game_id, play_id, seconds_start, seconds_end) VALUES(7405, 1649, 25007, 27525, 1849, 1868);
INSERT INTO player_team_game_play(player_id, team_id, game_id, play_id, seconds_start, seconds_end) VALUES(7406, 1649, 25007, 27525, 1849, 1868);
INSERT INTO player_team_game_play(player_id, team_id, game_id, play_id, seconds_start, seconds_end) VALUES(1775, 1649, 25007, 27525, 1849, 1868);
INSERT INTO lba.sub_play (play_id, seconds_da_start, player_made_id, team_made_id, game_made_id, player_suffered_id, team_suffered_id, game_suffered_id, shot_id, turnover_id, foul_id, rebound_defensive_01, rebound_offensive_01, assist_01, blocks_01, time_out_01, x, y)VALUES(27525, 19, 418, 1646, 25007, NULL, NULL, NULL, 4, NULL, NULL, '', '', '', '', '', 69, 20);
INSERT INTO lba.sub_play (play_id, seconds_da_start, player_made_id, team_made_id, game_made_id, player_suffered_id, team_suffered_id, game_suffered_id, shot_id, turnover_id, foul_id, rebound_defensive_01, rebound_offensive_01, assist_01, blocks_01, time_out_01, x, y)VALUES(27525, 19, 7406, 1649, 25007, NULL, NULL, NULL, NULL, NULL, NULL, '1', '', '', '', '', 69, 20);

INSERT INTO play(id, game_id, seconds_start, seconds_end, quarter, attack_home_01, score_home, score_guest)VALUES(27526, 25007, 1868, 1897, 4, '0', 58, 66);
INSERT INTO player_team_game_play(player_id, team_id, game_id, play_id, seconds_start, seconds_end) VALUES(4162, 1646, 25007, 27526, 1868, 1897);
INSERT INTO player_team_game_play(player_id, team_id, game_id, play_id, seconds_start, seconds_end) VALUES(418, 1646, 25007, 27526, 1868, 1897);
INSERT INTO player_team_game_play(player_id, team_id, game_id, play_id, seconds_start, seconds_end) VALUES(7314, 1646, 25007, 27526, 1868, 1897);
INSERT INTO player_team_game_play(player_id, team_id, game_id, play_id, seconds_start, seconds_end) VALUES(45, 1646, 25007, 27526, 1868, 1897);
INSERT INTO player_team_game_play(player_id, team_id, game_id, play_id, seconds_start, seconds_end) VALUES(6223, 1646, 25007, 27526, 1868, 1897);
INSERT INTO player_team_game_play(player_id, team_id, game_id, play_id, seconds_start, seconds_end) VALUES(5150, 1649, 25007, 27526, 1868, 1897);
INSERT INTO player_team_game_play(player_id, team_id, game_id, play_id, seconds_start, seconds_end) VALUES(3176, 1649, 25007, 27526, 1868, 1897);
INSERT INTO player_team_game_play(player_id, team_id, game_id, play_id, seconds_start, seconds_end) VALUES(7405, 1649, 25007, 27526, 1868, 1897);
INSERT INTO player_team_game_play(player_id, team_id, game_id, play_id, seconds_start, seconds_end) VALUES(7406, 1649, 25007, 27526, 1868, 1897);
INSERT INTO player_team_game_play(player_id, team_id, game_id, play_id, seconds_start, seconds_end) VALUES(1775, 1649, 25007, 27526, 1868, 1897);
UPDATE player_team_game_play SET seconds_end = 1888 WHERE player_id = 418 AND game_id = 25007 AND play_id = 27526;
UPDATE player_team_game_play SET seconds_end = 1888 WHERE player_id = 45 AND game_id = 25007 AND play_id = 27526;
UPDATE player_team_game_play SET seconds_end = 1888 WHERE player_id = 7314 AND game_id = 25007 AND play_id = 27526;
INSERT INTO player_team_game_play(player_id, team_id, game_id, play_id, seconds_start, seconds_end) VALUES(6328, 1646, 25007, 27526, 1888, 1897);
INSERT INTO player_team_game_play(player_id, team_id, game_id, play_id, seconds_start, seconds_end) VALUES(1774, 1646, 25007, 27526, 1888, 1897);
INSERT INTO player_team_game_play(player_id, team_id, game_id, play_id, seconds_start, seconds_end) VALUES(7462, 1646, 25007, 27526, 1888, 1897);
UPDATE player_team_game_play SET seconds_end = 1888 WHERE player_id = 1775 AND game_id = 25007 AND play_id = 27526;
INSERT INTO player_team_game_play(player_id, team_id, game_id, play_id, seconds_start, seconds_end) VALUES(4692, 1649, 25007, 27526, 1888, 1897);
INSERT INTO lba.sub_play (play_id, seconds_da_start, player_made_id, team_made_id, game_made_id, player_suffered_id, team_suffered_id, game_suffered_id, shot_id, turnover_id, foul_id, rebound_defensive_01, rebound_offensive_01, assist_01, blocks_01, time_out_01, x, y)VALUES(27526, 20, 7406, 1649, 25007, NULL, NULL, NULL, 2, NULL, NULL, '', '', '', '', '', 8, 56);
INSERT INTO lba.sub_play (play_id, seconds_da_start, player_made_id, team_made_id, game_made_id, player_suffered_id, team_suffered_id, game_suffered_id, shot_id, turnover_id, foul_id, rebound_defensive_01, rebound_offensive_01, assist_01, blocks_01, time_out_01, x, y)VALUES(27526, 20, 1775, 1649, 25007, NULL, NULL, NULL, NULL, NULL, NULL, '', '1', '', '', '', 8, 56);
INSERT INTO lba.sub_play (play_id, seconds_da_start, player_made_id, team_made_id, game_made_id, player_suffered_id, team_suffered_id, game_suffered_id, shot_id, turnover_id, foul_id, rebound_defensive_01, rebound_offensive_01, assist_01, blocks_01, time_out_01, x, y)VALUES(27526, 20, 4162, 1646, 25007, 1775, 1649, 25007, NULL, NULL, 1, '', '', '', '', '', 10, 63);
INSERT INTO lba.sub_play (play_id, seconds_da_start, player_made_id, team_made_id, game_made_id, player_suffered_id, team_suffered_id, game_suffered_id, shot_id, turnover_id, foul_id, rebound_defensive_01, rebound_offensive_01, assist_01, blocks_01, time_out_01, x, y)VALUES(27526, 29, 7405, 1649, 25007, NULL, NULL, NULL, 2, NULL, NULL, '', '', '', '', '', 7, 50);
INSERT INTO lba.sub_play (play_id, seconds_da_start, player_made_id, team_made_id, game_made_id, player_suffered_id, team_suffered_id, game_suffered_id, shot_id, turnover_id, foul_id, rebound_defensive_01, rebound_offensive_01, assist_01, blocks_01, time_out_01, x, y)VALUES(27526, 29, 1774, 1646, 25007, 7405, 1649, 25007, NULL, NULL, NULL, '', '', '', '1', '', 7, 50);
INSERT INTO lba.sub_play (play_id, seconds_da_start, player_made_id, team_made_id, game_made_id, player_suffered_id, team_suffered_id, game_suffered_id, shot_id, turnover_id, foul_id, rebound_defensive_01, rebound_offensive_01, assist_01, blocks_01, time_out_01, x, y)VALUES(27526, 29, 7462, 1646, 25007, NULL, NULL, NULL, NULL, NULL, NULL, '1', '', '', '', '', 7, 50);

INSERT INTO play(id, game_id, seconds_start, seconds_end, quarter, attack_home_01, score_home, score_guest)VALUES(27527, 25007, 1897, 1904, 4, '1', 58, 66);
INSERT INTO player_team_game_play(player_id, team_id, game_id, play_id, seconds_start, seconds_end) VALUES(4162, 1646, 25007, 27527, 1897, 1904);
INSERT INTO player_team_game_play(player_id, team_id, game_id, play_id, seconds_start, seconds_end) VALUES(7462, 1646, 25007, 27527, 1897, 1904);
INSERT INTO player_team_game_play(player_id, team_id, game_id, play_id, seconds_start, seconds_end) VALUES(6328, 1646, 25007, 27527, 1897, 1904);
INSERT INTO player_team_game_play(player_id, team_id, game_id, play_id, seconds_start, seconds_end) VALUES(1774, 1646, 25007, 27527, 1897, 1904);
INSERT INTO player_team_game_play(player_id, team_id, game_id, play_id, seconds_start, seconds_end) VALUES(6223, 1646, 25007, 27527, 1897, 1904);
INSERT INTO player_team_game_play(player_id, team_id, game_id, play_id, seconds_start, seconds_end) VALUES(4692, 1649, 25007, 27527, 1897, 1904);
INSERT INTO player_team_game_play(player_id, team_id, game_id, play_id, seconds_start, seconds_end) VALUES(5150, 1649, 25007, 27527, 1897, 1904);
INSERT INTO player_team_game_play(player_id, team_id, game_id, play_id, seconds_start, seconds_end) VALUES(3176, 1649, 25007, 27527, 1897, 1904);
INSERT INTO player_team_game_play(player_id, team_id, game_id, play_id, seconds_start, seconds_end) VALUES(7405, 1649, 25007, 27527, 1897, 1904);
INSERT INTO player_team_game_play(player_id, team_id, game_id, play_id, seconds_start, seconds_end) VALUES(7406, 1649, 25007, 27527, 1897, 1904);
INSERT INTO lba.sub_play (play_id, seconds_da_start, player_made_id, team_made_id, game_made_id, player_suffered_id, team_suffered_id, game_suffered_id, shot_id, turnover_id, foul_id, rebound_defensive_01, rebound_offensive_01, assist_01, blocks_01, time_out_01, x, y)VALUES(27527, 7, 6223, 1646, 25007, 4692, 1649, 25007, NULL, 1, NULL, '', '', '', '', '', 83, 64);

INSERT INTO play(id, game_id, seconds_start, seconds_end, quarter, attack_home_01, score_home, score_guest)VALUES(27528, 25007, 1904, 1948, 4, '1', 60, 69);
INSERT INTO player_team_game_play(player_id, team_id, game_id, play_id, seconds_start, seconds_end) VALUES(4162, 1646, 25007, 27528, 1904, 1948);
INSERT INTO player_team_game_play(player_id, team_id, game_id, play_id, seconds_start, seconds_end) VALUES(7462, 1646, 25007, 27528, 1904, 1948);
INSERT INTO player_team_game_play(player_id, team_id, game_id, play_id, seconds_start, seconds_end) VALUES(6328, 1646, 25007, 27528, 1904, 1948);
INSERT INTO player_team_game_play(player_id, team_id, game_id, play_id, seconds_start, seconds_end) VALUES(1774, 1646, 25007, 27528, 1904, 1948);
INSERT INTO player_team_game_play(player_id, team_id, game_id, play_id, seconds_start, seconds_end) VALUES(6223, 1646, 25007, 27528, 1904, 1948);
INSERT INTO player_team_game_play(player_id, team_id, game_id, play_id, seconds_start, seconds_end) VALUES(4692, 1649, 25007, 27528, 1904, 1948);
INSERT INTO player_team_game_play(player_id, team_id, game_id, play_id, seconds_start, seconds_end) VALUES(5150, 1649, 25007, 27528, 1904, 1948);
INSERT INTO player_team_game_play(player_id, team_id, game_id, play_id, seconds_start, seconds_end) VALUES(3176, 1649, 25007, 27528, 1904, 1948);
INSERT INTO player_team_game_play(player_id, team_id, game_id, play_id, seconds_start, seconds_end) VALUES(7405, 1649, 25007, 27528, 1904, 1948);
INSERT INTO player_team_game_play(player_id, team_id, game_id, play_id, seconds_start, seconds_end) VALUES(7406, 1649, 25007, 27528, 1904, 1948);
UPDATE player_team_game_play SET seconds_end = 1939 WHERE player_id = 6223 AND game_id = 25007 AND play_id = 27528;
INSERT INTO player_team_game_play(player_id, team_id, game_id, play_id, seconds_start, seconds_end) VALUES(2608, 1646, 25007, 27528, 1939, 1948);
INSERT INTO lba.sub_play (play_id, seconds_da_start, player_made_id, team_made_id, game_made_id, player_suffered_id, team_suffered_id, game_suffered_id, shot_id, turnover_id, foul_id, rebound_defensive_01, rebound_offensive_01, assist_01, blocks_01, time_out_01, x, y)VALUES(27528, 18, 5150, 1649, 25007, NULL, NULL, NULL, 3, NULL, NULL, '', '', '', '', '', 32, 75);
INSERT INTO lba.sub_play (play_id, seconds_da_start, player_made_id, team_made_id, game_made_id, player_suffered_id, team_suffered_id, game_suffered_id, shot_id, turnover_id, foul_id, rebound_defensive_01, rebound_offensive_01, assist_01, blocks_01, time_out_01, x, y)VALUES(27528, 35, 4692, 1649, 25007, 6328, 1646, 25007, NULL, NULL, 1, '', '', '', '', '', 88, 81);
INSERT INTO lba.sub_play (play_id, seconds_da_start, player_made_id, team_made_id, game_made_id, player_suffered_id, team_suffered_id, game_suffered_id, shot_id, turnover_id, foul_id, rebound_defensive_01, rebound_offensive_01, assist_01, blocks_01, time_out_01, x, y)VALUES(27528, 44, 1774, 1646, 25007, NULL, NULL, NULL, 1, NULL, NULL, '', '', '', '', '', 94, 44);
INSERT INTO lba.sub_play (play_id, seconds_da_start, player_made_id, team_made_id, game_made_id, player_suffered_id, team_suffered_id, game_suffered_id, shot_id, turnover_id, foul_id, rebound_defensive_01, rebound_offensive_01, assist_01, blocks_01, time_out_01, x, y)VALUES(27528, 44, 7462, 1646, 25007, NULL, NULL, NULL, NULL, NULL, NULL, '', '', '1', '', '', 94, 44);

INSERT INTO play(id, game_id, seconds_start, seconds_end, quarter, attack_home_01, score_home, score_guest)VALUES(27529, 25007, 1948, 1967, 4, '0', 60, 70);
INSERT INTO player_team_game_play(player_id, team_id, game_id, play_id, seconds_start, seconds_end) VALUES(2608, 1646, 25007, 27529, 1948, 1967);
INSERT INTO player_team_game_play(player_id, team_id, game_id, play_id, seconds_start, seconds_end) VALUES(4162, 1646, 25007, 27529, 1948, 1967);
INSERT INTO player_team_game_play(player_id, team_id, game_id, play_id, seconds_start, seconds_end) VALUES(7462, 1646, 25007, 27529, 1948, 1967);
INSERT INTO player_team_game_play(player_id, team_id, game_id, play_id, seconds_start, seconds_end) VALUES(6328, 1646, 25007, 27529, 1948, 1967);
INSERT INTO player_team_game_play(player_id, team_id, game_id, play_id, seconds_start, seconds_end) VALUES(1774, 1646, 25007, 27529, 1948, 1967);
INSERT INTO player_team_game_play(player_id, team_id, game_id, play_id, seconds_start, seconds_end) VALUES(4692, 1649, 25007, 27529, 1948, 1967);
INSERT INTO player_team_game_play(player_id, team_id, game_id, play_id, seconds_start, seconds_end) VALUES(5150, 1649, 25007, 27529, 1948, 1967);
INSERT INTO player_team_game_play(player_id, team_id, game_id, play_id, seconds_start, seconds_end) VALUES(3176, 1649, 25007, 27529, 1948, 1967);
INSERT INTO player_team_game_play(player_id, team_id, game_id, play_id, seconds_start, seconds_end) VALUES(7405, 1649, 25007, 27529, 1948, 1967);
INSERT INTO player_team_game_play(player_id, team_id, game_id, play_id, seconds_start, seconds_end) VALUES(7406, 1649, 25007, 27529, 1948, 1967);
UPDATE player_team_game_play SET seconds_end = 1967 WHERE player_id = 3176 AND game_id = 25007 AND play_id = 27529;
INSERT INTO player_team_game_play(player_id, team_id, game_id, play_id, seconds_start, seconds_end) VALUES(1775, 1649, 25007, 27529, 1967, 1967);
INSERT INTO lba.sub_play (play_id, seconds_da_start, player_made_id, team_made_id, game_made_id, player_suffered_id, team_suffered_id, game_suffered_id, shot_id, turnover_id, foul_id, rebound_defensive_01, rebound_offensive_01, assist_01, blocks_01, time_out_01, x, y)VALUES(27529, 19, 6328, 1646, 25007, 7405, 1649, 25007, NULL, NULL, 4, '', '', '', '', '', 8, 41);
INSERT INTO lba.sub_play (play_id, seconds_da_start, player_made_id, team_made_id, game_made_id, player_suffered_id, team_suffered_id, game_suffered_id, shot_id, turnover_id, foul_id, rebound_defensive_01, rebound_offensive_01, assist_01, blocks_01, time_out_01, x, y)VALUES(27529, 19, 7405, 1649, 25007, NULL, NULL, NULL, 6, NULL, NULL, '', '', '', '', '', NULL, NULL);
INSERT INTO lba.sub_play (play_id, seconds_da_start, player_made_id, team_made_id, game_made_id, player_suffered_id, team_suffered_id, game_suffered_id, shot_id, turnover_id, foul_id, rebound_defensive_01, rebound_offensive_01, assist_01, blocks_01, time_out_01, x, y)VALUES(27529, 19, 7405, 1649, 25007, NULL, NULL, NULL, 5, NULL, NULL, '', '', '', '', '', NULL, NULL);

INSERT INTO play(id, game_id, seconds_start, seconds_end, quarter, attack_home_01, score_home, score_guest)VALUES(27530, 25007, 1967, 1988, 4, '1', 62, 70);
INSERT INTO player_team_game_play(player_id, team_id, game_id, play_id, seconds_start, seconds_end) VALUES(2608, 1646, 25007, 27530, 1967, 1988);
INSERT INTO player_team_game_play(player_id, team_id, game_id, play_id, seconds_start, seconds_end) VALUES(4162, 1646, 25007, 27530, 1967, 1988);
INSERT INTO player_team_game_play(player_id, team_id, game_id, play_id, seconds_start, seconds_end) VALUES(7462, 1646, 25007, 27530, 1967, 1988);
INSERT INTO player_team_game_play(player_id, team_id, game_id, play_id, seconds_start, seconds_end) VALUES(6328, 1646, 25007, 27530, 1967, 1988);
INSERT INTO player_team_game_play(player_id, team_id, game_id, play_id, seconds_start, seconds_end) VALUES(1774, 1646, 25007, 27530, 1967, 1988);
INSERT INTO player_team_game_play(player_id, team_id, game_id, play_id, seconds_start, seconds_end) VALUES(4692, 1649, 25007, 27530, 1967, 1988);
INSERT INTO player_team_game_play(player_id, team_id, game_id, play_id, seconds_start, seconds_end) VALUES(5150, 1649, 25007, 27530, 1967, 1988);
INSERT INTO player_team_game_play(player_id, team_id, game_id, play_id, seconds_start, seconds_end) VALUES(3176, 1649, 25007, 27530, 1967, 1988);
INSERT INTO player_team_game_play(player_id, team_id, game_id, play_id, seconds_start, seconds_end) VALUES(7405, 1649, 25007, 27530, 1967, 1988);
INSERT INTO player_team_game_play(player_id, team_id, game_id, play_id, seconds_start, seconds_end) VALUES(7406, 1649, 25007, 27530, 1967, 1988);
UPDATE player_team_game_play SET seconds_end = 1967 WHERE player_id = 3176 AND game_id = 25007 AND play_id = 27530;
INSERT INTO player_team_game_play(player_id, team_id, game_id, play_id, seconds_start, seconds_end) VALUES(1775, 1649, 25007, 27530, 1967, 1988);
INSERT INTO lba.sub_play (play_id, seconds_da_start, player_made_id, team_made_id, game_made_id, player_suffered_id, team_suffered_id, game_suffered_id, shot_id, turnover_id, foul_id, rebound_defensive_01, rebound_offensive_01, assist_01, blocks_01, time_out_01, x, y)VALUES(27530, 21, 4692, 1649, 25007, 4162, 1646, 25007, NULL, NULL, 4, '', '', '', '', '', 87, 53);
INSERT INTO lba.sub_play (play_id, seconds_da_start, player_made_id, team_made_id, game_made_id, player_suffered_id, team_suffered_id, game_suffered_id, shot_id, turnover_id, foul_id, rebound_defensive_01, rebound_offensive_01, assist_01, blocks_01, time_out_01, x, y)VALUES(27530, 21, 4162, 1646, 25007, NULL, NULL, NULL, 5, NULL, NULL, '', '', '', '', '', NULL, NULL);
INSERT INTO lba.sub_play (play_id, seconds_da_start, player_made_id, team_made_id, game_made_id, player_suffered_id, team_suffered_id, game_suffered_id, shot_id, turnover_id, foul_id, rebound_defensive_01, rebound_offensive_01, assist_01, blocks_01, time_out_01, x, y)VALUES(27530, 21, 4162, 1646, 25007, NULL, NULL, NULL, 5, NULL, NULL, '', '', '', '', '', NULL, NULL);

INSERT INTO play(id, game_id, seconds_start, seconds_end, quarter, attack_home_01, score_home, score_guest)VALUES(27531, 25007, 1988, 2007, 4, '0', 62, 72);
INSERT INTO player_team_game_play(player_id, team_id, game_id, play_id, seconds_start, seconds_end) VALUES(2608, 1646, 25007, 27531, 1988, 2007);
INSERT INTO player_team_game_play(player_id, team_id, game_id, play_id, seconds_start, seconds_end) VALUES(4162, 1646, 25007, 27531, 1988, 2007);
INSERT INTO player_team_game_play(player_id, team_id, game_id, play_id, seconds_start, seconds_end) VALUES(7462, 1646, 25007, 27531, 1988, 2007);
INSERT INTO player_team_game_play(player_id, team_id, game_id, play_id, seconds_start, seconds_end) VALUES(6328, 1646, 25007, 27531, 1988, 2007);
INSERT INTO player_team_game_play(player_id, team_id, game_id, play_id, seconds_start, seconds_end) VALUES(1774, 1646, 25007, 27531, 1988, 2007);
INSERT INTO player_team_game_play(player_id, team_id, game_id, play_id, seconds_start, seconds_end) VALUES(4692, 1649, 25007, 27531, 1988, 2007);
INSERT INTO player_team_game_play(player_id, team_id, game_id, play_id, seconds_start, seconds_end) VALUES(5150, 1649, 25007, 27531, 1988, 2007);
INSERT INTO player_team_game_play(player_id, team_id, game_id, play_id, seconds_start, seconds_end) VALUES(7405, 1649, 25007, 27531, 1988, 2007);
INSERT INTO player_team_game_play(player_id, team_id, game_id, play_id, seconds_start, seconds_end) VALUES(7406, 1649, 25007, 27531, 1988, 2007);
INSERT INTO player_team_game_play(player_id, team_id, game_id, play_id, seconds_start, seconds_end) VALUES(1775, 1649, 25007, 27531, 1988, 2007);
INSERT INTO lba.sub_play (play_id, seconds_da_start, player_made_id, team_made_id, game_made_id, player_suffered_id, team_suffered_id, game_suffered_id, shot_id, turnover_id, foul_id, rebound_defensive_01, rebound_offensive_01, assist_01, blocks_01, time_out_01, x, y)VALUES(27531, 19, 7405, 1649, 25007, NULL, NULL, NULL, 1, NULL, NULL, '', '', '', '', '', 8, 39);

INSERT INTO play(id, game_id, seconds_start, seconds_end, quarter, attack_home_01, score_home, score_guest)VALUES(27532, 25007, 2007, 2033, 4, '1', 62, 72);
INSERT INTO player_team_game_play(player_id, team_id, game_id, play_id, seconds_start, seconds_end) VALUES(2608, 1646, 25007, 27532, 2007, 2033);
INSERT INTO player_team_game_play(player_id, team_id, game_id, play_id, seconds_start, seconds_end) VALUES(4162, 1646, 25007, 27532, 2007, 2033);
INSERT INTO player_team_game_play(player_id, team_id, game_id, play_id, seconds_start, seconds_end) VALUES(7462, 1646, 25007, 27532, 2007, 2033);
INSERT INTO player_team_game_play(player_id, team_id, game_id, play_id, seconds_start, seconds_end) VALUES(6328, 1646, 25007, 27532, 2007, 2033);
INSERT INTO player_team_game_play(player_id, team_id, game_id, play_id, seconds_start, seconds_end) VALUES(1774, 1646, 25007, 27532, 2007, 2033);
INSERT INTO player_team_game_play(player_id, team_id, game_id, play_id, seconds_start, seconds_end) VALUES(4692, 1649, 25007, 27532, 2007, 2033);
INSERT INTO player_team_game_play(player_id, team_id, game_id, play_id, seconds_start, seconds_end) VALUES(5150, 1649, 25007, 27532, 2007, 2033);
INSERT INTO player_team_game_play(player_id, team_id, game_id, play_id, seconds_start, seconds_end) VALUES(7405, 1649, 25007, 27532, 2007, 2033);
INSERT INTO player_team_game_play(player_id, team_id, game_id, play_id, seconds_start, seconds_end) VALUES(7406, 1649, 25007, 27532, 2007, 2033);
INSERT INTO player_team_game_play(player_id, team_id, game_id, play_id, seconds_start, seconds_end) VALUES(1775, 1649, 25007, 27532, 2007, 2033);
INSERT INTO lba.sub_play (play_id, seconds_da_start, player_made_id, team_made_id, game_made_id, player_suffered_id, team_suffered_id, game_suffered_id, shot_id, turnover_id, foul_id, rebound_defensive_01, rebound_offensive_01, assist_01, blocks_01, time_out_01, x, y)VALUES(27532, 26, 2608, 1646, 25007, NULL, NULL, NULL, 4, NULL, NULL, '', '', '', '', '', 67, 35);
INSERT INTO lba.sub_play (play_id, seconds_da_start, player_made_id, team_made_id, game_made_id, player_suffered_id, team_suffered_id, game_suffered_id, shot_id, turnover_id, foul_id, rebound_defensive_01, rebound_offensive_01, assist_01, blocks_01, time_out_01, x, y)VALUES(27532, 26, 1775, 1649, 25007, NULL, NULL, NULL, NULL, NULL, NULL, '1', '', '', '', '', 67, 35);

INSERT INTO play(id, game_id, seconds_start, seconds_end, quarter, attack_home_01, score_home, score_guest)VALUES(27533, 25007, 2033, 2066, 4, '0', 62, 74);
INSERT INTO player_team_game_play(player_id, team_id, game_id, play_id, seconds_start, seconds_end) VALUES(2608, 1646, 25007, 27533, 2033, 2066);
INSERT INTO player_team_game_play(player_id, team_id, game_id, play_id, seconds_start, seconds_end) VALUES(4162, 1646, 25007, 27533, 2033, 2066);
INSERT INTO player_team_game_play(player_id, team_id, game_id, play_id, seconds_start, seconds_end) VALUES(7462, 1646, 25007, 27533, 2033, 2066);
INSERT INTO player_team_game_play(player_id, team_id, game_id, play_id, seconds_start, seconds_end) VALUES(6328, 1646, 25007, 27533, 2033, 2066);
INSERT INTO player_team_game_play(player_id, team_id, game_id, play_id, seconds_start, seconds_end) VALUES(1774, 1646, 25007, 27533, 2033, 2066);
INSERT INTO player_team_game_play(player_id, team_id, game_id, play_id, seconds_start, seconds_end) VALUES(4692, 1649, 25007, 27533, 2033, 2066);
INSERT INTO player_team_game_play(player_id, team_id, game_id, play_id, seconds_start, seconds_end) VALUES(5150, 1649, 25007, 27533, 2033, 2066);
INSERT INTO player_team_game_play(player_id, team_id, game_id, play_id, seconds_start, seconds_end) VALUES(7405, 1649, 25007, 27533, 2033, 2066);
INSERT INTO player_team_game_play(player_id, team_id, game_id, play_id, seconds_start, seconds_end) VALUES(7406, 1649, 25007, 27533, 2033, 2066);
INSERT INTO player_team_game_play(player_id, team_id, game_id, play_id, seconds_start, seconds_end) VALUES(1775, 1649, 25007, 27533, 2033, 2066);
UPDATE player_team_game_play SET seconds_end = 2066 WHERE player_id = 2608 AND game_id = 25007 AND play_id = 27533;
INSERT INTO player_team_game_play(player_id, team_id, game_id, play_id, seconds_start, seconds_end) VALUES(6223, 1646, 25007, 27533, 2066, 2066);
INSERT INTO lba.sub_play (play_id, seconds_da_start, player_made_id, team_made_id, game_made_id, player_suffered_id, team_suffered_id, game_suffered_id, shot_id, turnover_id, foul_id, rebound_defensive_01, rebound_offensive_01, assist_01, blocks_01, time_out_01, x, y)VALUES(27533, 25, 5150, 1649, 25007, NULL, NULL, NULL, 4, NULL, NULL, '', '', '', '', '', 25, 13);
INSERT INTO lba.sub_play (play_id, seconds_da_start, player_made_id, team_made_id, game_made_id, player_suffered_id, team_suffered_id, game_suffered_id, shot_id, turnover_id, foul_id, rebound_defensive_01, rebound_offensive_01, assist_01, blocks_01, time_out_01, x, y)VALUES(27533, 25, 4692, 1649, 25007, NULL, NULL, NULL, NULL, NULL, NULL, '', '1', '', '', '', 25, 13);
INSERT INTO lba.sub_play (play_id, seconds_da_start, player_made_id, team_made_id, game_made_id, player_suffered_id, team_suffered_id, game_suffered_id, shot_id, turnover_id, foul_id, rebound_defensive_01, rebound_offensive_01, assist_01, blocks_01, time_out_01, x, y)VALUES(27533, 33, 1775, 1649, 25007, NULL, NULL, NULL, 1, NULL, NULL, '', '', '', '', '', 9, 46);
INSERT INTO lba.sub_play (play_id, seconds_da_start, player_made_id, team_made_id, game_made_id, player_suffered_id, team_suffered_id, game_suffered_id, shot_id, turnover_id, foul_id, rebound_defensive_01, rebound_offensive_01, assist_01, blocks_01, time_out_01, x, y)VALUES(27533, 33, 7406, 1649, 25007, NULL, NULL, NULL, NULL, NULL, NULL, '', '', '1', '', '', 9, 46);

INSERT INTO play(id, game_id, seconds_start, seconds_end, quarter, attack_home_01, score_home, score_guest)VALUES(27534, 25007, 2066, 2091, 4, '1', 62, 74);
INSERT INTO player_team_game_play(player_id, team_id, game_id, play_id, seconds_start, seconds_end) VALUES(2608, 1646, 25007, 27534, 2066, 2091);
INSERT INTO player_team_game_play(player_id, team_id, game_id, play_id, seconds_start, seconds_end) VALUES(4162, 1646, 25007, 27534, 2066, 2091);
INSERT INTO player_team_game_play(player_id, team_id, game_id, play_id, seconds_start, seconds_end) VALUES(7462, 1646, 25007, 27534, 2066, 2091);
INSERT INTO player_team_game_play(player_id, team_id, game_id, play_id, seconds_start, seconds_end) VALUES(6328, 1646, 25007, 27534, 2066, 2091);
INSERT INTO player_team_game_play(player_id, team_id, game_id, play_id, seconds_start, seconds_end) VALUES(1774, 1646, 25007, 27534, 2066, 2091);
INSERT INTO player_team_game_play(player_id, team_id, game_id, play_id, seconds_start, seconds_end) VALUES(4692, 1649, 25007, 27534, 2066, 2091);
INSERT INTO player_team_game_play(player_id, team_id, game_id, play_id, seconds_start, seconds_end) VALUES(5150, 1649, 25007, 27534, 2066, 2091);
INSERT INTO player_team_game_play(player_id, team_id, game_id, play_id, seconds_start, seconds_end) VALUES(7405, 1649, 25007, 27534, 2066, 2091);
INSERT INTO player_team_game_play(player_id, team_id, game_id, play_id, seconds_start, seconds_end) VALUES(7406, 1649, 25007, 27534, 2066, 2091);
INSERT INTO player_team_game_play(player_id, team_id, game_id, play_id, seconds_start, seconds_end) VALUES(1775, 1649, 25007, 27534, 2066, 2091);
UPDATE player_team_game_play SET seconds_end = 2066 WHERE player_id = 2608 AND game_id = 25007 AND play_id = 27534;
INSERT INTO player_team_game_play(player_id, team_id, game_id, play_id, seconds_start, seconds_end) VALUES(6223, 1646, 25007, 27534, 2066, 2091);
INSERT INTO lba.sub_play (play_id, seconds_da_start, player_made_id, team_made_id, game_made_id, player_suffered_id, team_suffered_id, game_suffered_id, shot_id, turnover_id, foul_id, rebound_defensive_01, rebound_offensive_01, assist_01, blocks_01, time_out_01, x, y)VALUES(27534, 24, 7462, 1646, 25007, NULL, NULL, NULL, 4, NULL, NULL, '', '', '', '', '', 67, 44);
INSERT INTO lba.sub_play (play_id, seconds_da_start, player_made_id, team_made_id, game_made_id, player_suffered_id, team_suffered_id, game_suffered_id, shot_id, turnover_id, foul_id, rebound_defensive_01, rebound_offensive_01, assist_01, blocks_01, time_out_01, x, y)VALUES(27534, 24, 4162, 1646, 25007, NULL, NULL, NULL, NULL, NULL, NULL, '', '1', '', '', '', 67, 44);
INSERT INTO lba.sub_play (play_id, seconds_da_start, player_made_id, team_made_id, game_made_id, player_suffered_id, team_suffered_id, game_suffered_id, shot_id, turnover_id, foul_id, rebound_defensive_01, rebound_offensive_01, assist_01, blocks_01, time_out_01, x, y)VALUES(27534, 25, 4162, 1646, 25007, NULL, NULL, NULL, 2, NULL, NULL, '', '', '', '', '', 97, 63);

INSERT INTO play(id, game_id, seconds_start, seconds_end, quarter, attack_home_01, score_home, score_guest)VALUES(27535, 25007, 2091, 2109, 4, '0', 62, 74);
INSERT INTO player_team_game_play(player_id, team_id, game_id, play_id, seconds_start, seconds_end) VALUES(4162, 1646, 25007, 27535, 2091, 2109);
INSERT INTO player_team_game_play(player_id, team_id, game_id, play_id, seconds_start, seconds_end) VALUES(7462, 1646, 25007, 27535, 2091, 2109);
INSERT INTO player_team_game_play(player_id, team_id, game_id, play_id, seconds_start, seconds_end) VALUES(6328, 1646, 25007, 27535, 2091, 2109);
INSERT INTO player_team_game_play(player_id, team_id, game_id, play_id, seconds_start, seconds_end) VALUES(1774, 1646, 25007, 27535, 2091, 2109);
INSERT INTO player_team_game_play(player_id, team_id, game_id, play_id, seconds_start, seconds_end) VALUES(6223, 1646, 25007, 27535, 2091, 2109);
INSERT INTO player_team_game_play(player_id, team_id, game_id, play_id, seconds_start, seconds_end) VALUES(4692, 1649, 25007, 27535, 2091, 2109);
INSERT INTO player_team_game_play(player_id, team_id, game_id, play_id, seconds_start, seconds_end) VALUES(5150, 1649, 25007, 27535, 2091, 2109);
INSERT INTO player_team_game_play(player_id, team_id, game_id, play_id, seconds_start, seconds_end) VALUES(7405, 1649, 25007, 27535, 2091, 2109);
INSERT INTO player_team_game_play(player_id, team_id, game_id, play_id, seconds_start, seconds_end) VALUES(7406, 1649, 25007, 27535, 2091, 2109);
INSERT INTO player_team_game_play(player_id, team_id, game_id, play_id, seconds_start, seconds_end) VALUES(1775, 1649, 25007, 27535, 2091, 2109);
INSERT INTO lba.sub_play (play_id, seconds_da_start, player_made_id, team_made_id, game_made_id, player_suffered_id, team_suffered_id, game_suffered_id, shot_id, turnover_id, foul_id, rebound_defensive_01, rebound_offensive_01, assist_01, blocks_01, time_out_01, x, y)VALUES(27535, 18, 7406, 1649, 25007, NULL, NULL, NULL, 4, NULL, NULL, '', '', '', '', '', 25, 89);
INSERT INTO lba.sub_play (play_id, seconds_da_start, player_made_id, team_made_id, game_made_id, player_suffered_id, team_suffered_id, game_suffered_id, shot_id, turnover_id, foul_id, rebound_defensive_01, rebound_offensive_01, assist_01, blocks_01, time_out_01, x, y)VALUES(27535, 18, 1774, 1646, 25007, NULL, NULL, NULL, NULL, NULL, NULL, '1', '', '', '', '', 25, 89);

INSERT INTO play(id, game_id, seconds_start, seconds_end, quarter, attack_home_01, score_home, score_guest)VALUES(27536, 25007, 2109, 2122, 4, '1', 62, 74);
INSERT INTO player_team_game_play(player_id, team_id, game_id, play_id, seconds_start, seconds_end) VALUES(4162, 1646, 25007, 27536, 2109, 2122);
INSERT INTO player_team_game_play(player_id, team_id, game_id, play_id, seconds_start, seconds_end) VALUES(7462, 1646, 25007, 27536, 2109, 2122);
INSERT INTO player_team_game_play(player_id, team_id, game_id, play_id, seconds_start, seconds_end) VALUES(6328, 1646, 25007, 27536, 2109, 2122);
INSERT INTO player_team_game_play(player_id, team_id, game_id, play_id, seconds_start, seconds_end) VALUES(1774, 1646, 25007, 27536, 2109, 2122);
INSERT INTO player_team_game_play(player_id, team_id, game_id, play_id, seconds_start, seconds_end) VALUES(6223, 1646, 25007, 27536, 2109, 2122);
INSERT INTO player_team_game_play(player_id, team_id, game_id, play_id, seconds_start, seconds_end) VALUES(4692, 1649, 25007, 27536, 2109, 2122);
INSERT INTO player_team_game_play(player_id, team_id, game_id, play_id, seconds_start, seconds_end) VALUES(5150, 1649, 25007, 27536, 2109, 2122);
INSERT INTO player_team_game_play(player_id, team_id, game_id, play_id, seconds_start, seconds_end) VALUES(7405, 1649, 25007, 27536, 2109, 2122);
INSERT INTO player_team_game_play(player_id, team_id, game_id, play_id, seconds_start, seconds_end) VALUES(7406, 1649, 25007, 27536, 2109, 2122);
INSERT INTO player_team_game_play(player_id, team_id, game_id, play_id, seconds_start, seconds_end) VALUES(1775, 1649, 25007, 27536, 2109, 2122);
INSERT INTO lba.sub_play (play_id, seconds_da_start, player_made_id, team_made_id, game_made_id, player_suffered_id, team_suffered_id, game_suffered_id, shot_id, turnover_id, foul_id, rebound_defensive_01, rebound_offensive_01, assist_01, blocks_01, time_out_01, x, y)VALUES(27536, 13, 6328, 1646, 25007, 1775, 1649, 25007, NULL, 2, NULL, '', '', '', '', '', 89, 60);

INSERT INTO play(id, game_id, seconds_start, seconds_end, quarter, attack_home_01, score_home, score_guest)VALUES(27537, 25007, 2122, 2142, 4, '0', 62, 76);
INSERT INTO player_team_game_play(player_id, team_id, game_id, play_id, seconds_start, seconds_end) VALUES(4162, 1646, 25007, 27537, 2122, 2142);
INSERT INTO player_team_game_play(player_id, team_id, game_id, play_id, seconds_start, seconds_end) VALUES(7462, 1646, 25007, 27537, 2122, 2142);
INSERT INTO player_team_game_play(player_id, team_id, game_id, play_id, seconds_start, seconds_end) VALUES(6328, 1646, 25007, 27537, 2122, 2142);
INSERT INTO player_team_game_play(player_id, team_id, game_id, play_id, seconds_start, seconds_end) VALUES(1774, 1646, 25007, 27537, 2122, 2142);
INSERT INTO player_team_game_play(player_id, team_id, game_id, play_id, seconds_start, seconds_end) VALUES(6223, 1646, 25007, 27537, 2122, 2142);
INSERT INTO player_team_game_play(player_id, team_id, game_id, play_id, seconds_start, seconds_end) VALUES(4692, 1649, 25007, 27537, 2122, 2142);
INSERT INTO player_team_game_play(player_id, team_id, game_id, play_id, seconds_start, seconds_end) VALUES(5150, 1649, 25007, 27537, 2122, 2142);
INSERT INTO player_team_game_play(player_id, team_id, game_id, play_id, seconds_start, seconds_end) VALUES(7405, 1649, 25007, 27537, 2122, 2142);
INSERT INTO player_team_game_play(player_id, team_id, game_id, play_id, seconds_start, seconds_end) VALUES(7406, 1649, 25007, 27537, 2122, 2142);
INSERT INTO player_team_game_play(player_id, team_id, game_id, play_id, seconds_start, seconds_end) VALUES(1775, 1649, 25007, 27537, 2122, 2142);
INSERT INTO lba.sub_play (play_id, seconds_da_start, player_made_id, team_made_id, game_made_id, player_suffered_id, team_suffered_id, game_suffered_id, shot_id, turnover_id, foul_id, rebound_defensive_01, rebound_offensive_01, assist_01, blocks_01, time_out_01, x, y)VALUES(27537, 20, 7406, 1649, 25007, NULL, NULL, NULL, 1, NULL, NULL, '', '', '', '', '', 12, 82);

INSERT INTO play(id, game_id, seconds_start, seconds_end, quarter, attack_home_01, score_home, score_guest)VALUES(27538, 25007, 2142, 2161, 4, '1', 64, 76);
INSERT INTO player_team_game_play(player_id, team_id, game_id, play_id, seconds_start, seconds_end) VALUES(4162, 1646, 25007, 27538, 2142, 2161);
INSERT INTO player_team_game_play(player_id, team_id, game_id, play_id, seconds_start, seconds_end) VALUES(7462, 1646, 25007, 27538, 2142, 2161);
INSERT INTO player_team_game_play(player_id, team_id, game_id, play_id, seconds_start, seconds_end) VALUES(6328, 1646, 25007, 27538, 2142, 2161);
INSERT INTO player_team_game_play(player_id, team_id, game_id, play_id, seconds_start, seconds_end) VALUES(1774, 1646, 25007, 27538, 2142, 2161);
INSERT INTO player_team_game_play(player_id, team_id, game_id, play_id, seconds_start, seconds_end) VALUES(6223, 1646, 25007, 27538, 2142, 2161);
INSERT INTO player_team_game_play(player_id, team_id, game_id, play_id, seconds_start, seconds_end) VALUES(4692, 1649, 25007, 27538, 2142, 2161);
INSERT INTO player_team_game_play(player_id, team_id, game_id, play_id, seconds_start, seconds_end) VALUES(5150, 1649, 25007, 27538, 2142, 2161);
INSERT INTO player_team_game_play(player_id, team_id, game_id, play_id, seconds_start, seconds_end) VALUES(7405, 1649, 25007, 27538, 2142, 2161);
INSERT INTO player_team_game_play(player_id, team_id, game_id, play_id, seconds_start, seconds_end) VALUES(7406, 1649, 25007, 27538, 2142, 2161);
INSERT INTO player_team_game_play(player_id, team_id, game_id, play_id, seconds_start, seconds_end) VALUES(1775, 1649, 25007, 27538, 2142, 2161);
INSERT INTO lba.sub_play (play_id, seconds_da_start, player_made_id, team_made_id, game_made_id, player_suffered_id, team_suffered_id, game_suffered_id, shot_id, turnover_id, foul_id, rebound_defensive_01, rebound_offensive_01, assist_01, blocks_01, time_out_01, x, y)VALUES(27538, 19, 6223, 1646, 25007, NULL, NULL, NULL, 1, NULL, NULL, '', '', '', '', '', 76, 37);

INSERT INTO play(id, game_id, seconds_start, seconds_end, quarter, attack_home_01, score_home, score_guest)VALUES(27539, 25007, 2161, 2182, 4, '0', 64, 78);
INSERT INTO player_team_game_play(player_id, team_id, game_id, play_id, seconds_start, seconds_end) VALUES(4162, 1646, 25007, 27539, 2161, 2182);
INSERT INTO player_team_game_play(player_id, team_id, game_id, play_id, seconds_start, seconds_end) VALUES(7462, 1646, 25007, 27539, 2161, 2182);
INSERT INTO player_team_game_play(player_id, team_id, game_id, play_id, seconds_start, seconds_end) VALUES(6328, 1646, 25007, 27539, 2161, 2182);
INSERT INTO player_team_game_play(player_id, team_id, game_id, play_id, seconds_start, seconds_end) VALUES(1774, 1646, 25007, 27539, 2161, 2182);
INSERT INTO player_team_game_play(player_id, team_id, game_id, play_id, seconds_start, seconds_end) VALUES(6223, 1646, 25007, 27539, 2161, 2182);
INSERT INTO player_team_game_play(player_id, team_id, game_id, play_id, seconds_start, seconds_end) VALUES(4692, 1649, 25007, 27539, 2161, 2182);
INSERT INTO player_team_game_play(player_id, team_id, game_id, play_id, seconds_start, seconds_end) VALUES(5150, 1649, 25007, 27539, 2161, 2182);
INSERT INTO player_team_game_play(player_id, team_id, game_id, play_id, seconds_start, seconds_end) VALUES(7405, 1649, 25007, 27539, 2161, 2182);
INSERT INTO player_team_game_play(player_id, team_id, game_id, play_id, seconds_start, seconds_end) VALUES(7406, 1649, 25007, 27539, 2161, 2182);
INSERT INTO player_team_game_play(player_id, team_id, game_id, play_id, seconds_start, seconds_end) VALUES(1775, 1649, 25007, 27539, 2161, 2182);
INSERT INTO lba.sub_play (play_id, seconds_da_start, player_made_id, team_made_id, game_made_id, player_suffered_id, team_suffered_id, game_suffered_id, shot_id, turnover_id, foul_id, rebound_defensive_01, rebound_offensive_01, assist_01, blocks_01, time_out_01, x, y)VALUES(27539, 21, 7406, 1649, 25007, NULL, NULL, NULL, 1, NULL, NULL, '', '', '', '', '', 12, 92);
INSERT INTO lba.sub_play (play_id, seconds_da_start, player_made_id, team_made_id, game_made_id, player_suffered_id, team_suffered_id, game_suffered_id, shot_id, turnover_id, foul_id, rebound_defensive_01, rebound_offensive_01, assist_01, blocks_01, time_out_01, x, y)VALUES(27539, 21, 5150, 1649, 25007, NULL, NULL, NULL, NULL, NULL, NULL, '', '', '1', '', '', 12, 92);

INSERT INTO play(id, game_id, seconds_start, seconds_end, quarter, attack_home_01, score_home, score_guest)VALUES(27540, 25007, 2182, 2199, 4, '1', 64, 78);
INSERT INTO player_team_game_play(player_id, team_id, game_id, play_id, seconds_start, seconds_end) VALUES(4162, 1646, 25007, 27540, 2182, 2199);
INSERT INTO player_team_game_play(player_id, team_id, game_id, play_id, seconds_start, seconds_end) VALUES(7462, 1646, 25007, 27540, 2182, 2199);
INSERT INTO player_team_game_play(player_id, team_id, game_id, play_id, seconds_start, seconds_end) VALUES(6328, 1646, 25007, 27540, 2182, 2199);
INSERT INTO player_team_game_play(player_id, team_id, game_id, play_id, seconds_start, seconds_end) VALUES(1774, 1646, 25007, 27540, 2182, 2199);
INSERT INTO player_team_game_play(player_id, team_id, game_id, play_id, seconds_start, seconds_end) VALUES(6223, 1646, 25007, 27540, 2182, 2199);
INSERT INTO player_team_game_play(player_id, team_id, game_id, play_id, seconds_start, seconds_end) VALUES(4692, 1649, 25007, 27540, 2182, 2199);
INSERT INTO player_team_game_play(player_id, team_id, game_id, play_id, seconds_start, seconds_end) VALUES(5150, 1649, 25007, 27540, 2182, 2199);
INSERT INTO player_team_game_play(player_id, team_id, game_id, play_id, seconds_start, seconds_end) VALUES(7405, 1649, 25007, 27540, 2182, 2199);
INSERT INTO player_team_game_play(player_id, team_id, game_id, play_id, seconds_start, seconds_end) VALUES(7406, 1649, 25007, 27540, 2182, 2199);
INSERT INTO player_team_game_play(player_id, team_id, game_id, play_id, seconds_start, seconds_end) VALUES(1775, 1649, 25007, 27540, 2182, 2199);
INSERT INTO lba.sub_play (play_id, seconds_da_start, player_made_id, team_made_id, game_made_id, player_suffered_id, team_suffered_id, game_suffered_id, shot_id, turnover_id, foul_id, rebound_defensive_01, rebound_offensive_01, assist_01, blocks_01, time_out_01, x, y)VALUES(27540, 17, 1774, 1646, 25007, NULL, NULL, NULL, 2, NULL, NULL, '', '', '', '', '', 76, 49);
INSERT INTO lba.sub_play (play_id, seconds_da_start, player_made_id, team_made_id, game_made_id, player_suffered_id, team_suffered_id, game_suffered_id, shot_id, turnover_id, foul_id, rebound_defensive_01, rebound_offensive_01, assist_01, blocks_01, time_out_01, x, y)VALUES(27540, 17, 4692, 1649, 25007, NULL, NULL, NULL, NULL, NULL, NULL, '1', '', '', '', '', 76, 49);

INSERT INTO play(id, game_id, seconds_start, seconds_end, quarter, attack_home_01, score_home, score_guest)VALUES(27541, 25007, 2199, 2226, 4, '0', 64, 80);
INSERT INTO player_team_game_play(player_id, team_id, game_id, play_id, seconds_start, seconds_end) VALUES(4162, 1646, 25007, 27541, 2199, 2226);
INSERT INTO player_team_game_play(player_id, team_id, game_id, play_id, seconds_start, seconds_end) VALUES(7462, 1646, 25007, 27541, 2199, 2226);
INSERT INTO player_team_game_play(player_id, team_id, game_id, play_id, seconds_start, seconds_end) VALUES(6328, 1646, 25007, 27541, 2199, 2226);
INSERT INTO player_team_game_play(player_id, team_id, game_id, play_id, seconds_start, seconds_end) VALUES(1774, 1646, 25007, 27541, 2199, 2226);
INSERT INTO player_team_game_play(player_id, team_id, game_id, play_id, seconds_start, seconds_end) VALUES(6223, 1646, 25007, 27541, 2199, 2226);
INSERT INTO player_team_game_play(player_id, team_id, game_id, play_id, seconds_start, seconds_end) VALUES(4692, 1649, 25007, 27541, 2199, 2226);
INSERT INTO player_team_game_play(player_id, team_id, game_id, play_id, seconds_start, seconds_end) VALUES(5150, 1649, 25007, 27541, 2199, 2226);
INSERT INTO player_team_game_play(player_id, team_id, game_id, play_id, seconds_start, seconds_end) VALUES(7405, 1649, 25007, 27541, 2199, 2226);
INSERT INTO player_team_game_play(player_id, team_id, game_id, play_id, seconds_start, seconds_end) VALUES(7406, 1649, 25007, 27541, 2199, 2226);
INSERT INTO player_team_game_play(player_id, team_id, game_id, play_id, seconds_start, seconds_end) VALUES(1775, 1649, 25007, 27541, 2199, 2226);
UPDATE player_team_game_play SET seconds_end = 2226 WHERE player_id = 6328 AND game_id = 25007 AND play_id = 27541;
UPDATE player_team_game_play SET seconds_end = 2226 WHERE player_id = 4162 AND game_id = 25007 AND play_id = 27541;
UPDATE player_team_game_play SET seconds_end = 2226 WHERE player_id = 7462 AND game_id = 25007 AND play_id = 27541;
INSERT INTO player_team_game_play(player_id, team_id, game_id, play_id, seconds_start, seconds_end) VALUES(2608, 1646, 25007, 27541, 2226, 2226);
INSERT INTO player_team_game_play(player_id, team_id, game_id, play_id, seconds_start, seconds_end) VALUES(5449, 1646, 25007, 27541, 2226, 2226);
INSERT INTO player_team_game_play(player_id, team_id, game_id, play_id, seconds_start, seconds_end) VALUES(45, 1646, 25007, 27541, 2226, 2226);
UPDATE player_team_game_play SET seconds_end = 2226 WHERE player_id = 7405 AND game_id = 25007 AND play_id = 27541;
UPDATE player_team_game_play SET seconds_end = 2226 WHERE player_id = 1775 AND game_id = 25007 AND play_id = 27541;
INSERT INTO player_team_game_play(player_id, team_id, game_id, play_id, seconds_start, seconds_end) VALUES(6138, 1649, 25007, 27541, 2226, 2226);
INSERT INTO player_team_game_play(player_id, team_id, game_id, play_id, seconds_start, seconds_end) VALUES(7015, 1649, 25007, 27541, 2226, 2226);
INSERT INTO lba.sub_play (play_id, seconds_da_start, player_made_id, team_made_id, game_made_id, player_suffered_id, team_suffered_id, game_suffered_id, shot_id, turnover_id, foul_id, rebound_defensive_01, rebound_offensive_01, assist_01, blocks_01, time_out_01, x, y)VALUES(27541, 23, 7405, 1649, 25007, NULL, NULL, NULL, 2, NULL, NULL, '', '', '', '', '', 22, 31);
INSERT INTO lba.sub_play (play_id, seconds_da_start, player_made_id, team_made_id, game_made_id, player_suffered_id, team_suffered_id, game_suffered_id, shot_id, turnover_id, foul_id, rebound_defensive_01, rebound_offensive_01, assist_01, blocks_01, time_out_01, x, y)VALUES(27541, 23, 7406, 1649, 25007, NULL, NULL, NULL, NULL, NULL, NULL, '', '1', '', '', '', 22, 31);
INSERT INTO lba.sub_play (play_id, seconds_da_start, player_made_id, team_made_id, game_made_id, player_suffered_id, team_suffered_id, game_suffered_id, shot_id, turnover_id, foul_id, rebound_defensive_01, rebound_offensive_01, assist_01, blocks_01, time_out_01, x, y)VALUES(27541, 27, 7406, 1649, 25007, NULL, NULL, NULL, 1, NULL, NULL, '', '', '', '', '', 9, 47);

INSERT INTO play(id, game_id, seconds_start, seconds_end, quarter, attack_home_01, score_home, score_guest)VALUES(27542, 25007, 2226, 2246, 4, '1', 64, 80);
INSERT INTO player_team_game_play(player_id, team_id, game_id, play_id, seconds_start, seconds_end) VALUES(4162, 1646, 25007, 27542, 2226, 2246);
INSERT INTO player_team_game_play(player_id, team_id, game_id, play_id, seconds_start, seconds_end) VALUES(7462, 1646, 25007, 27542, 2226, 2246);
INSERT INTO player_team_game_play(player_id, team_id, game_id, play_id, seconds_start, seconds_end) VALUES(6328, 1646, 25007, 27542, 2226, 2246);
INSERT INTO player_team_game_play(player_id, team_id, game_id, play_id, seconds_start, seconds_end) VALUES(1774, 1646, 25007, 27542, 2226, 2246);
INSERT INTO player_team_game_play(player_id, team_id, game_id, play_id, seconds_start, seconds_end) VALUES(6223, 1646, 25007, 27542, 2226, 2246);
INSERT INTO player_team_game_play(player_id, team_id, game_id, play_id, seconds_start, seconds_end) VALUES(4692, 1649, 25007, 27542, 2226, 2246);
INSERT INTO player_team_game_play(player_id, team_id, game_id, play_id, seconds_start, seconds_end) VALUES(5150, 1649, 25007, 27542, 2226, 2246);
INSERT INTO player_team_game_play(player_id, team_id, game_id, play_id, seconds_start, seconds_end) VALUES(7405, 1649, 25007, 27542, 2226, 2246);
INSERT INTO player_team_game_play(player_id, team_id, game_id, play_id, seconds_start, seconds_end) VALUES(7406, 1649, 25007, 27542, 2226, 2246);
INSERT INTO player_team_game_play(player_id, team_id, game_id, play_id, seconds_start, seconds_end) VALUES(1775, 1649, 25007, 27542, 2226, 2246);
UPDATE player_team_game_play SET seconds_end = 2226 WHERE player_id = 6328 AND game_id = 25007 AND play_id = 27542;
UPDATE player_team_game_play SET seconds_end = 2226 WHERE player_id = 4162 AND game_id = 25007 AND play_id = 27542;
UPDATE player_team_game_play SET seconds_end = 2226 WHERE player_id = 7462 AND game_id = 25007 AND play_id = 27542;
INSERT INTO player_team_game_play(player_id, team_id, game_id, play_id, seconds_start, seconds_end) VALUES(2608, 1646, 25007, 27542, 2226, 2246);
INSERT INTO player_team_game_play(player_id, team_id, game_id, play_id, seconds_start, seconds_end) VALUES(5449, 1646, 25007, 27542, 2226, 2246);
INSERT INTO player_team_game_play(player_id, team_id, game_id, play_id, seconds_start, seconds_end) VALUES(45, 1646, 25007, 27542, 2226, 2246);
UPDATE player_team_game_play SET seconds_end = 2226 WHERE player_id = 7405 AND game_id = 25007 AND play_id = 27542;
UPDATE player_team_game_play SET seconds_end = 2226 WHERE player_id = 1775 AND game_id = 25007 AND play_id = 27542;
INSERT INTO player_team_game_play(player_id, team_id, game_id, play_id, seconds_start, seconds_end) VALUES(6138, 1649, 25007, 27542, 2226, 2246);
INSERT INTO player_team_game_play(player_id, team_id, game_id, play_id, seconds_start, seconds_end) VALUES(7015, 1649, 25007, 27542, 2226, 2246);
INSERT INTO lba.sub_play (play_id, seconds_da_start, player_made_id, team_made_id, game_made_id, player_suffered_id, team_suffered_id, game_suffered_id, shot_id, turnover_id, foul_id, rebound_defensive_01, rebound_offensive_01, assist_01, blocks_01, time_out_01, x, y)VALUES(27542, 20, 2608, 1646, 25007, NULL, NULL, NULL, 2, NULL, NULL, '', '', '', '', '', 94, 41);

INSERT INTO play(id, game_id, seconds_start, seconds_end, quarter, attack_home_01, score_home, score_guest)VALUES(27543, 25007, 2246, 2262, 4, '0', 64, 83);
INSERT INTO player_team_game_play(player_id, team_id, game_id, play_id, seconds_start, seconds_end) VALUES(2608, 1646, 25007, 27543, 2246, 2262);
INSERT INTO player_team_game_play(player_id, team_id, game_id, play_id, seconds_start, seconds_end) VALUES(5449, 1646, 25007, 27543, 2246, 2262);
INSERT INTO player_team_game_play(player_id, team_id, game_id, play_id, seconds_start, seconds_end) VALUES(45, 1646, 25007, 27543, 2246, 2262);
INSERT INTO player_team_game_play(player_id, team_id, game_id, play_id, seconds_start, seconds_end) VALUES(1774, 1646, 25007, 27543, 2246, 2262);
INSERT INTO player_team_game_play(player_id, team_id, game_id, play_id, seconds_start, seconds_end) VALUES(6223, 1646, 25007, 27543, 2246, 2262);
INSERT INTO player_team_game_play(player_id, team_id, game_id, play_id, seconds_start, seconds_end) VALUES(4692, 1649, 25007, 27543, 2246, 2262);
INSERT INTO player_team_game_play(player_id, team_id, game_id, play_id, seconds_start, seconds_end) VALUES(7015, 1649, 25007, 27543, 2246, 2262);
INSERT INTO player_team_game_play(player_id, team_id, game_id, play_id, seconds_start, seconds_end) VALUES(5150, 1649, 25007, 27543, 2246, 2262);
INSERT INTO player_team_game_play(player_id, team_id, game_id, play_id, seconds_start, seconds_end) VALUES(6138, 1649, 25007, 27543, 2246, 2262);
INSERT INTO player_team_game_play(player_id, team_id, game_id, play_id, seconds_start, seconds_end) VALUES(7406, 1649, 25007, 27543, 2246, 2262);
INSERT INTO lba.sub_play (play_id, seconds_da_start, player_made_id, team_made_id, game_made_id, player_suffered_id, team_suffered_id, game_suffered_id, shot_id, turnover_id, foul_id, rebound_defensive_01, rebound_offensive_01, assist_01, blocks_01, time_out_01, x, y)VALUES(27543, 16, 6138, 1649, 25007, NULL, NULL, NULL, 3, NULL, NULL, '', '', '', '', '', 32, 77);

INSERT INTO play(id, game_id, seconds_start, seconds_end, quarter, attack_home_01, score_home, score_guest)VALUES(27544, 25007, 2262, 2282, 4, '1', 64, 83);
INSERT INTO player_team_game_play(player_id, team_id, game_id, play_id, seconds_start, seconds_end) VALUES(2608, 1646, 25007, 27544, 2262, 2282);
INSERT INTO player_team_game_play(player_id, team_id, game_id, play_id, seconds_start, seconds_end) VALUES(5449, 1646, 25007, 27544, 2262, 2282);
INSERT INTO player_team_game_play(player_id, team_id, game_id, play_id, seconds_start, seconds_end) VALUES(45, 1646, 25007, 27544, 2262, 2282);
INSERT INTO player_team_game_play(player_id, team_id, game_id, play_id, seconds_start, seconds_end) VALUES(1774, 1646, 25007, 27544, 2262, 2282);
INSERT INTO player_team_game_play(player_id, team_id, game_id, play_id, seconds_start, seconds_end) VALUES(6223, 1646, 25007, 27544, 2262, 2282);
INSERT INTO player_team_game_play(player_id, team_id, game_id, play_id, seconds_start, seconds_end) VALUES(4692, 1649, 25007, 27544, 2262, 2282);
INSERT INTO player_team_game_play(player_id, team_id, game_id, play_id, seconds_start, seconds_end) VALUES(7015, 1649, 25007, 27544, 2262, 2282);
INSERT INTO player_team_game_play(player_id, team_id, game_id, play_id, seconds_start, seconds_end) VALUES(5150, 1649, 25007, 27544, 2262, 2282);
INSERT INTO player_team_game_play(player_id, team_id, game_id, play_id, seconds_start, seconds_end) VALUES(6138, 1649, 25007, 27544, 2262, 2282);
INSERT INTO player_team_game_play(player_id, team_id, game_id, play_id, seconds_start, seconds_end) VALUES(7406, 1649, 25007, 27544, 2262, 2282);
INSERT INTO lba.sub_play (play_id, seconds_da_start, player_made_id, team_made_id, game_made_id, player_suffered_id, team_suffered_id, game_suffered_id, shot_id, turnover_id, foul_id, rebound_defensive_01, rebound_offensive_01, assist_01, blocks_01, time_out_01, x, y)VALUES(27544, 20, 5449, 1646, 25007, NULL, NULL, NULL, 4, NULL, NULL, '', '', '', '', '', 68, 32);
INSERT INTO lba.sub_play (play_id, seconds_da_start, player_made_id, team_made_id, game_made_id, player_suffered_id, team_suffered_id, game_suffered_id, shot_id, turnover_id, foul_id, rebound_defensive_01, rebound_offensive_01, assist_01, blocks_01, time_out_01, x, y)VALUES(27544, 20, 7406, 1649, 25007, NULL, NULL, NULL, NULL, NULL, NULL, '1', '', '', '', '', 68, 32);

INSERT INTO play(id, game_id, seconds_start, seconds_end, quarter, attack_home_01, score_home, score_guest)VALUES(27545, 25007, 2282, 2299, 4, '0', 64, 83);
INSERT INTO player_team_game_play(player_id, team_id, game_id, play_id, seconds_start, seconds_end) VALUES(2608, 1646, 25007, 27545, 2282, 2299);
INSERT INTO player_team_game_play(player_id, team_id, game_id, play_id, seconds_start, seconds_end) VALUES(5449, 1646, 25007, 27545, 2282, 2299);
INSERT INTO player_team_game_play(player_id, team_id, game_id, play_id, seconds_start, seconds_end) VALUES(45, 1646, 25007, 27545, 2282, 2299);
INSERT INTO player_team_game_play(player_id, team_id, game_id, play_id, seconds_start, seconds_end) VALUES(1774, 1646, 25007, 27545, 2282, 2299);
INSERT INTO player_team_game_play(player_id, team_id, game_id, play_id, seconds_start, seconds_end) VALUES(6223, 1646, 25007, 27545, 2282, 2299);
INSERT INTO player_team_game_play(player_id, team_id, game_id, play_id, seconds_start, seconds_end) VALUES(4692, 1649, 25007, 27545, 2282, 2299);
INSERT INTO player_team_game_play(player_id, team_id, game_id, play_id, seconds_start, seconds_end) VALUES(7015, 1649, 25007, 27545, 2282, 2299);
INSERT INTO player_team_game_play(player_id, team_id, game_id, play_id, seconds_start, seconds_end) VALUES(5150, 1649, 25007, 27545, 2282, 2299);
INSERT INTO player_team_game_play(player_id, team_id, game_id, play_id, seconds_start, seconds_end) VALUES(6138, 1649, 25007, 27545, 2282, 2299);
INSERT INTO player_team_game_play(player_id, team_id, game_id, play_id, seconds_start, seconds_end) VALUES(7406, 1649, 25007, 27545, 2282, 2299);
INSERT INTO lba.sub_play (play_id, seconds_da_start, player_made_id, team_made_id, game_made_id, player_suffered_id, team_suffered_id, game_suffered_id, shot_id, turnover_id, foul_id, rebound_defensive_01, rebound_offensive_01, assist_01, blocks_01, time_out_01, x, y)VALUES(27545, 17, 7406, 1649, 25007, NULL, NULL, NULL, 4, NULL, NULL, '', '', '', '', '', 16, 96);
INSERT INTO lba.sub_play (play_id, seconds_da_start, player_made_id, team_made_id, game_made_id, player_suffered_id, team_suffered_id, game_suffered_id, shot_id, turnover_id, foul_id, rebound_defensive_01, rebound_offensive_01, assist_01, blocks_01, time_out_01, x, y)VALUES(27545, 17, 6223, 1646, 25007, NULL, NULL, NULL, NULL, NULL, NULL, '1', '', '', '', '', 16, 96);

INSERT INTO play(id, game_id, seconds_start, seconds_end, quarter, attack_home_01, score_home, score_guest)VALUES(27546, 25007, 2299, 2308, 4, '1', 64, 83);
INSERT INTO player_team_game_play(player_id, team_id, game_id, play_id, seconds_start, seconds_end) VALUES(2608, 1646, 25007, 27546, 2299, 2308);
INSERT INTO player_team_game_play(player_id, team_id, game_id, play_id, seconds_start, seconds_end) VALUES(5449, 1646, 25007, 27546, 2299, 2308);
INSERT INTO player_team_game_play(player_id, team_id, game_id, play_id, seconds_start, seconds_end) VALUES(45, 1646, 25007, 27546, 2299, 2308);
INSERT INTO player_team_game_play(player_id, team_id, game_id, play_id, seconds_start, seconds_end) VALUES(1774, 1646, 25007, 27546, 2299, 2308);
INSERT INTO player_team_game_play(player_id, team_id, game_id, play_id, seconds_start, seconds_end) VALUES(6223, 1646, 25007, 27546, 2299, 2308);
INSERT INTO player_team_game_play(player_id, team_id, game_id, play_id, seconds_start, seconds_end) VALUES(4692, 1649, 25007, 27546, 2299, 2308);
INSERT INTO player_team_game_play(player_id, team_id, game_id, play_id, seconds_start, seconds_end) VALUES(7015, 1649, 25007, 27546, 2299, 2308);
INSERT INTO player_team_game_play(player_id, team_id, game_id, play_id, seconds_start, seconds_end) VALUES(5150, 1649, 25007, 27546, 2299, 2308);
INSERT INTO player_team_game_play(player_id, team_id, game_id, play_id, seconds_start, seconds_end) VALUES(6138, 1649, 25007, 27546, 2299, 2308);
INSERT INTO player_team_game_play(player_id, team_id, game_id, play_id, seconds_start, seconds_end) VALUES(7406, 1649, 25007, 27546, 2299, 2308);
INSERT INTO lba.sub_play (play_id, seconds_da_start, player_made_id, team_made_id, game_made_id, player_suffered_id, team_suffered_id, game_suffered_id, shot_id, turnover_id, foul_id, rebound_defensive_01, rebound_offensive_01, assist_01, blocks_01, time_out_01, x, y)VALUES(27546, 9, 6223, 1646, 25007, 7406, 1649, 25007, NULL, 1, NULL, '', '', '', '', '', 92, 28);

INSERT INTO play(id, game_id, seconds_start, seconds_end, quarter, attack_home_01, score_home, score_guest)VALUES(27547, 25007, 2308, 2327, 4, '0', 64, 85);
INSERT INTO player_team_game_play(player_id, team_id, game_id, play_id, seconds_start, seconds_end) VALUES(2608, 1646, 25007, 27547, 2308, 2327);
INSERT INTO player_team_game_play(player_id, team_id, game_id, play_id, seconds_start, seconds_end) VALUES(5449, 1646, 25007, 27547, 2308, 2327);
INSERT INTO player_team_game_play(player_id, team_id, game_id, play_id, seconds_start, seconds_end) VALUES(45, 1646, 25007, 27547, 2308, 2327);
INSERT INTO player_team_game_play(player_id, team_id, game_id, play_id, seconds_start, seconds_end) VALUES(1774, 1646, 25007, 27547, 2308, 2327);
INSERT INTO player_team_game_play(player_id, team_id, game_id, play_id, seconds_start, seconds_end) VALUES(6223, 1646, 25007, 27547, 2308, 2327);
INSERT INTO player_team_game_play(player_id, team_id, game_id, play_id, seconds_start, seconds_end) VALUES(4692, 1649, 25007, 27547, 2308, 2327);
INSERT INTO player_team_game_play(player_id, team_id, game_id, play_id, seconds_start, seconds_end) VALUES(7015, 1649, 25007, 27547, 2308, 2327);
INSERT INTO player_team_game_play(player_id, team_id, game_id, play_id, seconds_start, seconds_end) VALUES(5150, 1649, 25007, 27547, 2308, 2327);
INSERT INTO player_team_game_play(player_id, team_id, game_id, play_id, seconds_start, seconds_end) VALUES(6138, 1649, 25007, 27547, 2308, 2327);
INSERT INTO player_team_game_play(player_id, team_id, game_id, play_id, seconds_start, seconds_end) VALUES(7406, 1649, 25007, 27547, 2308, 2327);
UPDATE player_team_game_play SET seconds_end = 2310 WHERE player_id = 5150 AND game_id = 25007 AND play_id = 27547;
INSERT INTO player_team_game_play(player_id, team_id, game_id, play_id, seconds_start, seconds_end) VALUES(7404, 1649, 25007, 27547, 2310, 2327);
INSERT INTO lba.sub_play (play_id, seconds_da_start, player_made_id, team_made_id, game_made_id, player_suffered_id, team_suffered_id, game_suffered_id, shot_id, turnover_id, foul_id, rebound_defensive_01, rebound_offensive_01, assist_01, blocks_01, time_out_01, x, y)VALUES(27547, 19, 4692, 1649, 25007, NULL, NULL, NULL, 1, NULL, NULL, '', '', '', '', '', 7, 46);
INSERT INTO lba.sub_play (play_id, seconds_da_start, player_made_id, team_made_id, game_made_id, player_suffered_id, team_suffered_id, game_suffered_id, shot_id, turnover_id, foul_id, rebound_defensive_01, rebound_offensive_01, assist_01, blocks_01, time_out_01, x, y)VALUES(27547, 19, 6138, 1649, 25007, NULL, NULL, NULL, NULL, NULL, NULL, '', '', '1', '', '', 7, 46);

INSERT INTO play(id, game_id, seconds_start, seconds_end, quarter, attack_home_01, score_home, score_guest)VALUES(27548, 25007, 2327, 2336, 4, '1', 64, 85);
INSERT INTO player_team_game_play(player_id, team_id, game_id, play_id, seconds_start, seconds_end) VALUES(2608, 1646, 25007, 27548, 2327, 2336);
INSERT INTO player_team_game_play(player_id, team_id, game_id, play_id, seconds_start, seconds_end) VALUES(5449, 1646, 25007, 27548, 2327, 2336);
INSERT INTO player_team_game_play(player_id, team_id, game_id, play_id, seconds_start, seconds_end) VALUES(45, 1646, 25007, 27548, 2327, 2336);
INSERT INTO player_team_game_play(player_id, team_id, game_id, play_id, seconds_start, seconds_end) VALUES(1774, 1646, 25007, 27548, 2327, 2336);
INSERT INTO player_team_game_play(player_id, team_id, game_id, play_id, seconds_start, seconds_end) VALUES(6223, 1646, 25007, 27548, 2327, 2336);
INSERT INTO player_team_game_play(player_id, team_id, game_id, play_id, seconds_start, seconds_end) VALUES(4692, 1649, 25007, 27548, 2327, 2336);
INSERT INTO player_team_game_play(player_id, team_id, game_id, play_id, seconds_start, seconds_end) VALUES(7015, 1649, 25007, 27548, 2327, 2336);
INSERT INTO player_team_game_play(player_id, team_id, game_id, play_id, seconds_start, seconds_end) VALUES(6138, 1649, 25007, 27548, 2327, 2336);
INSERT INTO player_team_game_play(player_id, team_id, game_id, play_id, seconds_start, seconds_end) VALUES(7404, 1649, 25007, 27548, 2327, 2336);
INSERT INTO player_team_game_play(player_id, team_id, game_id, play_id, seconds_start, seconds_end) VALUES(7406, 1649, 25007, 27548, 2327, 2336);
INSERT INTO lba.sub_play (play_id, seconds_da_start, player_made_id, team_made_id, game_made_id, player_suffered_id, team_suffered_id, game_suffered_id, shot_id, turnover_id, foul_id, rebound_defensive_01, rebound_offensive_01, assist_01, blocks_01, time_out_01, x, y)VALUES(27548, 9, 45, 1646, 25007, NULL, NULL, NULL, 4, NULL, NULL, '', '', '', '', '', 71, 78);

INSERT INTO play(id, game_id, seconds_start, seconds_end, quarter, attack_home_01, score_home, score_guest)VALUES(27549, 25007, 2336, 2349, 4, '0', 64, 85);
INSERT INTO player_team_game_play(player_id, team_id, game_id, play_id, seconds_start, seconds_end) VALUES(2608, 1646, 25007, 27549, 2336, 2349);
INSERT INTO player_team_game_play(player_id, team_id, game_id, play_id, seconds_start, seconds_end) VALUES(5449, 1646, 25007, 27549, 2336, 2349);
INSERT INTO player_team_game_play(player_id, team_id, game_id, play_id, seconds_start, seconds_end) VALUES(45, 1646, 25007, 27549, 2336, 2349);
INSERT INTO player_team_game_play(player_id, team_id, game_id, play_id, seconds_start, seconds_end) VALUES(1774, 1646, 25007, 27549, 2336, 2349);
INSERT INTO player_team_game_play(player_id, team_id, game_id, play_id, seconds_start, seconds_end) VALUES(6223, 1646, 25007, 27549, 2336, 2349);
INSERT INTO player_team_game_play(player_id, team_id, game_id, play_id, seconds_start, seconds_end) VALUES(4692, 1649, 25007, 27549, 2336, 2349);
INSERT INTO player_team_game_play(player_id, team_id, game_id, play_id, seconds_start, seconds_end) VALUES(7015, 1649, 25007, 27549, 2336, 2349);
INSERT INTO player_team_game_play(player_id, team_id, game_id, play_id, seconds_start, seconds_end) VALUES(6138, 1649, 25007, 27549, 2336, 2349);
INSERT INTO player_team_game_play(player_id, team_id, game_id, play_id, seconds_start, seconds_end) VALUES(7404, 1649, 25007, 27549, 2336, 2349);
INSERT INTO player_team_game_play(player_id, team_id, game_id, play_id, seconds_start, seconds_end) VALUES(7406, 1649, 25007, 27549, 2336, 2349);
UPDATE player_team_game_play SET seconds_end = 2342 WHERE player_id = 7406 AND game_id = 25007 AND play_id = 27549;
UPDATE player_team_game_play SET seconds_end = 2342 WHERE player_id = 7015 AND game_id = 25007 AND play_id = 27549;
INSERT INTO player_team_game_play(player_id, team_id, game_id, play_id, seconds_start, seconds_end) VALUES(1775, 1649, 25007, 27549, 2342, 2349);
INSERT INTO player_team_game_play(player_id, team_id, game_id, play_id, seconds_start, seconds_end) VALUES(2103, 1649, 25007, 27549, 2342, 2349);
INSERT INTO lba.sub_play (play_id, seconds_da_start, player_made_id, team_made_id, game_made_id, player_suffered_id, team_suffered_id, game_suffered_id, shot_id, turnover_id, foul_id, rebound_defensive_01, rebound_offensive_01, assist_01, blocks_01, time_out_01, x, y)VALUES(27549, 13, 7404, 1649, 25007, 45, 1646, 25007, NULL, 1, NULL, '', '', '', '', '', 46, 79);

INSERT INTO play(id, game_id, seconds_start, seconds_end, quarter, attack_home_01, score_home, score_guest)VALUES(27550, 25007, 2349, 2352, 4, '1', 66, 85);
INSERT INTO player_team_game_play(player_id, team_id, game_id, play_id, seconds_start, seconds_end) VALUES(2608, 1646, 25007, 27550, 2349, 2352);
INSERT INTO player_team_game_play(player_id, team_id, game_id, play_id, seconds_start, seconds_end) VALUES(5449, 1646, 25007, 27550, 2349, 2352);
INSERT INTO player_team_game_play(player_id, team_id, game_id, play_id, seconds_start, seconds_end) VALUES(45, 1646, 25007, 27550, 2349, 2352);
INSERT INTO player_team_game_play(player_id, team_id, game_id, play_id, seconds_start, seconds_end) VALUES(1774, 1646, 25007, 27550, 2349, 2352);
INSERT INTO player_team_game_play(player_id, team_id, game_id, play_id, seconds_start, seconds_end) VALUES(6223, 1646, 25007, 27550, 2349, 2352);
INSERT INTO player_team_game_play(player_id, team_id, game_id, play_id, seconds_start, seconds_end) VALUES(4692, 1649, 25007, 27550, 2349, 2352);
INSERT INTO player_team_game_play(player_id, team_id, game_id, play_id, seconds_start, seconds_end) VALUES(2103, 1649, 25007, 27550, 2349, 2352);
INSERT INTO player_team_game_play(player_id, team_id, game_id, play_id, seconds_start, seconds_end) VALUES(6138, 1649, 25007, 27550, 2349, 2352);
INSERT INTO player_team_game_play(player_id, team_id, game_id, play_id, seconds_start, seconds_end) VALUES(7404, 1649, 25007, 27550, 2349, 2352);
INSERT INTO player_team_game_play(player_id, team_id, game_id, play_id, seconds_start, seconds_end) VALUES(1775, 1649, 25007, 27550, 2349, 2352);
INSERT INTO lba.sub_play (play_id, seconds_da_start, player_made_id, team_made_id, game_made_id, player_suffered_id, team_suffered_id, game_suffered_id, shot_id, turnover_id, foul_id, rebound_defensive_01, rebound_offensive_01, assist_01, blocks_01, time_out_01, x, y)VALUES(27550, 3, 45, 1646, 25007, NULL, NULL, NULL, 1, NULL, NULL, '', '', '', '', '', 95, 50);

INSERT INTO play(id, game_id, seconds_start, seconds_end, quarter, attack_home_01, score_home, score_guest)VALUES(27551, 25007, 2352, 2368, 4, '0', 66, 85);
INSERT INTO player_team_game_play(player_id, team_id, game_id, play_id, seconds_start, seconds_end) VALUES(2608, 1646, 25007, 27551, 2352, 2368);
INSERT INTO player_team_game_play(player_id, team_id, game_id, play_id, seconds_start, seconds_end) VALUES(5449, 1646, 25007, 27551, 2352, 2368);
INSERT INTO player_team_game_play(player_id, team_id, game_id, play_id, seconds_start, seconds_end) VALUES(45, 1646, 25007, 27551, 2352, 2368);
INSERT INTO player_team_game_play(player_id, team_id, game_id, play_id, seconds_start, seconds_end) VALUES(1774, 1646, 25007, 27551, 2352, 2368);
INSERT INTO player_team_game_play(player_id, team_id, game_id, play_id, seconds_start, seconds_end) VALUES(6223, 1646, 25007, 27551, 2352, 2368);
INSERT INTO player_team_game_play(player_id, team_id, game_id, play_id, seconds_start, seconds_end) VALUES(4692, 1649, 25007, 27551, 2352, 2368);
INSERT INTO player_team_game_play(player_id, team_id, game_id, play_id, seconds_start, seconds_end) VALUES(2103, 1649, 25007, 27551, 2352, 2368);
INSERT INTO player_team_game_play(player_id, team_id, game_id, play_id, seconds_start, seconds_end) VALUES(6138, 1649, 25007, 27551, 2352, 2368);
INSERT INTO player_team_game_play(player_id, team_id, game_id, play_id, seconds_start, seconds_end) VALUES(7404, 1649, 25007, 27551, 2352, 2368);
INSERT INTO player_team_game_play(player_id, team_id, game_id, play_id, seconds_start, seconds_end) VALUES(1775, 1649, 25007, 27551, 2352, 2368);
INSERT INTO lba.sub_play (play_id, seconds_da_start, player_made_id, team_made_id, game_made_id, player_suffered_id, team_suffered_id, game_suffered_id, shot_id, turnover_id, foul_id, rebound_defensive_01, rebound_offensive_01, assist_01, blocks_01, time_out_01, x, y)VALUES(27551, 16, 2103, 1649, 25007, 6223, 1646, 25007, NULL, 1, NULL, '', '', '', '', '', 34, 21);

INSERT INTO play(id, game_id, seconds_start, seconds_end, quarter, attack_home_01, score_home, score_guest)VALUES(27552, 25007, 2368, 2400, 4, '1', 66, 85);
INSERT INTO player_team_game_play(player_id, team_id, game_id, play_id, seconds_start, seconds_end) VALUES(2608, 1646, 25007, 27552, 2368, 2400);
INSERT INTO player_team_game_play(player_id, team_id, game_id, play_id, seconds_start, seconds_end) VALUES(5449, 1646, 25007, 27552, 2368, 2400);
INSERT INTO player_team_game_play(player_id, team_id, game_id, play_id, seconds_start, seconds_end) VALUES(45, 1646, 25007, 27552, 2368, 2400);
INSERT INTO player_team_game_play(player_id, team_id, game_id, play_id, seconds_start, seconds_end) VALUES(1774, 1646, 25007, 27552, 2368, 2400);
INSERT INTO player_team_game_play(player_id, team_id, game_id, play_id, seconds_start, seconds_end) VALUES(6223, 1646, 25007, 27552, 2368, 2400);
INSERT INTO player_team_game_play(player_id, team_id, game_id, play_id, seconds_start, seconds_end) VALUES(4692, 1649, 25007, 27552, 2368, 2400);
INSERT INTO player_team_game_play(player_id, team_id, game_id, play_id, seconds_start, seconds_end) VALUES(2103, 1649, 25007, 27552, 2368, 2400);
INSERT INTO player_team_game_play(player_id, team_id, game_id, play_id, seconds_start, seconds_end) VALUES(6138, 1649, 25007, 27552, 2368, 2400);
INSERT INTO player_team_game_play(player_id, team_id, game_id, play_id, seconds_start, seconds_end) VALUES(7404, 1649, 25007, 27552, 2368, 2400);
INSERT INTO player_team_game_play(player_id, team_id, game_id, play_id, seconds_start, seconds_end) VALUES(1775, 1649, 25007, 27552, 2368, 2400);
INSERT INTO lba.sub_play (play_id, seconds_da_start, player_made_id, team_made_id, game_made_id, player_suffered_id, team_suffered_id, game_suffered_id, shot_id, turnover_id, foul_id, rebound_defensive_01, rebound_offensive_01, assist_01, blocks_01, time_out_01, x, y)VALUES(27552, 5, 6223, 1646, 25007, NULL, NULL, NULL, 2, NULL, NULL, '', '', '', '', '', 92, 43);
INSERT INTO lba.sub_play (play_id, seconds_da_start, player_made_id, team_made_id, game_made_id, player_suffered_id, team_suffered_id, game_suffered_id, shot_id, turnover_id, foul_id, rebound_defensive_01, rebound_offensive_01, assist_01, blocks_01, time_out_01, x, y)VALUES(27552, 5, 4692, 1649, 25007, NULL, NULL, NULL, NULL, NULL, NULL, '1', '', '', '', '', 92, 43);

INSERT INTO game (id, league_year_id, type_game_id, team_home_id, team_guest_id, team_home_points, team_guest_points, date_hours_utc, referee_1_id, referee_2_id, referee_3_id) VALUES (25009, 1, 1, 1649, 1646, 68, 78, 1749149100000, 1, 2, 3);
INSERT INTO lba.player_team_game(player_id, team_id, game_id) VALUES(45, 1646, 25009);
INSERT INTO lba.player_team_game(player_id, team_id, game_id) VALUES(418, 1646, 25009);
INSERT INTO lba.player_team_game(player_id, team_id, game_id) VALUES(1774, 1646, 25009);
INSERT INTO lba.player_team_game(player_id, team_id, game_id) VALUES(1775, 1649, 25009);
INSERT INTO lba.player_team_game(player_id, team_id, game_id) VALUES(2103, 1649, 25009);
INSERT INTO lba.player_team_game(player_id, team_id, game_id) VALUES(2608, 1646, 25009);
INSERT INTO lba.player_team_game(player_id, team_id, game_id) VALUES(3176, 1649, 25009);
INSERT INTO lba.player_team_game(player_id, team_id, game_id) VALUES(4162, 1646, 25009);
INSERT INTO lba.player_team_game(player_id, team_id, game_id) VALUES(4692, 1649, 25009);
INSERT INTO lba.player_team_game(player_id, team_id, game_id) VALUES(5150, 1649, 25009);
INSERT INTO lba.player_team_game(player_id, team_id, game_id) VALUES(5449, 1646, 25009);
INSERT INTO lba.player_team_game(player_id, team_id, game_id) VALUES(5568, 1649, 25009);
INSERT INTO lba.player_team_game(player_id, team_id, game_id) VALUES(6138, 1649, 25009);
INSERT INTO lba.player_team_game(player_id, team_id, game_id) VALUES(6223, 1646, 25009);
INSERT INTO lba.player_team_game(player_id, team_id, game_id) VALUES(6328, 1646, 25009);
INSERT INTO lba.player_team_game(player_id, team_id, game_id) VALUES(7015, 1649, 25009);
INSERT INTO lba.player_team_game(player_id, team_id, game_id) VALUES(7314, 1646, 25009);
INSERT INTO lba.player_team_game(player_id, team_id, game_id) VALUES(7404, 1649, 25009);
INSERT INTO lba.player_team_game(player_id, team_id, game_id) VALUES(7405, 1649, 25009);
INSERT INTO lba.player_team_game(player_id, team_id, game_id) VALUES(7406, 1649, 25009);
INSERT INTO lba.player_team_game(player_id, team_id, game_id) VALUES(7462, 1646, 25009);
INSERT INTO play(id, game_id, seconds_start, seconds_end, quarter, attack_home_01, score_home, score_guest)VALUES(27553, 25009, 0, 14, 1, '0', 0, 0);
INSERT INTO player_team_game_play(player_id, team_id, game_id, play_id, seconds_start, seconds_end) VALUES(7015, 1649, 25009, 27553, 0, 14);
INSERT INTO player_team_game_play(player_id, team_id, game_id, play_id, seconds_start, seconds_end) VALUES(3176, 1649, 25009, 27553, 0, 14);
INSERT INTO player_team_game_play(player_id, team_id, game_id, play_id, seconds_start, seconds_end) VALUES(7406, 1649, 25009, 27553, 0, 14);
INSERT INTO player_team_game_play(player_id, team_id, game_id, play_id, seconds_start, seconds_end) VALUES(6138, 1649, 25009, 27553, 0, 14);
INSERT INTO player_team_game_play(player_id, team_id, game_id, play_id, seconds_start, seconds_end) VALUES(5150, 1649, 25009, 27553, 0, 14);
INSERT INTO player_team_game_play(player_id, team_id, game_id, play_id, seconds_start, seconds_end) VALUES(5449, 1646, 25009, 27553, 0, 14);
INSERT INTO player_team_game_play(player_id, team_id, game_id, play_id, seconds_start, seconds_end) VALUES(45, 1646, 25009, 27553, 0, 14);
INSERT INTO player_team_game_play(player_id, team_id, game_id, play_id, seconds_start, seconds_end) VALUES(6223, 1646, 25009, 27553, 0, 14);
INSERT INTO player_team_game_play(player_id, team_id, game_id, play_id, seconds_start, seconds_end) VALUES(2608, 1646, 25009, 27553, 0, 14);
INSERT INTO player_team_game_play(player_id, team_id, game_id, play_id, seconds_start, seconds_end) VALUES(6328, 1646, 25009, 27553, 0, 14);
INSERT INTO lba.sub_play (play_id, seconds_da_start, player_made_id, team_made_id, game_made_id, player_suffered_id, team_suffered_id, game_suffered_id, shot_id, turnover_id, foul_id, rebound_defensive_01, rebound_offensive_01, assist_01, blocks_01, time_out_01, x, y)VALUES(27553, 14, 6328, 1646, 25009, NULL, NULL, NULL, 2, NULL, NULL, '', '', '', '', '', 9, 58);
INSERT INTO lba.sub_play (play_id, seconds_da_start, player_made_id, team_made_id, game_made_id, player_suffered_id, team_suffered_id, game_suffered_id, shot_id, turnover_id, foul_id, rebound_defensive_01, rebound_offensive_01, assist_01, blocks_01, time_out_01, x, y)VALUES(27553, 14, 7015, 1649, 25009, NULL, NULL, NULL, NULL, NULL, NULL, '1', '', '', '', '', 9, 58);

INSERT INTO play(id, game_id, seconds_start, seconds_end, quarter, attack_home_01, score_home, score_guest)VALUES(27554, 25009, 14, 36, 1, '1', 2, 0);
INSERT INTO player_team_game_play(player_id, team_id, game_id, play_id, seconds_start, seconds_end) VALUES(7015, 1649, 25009, 27554, 14, 36);
INSERT INTO player_team_game_play(player_id, team_id, game_id, play_id, seconds_start, seconds_end) VALUES(3176, 1649, 25009, 27554, 14, 36);
INSERT INTO player_team_game_play(player_id, team_id, game_id, play_id, seconds_start, seconds_end) VALUES(7406, 1649, 25009, 27554, 14, 36);
INSERT INTO player_team_game_play(player_id, team_id, game_id, play_id, seconds_start, seconds_end) VALUES(6138, 1649, 25009, 27554, 14, 36);
INSERT INTO player_team_game_play(player_id, team_id, game_id, play_id, seconds_start, seconds_end) VALUES(5150, 1649, 25009, 27554, 14, 36);
INSERT INTO player_team_game_play(player_id, team_id, game_id, play_id, seconds_start, seconds_end) VALUES(5449, 1646, 25009, 27554, 14, 36);
INSERT INTO player_team_game_play(player_id, team_id, game_id, play_id, seconds_start, seconds_end) VALUES(45, 1646, 25009, 27554, 14, 36);
INSERT INTO player_team_game_play(player_id, team_id, game_id, play_id, seconds_start, seconds_end) VALUES(6223, 1646, 25009, 27554, 14, 36);
INSERT INTO player_team_game_play(player_id, team_id, game_id, play_id, seconds_start, seconds_end) VALUES(2608, 1646, 25009, 27554, 14, 36);
INSERT INTO player_team_game_play(player_id, team_id, game_id, play_id, seconds_start, seconds_end) VALUES(6328, 1646, 25009, 27554, 14, 36);
INSERT INTO lba.sub_play (play_id, seconds_da_start, player_made_id, team_made_id, game_made_id, player_suffered_id, team_suffered_id, game_suffered_id, shot_id, turnover_id, foul_id, rebound_defensive_01, rebound_offensive_01, assist_01, blocks_01, time_out_01, x, y)VALUES(27554, 22, 7015, 1649, 25009, NULL, NULL, NULL, 1, NULL, NULL, '', '', '', '', '', 92, 57);
INSERT INTO lba.sub_play (play_id, seconds_da_start, player_made_id, team_made_id, game_made_id, player_suffered_id, team_suffered_id, game_suffered_id, shot_id, turnover_id, foul_id, rebound_defensive_01, rebound_offensive_01, assist_01, blocks_01, time_out_01, x, y)VALUES(27554, 22, 5150, 1649, 25009, NULL, NULL, NULL, NULL, NULL, NULL, '', '', '1', '', '', 92, 57);

INSERT INTO play(id, game_id, seconds_start, seconds_end, quarter, attack_home_01, score_home, score_guest)VALUES(27555, 25009, 36, 60, 1, '0', 2, 0);
INSERT INTO player_team_game_play(player_id, team_id, game_id, play_id, seconds_start, seconds_end) VALUES(7015, 1649, 25009, 27555, 36, 60);
INSERT INTO player_team_game_play(player_id, team_id, game_id, play_id, seconds_start, seconds_end) VALUES(3176, 1649, 25009, 27555, 36, 60);
INSERT INTO player_team_game_play(player_id, team_id, game_id, play_id, seconds_start, seconds_end) VALUES(7406, 1649, 25009, 27555, 36, 60);
INSERT INTO player_team_game_play(player_id, team_id, game_id, play_id, seconds_start, seconds_end) VALUES(6138, 1649, 25009, 27555, 36, 60);
INSERT INTO player_team_game_play(player_id, team_id, game_id, play_id, seconds_start, seconds_end) VALUES(5150, 1649, 25009, 27555, 36, 60);
INSERT INTO player_team_game_play(player_id, team_id, game_id, play_id, seconds_start, seconds_end) VALUES(5449, 1646, 25009, 27555, 36, 60);
INSERT INTO player_team_game_play(player_id, team_id, game_id, play_id, seconds_start, seconds_end) VALUES(45, 1646, 25009, 27555, 36, 60);
INSERT INTO player_team_game_play(player_id, team_id, game_id, play_id, seconds_start, seconds_end) VALUES(6223, 1646, 25009, 27555, 36, 60);
INSERT INTO player_team_game_play(player_id, team_id, game_id, play_id, seconds_start, seconds_end) VALUES(2608, 1646, 25009, 27555, 36, 60);
INSERT INTO player_team_game_play(player_id, team_id, game_id, play_id, seconds_start, seconds_end) VALUES(6328, 1646, 25009, 27555, 36, 60);
INSERT INTO lba.sub_play (play_id, seconds_da_start, player_made_id, team_made_id, game_made_id, player_suffered_id, team_suffered_id, game_suffered_id, shot_id, turnover_id, foul_id, rebound_defensive_01, rebound_offensive_01, assist_01, blocks_01, time_out_01, x, y)VALUES(27555, 24, 6223, 1646, 25009, NULL, NULL, NULL, 2, NULL, NULL, '', '', '', '', '', 7, 46);
INSERT INTO lba.sub_play (play_id, seconds_da_start, player_made_id, team_made_id, game_made_id, player_suffered_id, team_suffered_id, game_suffered_id, shot_id, turnover_id, foul_id, rebound_defensive_01, rebound_offensive_01, assist_01, blocks_01, time_out_01, x, y)VALUES(27555, 24, 5150, 1649, 25009, NULL, NULL, NULL, NULL, NULL, NULL, '1', '', '', '', '', 7, 46);

INSERT INTO play(id, game_id, seconds_start, seconds_end, quarter, attack_home_01, score_home, score_guest)VALUES(27556, 25009, 60, 76, 1, '1', 2, 0);
INSERT INTO player_team_game_play(player_id, team_id, game_id, play_id, seconds_start, seconds_end) VALUES(7015, 1649, 25009, 27556, 60, 76);
INSERT INTO player_team_game_play(player_id, team_id, game_id, play_id, seconds_start, seconds_end) VALUES(3176, 1649, 25009, 27556, 60, 76);
INSERT INTO player_team_game_play(player_id, team_id, game_id, play_id, seconds_start, seconds_end) VALUES(7406, 1649, 25009, 27556, 60, 76);
INSERT INTO player_team_game_play(player_id, team_id, game_id, play_id, seconds_start, seconds_end) VALUES(6138, 1649, 25009, 27556, 60, 76);
INSERT INTO player_team_game_play(player_id, team_id, game_id, play_id, seconds_start, seconds_end) VALUES(5150, 1649, 25009, 27556, 60, 76);
INSERT INTO player_team_game_play(player_id, team_id, game_id, play_id, seconds_start, seconds_end) VALUES(5449, 1646, 25009, 27556, 60, 76);
INSERT INTO player_team_game_play(player_id, team_id, game_id, play_id, seconds_start, seconds_end) VALUES(45, 1646, 25009, 27556, 60, 76);
INSERT INTO player_team_game_play(player_id, team_id, game_id, play_id, seconds_start, seconds_end) VALUES(6223, 1646, 25009, 27556, 60, 76);
INSERT INTO player_team_game_play(player_id, team_id, game_id, play_id, seconds_start, seconds_end) VALUES(2608, 1646, 25009, 27556, 60, 76);
INSERT INTO player_team_game_play(player_id, team_id, game_id, play_id, seconds_start, seconds_end) VALUES(6328, 1646, 25009, 27556, 60, 76);
INSERT INTO lba.sub_play (play_id, seconds_da_start, player_made_id, team_made_id, game_made_id, player_suffered_id, team_suffered_id, game_suffered_id, shot_id, turnover_id, foul_id, rebound_defensive_01, rebound_offensive_01, assist_01, blocks_01, time_out_01, x, y)VALUES(27556, 16, 7406, 1649, 25009, NULL, NULL, NULL, 2, NULL, NULL, '', '', '', '', '', 91, 45);
INSERT INTO lba.sub_play (play_id, seconds_da_start, player_made_id, team_made_id, game_made_id, player_suffered_id, team_suffered_id, game_suffered_id, shot_id, turnover_id, foul_id, rebound_defensive_01, rebound_offensive_01, assist_01, blocks_01, time_out_01, x, y)VALUES(27556, 16, 6328, 1646, 25009, NULL, NULL, NULL, NULL, NULL, NULL, '1', '', '', '', '', 91, 45);

INSERT INTO play(id, game_id, seconds_start, seconds_end, quarter, attack_home_01, score_home, score_guest)VALUES(27557, 25009, 76, 82, 1, '0', 2, 2);
INSERT INTO player_team_game_play(player_id, team_id, game_id, play_id, seconds_start, seconds_end) VALUES(7015, 1649, 25009, 27557, 76, 82);
INSERT INTO player_team_game_play(player_id, team_id, game_id, play_id, seconds_start, seconds_end) VALUES(3176, 1649, 25009, 27557, 76, 82);
INSERT INTO player_team_game_play(player_id, team_id, game_id, play_id, seconds_start, seconds_end) VALUES(7406, 1649, 25009, 27557, 76, 82);
INSERT INTO player_team_game_play(player_id, team_id, game_id, play_id, seconds_start, seconds_end) VALUES(6138, 1649, 25009, 27557, 76, 82);
INSERT INTO player_team_game_play(player_id, team_id, game_id, play_id, seconds_start, seconds_end) VALUES(5150, 1649, 25009, 27557, 76, 82);
INSERT INTO player_team_game_play(player_id, team_id, game_id, play_id, seconds_start, seconds_end) VALUES(5449, 1646, 25009, 27557, 76, 82);
INSERT INTO player_team_game_play(player_id, team_id, game_id, play_id, seconds_start, seconds_end) VALUES(45, 1646, 25009, 27557, 76, 82);
INSERT INTO player_team_game_play(player_id, team_id, game_id, play_id, seconds_start, seconds_end) VALUES(6223, 1646, 25009, 27557, 76, 82);
INSERT INTO player_team_game_play(player_id, team_id, game_id, play_id, seconds_start, seconds_end) VALUES(2608, 1646, 25009, 27557, 76, 82);
INSERT INTO player_team_game_play(player_id, team_id, game_id, play_id, seconds_start, seconds_end) VALUES(6328, 1646, 25009, 27557, 76, 82);
INSERT INTO lba.sub_play (play_id, seconds_da_start, player_made_id, team_made_id, game_made_id, player_suffered_id, team_suffered_id, game_suffered_id, shot_id, turnover_id, foul_id, rebound_defensive_01, rebound_offensive_01, assist_01, blocks_01, time_out_01, x, y)VALUES(27557, 6, 6223, 1646, 25009, NULL, NULL, NULL, 1, NULL, NULL, '', '', '', '', '', 8, 45);
INSERT INTO lba.sub_play (play_id, seconds_da_start, player_made_id, team_made_id, game_made_id, player_suffered_id, team_suffered_id, game_suffered_id, shot_id, turnover_id, foul_id, rebound_defensive_01, rebound_offensive_01, assist_01, blocks_01, time_out_01, x, y)VALUES(27557, 6, 45, 1646, 25009, NULL, NULL, NULL, NULL, NULL, NULL, '', '', '1', '', '', 8, 45);

INSERT INTO play(id, game_id, seconds_start, seconds_end, quarter, attack_home_01, score_home, score_guest)VALUES(27558, 25009, 82, 103, 1, '1', 5, 2);
INSERT INTO player_team_game_play(player_id, team_id, game_id, play_id, seconds_start, seconds_end) VALUES(7015, 1649, 25009, 27558, 82, 103);
INSERT INTO player_team_game_play(player_id, team_id, game_id, play_id, seconds_start, seconds_end) VALUES(3176, 1649, 25009, 27558, 82, 103);
INSERT INTO player_team_game_play(player_id, team_id, game_id, play_id, seconds_start, seconds_end) VALUES(7406, 1649, 25009, 27558, 82, 103);
INSERT INTO player_team_game_play(player_id, team_id, game_id, play_id, seconds_start, seconds_end) VALUES(6138, 1649, 25009, 27558, 82, 103);
INSERT INTO player_team_game_play(player_id, team_id, game_id, play_id, seconds_start, seconds_end) VALUES(5150, 1649, 25009, 27558, 82, 103);
INSERT INTO player_team_game_play(player_id, team_id, game_id, play_id, seconds_start, seconds_end) VALUES(5449, 1646, 25009, 27558, 82, 103);
INSERT INTO player_team_game_play(player_id, team_id, game_id, play_id, seconds_start, seconds_end) VALUES(45, 1646, 25009, 27558, 82, 103);
INSERT INTO player_team_game_play(player_id, team_id, game_id, play_id, seconds_start, seconds_end) VALUES(6223, 1646, 25009, 27558, 82, 103);
INSERT INTO player_team_game_play(player_id, team_id, game_id, play_id, seconds_start, seconds_end) VALUES(2608, 1646, 25009, 27558, 82, 103);
INSERT INTO player_team_game_play(player_id, team_id, game_id, play_id, seconds_start, seconds_end) VALUES(6328, 1646, 25009, 27558, 82, 103);
INSERT INTO lba.sub_play (play_id, seconds_da_start, player_made_id, team_made_id, game_made_id, player_suffered_id, team_suffered_id, game_suffered_id, shot_id, turnover_id, foul_id, rebound_defensive_01, rebound_offensive_01, assist_01, blocks_01, time_out_01, x, y)VALUES(27558, 21, 3176, 1649, 25009, NULL, NULL, NULL, 1, NULL, NULL, '', '', '', '', '', 95, 50);
INSERT INTO lba.sub_play (play_id, seconds_da_start, player_made_id, team_made_id, game_made_id, player_suffered_id, team_suffered_id, game_suffered_id, shot_id, turnover_id, foul_id, rebound_defensive_01, rebound_offensive_01, assist_01, blocks_01, time_out_01, x, y)VALUES(27558, 21, 6328, 1646, 25009, 3176, 1649, 25009, NULL, NULL, 4, '', '', '', '', '', 95, 50);
INSERT INTO lba.sub_play (play_id, seconds_da_start, player_made_id, team_made_id, game_made_id, player_suffered_id, team_suffered_id, game_suffered_id, shot_id, turnover_id, foul_id, rebound_defensive_01, rebound_offensive_01, assist_01, blocks_01, time_out_01, x, y)VALUES(27558, 21, 3176, 1649, 25009, NULL, NULL, NULL, 5, NULL, NULL, '', '', '', '', '', NULL, NULL);

INSERT INTO play(id, game_id, seconds_start, seconds_end, quarter, attack_home_01, score_home, score_guest)VALUES(27559, 25009, 103, 124, 1, '0', 5, 5);
INSERT INTO player_team_game_play(player_id, team_id, game_id, play_id, seconds_start, seconds_end) VALUES(7015, 1649, 25009, 27559, 103, 124);
INSERT INTO player_team_game_play(player_id, team_id, game_id, play_id, seconds_start, seconds_end) VALUES(3176, 1649, 25009, 27559, 103, 124);
INSERT INTO player_team_game_play(player_id, team_id, game_id, play_id, seconds_start, seconds_end) VALUES(7406, 1649, 25009, 27559, 103, 124);
INSERT INTO player_team_game_play(player_id, team_id, game_id, play_id, seconds_start, seconds_end) VALUES(6138, 1649, 25009, 27559, 103, 124);
INSERT INTO player_team_game_play(player_id, team_id, game_id, play_id, seconds_start, seconds_end) VALUES(5150, 1649, 25009, 27559, 103, 124);
INSERT INTO player_team_game_play(player_id, team_id, game_id, play_id, seconds_start, seconds_end) VALUES(5449, 1646, 25009, 27559, 103, 124);
INSERT INTO player_team_game_play(player_id, team_id, game_id, play_id, seconds_start, seconds_end) VALUES(45, 1646, 25009, 27559, 103, 124);
INSERT INTO player_team_game_play(player_id, team_id, game_id, play_id, seconds_start, seconds_end) VALUES(6223, 1646, 25009, 27559, 103, 124);
INSERT INTO player_team_game_play(player_id, team_id, game_id, play_id, seconds_start, seconds_end) VALUES(2608, 1646, 25009, 27559, 103, 124);
INSERT INTO player_team_game_play(player_id, team_id, game_id, play_id, seconds_start, seconds_end) VALUES(6328, 1646, 25009, 27559, 103, 124);
INSERT INTO lba.sub_play (play_id, seconds_da_start, player_made_id, team_made_id, game_made_id, player_suffered_id, team_suffered_id, game_suffered_id, shot_id, turnover_id, foul_id, rebound_defensive_01, rebound_offensive_01, assist_01, blocks_01, time_out_01, x, y)VALUES(27559, 21, 6223, 1646, 25009, NULL, NULL, NULL, 1, NULL, NULL, '', '', '', '', '', 8, 55);
INSERT INTO lba.sub_play (play_id, seconds_da_start, player_made_id, team_made_id, game_made_id, player_suffered_id, team_suffered_id, game_suffered_id, shot_id, turnover_id, foul_id, rebound_defensive_01, rebound_offensive_01, assist_01, blocks_01, time_out_01, x, y)VALUES(27559, 21, 3176, 1649, 25009, 6223, 1646, 25009, NULL, NULL, 4, '', '', '', '', '', 8, 55);
INSERT INTO lba.sub_play (play_id, seconds_da_start, player_made_id, team_made_id, game_made_id, player_suffered_id, team_suffered_id, game_suffered_id, shot_id, turnover_id, foul_id, rebound_defensive_01, rebound_offensive_01, assist_01, blocks_01, time_out_01, x, y)VALUES(27559, 21, 6223, 1646, 25009, NULL, NULL, NULL, 5, NULL, NULL, '', '', '', '', '', NULL, NULL);

INSERT INTO play(id, game_id, seconds_start, seconds_end, quarter, attack_home_01, score_home, score_guest)VALUES(27560, 25009, 124, 160, 1, '1', 5, 5);
INSERT INTO player_team_game_play(player_id, team_id, game_id, play_id, seconds_start, seconds_end) VALUES(7015, 1649, 25009, 27560, 124, 160);
INSERT INTO player_team_game_play(player_id, team_id, game_id, play_id, seconds_start, seconds_end) VALUES(3176, 1649, 25009, 27560, 124, 160);
INSERT INTO player_team_game_play(player_id, team_id, game_id, play_id, seconds_start, seconds_end) VALUES(7406, 1649, 25009, 27560, 124, 160);
INSERT INTO player_team_game_play(player_id, team_id, game_id, play_id, seconds_start, seconds_end) VALUES(6138, 1649, 25009, 27560, 124, 160);
INSERT INTO player_team_game_play(player_id, team_id, game_id, play_id, seconds_start, seconds_end) VALUES(5150, 1649, 25009, 27560, 124, 160);
INSERT INTO player_team_game_play(player_id, team_id, game_id, play_id, seconds_start, seconds_end) VALUES(5449, 1646, 25009, 27560, 124, 160);
INSERT INTO player_team_game_play(player_id, team_id, game_id, play_id, seconds_start, seconds_end) VALUES(45, 1646, 25009, 27560, 124, 160);
INSERT INTO player_team_game_play(player_id, team_id, game_id, play_id, seconds_start, seconds_end) VALUES(6223, 1646, 25009, 27560, 124, 160);
INSERT INTO player_team_game_play(player_id, team_id, game_id, play_id, seconds_start, seconds_end) VALUES(2608, 1646, 25009, 27560, 124, 160);
INSERT INTO player_team_game_play(player_id, team_id, game_id, play_id, seconds_start, seconds_end) VALUES(6328, 1646, 25009, 27560, 124, 160);
INSERT INTO lba.sub_play (play_id, seconds_da_start, player_made_id, team_made_id, game_made_id, player_suffered_id, team_suffered_id, game_suffered_id, shot_id, turnover_id, foul_id, rebound_defensive_01, rebound_offensive_01, assist_01, blocks_01, time_out_01, x, y)VALUES(27560, 26, 7015, 1649, 25009, NULL, NULL, NULL, 4, NULL, NULL, '', '', '', '', '', 92, 3);
INSERT INTO lba.sub_play (play_id, seconds_da_start, player_made_id, team_made_id, game_made_id, player_suffered_id, team_suffered_id, game_suffered_id, shot_id, turnover_id, foul_id, rebound_defensive_01, rebound_offensive_01, assist_01, blocks_01, time_out_01, x, y)VALUES(27560, 26, 7406, 1649, 25009, NULL, NULL, NULL, NULL, NULL, NULL, '', '1', '', '', '', 92, 3);
INSERT INTO lba.sub_play (play_id, seconds_da_start, player_made_id, team_made_id, game_made_id, player_suffered_id, team_suffered_id, game_suffered_id, shot_id, turnover_id, foul_id, rebound_defensive_01, rebound_offensive_01, assist_01, blocks_01, time_out_01, x, y)VALUES(27560, 36, 6138, 1649, 25009, NULL, NULL, NULL, 2, NULL, NULL, '', '', '', '', '', 79, 51);
INSERT INTO lba.sub_play (play_id, seconds_da_start, player_made_id, team_made_id, game_made_id, player_suffered_id, team_suffered_id, game_suffered_id, shot_id, turnover_id, foul_id, rebound_defensive_01, rebound_offensive_01, assist_01, blocks_01, time_out_01, x, y)VALUES(27560, 36, 6328, 1646, 25009, NULL, NULL, NULL, NULL, NULL, NULL, '1', '', '', '', '', 79, 51);

INSERT INTO play(id, game_id, seconds_start, seconds_end, quarter, attack_home_01, score_home, score_guest)VALUES(27561, 25009, 160, 181, 1, '0', 5, 7);
INSERT INTO player_team_game_play(player_id, team_id, game_id, play_id, seconds_start, seconds_end) VALUES(7015, 1649, 25009, 27561, 160, 181);
INSERT INTO player_team_game_play(player_id, team_id, game_id, play_id, seconds_start, seconds_end) VALUES(3176, 1649, 25009, 27561, 160, 181);
INSERT INTO player_team_game_play(player_id, team_id, game_id, play_id, seconds_start, seconds_end) VALUES(7406, 1649, 25009, 27561, 160, 181);
INSERT INTO player_team_game_play(player_id, team_id, game_id, play_id, seconds_start, seconds_end) VALUES(6138, 1649, 25009, 27561, 160, 181);
INSERT INTO player_team_game_play(player_id, team_id, game_id, play_id, seconds_start, seconds_end) VALUES(5150, 1649, 25009, 27561, 160, 181);
INSERT INTO player_team_game_play(player_id, team_id, game_id, play_id, seconds_start, seconds_end) VALUES(5449, 1646, 25009, 27561, 160, 181);
INSERT INTO player_team_game_play(player_id, team_id, game_id, play_id, seconds_start, seconds_end) VALUES(45, 1646, 25009, 27561, 160, 181);
INSERT INTO player_team_game_play(player_id, team_id, game_id, play_id, seconds_start, seconds_end) VALUES(6223, 1646, 25009, 27561, 160, 181);
INSERT INTO player_team_game_play(player_id, team_id, game_id, play_id, seconds_start, seconds_end) VALUES(2608, 1646, 25009, 27561, 160, 181);
INSERT INTO player_team_game_play(player_id, team_id, game_id, play_id, seconds_start, seconds_end) VALUES(6328, 1646, 25009, 27561, 160, 181);
INSERT INTO lba.sub_play (play_id, seconds_da_start, player_made_id, team_made_id, game_made_id, player_suffered_id, team_suffered_id, game_suffered_id, shot_id, turnover_id, foul_id, rebound_defensive_01, rebound_offensive_01, assist_01, blocks_01, time_out_01, x, y)VALUES(27561, 21, 6328, 1646, 25009, NULL, NULL, NULL, 2, NULL, NULL, '', '', '', '', '', 7, 56);
INSERT INTO lba.sub_play (play_id, seconds_da_start, player_made_id, team_made_id, game_made_id, player_suffered_id, team_suffered_id, game_suffered_id, shot_id, turnover_id, foul_id, rebound_defensive_01, rebound_offensive_01, assist_01, blocks_01, time_out_01, x, y)VALUES(27561, 21, 45, 1646, 25009, NULL, NULL, NULL, NULL, NULL, NULL, '', '1', '', '', '', 7, 56);
INSERT INTO lba.sub_play (play_id, seconds_da_start, player_made_id, team_made_id, game_made_id, player_suffered_id, team_suffered_id, game_suffered_id, shot_id, turnover_id, foul_id, rebound_defensive_01, rebound_offensive_01, assist_01, blocks_01, time_out_01, x, y)VALUES(27561, 21, 45, 1646, 25009, NULL, NULL, NULL, 1, NULL, NULL, '', '', '', '', '', 7, 56);

INSERT INTO play(id, game_id, seconds_start, seconds_end, quarter, attack_home_01, score_home, score_guest)VALUES(27562, 25009, 181, 197, 1, '1', 8, 7);
INSERT INTO player_team_game_play(player_id, team_id, game_id, play_id, seconds_start, seconds_end) VALUES(7015, 1649, 25009, 27562, 181, 197);
INSERT INTO player_team_game_play(player_id, team_id, game_id, play_id, seconds_start, seconds_end) VALUES(3176, 1649, 25009, 27562, 181, 197);
INSERT INTO player_team_game_play(player_id, team_id, game_id, play_id, seconds_start, seconds_end) VALUES(7406, 1649, 25009, 27562, 181, 197);
INSERT INTO player_team_game_play(player_id, team_id, game_id, play_id, seconds_start, seconds_end) VALUES(6138, 1649, 25009, 27562, 181, 197);
INSERT INTO player_team_game_play(player_id, team_id, game_id, play_id, seconds_start, seconds_end) VALUES(5150, 1649, 25009, 27562, 181, 197);
INSERT INTO player_team_game_play(player_id, team_id, game_id, play_id, seconds_start, seconds_end) VALUES(5449, 1646, 25009, 27562, 181, 197);
INSERT INTO player_team_game_play(player_id, team_id, game_id, play_id, seconds_start, seconds_end) VALUES(45, 1646, 25009, 27562, 181, 197);
INSERT INTO player_team_game_play(player_id, team_id, game_id, play_id, seconds_start, seconds_end) VALUES(6223, 1646, 25009, 27562, 181, 197);
INSERT INTO player_team_game_play(player_id, team_id, game_id, play_id, seconds_start, seconds_end) VALUES(2608, 1646, 25009, 27562, 181, 197);
INSERT INTO player_team_game_play(player_id, team_id, game_id, play_id, seconds_start, seconds_end) VALUES(6328, 1646, 25009, 27562, 181, 197);
INSERT INTO lba.sub_play (play_id, seconds_da_start, player_made_id, team_made_id, game_made_id, player_suffered_id, team_suffered_id, game_suffered_id, shot_id, turnover_id, foul_id, rebound_defensive_01, rebound_offensive_01, assist_01, blocks_01, time_out_01, x, y)VALUES(27562, 16, 5150, 1649, 25009, NULL, NULL, NULL, 3, NULL, NULL, '', '', '', '', '', 71, 21);
INSERT INTO lba.sub_play (play_id, seconds_da_start, player_made_id, team_made_id, game_made_id, player_suffered_id, team_suffered_id, game_suffered_id, shot_id, turnover_id, foul_id, rebound_defensive_01, rebound_offensive_01, assist_01, blocks_01, time_out_01, x, y)VALUES(27562, 16, 6138, 1649, 25009, NULL, NULL, NULL, NULL, NULL, NULL, '', '', '1', '', '', 71, 21);

INSERT INTO play(id, game_id, seconds_start, seconds_end, quarter, attack_home_01, score_home, score_guest)VALUES(27563, 25009, 197, 219, 1, '0', 8, 7);
INSERT INTO player_team_game_play(player_id, team_id, game_id, play_id, seconds_start, seconds_end) VALUES(7015, 1649, 25009, 27563, 197, 219);
INSERT INTO player_team_game_play(player_id, team_id, game_id, play_id, seconds_start, seconds_end) VALUES(3176, 1649, 25009, 27563, 197, 219);
INSERT INTO player_team_game_play(player_id, team_id, game_id, play_id, seconds_start, seconds_end) VALUES(7406, 1649, 25009, 27563, 197, 219);
INSERT INTO player_team_game_play(player_id, team_id, game_id, play_id, seconds_start, seconds_end) VALUES(6138, 1649, 25009, 27563, 197, 219);
INSERT INTO player_team_game_play(player_id, team_id, game_id, play_id, seconds_start, seconds_end) VALUES(5150, 1649, 25009, 27563, 197, 219);
INSERT INTO player_team_game_play(player_id, team_id, game_id, play_id, seconds_start, seconds_end) VALUES(5449, 1646, 25009, 27563, 197, 219);
INSERT INTO player_team_game_play(player_id, team_id, game_id, play_id, seconds_start, seconds_end) VALUES(45, 1646, 25009, 27563, 197, 219);
INSERT INTO player_team_game_play(player_id, team_id, game_id, play_id, seconds_start, seconds_end) VALUES(6223, 1646, 25009, 27563, 197, 219);
INSERT INTO player_team_game_play(player_id, team_id, game_id, play_id, seconds_start, seconds_end) VALUES(2608, 1646, 25009, 27563, 197, 219);
INSERT INTO player_team_game_play(player_id, team_id, game_id, play_id, seconds_start, seconds_end) VALUES(6328, 1646, 25009, 27563, 197, 219);
INSERT INTO lba.sub_play (play_id, seconds_da_start, player_made_id, team_made_id, game_made_id, player_suffered_id, team_suffered_id, game_suffered_id, shot_id, turnover_id, foul_id, rebound_defensive_01, rebound_offensive_01, assist_01, blocks_01, time_out_01, x, y)VALUES(27563, 22, 6328, 1646, 25009, NULL, NULL, NULL, 4, NULL, NULL, '', '', '', '', '', 33, 59);
INSERT INTO lba.sub_play (play_id, seconds_da_start, player_made_id, team_made_id, game_made_id, player_suffered_id, team_suffered_id, game_suffered_id, shot_id, turnover_id, foul_id, rebound_defensive_01, rebound_offensive_01, assist_01, blocks_01, time_out_01, x, y)VALUES(27563, 22, 3176, 1649, 25009, NULL, NULL, NULL, NULL, NULL, NULL, '1', '', '', '', '', 33, 59);

INSERT INTO play(id, game_id, seconds_start, seconds_end, quarter, attack_home_01, score_home, score_guest)VALUES(27564, 25009, 219, 233, 1, '1', 8, 7);
INSERT INTO player_team_game_play(player_id, team_id, game_id, play_id, seconds_start, seconds_end) VALUES(7015, 1649, 25009, 27564, 219, 233);
INSERT INTO player_team_game_play(player_id, team_id, game_id, play_id, seconds_start, seconds_end) VALUES(3176, 1649, 25009, 27564, 219, 233);
INSERT INTO player_team_game_play(player_id, team_id, game_id, play_id, seconds_start, seconds_end) VALUES(7406, 1649, 25009, 27564, 219, 233);
INSERT INTO player_team_game_play(player_id, team_id, game_id, play_id, seconds_start, seconds_end) VALUES(6138, 1649, 25009, 27564, 219, 233);
INSERT INTO player_team_game_play(player_id, team_id, game_id, play_id, seconds_start, seconds_end) VALUES(5150, 1649, 25009, 27564, 219, 233);
INSERT INTO player_team_game_play(player_id, team_id, game_id, play_id, seconds_start, seconds_end) VALUES(5449, 1646, 25009, 27564, 219, 233);
INSERT INTO player_team_game_play(player_id, team_id, game_id, play_id, seconds_start, seconds_end) VALUES(45, 1646, 25009, 27564, 219, 233);
INSERT INTO player_team_game_play(player_id, team_id, game_id, play_id, seconds_start, seconds_end) VALUES(6223, 1646, 25009, 27564, 219, 233);
INSERT INTO player_team_game_play(player_id, team_id, game_id, play_id, seconds_start, seconds_end) VALUES(2608, 1646, 25009, 27564, 219, 233);
INSERT INTO player_team_game_play(player_id, team_id, game_id, play_id, seconds_start, seconds_end) VALUES(6328, 1646, 25009, 27564, 219, 233);
INSERT INTO lba.sub_play (play_id, seconds_da_start, player_made_id, team_made_id, game_made_id, player_suffered_id, team_suffered_id, game_suffered_id, shot_id, turnover_id, foul_id, rebound_defensive_01, rebound_offensive_01, assist_01, blocks_01, time_out_01, x, y)VALUES(27564, 14, 5150, 1649, 25009, NULL, NULL, NULL, 2, NULL, NULL, '', '', '', '', '', 89, 45);
INSERT INTO lba.sub_play (play_id, seconds_da_start, player_made_id, team_made_id, game_made_id, player_suffered_id, team_suffered_id, game_suffered_id, shot_id, turnover_id, foul_id, rebound_defensive_01, rebound_offensive_01, assist_01, blocks_01, time_out_01, x, y)VALUES(27564, 14, 6328, 1646, 25009, 5150, 1649, 25009, NULL, NULL, NULL, '', '', '', '1', '', 89, 45);
INSERT INTO lba.sub_play (play_id, seconds_da_start, player_made_id, team_made_id, game_made_id, player_suffered_id, team_suffered_id, game_suffered_id, shot_id, turnover_id, foul_id, rebound_defensive_01, rebound_offensive_01, assist_01, blocks_01, time_out_01, x, y)VALUES(27564, 14, 6328, 1646, 25009, NULL, NULL, NULL, NULL, NULL, NULL, '1', '', '', '', '', 89, 45);

INSERT INTO play(id, game_id, seconds_start, seconds_end, quarter, attack_home_01, score_home, score_guest)VALUES(27565, 25009, 233, 244, 1, '0', 8, 9);
INSERT INTO player_team_game_play(player_id, team_id, game_id, play_id, seconds_start, seconds_end) VALUES(7015, 1649, 25009, 27565, 233, 244);
INSERT INTO player_team_game_play(player_id, team_id, game_id, play_id, seconds_start, seconds_end) VALUES(3176, 1649, 25009, 27565, 233, 244);
INSERT INTO player_team_game_play(player_id, team_id, game_id, play_id, seconds_start, seconds_end) VALUES(7406, 1649, 25009, 27565, 233, 244);
INSERT INTO player_team_game_play(player_id, team_id, game_id, play_id, seconds_start, seconds_end) VALUES(6138, 1649, 25009, 27565, 233, 244);
INSERT INTO player_team_game_play(player_id, team_id, game_id, play_id, seconds_start, seconds_end) VALUES(5150, 1649, 25009, 27565, 233, 244);
INSERT INTO player_team_game_play(player_id, team_id, game_id, play_id, seconds_start, seconds_end) VALUES(5449, 1646, 25009, 27565, 233, 244);
INSERT INTO player_team_game_play(player_id, team_id, game_id, play_id, seconds_start, seconds_end) VALUES(45, 1646, 25009, 27565, 233, 244);
INSERT INTO player_team_game_play(player_id, team_id, game_id, play_id, seconds_start, seconds_end) VALUES(6223, 1646, 25009, 27565, 233, 244);
INSERT INTO player_team_game_play(player_id, team_id, game_id, play_id, seconds_start, seconds_end) VALUES(2608, 1646, 25009, 27565, 233, 244);
INSERT INTO player_team_game_play(player_id, team_id, game_id, play_id, seconds_start, seconds_end) VALUES(6328, 1646, 25009, 27565, 233, 244);
INSERT INTO lba.sub_play (play_id, seconds_da_start, player_made_id, team_made_id, game_made_id, player_suffered_id, team_suffered_id, game_suffered_id, shot_id, turnover_id, foul_id, rebound_defensive_01, rebound_offensive_01, assist_01, blocks_01, time_out_01, x, y)VALUES(27565, 10, 6223, 1646, 25009, NULL, NULL, NULL, 4, NULL, NULL, '', '', '', '', '', 26, 18);
INSERT INTO lba.sub_play (play_id, seconds_da_start, player_made_id, team_made_id, game_made_id, player_suffered_id, team_suffered_id, game_suffered_id, shot_id, turnover_id, foul_id, rebound_defensive_01, rebound_offensive_01, assist_01, blocks_01, time_out_01, x, y)VALUES(27565, 10, 6328, 1646, 25009, NULL, NULL, NULL, NULL, NULL, NULL, '', '1', '', '', '', 26, 18);
INSERT INTO lba.sub_play (play_id, seconds_da_start, player_made_id, team_made_id, game_made_id, player_suffered_id, team_suffered_id, game_suffered_id, shot_id, turnover_id, foul_id, rebound_defensive_01, rebound_offensive_01, assist_01, blocks_01, time_out_01, x, y)VALUES(27565, 11, 6138, 1649, 25009, 6328, 1646, 25009, NULL, NULL, 4, '', '', '', '', '', 9, 66);
INSERT INTO lba.sub_play (play_id, seconds_da_start, player_made_id, team_made_id, game_made_id, player_suffered_id, team_suffered_id, game_suffered_id, shot_id, turnover_id, foul_id, rebound_defensive_01, rebound_offensive_01, assist_01, blocks_01, time_out_01, x, y)VALUES(27565, 11, 6328, 1646, 25009, NULL, NULL, NULL, 5, NULL, NULL, '', '', '', '', '', NULL, NULL);
INSERT INTO lba.sub_play (play_id, seconds_da_start, player_made_id, team_made_id, game_made_id, player_suffered_id, team_suffered_id, game_suffered_id, shot_id, turnover_id, foul_id, rebound_defensive_01, rebound_offensive_01, assist_01, blocks_01, time_out_01, x, y)VALUES(27565, 11, 6328, 1646, 25009, NULL, NULL, NULL, 5, NULL, NULL, '', '', '', '', '', NULL, NULL);

INSERT INTO play(id, game_id, seconds_start, seconds_end, quarter, attack_home_01, score_home, score_guest)VALUES(27566, 25009, 244, 261, 1, '1', 10, 9);
INSERT INTO player_team_game_play(player_id, team_id, game_id, play_id, seconds_start, seconds_end) VALUES(7015, 1649, 25009, 27566, 244, 261);
INSERT INTO player_team_game_play(player_id, team_id, game_id, play_id, seconds_start, seconds_end) VALUES(3176, 1649, 25009, 27566, 244, 261);
INSERT INTO player_team_game_play(player_id, team_id, game_id, play_id, seconds_start, seconds_end) VALUES(7406, 1649, 25009, 27566, 244, 261);
INSERT INTO player_team_game_play(player_id, team_id, game_id, play_id, seconds_start, seconds_end) VALUES(6138, 1649, 25009, 27566, 244, 261);
INSERT INTO player_team_game_play(player_id, team_id, game_id, play_id, seconds_start, seconds_end) VALUES(5150, 1649, 25009, 27566, 244, 261);
INSERT INTO player_team_game_play(player_id, team_id, game_id, play_id, seconds_start, seconds_end) VALUES(5449, 1646, 25009, 27566, 244, 261);
INSERT INTO player_team_game_play(player_id, team_id, game_id, play_id, seconds_start, seconds_end) VALUES(45, 1646, 25009, 27566, 244, 261);
INSERT INTO player_team_game_play(player_id, team_id, game_id, play_id, seconds_start, seconds_end) VALUES(6223, 1646, 25009, 27566, 244, 261);
INSERT INTO player_team_game_play(player_id, team_id, game_id, play_id, seconds_start, seconds_end) VALUES(2608, 1646, 25009, 27566, 244, 261);
INSERT INTO player_team_game_play(player_id, team_id, game_id, play_id, seconds_start, seconds_end) VALUES(6328, 1646, 25009, 27566, 244, 261);
INSERT INTO lba.sub_play (play_id, seconds_da_start, player_made_id, team_made_id, game_made_id, player_suffered_id, team_suffered_id, game_suffered_id, shot_id, turnover_id, foul_id, rebound_defensive_01, rebound_offensive_01, assist_01, blocks_01, time_out_01, x, y)VALUES(27566, 17, 45, 1646, 25009, 7015, 1649, 25009, NULL, NULL, 4, '', '', '', '', '', 85, 59);
INSERT INTO lba.sub_play (play_id, seconds_da_start, player_made_id, team_made_id, game_made_id, player_suffered_id, team_suffered_id, game_suffered_id, shot_id, turnover_id, foul_id, rebound_defensive_01, rebound_offensive_01, assist_01, blocks_01, time_out_01, x, y)VALUES(27566, 17, 7015, 1649, 25009, NULL, NULL, NULL, 5, NULL, NULL, '', '', '', '', '', NULL, NULL);
INSERT INTO lba.sub_play (play_id, seconds_da_start, player_made_id, team_made_id, game_made_id, player_suffered_id, team_suffered_id, game_suffered_id, shot_id, turnover_id, foul_id, rebound_defensive_01, rebound_offensive_01, assist_01, blocks_01, time_out_01, x, y)VALUES(27566, 17, 7015, 1649, 25009, NULL, NULL, NULL, 5, NULL, NULL, '', '', '', '', '', NULL, NULL);

INSERT INTO play(id, game_id, seconds_start, seconds_end, quarter, attack_home_01, score_home, score_guest)VALUES(27567, 25009, 261, 282, 1, '0', 10, 12);
INSERT INTO player_team_game_play(player_id, team_id, game_id, play_id, seconds_start, seconds_end) VALUES(7015, 1649, 25009, 27567, 261, 282);
INSERT INTO player_team_game_play(player_id, team_id, game_id, play_id, seconds_start, seconds_end) VALUES(3176, 1649, 25009, 27567, 261, 282);
INSERT INTO player_team_game_play(player_id, team_id, game_id, play_id, seconds_start, seconds_end) VALUES(7406, 1649, 25009, 27567, 261, 282);
INSERT INTO player_team_game_play(player_id, team_id, game_id, play_id, seconds_start, seconds_end) VALUES(6138, 1649, 25009, 27567, 261, 282);
INSERT INTO player_team_game_play(player_id, team_id, game_id, play_id, seconds_start, seconds_end) VALUES(5150, 1649, 25009, 27567, 261, 282);
INSERT INTO player_team_game_play(player_id, team_id, game_id, play_id, seconds_start, seconds_end) VALUES(5449, 1646, 25009, 27567, 261, 282);
INSERT INTO player_team_game_play(player_id, team_id, game_id, play_id, seconds_start, seconds_end) VALUES(45, 1646, 25009, 27567, 261, 282);
INSERT INTO player_team_game_play(player_id, team_id, game_id, play_id, seconds_start, seconds_end) VALUES(6223, 1646, 25009, 27567, 261, 282);
INSERT INTO player_team_game_play(player_id, team_id, game_id, play_id, seconds_start, seconds_end) VALUES(2608, 1646, 25009, 27567, 261, 282);
INSERT INTO player_team_game_play(player_id, team_id, game_id, play_id, seconds_start, seconds_end) VALUES(6328, 1646, 25009, 27567, 261, 282);
UPDATE player_team_game_play SET seconds_end = 282 WHERE player_id = 7406 AND game_id = 25009 AND play_id = 27567;
INSERT INTO player_team_game_play(player_id, team_id, game_id, play_id, seconds_start, seconds_end) VALUES(7404, 1649, 25009, 27567, 282, 282);
INSERT INTO lba.sub_play (play_id, seconds_da_start, player_made_id, team_made_id, game_made_id, player_suffered_id, team_suffered_id, game_suffered_id, shot_id, turnover_id, foul_id, rebound_defensive_01, rebound_offensive_01, assist_01, blocks_01, time_out_01, x, y)VALUES(27567, 19, 7406, 1649, 25009, 6223, 1646, 25009, NULL, NULL, 4, '', '', '', '', '', 33, 69);
INSERT INTO lba.sub_play (play_id, seconds_da_start, player_made_id, team_made_id, game_made_id, player_suffered_id, team_suffered_id, game_suffered_id, shot_id, turnover_id, foul_id, rebound_defensive_01, rebound_offensive_01, assist_01, blocks_01, time_out_01, x, y)VALUES(27567, 21, 6223, 1646, 25009, NULL, NULL, NULL, 5, NULL, NULL, '', '', '', '', '', NULL, NULL);
INSERT INTO lba.sub_play (play_id, seconds_da_start, player_made_id, team_made_id, game_made_id, player_suffered_id, team_suffered_id, game_suffered_id, shot_id, turnover_id, foul_id, rebound_defensive_01, rebound_offensive_01, assist_01, blocks_01, time_out_01, x, y)VALUES(27567, 21, 6223, 1646, 25009, NULL, NULL, NULL, 5, NULL, NULL, '', '', '', '', '', NULL, NULL);
INSERT INTO lba.sub_play (play_id, seconds_da_start, player_made_id, team_made_id, game_made_id, player_suffered_id, team_suffered_id, game_suffered_id, shot_id, turnover_id, foul_id, rebound_defensive_01, rebound_offensive_01, assist_01, blocks_01, time_out_01, x, y)VALUES(27567, 21, 6223, 1646, 25009, NULL, NULL, NULL, 5, NULL, NULL, '', '', '', '', '', NULL, NULL);
INSERT INTO lba.sub_play (play_id, seconds_da_start, player_made_id, team_made_id, game_made_id, player_suffered_id, team_suffered_id, game_suffered_id, shot_id, turnover_id, foul_id, rebound_defensive_01, rebound_offensive_01, assist_01, blocks_01, time_out_01, x, y)VALUES(27567, 21, 6328, 1646, 25009, NULL, NULL, NULL, NULL, NULL, NULL, '', '', '1', '', '', NULL, NULL);

INSERT INTO play(id, game_id, seconds_start, seconds_end, quarter, attack_home_01, score_home, score_guest)VALUES(27568, 25009, 282, 301, 1, '1', 12, 12);
INSERT INTO player_team_game_play(player_id, team_id, game_id, play_id, seconds_start, seconds_end) VALUES(7015, 1649, 25009, 27568, 282, 301);
INSERT INTO player_team_game_play(player_id, team_id, game_id, play_id, seconds_start, seconds_end) VALUES(3176, 1649, 25009, 27568, 282, 301);
INSERT INTO player_team_game_play(player_id, team_id, game_id, play_id, seconds_start, seconds_end) VALUES(7406, 1649, 25009, 27568, 282, 301);
INSERT INTO player_team_game_play(player_id, team_id, game_id, play_id, seconds_start, seconds_end) VALUES(6138, 1649, 25009, 27568, 282, 301);
INSERT INTO player_team_game_play(player_id, team_id, game_id, play_id, seconds_start, seconds_end) VALUES(5150, 1649, 25009, 27568, 282, 301);
INSERT INTO player_team_game_play(player_id, team_id, game_id, play_id, seconds_start, seconds_end) VALUES(5449, 1646, 25009, 27568, 282, 301);
INSERT INTO player_team_game_play(player_id, team_id, game_id, play_id, seconds_start, seconds_end) VALUES(45, 1646, 25009, 27568, 282, 301);
INSERT INTO player_team_game_play(player_id, team_id, game_id, play_id, seconds_start, seconds_end) VALUES(6223, 1646, 25009, 27568, 282, 301);
INSERT INTO player_team_game_play(player_id, team_id, game_id, play_id, seconds_start, seconds_end) VALUES(2608, 1646, 25009, 27568, 282, 301);
INSERT INTO player_team_game_play(player_id, team_id, game_id, play_id, seconds_start, seconds_end) VALUES(6328, 1646, 25009, 27568, 282, 301);
UPDATE player_team_game_play SET seconds_end = 282 WHERE player_id = 7406 AND game_id = 25009 AND play_id = 27568;
INSERT INTO player_team_game_play(player_id, team_id, game_id, play_id, seconds_start, seconds_end) VALUES(7404, 1649, 25009, 27568, 282, 301);
UPDATE player_team_game_play SET seconds_end = 295 WHERE player_id = 45 AND game_id = 25009 AND play_id = 27568;
INSERT INTO player_team_game_play(player_id, team_id, game_id, play_id, seconds_start, seconds_end) VALUES(1774, 1646, 25009, 27568, 295, 301);
INSERT INTO lba.sub_play (play_id, seconds_da_start, player_made_id, team_made_id, game_made_id, player_suffered_id, team_suffered_id, game_suffered_id, shot_id, turnover_id, foul_id, rebound_defensive_01, rebound_offensive_01, assist_01, blocks_01, time_out_01, x, y)VALUES(27568, 13, 45, 1646, 25009, 7015, 1649, 25009, NULL, NULL, 1, '', '', '', '', '', 75, 57);
INSERT INTO lba.sub_play (play_id, seconds_da_start, player_made_id, team_made_id, game_made_id, player_suffered_id, team_suffered_id, game_suffered_id, shot_id, turnover_id, foul_id, rebound_defensive_01, rebound_offensive_01, assist_01, blocks_01, time_out_01, x, y)VALUES(27568, 19, 3176, 1649, 25009, NULL, NULL, NULL, 1, NULL, NULL, '', '', '', '', '', 83, 40);
INSERT INTO lba.sub_play (play_id, seconds_da_start, player_made_id, team_made_id, game_made_id, player_suffered_id, team_suffered_id, game_suffered_id, shot_id, turnover_id, foul_id, rebound_defensive_01, rebound_offensive_01, assist_01, blocks_01, time_out_01, x, y)VALUES(27568, 19, 5150, 1649, 25009, NULL, NULL, NULL, NULL, NULL, NULL, '', '', '1', '', '', 83, 40);

INSERT INTO play(id, game_id, seconds_start, seconds_end, quarter, attack_home_01, score_home, score_guest)VALUES(27569, 25009, 301, 316, 1, '0', 12, 12);
INSERT INTO player_team_game_play(player_id, team_id, game_id, play_id, seconds_start, seconds_end) VALUES(7015, 1649, 25009, 27569, 301, 316);
INSERT INTO player_team_game_play(player_id, team_id, game_id, play_id, seconds_start, seconds_end) VALUES(3176, 1649, 25009, 27569, 301, 316);
INSERT INTO player_team_game_play(player_id, team_id, game_id, play_id, seconds_start, seconds_end) VALUES(7404, 1649, 25009, 27569, 301, 316);
INSERT INTO player_team_game_play(player_id, team_id, game_id, play_id, seconds_start, seconds_end) VALUES(6138, 1649, 25009, 27569, 301, 316);
INSERT INTO player_team_game_play(player_id, team_id, game_id, play_id, seconds_start, seconds_end) VALUES(5150, 1649, 25009, 27569, 301, 316);
INSERT INTO player_team_game_play(player_id, team_id, game_id, play_id, seconds_start, seconds_end) VALUES(5449, 1646, 25009, 27569, 301, 316);
INSERT INTO player_team_game_play(player_id, team_id, game_id, play_id, seconds_start, seconds_end) VALUES(1774, 1646, 25009, 27569, 301, 316);
INSERT INTO player_team_game_play(player_id, team_id, game_id, play_id, seconds_start, seconds_end) VALUES(6223, 1646, 25009, 27569, 301, 316);
INSERT INTO player_team_game_play(player_id, team_id, game_id, play_id, seconds_start, seconds_end) VALUES(2608, 1646, 25009, 27569, 301, 316);
INSERT INTO player_team_game_play(player_id, team_id, game_id, play_id, seconds_start, seconds_end) VALUES(6328, 1646, 25009, 27569, 301, 316);
INSERT INTO lba.sub_play (play_id, seconds_da_start, player_made_id, team_made_id, game_made_id, player_suffered_id, team_suffered_id, game_suffered_id, shot_id, turnover_id, foul_id, rebound_defensive_01, rebound_offensive_01, assist_01, blocks_01, time_out_01, x, y)VALUES(27569, 15, 2608, 1646, 25009, NULL, NULL, NULL, 2, NULL, NULL, '', '', '', '', '', 9, 62);
INSERT INTO lba.sub_play (play_id, seconds_da_start, player_made_id, team_made_id, game_made_id, player_suffered_id, team_suffered_id, game_suffered_id, shot_id, turnover_id, foul_id, rebound_defensive_01, rebound_offensive_01, assist_01, blocks_01, time_out_01, x, y)VALUES(27569, 15, 7015, 1649, 25009, NULL, NULL, NULL, NULL, NULL, NULL, '1', '', '', '', '', 9, 62);

INSERT INTO play(id, game_id, seconds_start, seconds_end, quarter, attack_home_01, score_home, score_guest)VALUES(27570, 25009, 316, 329, 1, '1', 12, 12);
INSERT INTO player_team_game_play(player_id, team_id, game_id, play_id, seconds_start, seconds_end) VALUES(7015, 1649, 25009, 27570, 316, 329);
INSERT INTO player_team_game_play(player_id, team_id, game_id, play_id, seconds_start, seconds_end) VALUES(3176, 1649, 25009, 27570, 316, 329);
INSERT INTO player_team_game_play(player_id, team_id, game_id, play_id, seconds_start, seconds_end) VALUES(7404, 1649, 25009, 27570, 316, 329);
INSERT INTO player_team_game_play(player_id, team_id, game_id, play_id, seconds_start, seconds_end) VALUES(6138, 1649, 25009, 27570, 316, 329);
INSERT INTO player_team_game_play(player_id, team_id, game_id, play_id, seconds_start, seconds_end) VALUES(5150, 1649, 25009, 27570, 316, 329);
INSERT INTO player_team_game_play(player_id, team_id, game_id, play_id, seconds_start, seconds_end) VALUES(5449, 1646, 25009, 27570, 316, 329);
INSERT INTO player_team_game_play(player_id, team_id, game_id, play_id, seconds_start, seconds_end) VALUES(1774, 1646, 25009, 27570, 316, 329);
INSERT INTO player_team_game_play(player_id, team_id, game_id, play_id, seconds_start, seconds_end) VALUES(6223, 1646, 25009, 27570, 316, 329);
INSERT INTO player_team_game_play(player_id, team_id, game_id, play_id, seconds_start, seconds_end) VALUES(2608, 1646, 25009, 27570, 316, 329);
INSERT INTO player_team_game_play(player_id, team_id, game_id, play_id, seconds_start, seconds_end) VALUES(6328, 1646, 25009, 27570, 316, 329);
INSERT INTO lba.sub_play (play_id, seconds_da_start, player_made_id, team_made_id, game_made_id, player_suffered_id, team_suffered_id, game_suffered_id, shot_id, turnover_id, foul_id, rebound_defensive_01, rebound_offensive_01, assist_01, blocks_01, time_out_01, x, y)VALUES(27570, 13, 3176, 1649, 25009, NULL, NULL, NULL, 2, NULL, NULL, '', '', '', '', '', 83, 57);
INSERT INTO lba.sub_play (play_id, seconds_da_start, player_made_id, team_made_id, game_made_id, player_suffered_id, team_suffered_id, game_suffered_id, shot_id, turnover_id, foul_id, rebound_defensive_01, rebound_offensive_01, assist_01, blocks_01, time_out_01, x, y)VALUES(27570, 13, 2608, 1646, 25009, NULL, NULL, NULL, NULL, NULL, NULL, '1', '', '', '', '', 83, 57);

INSERT INTO play(id, game_id, seconds_start, seconds_end, quarter, attack_home_01, score_home, score_guest)VALUES(27571, 25009, 329, 336, 1, '0', 12, 15);
INSERT INTO player_team_game_play(player_id, team_id, game_id, play_id, seconds_start, seconds_end) VALUES(7015, 1649, 25009, 27571, 329, 336);
INSERT INTO player_team_game_play(player_id, team_id, game_id, play_id, seconds_start, seconds_end) VALUES(3176, 1649, 25009, 27571, 329, 336);
INSERT INTO player_team_game_play(player_id, team_id, game_id, play_id, seconds_start, seconds_end) VALUES(7404, 1649, 25009, 27571, 329, 336);
INSERT INTO player_team_game_play(player_id, team_id, game_id, play_id, seconds_start, seconds_end) VALUES(6138, 1649, 25009, 27571, 329, 336);
INSERT INTO player_team_game_play(player_id, team_id, game_id, play_id, seconds_start, seconds_end) VALUES(5150, 1649, 25009, 27571, 329, 336);
INSERT INTO player_team_game_play(player_id, team_id, game_id, play_id, seconds_start, seconds_end) VALUES(5449, 1646, 25009, 27571, 329, 336);
INSERT INTO player_team_game_play(player_id, team_id, game_id, play_id, seconds_start, seconds_end) VALUES(1774, 1646, 25009, 27571, 329, 336);
INSERT INTO player_team_game_play(player_id, team_id, game_id, play_id, seconds_start, seconds_end) VALUES(6223, 1646, 25009, 27571, 329, 336);
INSERT INTO player_team_game_play(player_id, team_id, game_id, play_id, seconds_start, seconds_end) VALUES(2608, 1646, 25009, 27571, 329, 336);
INSERT INTO player_team_game_play(player_id, team_id, game_id, play_id, seconds_start, seconds_end) VALUES(6328, 1646, 25009, 27571, 329, 336);
INSERT INTO lba.sub_play (play_id, seconds_da_start, player_made_id, team_made_id, game_made_id, player_suffered_id, team_suffered_id, game_suffered_id, shot_id, turnover_id, foul_id, rebound_defensive_01, rebound_offensive_01, assist_01, blocks_01, time_out_01, x, y)VALUES(27571, 7, 5449, 1646, 25009, NULL, NULL, NULL, 3, NULL, NULL, '', '', '', '', '', 24, 14);
INSERT INTO lba.sub_play (play_id, seconds_da_start, player_made_id, team_made_id, game_made_id, player_suffered_id, team_suffered_id, game_suffered_id, shot_id, turnover_id, foul_id, rebound_defensive_01, rebound_offensive_01, assist_01, blocks_01, time_out_01, x, y)VALUES(27571, 7, 2608, 1646, 25009, NULL, NULL, NULL, NULL, NULL, NULL, '', '', '1', '', '', 24, 14);

INSERT INTO play(id, game_id, seconds_start, seconds_end, quarter, attack_home_01, score_home, score_guest)VALUES(27572, 25009, 336, 348, 1, '1', 12, 15);
INSERT INTO player_team_game_play(player_id, team_id, game_id, play_id, seconds_start, seconds_end) VALUES(7015, 1649, 25009, 27572, 336, 348);
INSERT INTO player_team_game_play(player_id, team_id, game_id, play_id, seconds_start, seconds_end) VALUES(3176, 1649, 25009, 27572, 336, 348);
INSERT INTO player_team_game_play(player_id, team_id, game_id, play_id, seconds_start, seconds_end) VALUES(7404, 1649, 25009, 27572, 336, 348);
INSERT INTO player_team_game_play(player_id, team_id, game_id, play_id, seconds_start, seconds_end) VALUES(6138, 1649, 25009, 27572, 336, 348);
INSERT INTO player_team_game_play(player_id, team_id, game_id, play_id, seconds_start, seconds_end) VALUES(5150, 1649, 25009, 27572, 336, 348);
INSERT INTO player_team_game_play(player_id, team_id, game_id, play_id, seconds_start, seconds_end) VALUES(5449, 1646, 25009, 27572, 336, 348);
INSERT INTO player_team_game_play(player_id, team_id, game_id, play_id, seconds_start, seconds_end) VALUES(1774, 1646, 25009, 27572, 336, 348);
INSERT INTO player_team_game_play(player_id, team_id, game_id, play_id, seconds_start, seconds_end) VALUES(6223, 1646, 25009, 27572, 336, 348);
INSERT INTO player_team_game_play(player_id, team_id, game_id, play_id, seconds_start, seconds_end) VALUES(2608, 1646, 25009, 27572, 336, 348);
INSERT INTO player_team_game_play(player_id, team_id, game_id, play_id, seconds_start, seconds_end) VALUES(6328, 1646, 25009, 27572, 336, 348);
UPDATE player_team_game_play SET seconds_end = 348 WHERE player_id = 6138 AND game_id = 25009 AND play_id = 27572;
UPDATE player_team_game_play SET seconds_end = 348 WHERE player_id = 5150 AND game_id = 25009 AND play_id = 27572;
INSERT INTO player_team_game_play(player_id, team_id, game_id, play_id, seconds_start, seconds_end) VALUES(7405, 1649, 25009, 27572, 348, 348);
INSERT INTO player_team_game_play(player_id, team_id, game_id, play_id, seconds_start, seconds_end) VALUES(2103, 1649, 25009, 27572, 348, 348);
UPDATE player_team_game_play SET seconds_end = 348 WHERE player_id = 2608 AND game_id = 25009 AND play_id = 27572;
INSERT INTO player_team_game_play(player_id, team_id, game_id, play_id, seconds_start, seconds_end) VALUES(4162, 1646, 25009, 27572, 348, 348);
INSERT INTO lba.sub_play (play_id, seconds_da_start, player_made_id, team_made_id, game_made_id, player_suffered_id, team_suffered_id, game_suffered_id, shot_id, turnover_id, foul_id, rebound_defensive_01, rebound_offensive_01, assist_01, blocks_01, time_out_01, x, y)VALUES(27572, 12, 7404, 1649, 25009, 2608, 1646, 25009, NULL, NULL, 7, '', '', '', '', '', 71, 83);
INSERT INTO lba.sub_play (play_id, seconds_da_start, player_made_id, team_made_id, game_made_id, player_suffered_id, team_suffered_id, game_suffered_id, shot_id, turnover_id, foul_id, rebound_defensive_01, rebound_offensive_01, assist_01, blocks_01, time_out_01, x, y)VALUES(27572, 12, 7404, 1649, 25009, NULL, NULL, NULL, NULL, 13, NULL, '', '', '', '', '', 71, 83);

INSERT INTO play(id, game_id, seconds_start, seconds_end, quarter, attack_home_01, score_home, score_guest)VALUES(27573, 25009, 348, 368, 1, '0', 12, 17);
INSERT INTO player_team_game_play(player_id, team_id, game_id, play_id, seconds_start, seconds_end) VALUES(7015, 1649, 25009, 27573, 348, 368);
INSERT INTO player_team_game_play(player_id, team_id, game_id, play_id, seconds_start, seconds_end) VALUES(3176, 1649, 25009, 27573, 348, 368);
INSERT INTO player_team_game_play(player_id, team_id, game_id, play_id, seconds_start, seconds_end) VALUES(7404, 1649, 25009, 27573, 348, 368);
INSERT INTO player_team_game_play(player_id, team_id, game_id, play_id, seconds_start, seconds_end) VALUES(6138, 1649, 25009, 27573, 348, 368);
INSERT INTO player_team_game_play(player_id, team_id, game_id, play_id, seconds_start, seconds_end) VALUES(5150, 1649, 25009, 27573, 348, 368);
INSERT INTO player_team_game_play(player_id, team_id, game_id, play_id, seconds_start, seconds_end) VALUES(5449, 1646, 25009, 27573, 348, 368);
INSERT INTO player_team_game_play(player_id, team_id, game_id, play_id, seconds_start, seconds_end) VALUES(1774, 1646, 25009, 27573, 348, 368);
INSERT INTO player_team_game_play(player_id, team_id, game_id, play_id, seconds_start, seconds_end) VALUES(6223, 1646, 25009, 27573, 348, 368);
INSERT INTO player_team_game_play(player_id, team_id, game_id, play_id, seconds_start, seconds_end) VALUES(2608, 1646, 25009, 27573, 348, 368);
INSERT INTO player_team_game_play(player_id, team_id, game_id, play_id, seconds_start, seconds_end) VALUES(6328, 1646, 25009, 27573, 348, 368);
UPDATE player_team_game_play SET seconds_end = 348 WHERE player_id = 6138 AND game_id = 25009 AND play_id = 27573;
UPDATE player_team_game_play SET seconds_end = 348 WHERE player_id = 5150 AND game_id = 25009 AND play_id = 27573;
INSERT INTO player_team_game_play(player_id, team_id, game_id, play_id, seconds_start, seconds_end) VALUES(7405, 1649, 25009, 27573, 348, 368);
INSERT INTO player_team_game_play(player_id, team_id, game_id, play_id, seconds_start, seconds_end) VALUES(2103, 1649, 25009, 27573, 348, 368);
UPDATE player_team_game_play SET seconds_end = 348 WHERE player_id = 2608 AND game_id = 25009 AND play_id = 27573;
INSERT INTO player_team_game_play(player_id, team_id, game_id, play_id, seconds_start, seconds_end) VALUES(4162, 1646, 25009, 27573, 348, 368);
UPDATE player_team_game_play SET seconds_end = 368 WHERE player_id = 7015 AND game_id = 25009 AND play_id = 27573;
INSERT INTO player_team_game_play(player_id, team_id, game_id, play_id, seconds_start, seconds_end) VALUES(1775, 1649, 25009, 27573, 368, 368);
UPDATE player_team_game_play SET seconds_end = 368 WHERE player_id = 6328 AND game_id = 25009 AND play_id = 27573;
INSERT INTO player_team_game_play(player_id, team_id, game_id, play_id, seconds_start, seconds_end) VALUES(7314, 1646, 25009, 27573, 368, 368);
INSERT INTO lba.sub_play (play_id, seconds_da_start, player_made_id, team_made_id, game_made_id, player_suffered_id, team_suffered_id, game_suffered_id, shot_id, turnover_id, foul_id, rebound_defensive_01, rebound_offensive_01, assist_01, blocks_01, time_out_01, x, y)VALUES(27573, 20, 1774, 1646, 25009, NULL, NULL, NULL, 2, NULL, NULL, '', '', '', '', '', 7, 39);
INSERT INTO lba.sub_play (play_id, seconds_da_start, player_made_id, team_made_id, game_made_id, player_suffered_id, team_suffered_id, game_suffered_id, shot_id, turnover_id, foul_id, rebound_defensive_01, rebound_offensive_01, assist_01, blocks_01, time_out_01, x, y)VALUES(27573, 20, 2103, 1649, 25009, 6328, 1646, 25009, NULL, NULL, 1, '', '', '', '', '', 8, 55);
INSERT INTO lba.sub_play (play_id, seconds_da_start, player_made_id, team_made_id, game_made_id, player_suffered_id, team_suffered_id, game_suffered_id, shot_id, turnover_id, foul_id, rebound_defensive_01, rebound_offensive_01, assist_01, blocks_01, time_out_01, x, y)VALUES(27573, 20, 6328, 1646, 25009, NULL, NULL, NULL, 5, NULL, NULL, '', '', '', '', '', NULL, NULL);
INSERT INTO lba.sub_play (play_id, seconds_da_start, player_made_id, team_made_id, game_made_id, player_suffered_id, team_suffered_id, game_suffered_id, shot_id, turnover_id, foul_id, rebound_defensive_01, rebound_offensive_01, assist_01, blocks_01, time_out_01, x, y)VALUES(27573, 20, 6328, 1646, 25009, NULL, NULL, NULL, 5, NULL, NULL, '', '', '', '', '', NULL, NULL);

INSERT INTO play(id, game_id, seconds_start, seconds_end, quarter, attack_home_01, score_home, score_guest)VALUES(27574, 25009, 368, 396, 1, '1', 12, 17);
INSERT INTO player_team_game_play(player_id, team_id, game_id, play_id, seconds_start, seconds_end) VALUES(7015, 1649, 25009, 27574, 368, 396);
INSERT INTO player_team_game_play(player_id, team_id, game_id, play_id, seconds_start, seconds_end) VALUES(3176, 1649, 25009, 27574, 368, 396);
INSERT INTO player_team_game_play(player_id, team_id, game_id, play_id, seconds_start, seconds_end) VALUES(7404, 1649, 25009, 27574, 368, 396);
INSERT INTO player_team_game_play(player_id, team_id, game_id, play_id, seconds_start, seconds_end) VALUES(7405, 1649, 25009, 27574, 368, 396);
INSERT INTO player_team_game_play(player_id, team_id, game_id, play_id, seconds_start, seconds_end) VALUES(2103, 1649, 25009, 27574, 368, 396);
INSERT INTO player_team_game_play(player_id, team_id, game_id, play_id, seconds_start, seconds_end) VALUES(4162, 1646, 25009, 27574, 368, 396);
INSERT INTO player_team_game_play(player_id, team_id, game_id, play_id, seconds_start, seconds_end) VALUES(5449, 1646, 25009, 27574, 368, 396);
INSERT INTO player_team_game_play(player_id, team_id, game_id, play_id, seconds_start, seconds_end) VALUES(1774, 1646, 25009, 27574, 368, 396);
INSERT INTO player_team_game_play(player_id, team_id, game_id, play_id, seconds_start, seconds_end) VALUES(6223, 1646, 25009, 27574, 368, 396);
INSERT INTO player_team_game_play(player_id, team_id, game_id, play_id, seconds_start, seconds_end) VALUES(6328, 1646, 25009, 27574, 368, 396);
UPDATE player_team_game_play SET seconds_end = 368 WHERE player_id = 7015 AND game_id = 25009 AND play_id = 27574;
INSERT INTO player_team_game_play(player_id, team_id, game_id, play_id, seconds_start, seconds_end) VALUES(1775, 1649, 25009, 27574, 368, 396);
UPDATE player_team_game_play SET seconds_end = 368 WHERE player_id = 6328 AND game_id = 25009 AND play_id = 27574;
INSERT INTO player_team_game_play(player_id, team_id, game_id, play_id, seconds_start, seconds_end) VALUES(7314, 1646, 25009, 27574, 368, 396);
INSERT INTO lba.sub_play (play_id, seconds_da_start, player_made_id, team_made_id, game_made_id, player_suffered_id, team_suffered_id, game_suffered_id, shot_id, turnover_id, foul_id, rebound_defensive_01, rebound_offensive_01, assist_01, blocks_01, time_out_01, x, y)VALUES(27574, 17, 4162, 1646, 25009, 3176, 1649, 25009, NULL, NULL, 1, '', '', '', '', '', 84, 90);
INSERT INTO lba.sub_play (play_id, seconds_da_start, player_made_id, team_made_id, game_made_id, player_suffered_id, team_suffered_id, game_suffered_id, shot_id, turnover_id, foul_id, rebound_defensive_01, rebound_offensive_01, assist_01, blocks_01, time_out_01, x, y)VALUES(27574, 28, 3176, 1649, 25009, 1774, 1646, 25009, NULL, 2, NULL, '', '', '', '', '', 84, 33);

INSERT INTO play(id, game_id, seconds_start, seconds_end, quarter, attack_home_01, score_home, score_guest)VALUES(27575, 25009, 396, 410, 1, '0', 12, 17);
INSERT INTO player_team_game_play(player_id, team_id, game_id, play_id, seconds_start, seconds_end) VALUES(3176, 1649, 25009, 27575, 396, 410);
INSERT INTO player_team_game_play(player_id, team_id, game_id, play_id, seconds_start, seconds_end) VALUES(7404, 1649, 25009, 27575, 396, 410);
INSERT INTO player_team_game_play(player_id, team_id, game_id, play_id, seconds_start, seconds_end) VALUES(7405, 1649, 25009, 27575, 396, 410);
INSERT INTO player_team_game_play(player_id, team_id, game_id, play_id, seconds_start, seconds_end) VALUES(1775, 1649, 25009, 27575, 396, 410);
INSERT INTO player_team_game_play(player_id, team_id, game_id, play_id, seconds_start, seconds_end) VALUES(2103, 1649, 25009, 27575, 396, 410);
INSERT INTO player_team_game_play(player_id, team_id, game_id, play_id, seconds_start, seconds_end) VALUES(4162, 1646, 25009, 27575, 396, 410);
INSERT INTO player_team_game_play(player_id, team_id, game_id, play_id, seconds_start, seconds_end) VALUES(5449, 1646, 25009, 27575, 396, 410);
INSERT INTO player_team_game_play(player_id, team_id, game_id, play_id, seconds_start, seconds_end) VALUES(1774, 1646, 25009, 27575, 396, 410);
INSERT INTO player_team_game_play(player_id, team_id, game_id, play_id, seconds_start, seconds_end) VALUES(6223, 1646, 25009, 27575, 396, 410);
INSERT INTO player_team_game_play(player_id, team_id, game_id, play_id, seconds_start, seconds_end) VALUES(7314, 1646, 25009, 27575, 396, 410);
UPDATE player_team_game_play SET seconds_end = 410 WHERE player_id = 3176 AND game_id = 25009 AND play_id = 27575;
INSERT INTO player_team_game_play(player_id, team_id, game_id, play_id, seconds_start, seconds_end) VALUES(4692, 1649, 25009, 27575, 410, 410);
UPDATE player_team_game_play SET seconds_end = 410 WHERE player_id = 5449 AND game_id = 25009 AND play_id = 27575;
INSERT INTO player_team_game_play(player_id, team_id, game_id, play_id, seconds_start, seconds_end) VALUES(418, 1646, 25009, 27575, 410, 410);
INSERT INTO lba.sub_play (play_id, seconds_da_start, player_made_id, team_made_id, game_made_id, player_suffered_id, team_suffered_id, game_suffered_id, shot_id, turnover_id, foul_id, rebound_defensive_01, rebound_offensive_01, assist_01, blocks_01, time_out_01, x, y)VALUES(27575, 14, 5449, 1646, 25009, NULL, NULL, NULL, NULL, 1, NULL, '', '', '', '', '', 24, 68);

INSERT INTO play(id, game_id, seconds_start, seconds_end, quarter, attack_home_01, score_home, score_guest)VALUES(27576, 25009, 410, 422, 1, '1', 12, 17);
INSERT INTO player_team_game_play(player_id, team_id, game_id, play_id, seconds_start, seconds_end) VALUES(3176, 1649, 25009, 27576, 410, 422);
INSERT INTO player_team_game_play(player_id, team_id, game_id, play_id, seconds_start, seconds_end) VALUES(7404, 1649, 25009, 27576, 410, 422);
INSERT INTO player_team_game_play(player_id, team_id, game_id, play_id, seconds_start, seconds_end) VALUES(7405, 1649, 25009, 27576, 410, 422);
INSERT INTO player_team_game_play(player_id, team_id, game_id, play_id, seconds_start, seconds_end) VALUES(1775, 1649, 25009, 27576, 410, 422);
INSERT INTO player_team_game_play(player_id, team_id, game_id, play_id, seconds_start, seconds_end) VALUES(2103, 1649, 25009, 27576, 410, 422);
INSERT INTO player_team_game_play(player_id, team_id, game_id, play_id, seconds_start, seconds_end) VALUES(4162, 1646, 25009, 27576, 410, 422);
INSERT INTO player_team_game_play(player_id, team_id, game_id, play_id, seconds_start, seconds_end) VALUES(5449, 1646, 25009, 27576, 410, 422);
INSERT INTO player_team_game_play(player_id, team_id, game_id, play_id, seconds_start, seconds_end) VALUES(1774, 1646, 25009, 27576, 410, 422);
INSERT INTO player_team_game_play(player_id, team_id, game_id, play_id, seconds_start, seconds_end) VALUES(6223, 1646, 25009, 27576, 410, 422);
INSERT INTO player_team_game_play(player_id, team_id, game_id, play_id, seconds_start, seconds_end) VALUES(7314, 1646, 25009, 27576, 410, 422);
UPDATE player_team_game_play SET seconds_end = 410 WHERE player_id = 3176 AND game_id = 25009 AND play_id = 27576;
INSERT INTO player_team_game_play(player_id, team_id, game_id, play_id, seconds_start, seconds_end) VALUES(4692, 1649, 25009, 27576, 410, 422);
UPDATE player_team_game_play SET seconds_end = 410 WHERE player_id = 5449 AND game_id = 25009 AND play_id = 27576;
INSERT INTO player_team_game_play(player_id, team_id, game_id, play_id, seconds_start, seconds_end) VALUES(418, 1646, 25009, 27576, 410, 422);
INSERT INTO lba.sub_play (play_id, seconds_da_start, player_made_id, team_made_id, game_made_id, player_suffered_id, team_suffered_id, game_suffered_id, shot_id, turnover_id, foul_id, rebound_defensive_01, rebound_offensive_01, assist_01, blocks_01, time_out_01, x, y)VALUES(27576, 12, 2103, 1649, 25009, NULL, NULL, NULL, 4, NULL, NULL, '', '', '', '', '', 75, 19);
INSERT INTO lba.sub_play (play_id, seconds_da_start, player_made_id, team_made_id, game_made_id, player_suffered_id, team_suffered_id, game_suffered_id, shot_id, turnover_id, foul_id, rebound_defensive_01, rebound_offensive_01, assist_01, blocks_01, time_out_01, x, y)VALUES(27576, 12, 6223, 1646, 25009, NULL, NULL, NULL, NULL, NULL, NULL, '1', '', '', '', '', 75, 19);

INSERT INTO play(id, game_id, seconds_start, seconds_end, quarter, attack_home_01, score_home, score_guest)VALUES(27577, 25009, 422, 443, 1, '0', 12, 17);
INSERT INTO player_team_game_play(player_id, team_id, game_id, play_id, seconds_start, seconds_end) VALUES(4692, 1649, 25009, 27577, 422, 443);
INSERT INTO player_team_game_play(player_id, team_id, game_id, play_id, seconds_start, seconds_end) VALUES(2103, 1649, 25009, 27577, 422, 443);
INSERT INTO player_team_game_play(player_id, team_id, game_id, play_id, seconds_start, seconds_end) VALUES(7404, 1649, 25009, 27577, 422, 443);
INSERT INTO player_team_game_play(player_id, team_id, game_id, play_id, seconds_start, seconds_end) VALUES(7405, 1649, 25009, 27577, 422, 443);
INSERT INTO player_team_game_play(player_id, team_id, game_id, play_id, seconds_start, seconds_end) VALUES(1775, 1649, 25009, 27577, 422, 443);
INSERT INTO player_team_game_play(player_id, team_id, game_id, play_id, seconds_start, seconds_end) VALUES(418, 1646, 25009, 27577, 422, 443);
INSERT INTO player_team_game_play(player_id, team_id, game_id, play_id, seconds_start, seconds_end) VALUES(4162, 1646, 25009, 27577, 422, 443);
INSERT INTO player_team_game_play(player_id, team_id, game_id, play_id, seconds_start, seconds_end) VALUES(1774, 1646, 25009, 27577, 422, 443);
INSERT INTO player_team_game_play(player_id, team_id, game_id, play_id, seconds_start, seconds_end) VALUES(6223, 1646, 25009, 27577, 422, 443);
INSERT INTO player_team_game_play(player_id, team_id, game_id, play_id, seconds_start, seconds_end) VALUES(7314, 1646, 25009, 27577, 422, 443);
INSERT INTO lba.sub_play (play_id, seconds_da_start, player_made_id, team_made_id, game_made_id, player_suffered_id, team_suffered_id, game_suffered_id, shot_id, turnover_id, foul_id, rebound_defensive_01, rebound_offensive_01, assist_01, blocks_01, time_out_01, x, y)VALUES(27577, 21, 1774, 1646, 25009, NULL, NULL, NULL, 2, NULL, NULL, '', '', '', '', '', 7, 62);
INSERT INTO lba.sub_play (play_id, seconds_da_start, player_made_id, team_made_id, game_made_id, player_suffered_id, team_suffered_id, game_suffered_id, shot_id, turnover_id, foul_id, rebound_defensive_01, rebound_offensive_01, assist_01, blocks_01, time_out_01, x, y)VALUES(27577, 21, 4692, 1649, 25009, NULL, NULL, NULL, NULL, NULL, NULL, '1', '', '', '', '', 7, 62);

INSERT INTO play(id, game_id, seconds_start, seconds_end, quarter, attack_home_01, score_home, score_guest)VALUES(27578, 25009, 443, 459, 1, '1', 12, 17);
INSERT INTO player_team_game_play(player_id, team_id, game_id, play_id, seconds_start, seconds_end) VALUES(4692, 1649, 25009, 27578, 443, 459);
INSERT INTO player_team_game_play(player_id, team_id, game_id, play_id, seconds_start, seconds_end) VALUES(2103, 1649, 25009, 27578, 443, 459);
INSERT INTO player_team_game_play(player_id, team_id, game_id, play_id, seconds_start, seconds_end) VALUES(7404, 1649, 25009, 27578, 443, 459);
INSERT INTO player_team_game_play(player_id, team_id, game_id, play_id, seconds_start, seconds_end) VALUES(7405, 1649, 25009, 27578, 443, 459);
INSERT INTO player_team_game_play(player_id, team_id, game_id, play_id, seconds_start, seconds_end) VALUES(1775, 1649, 25009, 27578, 443, 459);
INSERT INTO player_team_game_play(player_id, team_id, game_id, play_id, seconds_start, seconds_end) VALUES(418, 1646, 25009, 27578, 443, 459);
INSERT INTO player_team_game_play(player_id, team_id, game_id, play_id, seconds_start, seconds_end) VALUES(4162, 1646, 25009, 27578, 443, 459);
INSERT INTO player_team_game_play(player_id, team_id, game_id, play_id, seconds_start, seconds_end) VALUES(1774, 1646, 25009, 27578, 443, 459);
INSERT INTO player_team_game_play(player_id, team_id, game_id, play_id, seconds_start, seconds_end) VALUES(6223, 1646, 25009, 27578, 443, 459);
INSERT INTO player_team_game_play(player_id, team_id, game_id, play_id, seconds_start, seconds_end) VALUES(7314, 1646, 25009, 27578, 443, 459);
INSERT INTO lba.sub_play (play_id, seconds_da_start, player_made_id, team_made_id, game_made_id, player_suffered_id, team_suffered_id, game_suffered_id, shot_id, turnover_id, foul_id, rebound_defensive_01, rebound_offensive_01, assist_01, blocks_01, time_out_01, x, y)VALUES(27578, 16, 2103, 1649, 25009, NULL, NULL, NULL, 4, NULL, NULL, '', '', '', '', '', 68, 48);
INSERT INTO lba.sub_play (play_id, seconds_da_start, player_made_id, team_made_id, game_made_id, player_suffered_id, team_suffered_id, game_suffered_id, shot_id, turnover_id, foul_id, rebound_defensive_01, rebound_offensive_01, assist_01, blocks_01, time_out_01, x, y)VALUES(27578, 16, 4162, 1646, 25009, NULL, NULL, NULL, NULL, NULL, NULL, '1', '', '', '', '', 68, 48);

INSERT INTO play(id, game_id, seconds_start, seconds_end, quarter, attack_home_01, score_home, score_guest)VALUES(27579, 25009, 459, 483, 1, '0', 12, 20);
INSERT INTO player_team_game_play(player_id, team_id, game_id, play_id, seconds_start, seconds_end) VALUES(4692, 1649, 25009, 27579, 459, 483);
INSERT INTO player_team_game_play(player_id, team_id, game_id, play_id, seconds_start, seconds_end) VALUES(2103, 1649, 25009, 27579, 459, 483);
INSERT INTO player_team_game_play(player_id, team_id, game_id, play_id, seconds_start, seconds_end) VALUES(7404, 1649, 25009, 27579, 459, 483);
INSERT INTO player_team_game_play(player_id, team_id, game_id, play_id, seconds_start, seconds_end) VALUES(7405, 1649, 25009, 27579, 459, 483);
INSERT INTO player_team_game_play(player_id, team_id, game_id, play_id, seconds_start, seconds_end) VALUES(1775, 1649, 25009, 27579, 459, 483);
INSERT INTO player_team_game_play(player_id, team_id, game_id, play_id, seconds_start, seconds_end) VALUES(418, 1646, 25009, 27579, 459, 483);
INSERT INTO player_team_game_play(player_id, team_id, game_id, play_id, seconds_start, seconds_end) VALUES(4162, 1646, 25009, 27579, 459, 483);
INSERT INTO player_team_game_play(player_id, team_id, game_id, play_id, seconds_start, seconds_end) VALUES(1774, 1646, 25009, 27579, 459, 483);
INSERT INTO player_team_game_play(player_id, team_id, game_id, play_id, seconds_start, seconds_end) VALUES(6223, 1646, 25009, 27579, 459, 483);
INSERT INTO player_team_game_play(player_id, team_id, game_id, play_id, seconds_start, seconds_end) VALUES(7314, 1646, 25009, 27579, 459, 483);
UPDATE player_team_game_play SET seconds_end = 483 WHERE player_id = 6223 AND game_id = 25009 AND play_id = 27579;
INSERT INTO player_team_game_play(player_id, team_id, game_id, play_id, seconds_start, seconds_end) VALUES(7462, 1646, 25009, 27579, 483, 483);
INSERT INTO lba.sub_play (play_id, seconds_da_start, player_made_id, team_made_id, game_made_id, player_suffered_id, team_suffered_id, game_suffered_id, shot_id, turnover_id, foul_id, rebound_defensive_01, rebound_offensive_01, assist_01, blocks_01, time_out_01, x, y)VALUES(27579, 24, 418, 1646, 25009, NULL, NULL, NULL, 3, NULL, NULL, '', '', '', '', '', 31, 48);
INSERT INTO lba.sub_play (play_id, seconds_da_start, player_made_id, team_made_id, game_made_id, player_suffered_id, team_suffered_id, game_suffered_id, shot_id, turnover_id, foul_id, rebound_defensive_01, rebound_offensive_01, assist_01, blocks_01, time_out_01, x, y)VALUES(27579, 24, 4162, 1646, 25009, NULL, NULL, NULL, NULL, NULL, NULL, '', '', '1', '', '', 31, 48);

INSERT INTO play(id, game_id, seconds_start, seconds_end, quarter, attack_home_01, score_home, score_guest)VALUES(27580, 25009, 483, 506, 1, '1', 12, 20);
INSERT INTO player_team_game_play(player_id, team_id, game_id, play_id, seconds_start, seconds_end) VALUES(4692, 1649, 25009, 27580, 483, 506);
INSERT INTO player_team_game_play(player_id, team_id, game_id, play_id, seconds_start, seconds_end) VALUES(2103, 1649, 25009, 27580, 483, 506);
INSERT INTO player_team_game_play(player_id, team_id, game_id, play_id, seconds_start, seconds_end) VALUES(7404, 1649, 25009, 27580, 483, 506);
INSERT INTO player_team_game_play(player_id, team_id, game_id, play_id, seconds_start, seconds_end) VALUES(7405, 1649, 25009, 27580, 483, 506);
INSERT INTO player_team_game_play(player_id, team_id, game_id, play_id, seconds_start, seconds_end) VALUES(1775, 1649, 25009, 27580, 483, 506);
INSERT INTO player_team_game_play(player_id, team_id, game_id, play_id, seconds_start, seconds_end) VALUES(418, 1646, 25009, 27580, 483, 506);
INSERT INTO player_team_game_play(player_id, team_id, game_id, play_id, seconds_start, seconds_end) VALUES(4162, 1646, 25009, 27580, 483, 506);
INSERT INTO player_team_game_play(player_id, team_id, game_id, play_id, seconds_start, seconds_end) VALUES(1774, 1646, 25009, 27580, 483, 506);
INSERT INTO player_team_game_play(player_id, team_id, game_id, play_id, seconds_start, seconds_end) VALUES(6223, 1646, 25009, 27580, 483, 506);
INSERT INTO player_team_game_play(player_id, team_id, game_id, play_id, seconds_start, seconds_end) VALUES(7314, 1646, 25009, 27580, 483, 506);
UPDATE player_team_game_play SET seconds_end = 483 WHERE player_id = 6223 AND game_id = 25009 AND play_id = 27580;
INSERT INTO player_team_game_play(player_id, team_id, game_id, play_id, seconds_start, seconds_end) VALUES(7462, 1646, 25009, 27580, 483, 506);
INSERT INTO lba.sub_play (play_id, seconds_da_start, player_made_id, team_made_id, game_made_id, player_suffered_id, team_suffered_id, game_suffered_id, shot_id, turnover_id, foul_id, rebound_defensive_01, rebound_offensive_01, assist_01, blocks_01, time_out_01, x, y)VALUES(27580, 23, 2103, 1649, 25009, NULL, NULL, NULL, 4, NULL, NULL, '', '', '', '', '', 72, 23);
INSERT INTO lba.sub_play (play_id, seconds_da_start, player_made_id, team_made_id, game_made_id, player_suffered_id, team_suffered_id, game_suffered_id, shot_id, turnover_id, foul_id, rebound_defensive_01, rebound_offensive_01, assist_01, blocks_01, time_out_01, x, y)VALUES(27580, 23, 7314, 1646, 25009, NULL, NULL, NULL, NULL, NULL, NULL, '1', '', '', '', '', 72, 23);

INSERT INTO play(id, game_id, seconds_start, seconds_end, quarter, attack_home_01, score_home, score_guest)VALUES(27581, 25009, 506, 524, 1, '0', 12, 22);
INSERT INTO player_team_game_play(player_id, team_id, game_id, play_id, seconds_start, seconds_end) VALUES(4692, 1649, 25009, 27581, 506, 524);
INSERT INTO player_team_game_play(player_id, team_id, game_id, play_id, seconds_start, seconds_end) VALUES(2103, 1649, 25009, 27581, 506, 524);
INSERT INTO player_team_game_play(player_id, team_id, game_id, play_id, seconds_start, seconds_end) VALUES(7404, 1649, 25009, 27581, 506, 524);
INSERT INTO player_team_game_play(player_id, team_id, game_id, play_id, seconds_start, seconds_end) VALUES(7405, 1649, 25009, 27581, 506, 524);
INSERT INTO player_team_game_play(player_id, team_id, game_id, play_id, seconds_start, seconds_end) VALUES(1775, 1649, 25009, 27581, 506, 524);
INSERT INTO player_team_game_play(player_id, team_id, game_id, play_id, seconds_start, seconds_end) VALUES(418, 1646, 25009, 27581, 506, 524);
INSERT INTO player_team_game_play(player_id, team_id, game_id, play_id, seconds_start, seconds_end) VALUES(4162, 1646, 25009, 27581, 506, 524);
INSERT INTO player_team_game_play(player_id, team_id, game_id, play_id, seconds_start, seconds_end) VALUES(7314, 1646, 25009, 27581, 506, 524);
INSERT INTO player_team_game_play(player_id, team_id, game_id, play_id, seconds_start, seconds_end) VALUES(7462, 1646, 25009, 27581, 506, 524);
INSERT INTO player_team_game_play(player_id, team_id, game_id, play_id, seconds_start, seconds_end) VALUES(1774, 1646, 25009, 27581, 506, 524);
INSERT INTO lba.sub_play (play_id, seconds_da_start, player_made_id, team_made_id, game_made_id, player_suffered_id, team_suffered_id, game_suffered_id, shot_id, turnover_id, foul_id, rebound_defensive_01, rebound_offensive_01, assist_01, blocks_01, time_out_01, x, y)VALUES(27581, 18, 418, 1646, 25009, NULL, NULL, NULL, 1, NULL, NULL, '', '', '', '', '', 6, 45);
INSERT INTO lba.sub_play (play_id, seconds_da_start, player_made_id, team_made_id, game_made_id, player_suffered_id, team_suffered_id, game_suffered_id, shot_id, turnover_id, foul_id, rebound_defensive_01, rebound_offensive_01, assist_01, blocks_01, time_out_01, x, y)VALUES(27581, 18, 4162, 1646, 25009, NULL, NULL, NULL, NULL, NULL, NULL, '', '', '1', '', '', 6, 45);

INSERT INTO play(id, game_id, seconds_start, seconds_end, quarter, attack_home_01, score_home, score_guest)VALUES(27582, 25009, 524, 552, 1, '1', 15, 22);
INSERT INTO player_team_game_play(player_id, team_id, game_id, play_id, seconds_start, seconds_end) VALUES(4692, 1649, 25009, 27582, 524, 552);
INSERT INTO player_team_game_play(player_id, team_id, game_id, play_id, seconds_start, seconds_end) VALUES(2103, 1649, 25009, 27582, 524, 552);
INSERT INTO player_team_game_play(player_id, team_id, game_id, play_id, seconds_start, seconds_end) VALUES(7404, 1649, 25009, 27582, 524, 552);
INSERT INTO player_team_game_play(player_id, team_id, game_id, play_id, seconds_start, seconds_end) VALUES(7405, 1649, 25009, 27582, 524, 552);
INSERT INTO player_team_game_play(player_id, team_id, game_id, play_id, seconds_start, seconds_end) VALUES(1775, 1649, 25009, 27582, 524, 552);
INSERT INTO player_team_game_play(player_id, team_id, game_id, play_id, seconds_start, seconds_end) VALUES(418, 1646, 25009, 27582, 524, 552);
INSERT INTO player_team_game_play(player_id, team_id, game_id, play_id, seconds_start, seconds_end) VALUES(4162, 1646, 25009, 27582, 524, 552);
INSERT INTO player_team_game_play(player_id, team_id, game_id, play_id, seconds_start, seconds_end) VALUES(7314, 1646, 25009, 27582, 524, 552);
INSERT INTO player_team_game_play(player_id, team_id, game_id, play_id, seconds_start, seconds_end) VALUES(7462, 1646, 25009, 27582, 524, 552);
INSERT INTO player_team_game_play(player_id, team_id, game_id, play_id, seconds_start, seconds_end) VALUES(1774, 1646, 25009, 27582, 524, 552);
INSERT INTO lba.sub_play (play_id, seconds_da_start, player_made_id, team_made_id, game_made_id, player_suffered_id, team_suffered_id, game_suffered_id, shot_id, turnover_id, foul_id, rebound_defensive_01, rebound_offensive_01, assist_01, blocks_01, time_out_01, x, y)VALUES(27582, 18, 7404, 1649, 25009, NULL, NULL, NULL, 4, NULL, NULL, '', '', '', '', '', 74, 91);
INSERT INTO lba.sub_play (play_id, seconds_da_start, player_made_id, team_made_id, game_made_id, player_suffered_id, team_suffered_id, game_suffered_id, shot_id, turnover_id, foul_id, rebound_defensive_01, rebound_offensive_01, assist_01, blocks_01, time_out_01, x, y)VALUES(27582, 18, 1775, 1649, 25009, NULL, NULL, NULL, NULL, NULL, NULL, '', '1', '', '', '', 74, 91);
INSERT INTO lba.sub_play (play_id, seconds_da_start, player_made_id, team_made_id, game_made_id, player_suffered_id, team_suffered_id, game_suffered_id, shot_id, turnover_id, foul_id, rebound_defensive_01, rebound_offensive_01, assist_01, blocks_01, time_out_01, x, y)VALUES(27582, 28, 7404, 1649, 25009, NULL, NULL, NULL, 3, NULL, NULL, '', '', '', '', '', 75, 92);
INSERT INTO lba.sub_play (play_id, seconds_da_start, player_made_id, team_made_id, game_made_id, player_suffered_id, team_suffered_id, game_suffered_id, shot_id, turnover_id, foul_id, rebound_defensive_01, rebound_offensive_01, assist_01, blocks_01, time_out_01, x, y)VALUES(27582, 28, 7405, 1649, 25009, NULL, NULL, NULL, NULL, NULL, NULL, '', '', '1', '', '', 75, 92);

INSERT INTO play(id, game_id, seconds_start, seconds_end, quarter, attack_home_01, score_home, score_guest)VALUES(27583, 25009, 552, 567, 1, '0', 15, 25);
INSERT INTO player_team_game_play(player_id, team_id, game_id, play_id, seconds_start, seconds_end) VALUES(4692, 1649, 25009, 27583, 552, 567);
INSERT INTO player_team_game_play(player_id, team_id, game_id, play_id, seconds_start, seconds_end) VALUES(2103, 1649, 25009, 27583, 552, 567);
INSERT INTO player_team_game_play(player_id, team_id, game_id, play_id, seconds_start, seconds_end) VALUES(7404, 1649, 25009, 27583, 552, 567);
INSERT INTO player_team_game_play(player_id, team_id, game_id, play_id, seconds_start, seconds_end) VALUES(7405, 1649, 25009, 27583, 552, 567);
INSERT INTO player_team_game_play(player_id, team_id, game_id, play_id, seconds_start, seconds_end) VALUES(1775, 1649, 25009, 27583, 552, 567);
INSERT INTO player_team_game_play(player_id, team_id, game_id, play_id, seconds_start, seconds_end) VALUES(418, 1646, 25009, 27583, 552, 567);
INSERT INTO player_team_game_play(player_id, team_id, game_id, play_id, seconds_start, seconds_end) VALUES(4162, 1646, 25009, 27583, 552, 567);
INSERT INTO player_team_game_play(player_id, team_id, game_id, play_id, seconds_start, seconds_end) VALUES(7314, 1646, 25009, 27583, 552, 567);
INSERT INTO player_team_game_play(player_id, team_id, game_id, play_id, seconds_start, seconds_end) VALUES(7462, 1646, 25009, 27583, 552, 567);
INSERT INTO player_team_game_play(player_id, team_id, game_id, play_id, seconds_start, seconds_end) VALUES(1774, 1646, 25009, 27583, 552, 567);
INSERT INTO lba.sub_play (play_id, seconds_da_start, player_made_id, team_made_id, game_made_id, player_suffered_id, team_suffered_id, game_suffered_id, shot_id, turnover_id, foul_id, rebound_defensive_01, rebound_offensive_01, assist_01, blocks_01, time_out_01, x, y)VALUES(27583, 15, 7462, 1646, 25009, NULL, NULL, NULL, 3, NULL, NULL, '', '', '', '', '', 32, 27);
INSERT INTO lba.sub_play (play_id, seconds_da_start, player_made_id, team_made_id, game_made_id, player_suffered_id, team_suffered_id, game_suffered_id, shot_id, turnover_id, foul_id, rebound_defensive_01, rebound_offensive_01, assist_01, blocks_01, time_out_01, x, y)VALUES(27583, 15, 4162, 1646, 25009, NULL, NULL, NULL, NULL, NULL, NULL, '', '', '1', '', '', 32, 27);

INSERT INTO play(id, game_id, seconds_start, seconds_end, quarter, attack_home_01, score_home, score_guest)VALUES(27584, 25009, 567, 593, 1, '1', 15, 25);
INSERT INTO player_team_game_play(player_id, team_id, game_id, play_id, seconds_start, seconds_end) VALUES(4692, 1649, 25009, 27584, 567, 593);
INSERT INTO player_team_game_play(player_id, team_id, game_id, play_id, seconds_start, seconds_end) VALUES(2103, 1649, 25009, 27584, 567, 593);
INSERT INTO player_team_game_play(player_id, team_id, game_id, play_id, seconds_start, seconds_end) VALUES(7404, 1649, 25009, 27584, 567, 593);
INSERT INTO player_team_game_play(player_id, team_id, game_id, play_id, seconds_start, seconds_end) VALUES(7405, 1649, 25009, 27584, 567, 593);
INSERT INTO player_team_game_play(player_id, team_id, game_id, play_id, seconds_start, seconds_end) VALUES(1775, 1649, 25009, 27584, 567, 593);
INSERT INTO player_team_game_play(player_id, team_id, game_id, play_id, seconds_start, seconds_end) VALUES(418, 1646, 25009, 27584, 567, 593);
INSERT INTO player_team_game_play(player_id, team_id, game_id, play_id, seconds_start, seconds_end) VALUES(4162, 1646, 25009, 27584, 567, 593);
INSERT INTO player_team_game_play(player_id, team_id, game_id, play_id, seconds_start, seconds_end) VALUES(7314, 1646, 25009, 27584, 567, 593);
INSERT INTO player_team_game_play(player_id, team_id, game_id, play_id, seconds_start, seconds_end) VALUES(7462, 1646, 25009, 27584, 567, 593);
INSERT INTO player_team_game_play(player_id, team_id, game_id, play_id, seconds_start, seconds_end) VALUES(1774, 1646, 25009, 27584, 567, 593);
INSERT INTO lba.sub_play (play_id, seconds_da_start, player_made_id, team_made_id, game_made_id, player_suffered_id, team_suffered_id, game_suffered_id, shot_id, turnover_id, foul_id, rebound_defensive_01, rebound_offensive_01, assist_01, blocks_01, time_out_01, x, y)VALUES(27584, 26, 7405, 1649, 25009, NULL, NULL, NULL, 4, NULL, NULL, '', '', '', '', '', 66, 64);
INSERT INTO lba.sub_play (play_id, seconds_da_start, player_made_id, team_made_id, game_made_id, player_suffered_id, team_suffered_id, game_suffered_id, shot_id, turnover_id, foul_id, rebound_defensive_01, rebound_offensive_01, assist_01, blocks_01, time_out_01, x, y)VALUES(27584, 26, 418, 1646, 25009, NULL, NULL, NULL, NULL, NULL, NULL, '1', '', '', '', '', 66, 64);

INSERT INTO play(id, game_id, seconds_start, seconds_end, quarter, attack_home_01, score_home, score_guest)VALUES(27585, 25009, 593, 615, 2, '1', 15, 25);
INSERT INTO player_team_game_play(player_id, team_id, game_id, play_id, seconds_start, seconds_end) VALUES(4692, 1649, 25009, 27585, 593, 615);
INSERT INTO player_team_game_play(player_id, team_id, game_id, play_id, seconds_start, seconds_end) VALUES(2103, 1649, 25009, 27585, 593, 615);
INSERT INTO player_team_game_play(player_id, team_id, game_id, play_id, seconds_start, seconds_end) VALUES(7404, 1649, 25009, 27585, 593, 615);
INSERT INTO player_team_game_play(player_id, team_id, game_id, play_id, seconds_start, seconds_end) VALUES(7405, 1649, 25009, 27585, 593, 615);
INSERT INTO player_team_game_play(player_id, team_id, game_id, play_id, seconds_start, seconds_end) VALUES(1775, 1649, 25009, 27585, 593, 615);
INSERT INTO player_team_game_play(player_id, team_id, game_id, play_id, seconds_start, seconds_end) VALUES(418, 1646, 25009, 27585, 593, 615);
INSERT INTO player_team_game_play(player_id, team_id, game_id, play_id, seconds_start, seconds_end) VALUES(4162, 1646, 25009, 27585, 593, 615);
INSERT INTO player_team_game_play(player_id, team_id, game_id, play_id, seconds_start, seconds_end) VALUES(7314, 1646, 25009, 27585, 593, 615);
INSERT INTO player_team_game_play(player_id, team_id, game_id, play_id, seconds_start, seconds_end) VALUES(7462, 1646, 25009, 27585, 593, 615);
INSERT INTO player_team_game_play(player_id, team_id, game_id, play_id, seconds_start, seconds_end) VALUES(1774, 1646, 25009, 27585, 593, 615);
UPDATE player_team_game_play SET seconds_end = 600 WHERE player_id = 1775 AND game_id = 25009 AND play_id = 27585;
UPDATE player_team_game_play SET seconds_end = 600 WHERE player_id = 7404 AND game_id = 25009 AND play_id = 27585;
UPDATE player_team_game_play SET seconds_end = 600 WHERE player_id = 2103 AND game_id = 25009 AND play_id = 27585;
INSERT INTO player_team_game_play(player_id, team_id, game_id, play_id, seconds_start, seconds_end) VALUES(7406, 1649, 25009, 27585, 600, 615);
INSERT INTO player_team_game_play(player_id, team_id, game_id, play_id, seconds_start, seconds_end) VALUES(5150, 1649, 25009, 27585, 600, 615);
INSERT INTO player_team_game_play(player_id, team_id, game_id, play_id, seconds_start, seconds_end) VALUES(7015, 1649, 25009, 27585, 600, 615);
UPDATE player_team_game_play SET seconds_end = 600 WHERE player_id = 7314 AND game_id = 25009 AND play_id = 27585;
INSERT INTO player_team_game_play(player_id, team_id, game_id, play_id, seconds_start, seconds_end) VALUES(6328, 1646, 25009, 27585, 600, 615);
INSERT INTO lba.sub_play (play_id, seconds_da_start, player_made_id, team_made_id, game_made_id, player_suffered_id, team_suffered_id, game_suffered_id, shot_id, turnover_id, foul_id, rebound_defensive_01, rebound_offensive_01, assist_01, blocks_01, time_out_01, x, y)VALUES(27585, 6, 418, 1646, 25009, NULL, NULL, NULL, 4, NULL, NULL, '', '', '', '', '', 48, 49);
INSERT INTO lba.sub_play (play_id, seconds_da_start, player_made_id, team_made_id, game_made_id, player_suffered_id, team_suffered_id, game_suffered_id, shot_id, turnover_id, foul_id, rebound_defensive_01, rebound_offensive_01, assist_01, blocks_01, time_out_01, x, y)VALUES(27585, 22, 7015, 1649, 25009, NULL, NULL, NULL, 2, NULL, NULL, '', '', '', '', '', 93, 55);
INSERT INTO lba.sub_play (play_id, seconds_da_start, player_made_id, team_made_id, game_made_id, player_suffered_id, team_suffered_id, game_suffered_id, shot_id, turnover_id, foul_id, rebound_defensive_01, rebound_offensive_01, assist_01, blocks_01, time_out_01, x, y)VALUES(27585, 22, 6328, 1646, 25009, NULL, NULL, NULL, NULL, NULL, NULL, '1', '', '', '', '', 93, 55);

INSERT INTO play(id, game_id, seconds_start, seconds_end, quarter, attack_home_01, score_home, score_guest)VALUES(27586, 25009, 615, 631, 2, '0', 15, 25);
INSERT INTO player_team_game_play(player_id, team_id, game_id, play_id, seconds_start, seconds_end) VALUES(4692, 1649, 25009, 27586, 615, 631);
INSERT INTO player_team_game_play(player_id, team_id, game_id, play_id, seconds_start, seconds_end) VALUES(7015, 1649, 25009, 27586, 615, 631);
INSERT INTO player_team_game_play(player_id, team_id, game_id, play_id, seconds_start, seconds_end) VALUES(5150, 1649, 25009, 27586, 615, 631);
INSERT INTO player_team_game_play(player_id, team_id, game_id, play_id, seconds_start, seconds_end) VALUES(7405, 1649, 25009, 27586, 615, 631);
INSERT INTO player_team_game_play(player_id, team_id, game_id, play_id, seconds_start, seconds_end) VALUES(7406, 1649, 25009, 27586, 615, 631);
INSERT INTO player_team_game_play(player_id, team_id, game_id, play_id, seconds_start, seconds_end) VALUES(418, 1646, 25009, 27586, 615, 631);
INSERT INTO player_team_game_play(player_id, team_id, game_id, play_id, seconds_start, seconds_end) VALUES(4162, 1646, 25009, 27586, 615, 631);
INSERT INTO player_team_game_play(player_id, team_id, game_id, play_id, seconds_start, seconds_end) VALUES(7462, 1646, 25009, 27586, 615, 631);
INSERT INTO player_team_game_play(player_id, team_id, game_id, play_id, seconds_start, seconds_end) VALUES(6328, 1646, 25009, 27586, 615, 631);
INSERT INTO player_team_game_play(player_id, team_id, game_id, play_id, seconds_start, seconds_end) VALUES(1774, 1646, 25009, 27586, 615, 631);
INSERT INTO lba.sub_play (play_id, seconds_da_start, player_made_id, team_made_id, game_made_id, player_suffered_id, team_suffered_id, game_suffered_id, shot_id, turnover_id, foul_id, rebound_defensive_01, rebound_offensive_01, assist_01, blocks_01, time_out_01, x, y)VALUES(27586, 16, 7462, 1646, 25009, NULL, NULL, NULL, 2, NULL, NULL, '', '', '', '', '', 7, 44);
INSERT INTO lba.sub_play (play_id, seconds_da_start, player_made_id, team_made_id, game_made_id, player_suffered_id, team_suffered_id, game_suffered_id, shot_id, turnover_id, foul_id, rebound_defensive_01, rebound_offensive_01, assist_01, blocks_01, time_out_01, x, y)VALUES(27586, 16, 7406, 1649, 25009, 7462, 1646, 25009, NULL, NULL, NULL, '', '', '', '1', '', 7, 44);
INSERT INTO lba.sub_play (play_id, seconds_da_start, player_made_id, team_made_id, game_made_id, player_suffered_id, team_suffered_id, game_suffered_id, shot_id, turnover_id, foul_id, rebound_defensive_01, rebound_offensive_01, assist_01, blocks_01, time_out_01, x, y)VALUES(27586, 16, 7015, 1649, 25009, NULL, NULL, NULL, NULL, NULL, NULL, '1', '', '', '', '', 7, 44);

INSERT INTO play(id, game_id, seconds_start, seconds_end, quarter, attack_home_01, score_home, score_guest)VALUES(27587, 25009, 631, 639, 2, '1', 18, 25);
INSERT INTO player_team_game_play(player_id, team_id, game_id, play_id, seconds_start, seconds_end) VALUES(4692, 1649, 25009, 27587, 631, 639);
INSERT INTO player_team_game_play(player_id, team_id, game_id, play_id, seconds_start, seconds_end) VALUES(7015, 1649, 25009, 27587, 631, 639);
INSERT INTO player_team_game_play(player_id, team_id, game_id, play_id, seconds_start, seconds_end) VALUES(5150, 1649, 25009, 27587, 631, 639);
INSERT INTO player_team_game_play(player_id, team_id, game_id, play_id, seconds_start, seconds_end) VALUES(7405, 1649, 25009, 27587, 631, 639);
INSERT INTO player_team_game_play(player_id, team_id, game_id, play_id, seconds_start, seconds_end) VALUES(7406, 1649, 25009, 27587, 631, 639);
INSERT INTO player_team_game_play(player_id, team_id, game_id, play_id, seconds_start, seconds_end) VALUES(418, 1646, 25009, 27587, 631, 639);
INSERT INTO player_team_game_play(player_id, team_id, game_id, play_id, seconds_start, seconds_end) VALUES(4162, 1646, 25009, 27587, 631, 639);
INSERT INTO player_team_game_play(player_id, team_id, game_id, play_id, seconds_start, seconds_end) VALUES(7462, 1646, 25009, 27587, 631, 639);
INSERT INTO player_team_game_play(player_id, team_id, game_id, play_id, seconds_start, seconds_end) VALUES(6328, 1646, 25009, 27587, 631, 639);
INSERT INTO player_team_game_play(player_id, team_id, game_id, play_id, seconds_start, seconds_end) VALUES(1774, 1646, 25009, 27587, 631, 639);
INSERT INTO lba.sub_play (play_id, seconds_da_start, player_made_id, team_made_id, game_made_id, player_suffered_id, team_suffered_id, game_suffered_id, shot_id, turnover_id, foul_id, rebound_defensive_01, rebound_offensive_01, assist_01, blocks_01, time_out_01, x, y)VALUES(27587, 8, 7015, 1649, 25009, NULL, NULL, NULL, 3, NULL, NULL, '', '', '', '', '', 68, 55);
INSERT INTO lba.sub_play (play_id, seconds_da_start, player_made_id, team_made_id, game_made_id, player_suffered_id, team_suffered_id, game_suffered_id, shot_id, turnover_id, foul_id, rebound_defensive_01, rebound_offensive_01, assist_01, blocks_01, time_out_01, x, y)VALUES(27587, 8, 7405, 1649, 25009, NULL, NULL, NULL, NULL, NULL, NULL, '', '', '1', '', '', 68, 55);

INSERT INTO play(id, game_id, seconds_start, seconds_end, quarter, attack_home_01, score_home, score_guest)VALUES(27588, 25009, 639, 660, 2, '0', 18, 25);
INSERT INTO player_team_game_play(player_id, team_id, game_id, play_id, seconds_start, seconds_end) VALUES(4692, 1649, 25009, 27588, 639, 660);
INSERT INTO player_team_game_play(player_id, team_id, game_id, play_id, seconds_start, seconds_end) VALUES(7015, 1649, 25009, 27588, 639, 660);
INSERT INTO player_team_game_play(player_id, team_id, game_id, play_id, seconds_start, seconds_end) VALUES(5150, 1649, 25009, 27588, 639, 660);
INSERT INTO player_team_game_play(player_id, team_id, game_id, play_id, seconds_start, seconds_end) VALUES(7405, 1649, 25009, 27588, 639, 660);
INSERT INTO player_team_game_play(player_id, team_id, game_id, play_id, seconds_start, seconds_end) VALUES(7406, 1649, 25009, 27588, 639, 660);
INSERT INTO player_team_game_play(player_id, team_id, game_id, play_id, seconds_start, seconds_end) VALUES(418, 1646, 25009, 27588, 639, 660);
INSERT INTO player_team_game_play(player_id, team_id, game_id, play_id, seconds_start, seconds_end) VALUES(4162, 1646, 25009, 27588, 639, 660);
INSERT INTO player_team_game_play(player_id, team_id, game_id, play_id, seconds_start, seconds_end) VALUES(7462, 1646, 25009, 27588, 639, 660);
INSERT INTO player_team_game_play(player_id, team_id, game_id, play_id, seconds_start, seconds_end) VALUES(6328, 1646, 25009, 27588, 639, 660);
INSERT INTO player_team_game_play(player_id, team_id, game_id, play_id, seconds_start, seconds_end) VALUES(1774, 1646, 25009, 27588, 639, 660);
INSERT INTO lba.sub_play (play_id, seconds_da_start, player_made_id, team_made_id, game_made_id, player_suffered_id, team_suffered_id, game_suffered_id, shot_id, turnover_id, foul_id, rebound_defensive_01, rebound_offensive_01, assist_01, blocks_01, time_out_01, x, y)VALUES(27588, 21, 4162, 1646, 25009, NULL, NULL, NULL, 4, NULL, NULL, '', '', '', '', '', 34, 38);
INSERT INTO lba.sub_play (play_id, seconds_da_start, player_made_id, team_made_id, game_made_id, player_suffered_id, team_suffered_id, game_suffered_id, shot_id, turnover_id, foul_id, rebound_defensive_01, rebound_offensive_01, assist_01, blocks_01, time_out_01, x, y)VALUES(27588, 21, 7406, 1649, 25009, NULL, NULL, NULL, NULL, NULL, NULL, '1', '', '', '', '', 34, 38);

INSERT INTO play(id, game_id, seconds_start, seconds_end, quarter, attack_home_01, score_home, score_guest)VALUES(27589, 25009, 660, 686, 2, '1', 18, 25);
INSERT INTO player_team_game_play(player_id, team_id, game_id, play_id, seconds_start, seconds_end) VALUES(4692, 1649, 25009, 27589, 660, 686);
INSERT INTO player_team_game_play(player_id, team_id, game_id, play_id, seconds_start, seconds_end) VALUES(7015, 1649, 25009, 27589, 660, 686);
INSERT INTO player_team_game_play(player_id, team_id, game_id, play_id, seconds_start, seconds_end) VALUES(5150, 1649, 25009, 27589, 660, 686);
INSERT INTO player_team_game_play(player_id, team_id, game_id, play_id, seconds_start, seconds_end) VALUES(7405, 1649, 25009, 27589, 660, 686);
INSERT INTO player_team_game_play(player_id, team_id, game_id, play_id, seconds_start, seconds_end) VALUES(7406, 1649, 25009, 27589, 660, 686);
INSERT INTO player_team_game_play(player_id, team_id, game_id, play_id, seconds_start, seconds_end) VALUES(418, 1646, 25009, 27589, 660, 686);
INSERT INTO player_team_game_play(player_id, team_id, game_id, play_id, seconds_start, seconds_end) VALUES(4162, 1646, 25009, 27589, 660, 686);
INSERT INTO player_team_game_play(player_id, team_id, game_id, play_id, seconds_start, seconds_end) VALUES(7462, 1646, 25009, 27589, 660, 686);
INSERT INTO player_team_game_play(player_id, team_id, game_id, play_id, seconds_start, seconds_end) VALUES(6328, 1646, 25009, 27589, 660, 686);
INSERT INTO player_team_game_play(player_id, team_id, game_id, play_id, seconds_start, seconds_end) VALUES(1774, 1646, 25009, 27589, 660, 686);
UPDATE player_team_game_play SET seconds_end = 686 WHERE player_id = 418 AND game_id = 25009 AND play_id = 27589;
INSERT INTO player_team_game_play(player_id, team_id, game_id, play_id, seconds_start, seconds_end) VALUES(6223, 1646, 25009, 27589, 686, 686);
INSERT INTO lba.sub_play (play_id, seconds_da_start, player_made_id, team_made_id, game_made_id, player_suffered_id, team_suffered_id, game_suffered_id, shot_id, turnover_id, foul_id, rebound_defensive_01, rebound_offensive_01, assist_01, blocks_01, time_out_01, x, y)VALUES(27589, 19, 7015, 1649, 25009, NULL, NULL, NULL, 4, NULL, NULL, '', '', '', '', '', 67, 43);
INSERT INTO lba.sub_play (play_id, seconds_da_start, player_made_id, team_made_id, game_made_id, player_suffered_id, team_suffered_id, game_suffered_id, shot_id, turnover_id, foul_id, rebound_defensive_01, rebound_offensive_01, assist_01, blocks_01, time_out_01, x, y)VALUES(27589, 19, 4692, 1649, 25009, NULL, NULL, NULL, NULL, NULL, NULL, '', '1', '', '', '', 67, 43);
INSERT INTO lba.sub_play (play_id, seconds_da_start, player_made_id, team_made_id, game_made_id, player_suffered_id, team_suffered_id, game_suffered_id, shot_id, turnover_id, foul_id, rebound_defensive_01, rebound_offensive_01, assist_01, blocks_01, time_out_01, x, y)VALUES(27589, 28, 5150, 1649, 25009, NULL, NULL, NULL, 3, NULL, NULL, '', '', '', '', '', 69, 33);
INSERT INTO lba.sub_play (play_id, seconds_da_start, player_made_id, team_made_id, game_made_id, player_suffered_id, team_suffered_id, game_suffered_id, shot_id, turnover_id, foul_id, rebound_defensive_01, rebound_offensive_01, assist_01, blocks_01, time_out_01, x, y)VALUES(27589, 28, 4692, 1649, 25009, NULL, NULL, NULL, NULL, NULL, NULL, '', '', '1', '', '', 69, 33);

INSERT INTO play(id, game_id, seconds_start, seconds_end, quarter, attack_home_01, score_home, score_guest)VALUES(27590, 25009, 686, 699, 2, '0', 21, 27);
INSERT INTO player_team_game_play(player_id, team_id, game_id, play_id, seconds_start, seconds_end) VALUES(4692, 1649, 25009, 27590, 686, 699);
INSERT INTO player_team_game_play(player_id, team_id, game_id, play_id, seconds_start, seconds_end) VALUES(7015, 1649, 25009, 27590, 686, 699);
INSERT INTO player_team_game_play(player_id, team_id, game_id, play_id, seconds_start, seconds_end) VALUES(5150, 1649, 25009, 27590, 686, 699);
INSERT INTO player_team_game_play(player_id, team_id, game_id, play_id, seconds_start, seconds_end) VALUES(7405, 1649, 25009, 27590, 686, 699);
INSERT INTO player_team_game_play(player_id, team_id, game_id, play_id, seconds_start, seconds_end) VALUES(7406, 1649, 25009, 27590, 686, 699);
INSERT INTO player_team_game_play(player_id, team_id, game_id, play_id, seconds_start, seconds_end) VALUES(418, 1646, 25009, 27590, 686, 699);
INSERT INTO player_team_game_play(player_id, team_id, game_id, play_id, seconds_start, seconds_end) VALUES(4162, 1646, 25009, 27590, 686, 699);
INSERT INTO player_team_game_play(player_id, team_id, game_id, play_id, seconds_start, seconds_end) VALUES(7462, 1646, 25009, 27590, 686, 699);
INSERT INTO player_team_game_play(player_id, team_id, game_id, play_id, seconds_start, seconds_end) VALUES(6328, 1646, 25009, 27590, 686, 699);
INSERT INTO player_team_game_play(player_id, team_id, game_id, play_id, seconds_start, seconds_end) VALUES(1774, 1646, 25009, 27590, 686, 699);
UPDATE player_team_game_play SET seconds_end = 686 WHERE player_id = 418 AND game_id = 25009 AND play_id = 27590;
INSERT INTO player_team_game_play(player_id, team_id, game_id, play_id, seconds_start, seconds_end) VALUES(6223, 1646, 25009, 27590, 686, 699);
INSERT INTO lba.sub_play (play_id, seconds_da_start, player_made_id, team_made_id, game_made_id, player_suffered_id, team_suffered_id, game_suffered_id, shot_id, turnover_id, foul_id, rebound_defensive_01, rebound_offensive_01, assist_01, blocks_01, time_out_01, x, y)VALUES(27590, 13, 6223, 1646, 25009, NULL, NULL, NULL, 1, NULL, NULL, '', '', '', '', '', 7, 57);

INSERT INTO play(id, game_id, seconds_start, seconds_end, quarter, attack_home_01, score_home, score_guest)VALUES(27591, 25009, 699, 715, 2, '1', 23, 27);
INSERT INTO player_team_game_play(player_id, team_id, game_id, play_id, seconds_start, seconds_end) VALUES(4692, 1649, 25009, 27591, 699, 715);
INSERT INTO player_team_game_play(player_id, team_id, game_id, play_id, seconds_start, seconds_end) VALUES(7015, 1649, 25009, 27591, 699, 715);
INSERT INTO player_team_game_play(player_id, team_id, game_id, play_id, seconds_start, seconds_end) VALUES(5150, 1649, 25009, 27591, 699, 715);
INSERT INTO player_team_game_play(player_id, team_id, game_id, play_id, seconds_start, seconds_end) VALUES(7405, 1649, 25009, 27591, 699, 715);
INSERT INTO player_team_game_play(player_id, team_id, game_id, play_id, seconds_start, seconds_end) VALUES(7406, 1649, 25009, 27591, 699, 715);
INSERT INTO player_team_game_play(player_id, team_id, game_id, play_id, seconds_start, seconds_end) VALUES(4162, 1646, 25009, 27591, 699, 715);
INSERT INTO player_team_game_play(player_id, team_id, game_id, play_id, seconds_start, seconds_end) VALUES(7462, 1646, 25009, 27591, 699, 715);
INSERT INTO player_team_game_play(player_id, team_id, game_id, play_id, seconds_start, seconds_end) VALUES(6328, 1646, 25009, 27591, 699, 715);
INSERT INTO player_team_game_play(player_id, team_id, game_id, play_id, seconds_start, seconds_end) VALUES(1774, 1646, 25009, 27591, 699, 715);
INSERT INTO player_team_game_play(player_id, team_id, game_id, play_id, seconds_start, seconds_end) VALUES(6223, 1646, 25009, 27591, 699, 715);
INSERT INTO lba.sub_play (play_id, seconds_da_start, player_made_id, team_made_id, game_made_id, player_suffered_id, team_suffered_id, game_suffered_id, shot_id, turnover_id, foul_id, rebound_defensive_01, rebound_offensive_01, assist_01, blocks_01, time_out_01, x, y)VALUES(27591, 16, 5150, 1649, 25009, NULL, NULL, NULL, 1, NULL, NULL, '', '', '', '', '', 91, 50);

INSERT INTO play(id, game_id, seconds_start, seconds_end, quarter, attack_home_01, score_home, score_guest)VALUES(27592, 25009, 715, 735, 2, '0', 23, 27);
INSERT INTO player_team_game_play(player_id, team_id, game_id, play_id, seconds_start, seconds_end) VALUES(4692, 1649, 25009, 27592, 715, 735);
INSERT INTO player_team_game_play(player_id, team_id, game_id, play_id, seconds_start, seconds_end) VALUES(7015, 1649, 25009, 27592, 715, 735);
INSERT INTO player_team_game_play(player_id, team_id, game_id, play_id, seconds_start, seconds_end) VALUES(5150, 1649, 25009, 27592, 715, 735);
INSERT INTO player_team_game_play(player_id, team_id, game_id, play_id, seconds_start, seconds_end) VALUES(7405, 1649, 25009, 27592, 715, 735);
INSERT INTO player_team_game_play(player_id, team_id, game_id, play_id, seconds_start, seconds_end) VALUES(7406, 1649, 25009, 27592, 715, 735);
INSERT INTO player_team_game_play(player_id, team_id, game_id, play_id, seconds_start, seconds_end) VALUES(4162, 1646, 25009, 27592, 715, 735);
INSERT INTO player_team_game_play(player_id, team_id, game_id, play_id, seconds_start, seconds_end) VALUES(7462, 1646, 25009, 27592, 715, 735);
INSERT INTO player_team_game_play(player_id, team_id, game_id, play_id, seconds_start, seconds_end) VALUES(6328, 1646, 25009, 27592, 715, 735);
INSERT INTO player_team_game_play(player_id, team_id, game_id, play_id, seconds_start, seconds_end) VALUES(1774, 1646, 25009, 27592, 715, 735);
INSERT INTO player_team_game_play(player_id, team_id, game_id, play_id, seconds_start, seconds_end) VALUES(6223, 1646, 25009, 27592, 715, 735);
INSERT INTO lba.sub_play (play_id, seconds_da_start, player_made_id, team_made_id, game_made_id, player_suffered_id, team_suffered_id, game_suffered_id, shot_id, turnover_id, foul_id, rebound_defensive_01, rebound_offensive_01, assist_01, blocks_01, time_out_01, x, y)VALUES(27592, 20, 6328, 1646, 25009, NULL, NULL, NULL, 2, NULL, NULL, '', '', '', '', '', 9, 41);
INSERT INTO lba.sub_play (play_id, seconds_da_start, player_made_id, team_made_id, game_made_id, player_suffered_id, team_suffered_id, game_suffered_id, shot_id, turnover_id, foul_id, rebound_defensive_01, rebound_offensive_01, assist_01, blocks_01, time_out_01, x, y)VALUES(27592, 20, 7015, 1649, 25009, 6328, 1646, 25009, NULL, NULL, NULL, '', '', '', '1', '', 9, 41);
INSERT INTO lba.sub_play (play_id, seconds_da_start, player_made_id, team_made_id, game_made_id, player_suffered_id, team_suffered_id, game_suffered_id, shot_id, turnover_id, foul_id, rebound_defensive_01, rebound_offensive_01, assist_01, blocks_01, time_out_01, x, y)VALUES(27592, 20, 4692, 1649, 25009, NULL, NULL, NULL, NULL, NULL, NULL, '1', '', '', '', '', 9, 41);

INSERT INTO play(id, game_id, seconds_start, seconds_end, quarter, attack_home_01, score_home, score_guest)VALUES(27593, 25009, 735, 758, 2, '1', 25, 27);
INSERT INTO player_team_game_play(player_id, team_id, game_id, play_id, seconds_start, seconds_end) VALUES(4692, 1649, 25009, 27593, 735, 758);
INSERT INTO player_team_game_play(player_id, team_id, game_id, play_id, seconds_start, seconds_end) VALUES(7015, 1649, 25009, 27593, 735, 758);
INSERT INTO player_team_game_play(player_id, team_id, game_id, play_id, seconds_start, seconds_end) VALUES(5150, 1649, 25009, 27593, 735, 758);
INSERT INTO player_team_game_play(player_id, team_id, game_id, play_id, seconds_start, seconds_end) VALUES(7405, 1649, 25009, 27593, 735, 758);
INSERT INTO player_team_game_play(player_id, team_id, game_id, play_id, seconds_start, seconds_end) VALUES(7406, 1649, 25009, 27593, 735, 758);
INSERT INTO player_team_game_play(player_id, team_id, game_id, play_id, seconds_start, seconds_end) VALUES(4162, 1646, 25009, 27593, 735, 758);
INSERT INTO player_team_game_play(player_id, team_id, game_id, play_id, seconds_start, seconds_end) VALUES(7462, 1646, 25009, 27593, 735, 758);
INSERT INTO player_team_game_play(player_id, team_id, game_id, play_id, seconds_start, seconds_end) VALUES(6328, 1646, 25009, 27593, 735, 758);
INSERT INTO player_team_game_play(player_id, team_id, game_id, play_id, seconds_start, seconds_end) VALUES(1774, 1646, 25009, 27593, 735, 758);
INSERT INTO player_team_game_play(player_id, team_id, game_id, play_id, seconds_start, seconds_end) VALUES(6223, 1646, 25009, 27593, 735, 758);
UPDATE player_team_game_play SET seconds_end = 745 WHERE player_id = 4162 AND game_id = 25009 AND play_id = 27593;
UPDATE player_team_game_play SET seconds_end = 745 WHERE player_id = 1774 AND game_id = 25009 AND play_id = 27593;
INSERT INTO player_team_game_play(player_id, team_id, game_id, play_id, seconds_start, seconds_end) VALUES(2608, 1646, 25009, 27593, 745, 758);
INSERT INTO player_team_game_play(player_id, team_id, game_id, play_id, seconds_start, seconds_end) VALUES(45, 1646, 25009, 27593, 745, 758);
INSERT INTO lba.sub_play (play_id, seconds_da_start, player_made_id, team_made_id, game_made_id, player_suffered_id, team_suffered_id, game_suffered_id, shot_id, turnover_id, foul_id, rebound_defensive_01, rebound_offensive_01, assist_01, blocks_01, time_out_01, x, y)VALUES(27593, 15, 7406, 1649, 25009, NULL, NULL, NULL, 4, NULL, NULL, '', '', '', '', '', 71, 25);
INSERT INTO lba.sub_play (play_id, seconds_da_start, player_made_id, team_made_id, game_made_id, player_suffered_id, team_suffered_id, game_suffered_id, shot_id, turnover_id, foul_id, rebound_defensive_01, rebound_offensive_01, assist_01, blocks_01, time_out_01, x, y)VALUES(27593, 15, 7015, 1649, 25009, NULL, NULL, NULL, NULL, NULL, NULL, '', '1', '', '', '', 71, 25);
INSERT INTO lba.sub_play (play_id, seconds_da_start, player_made_id, team_made_id, game_made_id, player_suffered_id, team_suffered_id, game_suffered_id, shot_id, turnover_id, foul_id, rebound_defensive_01, rebound_offensive_01, assist_01, blocks_01, time_out_01, x, y)VALUES(27593, 23, 7405, 1649, 25009, NULL, NULL, NULL, 1, NULL, NULL, '', '', '', '', '', 93, 45);
INSERT INTO lba.sub_play (play_id, seconds_da_start, player_made_id, team_made_id, game_made_id, player_suffered_id, team_suffered_id, game_suffered_id, shot_id, turnover_id, foul_id, rebound_defensive_01, rebound_offensive_01, assist_01, blocks_01, time_out_01, x, y)VALUES(27593, 23, 7015, 1649, 25009, NULL, NULL, NULL, NULL, NULL, NULL, '', '', '1', '', '', 93, 45);

INSERT INTO play(id, game_id, seconds_start, seconds_end, quarter, attack_home_01, score_home, score_guest)VALUES(27594, 25009, 758, 779, 2, '0', 25, 29);
INSERT INTO player_team_game_play(player_id, team_id, game_id, play_id, seconds_start, seconds_end) VALUES(4692, 1649, 25009, 27594, 758, 779);
INSERT INTO player_team_game_play(player_id, team_id, game_id, play_id, seconds_start, seconds_end) VALUES(7015, 1649, 25009, 27594, 758, 779);
INSERT INTO player_team_game_play(player_id, team_id, game_id, play_id, seconds_start, seconds_end) VALUES(5150, 1649, 25009, 27594, 758, 779);
INSERT INTO player_team_game_play(player_id, team_id, game_id, play_id, seconds_start, seconds_end) VALUES(7405, 1649, 25009, 27594, 758, 779);
INSERT INTO player_team_game_play(player_id, team_id, game_id, play_id, seconds_start, seconds_end) VALUES(7406, 1649, 25009, 27594, 758, 779);
INSERT INTO player_team_game_play(player_id, team_id, game_id, play_id, seconds_start, seconds_end) VALUES(2608, 1646, 25009, 27594, 758, 779);
INSERT INTO player_team_game_play(player_id, team_id, game_id, play_id, seconds_start, seconds_end) VALUES(7462, 1646, 25009, 27594, 758, 779);
INSERT INTO player_team_game_play(player_id, team_id, game_id, play_id, seconds_start, seconds_end) VALUES(6328, 1646, 25009, 27594, 758, 779);
INSERT INTO player_team_game_play(player_id, team_id, game_id, play_id, seconds_start, seconds_end) VALUES(45, 1646, 25009, 27594, 758, 779);
INSERT INTO player_team_game_play(player_id, team_id, game_id, play_id, seconds_start, seconds_end) VALUES(6223, 1646, 25009, 27594, 758, 779);
INSERT INTO lba.sub_play (play_id, seconds_da_start, player_made_id, team_made_id, game_made_id, player_suffered_id, team_suffered_id, game_suffered_id, shot_id, turnover_id, foul_id, rebound_defensive_01, rebound_offensive_01, assist_01, blocks_01, time_out_01, x, y)VALUES(27594, 21, 6328, 1646, 25009, NULL, NULL, NULL, 1, NULL, NULL, '', '', '', '', '', 11, 70);

INSERT INTO play(id, game_id, seconds_start, seconds_end, quarter, attack_home_01, score_home, score_guest)VALUES(27595, 25009, 779, 793, 2, '1', 25, 29);
INSERT INTO player_team_game_play(player_id, team_id, game_id, play_id, seconds_start, seconds_end) VALUES(4692, 1649, 25009, 27595, 779, 793);
INSERT INTO player_team_game_play(player_id, team_id, game_id, play_id, seconds_start, seconds_end) VALUES(7015, 1649, 25009, 27595, 779, 793);
INSERT INTO player_team_game_play(player_id, team_id, game_id, play_id, seconds_start, seconds_end) VALUES(5150, 1649, 25009, 27595, 779, 793);
INSERT INTO player_team_game_play(player_id, team_id, game_id, play_id, seconds_start, seconds_end) VALUES(7405, 1649, 25009, 27595, 779, 793);
INSERT INTO player_team_game_play(player_id, team_id, game_id, play_id, seconds_start, seconds_end) VALUES(7406, 1649, 25009, 27595, 779, 793);
INSERT INTO player_team_game_play(player_id, team_id, game_id, play_id, seconds_start, seconds_end) VALUES(2608, 1646, 25009, 27595, 779, 793);
INSERT INTO player_team_game_play(player_id, team_id, game_id, play_id, seconds_start, seconds_end) VALUES(7462, 1646, 25009, 27595, 779, 793);
INSERT INTO player_team_game_play(player_id, team_id, game_id, play_id, seconds_start, seconds_end) VALUES(6328, 1646, 25009, 27595, 779, 793);
INSERT INTO player_team_game_play(player_id, team_id, game_id, play_id, seconds_start, seconds_end) VALUES(45, 1646, 25009, 27595, 779, 793);
INSERT INTO player_team_game_play(player_id, team_id, game_id, play_id, seconds_start, seconds_end) VALUES(6223, 1646, 25009, 27595, 779, 793);
INSERT INTO lba.sub_play (play_id, seconds_da_start, player_made_id, team_made_id, game_made_id, player_suffered_id, team_suffered_id, game_suffered_id, shot_id, turnover_id, foul_id, rebound_defensive_01, rebound_offensive_01, assist_01, blocks_01, time_out_01, x, y)VALUES(27595, 14, 5150, 1649, 25009, NULL, NULL, NULL, NULL, 4, NULL, '', '', '', '', '', 85, 45);

INSERT INTO play(id, game_id, seconds_start, seconds_end, quarter, attack_home_01, score_home, score_guest)VALUES(27596, 25009, 793, 814, 2, '0', 25, 29);
INSERT INTO player_team_game_play(player_id, team_id, game_id, play_id, seconds_start, seconds_end) VALUES(4692, 1649, 25009, 27596, 793, 814);
INSERT INTO player_team_game_play(player_id, team_id, game_id, play_id, seconds_start, seconds_end) VALUES(7015, 1649, 25009, 27596, 793, 814);
INSERT INTO player_team_game_play(player_id, team_id, game_id, play_id, seconds_start, seconds_end) VALUES(5150, 1649, 25009, 27596, 793, 814);
INSERT INTO player_team_game_play(player_id, team_id, game_id, play_id, seconds_start, seconds_end) VALUES(7405, 1649, 25009, 27596, 793, 814);
INSERT INTO player_team_game_play(player_id, team_id, game_id, play_id, seconds_start, seconds_end) VALUES(7406, 1649, 25009, 27596, 793, 814);
INSERT INTO player_team_game_play(player_id, team_id, game_id, play_id, seconds_start, seconds_end) VALUES(2608, 1646, 25009, 27596, 793, 814);
INSERT INTO player_team_game_play(player_id, team_id, game_id, play_id, seconds_start, seconds_end) VALUES(7462, 1646, 25009, 27596, 793, 814);
INSERT INTO player_team_game_play(player_id, team_id, game_id, play_id, seconds_start, seconds_end) VALUES(6328, 1646, 25009, 27596, 793, 814);
INSERT INTO player_team_game_play(player_id, team_id, game_id, play_id, seconds_start, seconds_end) VALUES(45, 1646, 25009, 27596, 793, 814);
INSERT INTO player_team_game_play(player_id, team_id, game_id, play_id, seconds_start, seconds_end) VALUES(6223, 1646, 25009, 27596, 793, 814);
INSERT INTO lba.sub_play (play_id, seconds_da_start, player_made_id, team_made_id, game_made_id, player_suffered_id, team_suffered_id, game_suffered_id, shot_id, turnover_id, foul_id, rebound_defensive_01, rebound_offensive_01, assist_01, blocks_01, time_out_01, x, y)VALUES(27596, 21, 7462, 1646, 25009, NULL, NULL, NULL, 2, NULL, NULL, '', '', '', '', '', 9, 45);
INSERT INTO lba.sub_play (play_id, seconds_da_start, player_made_id, team_made_id, game_made_id, player_suffered_id, team_suffered_id, game_suffered_id, shot_id, turnover_id, foul_id, rebound_defensive_01, rebound_offensive_01, assist_01, blocks_01, time_out_01, x, y)VALUES(27596, 21, 7015, 1649, 25009, 7462, 1646, 25009, NULL, NULL, NULL, '', '', '', '1', '', 9, 45);
INSERT INTO lba.sub_play (play_id, seconds_da_start, player_made_id, team_made_id, game_made_id, player_suffered_id, team_suffered_id, game_suffered_id, shot_id, turnover_id, foul_id, rebound_defensive_01, rebound_offensive_01, assist_01, blocks_01, time_out_01, x, y)VALUES(27596, 21, 5150, 1649, 25009, NULL, NULL, NULL, NULL, NULL, NULL, '1', '', '', '', '', 9, 45);

INSERT INTO play(id, game_id, seconds_start, seconds_end, quarter, attack_home_01, score_home, score_guest)VALUES(27597, 25009, 814, 828, 2, '1', 25, 29);
INSERT INTO player_team_game_play(player_id, team_id, game_id, play_id, seconds_start, seconds_end) VALUES(4692, 1649, 25009, 27597, 814, 828);
INSERT INTO player_team_game_play(player_id, team_id, game_id, play_id, seconds_start, seconds_end) VALUES(7015, 1649, 25009, 27597, 814, 828);
INSERT INTO player_team_game_play(player_id, team_id, game_id, play_id, seconds_start, seconds_end) VALUES(5150, 1649, 25009, 27597, 814, 828);
INSERT INTO player_team_game_play(player_id, team_id, game_id, play_id, seconds_start, seconds_end) VALUES(7405, 1649, 25009, 27597, 814, 828);
INSERT INTO player_team_game_play(player_id, team_id, game_id, play_id, seconds_start, seconds_end) VALUES(7406, 1649, 25009, 27597, 814, 828);
INSERT INTO player_team_game_play(player_id, team_id, game_id, play_id, seconds_start, seconds_end) VALUES(2608, 1646, 25009, 27597, 814, 828);
INSERT INTO player_team_game_play(player_id, team_id, game_id, play_id, seconds_start, seconds_end) VALUES(7462, 1646, 25009, 27597, 814, 828);
INSERT INTO player_team_game_play(player_id, team_id, game_id, play_id, seconds_start, seconds_end) VALUES(6328, 1646, 25009, 27597, 814, 828);
INSERT INTO player_team_game_play(player_id, team_id, game_id, play_id, seconds_start, seconds_end) VALUES(45, 1646, 25009, 27597, 814, 828);
INSERT INTO player_team_game_play(player_id, team_id, game_id, play_id, seconds_start, seconds_end) VALUES(6223, 1646, 25009, 27597, 814, 828);
INSERT INTO lba.sub_play (play_id, seconds_da_start, player_made_id, team_made_id, game_made_id, player_suffered_id, team_suffered_id, game_suffered_id, shot_id, turnover_id, foul_id, rebound_defensive_01, rebound_offensive_01, assist_01, blocks_01, time_out_01, x, y)VALUES(27597, 14, 7015, 1649, 25009, 6328, 1646, 25009, NULL, 1, NULL, '', '', '', '', '', 81, 63);

INSERT INTO play(id, game_id, seconds_start, seconds_end, quarter, attack_home_01, score_home, score_guest)VALUES(27598, 25009, 828, 846, 2, '0', 25, 31);
INSERT INTO player_team_game_play(player_id, team_id, game_id, play_id, seconds_start, seconds_end) VALUES(4692, 1649, 25009, 27598, 828, 846);
INSERT INTO player_team_game_play(player_id, team_id, game_id, play_id, seconds_start, seconds_end) VALUES(7015, 1649, 25009, 27598, 828, 846);
INSERT INTO player_team_game_play(player_id, team_id, game_id, play_id, seconds_start, seconds_end) VALUES(5150, 1649, 25009, 27598, 828, 846);
INSERT INTO player_team_game_play(player_id, team_id, game_id, play_id, seconds_start, seconds_end) VALUES(7405, 1649, 25009, 27598, 828, 846);
INSERT INTO player_team_game_play(player_id, team_id, game_id, play_id, seconds_start, seconds_end) VALUES(7406, 1649, 25009, 27598, 828, 846);
INSERT INTO player_team_game_play(player_id, team_id, game_id, play_id, seconds_start, seconds_end) VALUES(2608, 1646, 25009, 27598, 828, 846);
INSERT INTO player_team_game_play(player_id, team_id, game_id, play_id, seconds_start, seconds_end) VALUES(7462, 1646, 25009, 27598, 828, 846);
INSERT INTO player_team_game_play(player_id, team_id, game_id, play_id, seconds_start, seconds_end) VALUES(6328, 1646, 25009, 27598, 828, 846);
INSERT INTO player_team_game_play(player_id, team_id, game_id, play_id, seconds_start, seconds_end) VALUES(45, 1646, 25009, 27598, 828, 846);
INSERT INTO player_team_game_play(player_id, team_id, game_id, play_id, seconds_start, seconds_end) VALUES(6223, 1646, 25009, 27598, 828, 846);
UPDATE player_team_game_play SET seconds_end = 846 WHERE player_id = 4692 AND game_id = 25009 AND play_id = 27598;
INSERT INTO player_team_game_play(player_id, team_id, game_id, play_id, seconds_start, seconds_end) VALUES(3176, 1649, 25009, 27598, 846, 846);
INSERT INTO lba.sub_play (play_id, seconds_da_start, player_made_id, team_made_id, game_made_id, player_suffered_id, team_suffered_id, game_suffered_id, shot_id, turnover_id, foul_id, rebound_defensive_01, rebound_offensive_01, assist_01, blocks_01, time_out_01, x, y)VALUES(27598, 18, 6328, 1646, 25009, NULL, NULL, NULL, 1, NULL, NULL, '', '', '', '', '', 9, 56);
INSERT INTO lba.sub_play (play_id, seconds_da_start, player_made_id, team_made_id, game_made_id, player_suffered_id, team_suffered_id, game_suffered_id, shot_id, turnover_id, foul_id, rebound_defensive_01, rebound_offensive_01, assist_01, blocks_01, time_out_01, x, y)VALUES(27598, 18, 7462, 1646, 25009, NULL, NULL, NULL, NULL, NULL, NULL, '', '', '1', '', '', 9, 56);

INSERT INTO play(id, game_id, seconds_start, seconds_end, quarter, attack_home_01, score_home, score_guest)VALUES(27599, 25009, 846, 846, 2, '0', 25, 32);
INSERT INTO player_team_game_play(player_id, team_id, game_id, play_id, seconds_start, seconds_end) VALUES(4692, 1649, 25009, 27599, 846, 846);
INSERT INTO player_team_game_play(player_id, team_id, game_id, play_id, seconds_start, seconds_end) VALUES(7015, 1649, 25009, 27599, 846, 846);
INSERT INTO player_team_game_play(player_id, team_id, game_id, play_id, seconds_start, seconds_end) VALUES(5150, 1649, 25009, 27599, 846, 846);
INSERT INTO player_team_game_play(player_id, team_id, game_id, play_id, seconds_start, seconds_end) VALUES(7405, 1649, 25009, 27599, 846, 846);
INSERT INTO player_team_game_play(player_id, team_id, game_id, play_id, seconds_start, seconds_end) VALUES(7406, 1649, 25009, 27599, 846, 846);
INSERT INTO player_team_game_play(player_id, team_id, game_id, play_id, seconds_start, seconds_end) VALUES(2608, 1646, 25009, 27599, 846, 846);
INSERT INTO player_team_game_play(player_id, team_id, game_id, play_id, seconds_start, seconds_end) VALUES(7462, 1646, 25009, 27599, 846, 846);
INSERT INTO player_team_game_play(player_id, team_id, game_id, play_id, seconds_start, seconds_end) VALUES(6328, 1646, 25009, 27599, 846, 846);
INSERT INTO player_team_game_play(player_id, team_id, game_id, play_id, seconds_start, seconds_end) VALUES(45, 1646, 25009, 27599, 846, 846);
INSERT INTO player_team_game_play(player_id, team_id, game_id, play_id, seconds_start, seconds_end) VALUES(6223, 1646, 25009, 27599, 846, 846);
UPDATE player_team_game_play SET seconds_end = 846 WHERE player_id = 4692 AND game_id = 25009 AND play_id = 27599;
INSERT INTO player_team_game_play(player_id, team_id, game_id, play_id, seconds_start, seconds_end) VALUES(3176, 1649, 25009, 27599, 846, 846);
INSERT INTO lba.sub_play (play_id, seconds_da_start, player_made_id, team_made_id, game_made_id, player_suffered_id, team_suffered_id, game_suffered_id, shot_id, turnover_id, foul_id, rebound_defensive_01, rebound_offensive_01, assist_01, blocks_01, time_out_01, x, y)VALUES(27599, 0, 7406, 1649, 25009, 6328, 1646, 25009, NULL, NULL, 4, '', '', '', '', '', 9, 56);
INSERT INTO lba.sub_play (play_id, seconds_da_start, player_made_id, team_made_id, game_made_id, player_suffered_id, team_suffered_id, game_suffered_id, shot_id, turnover_id, foul_id, rebound_defensive_01, rebound_offensive_01, assist_01, blocks_01, time_out_01, x, y)VALUES(27599, 0, 6328, 1646, 25009, NULL, NULL, NULL, 5, NULL, NULL, '', '', '', '', '', NULL, NULL);

INSERT INTO play(id, game_id, seconds_start, seconds_end, quarter, attack_home_01, score_home, score_guest)VALUES(27600, 25009, 846, 863, 2, '1', 25, 32);
INSERT INTO player_team_game_play(player_id, team_id, game_id, play_id, seconds_start, seconds_end) VALUES(4692, 1649, 25009, 27600, 846, 863);
INSERT INTO player_team_game_play(player_id, team_id, game_id, play_id, seconds_start, seconds_end) VALUES(7015, 1649, 25009, 27600, 846, 863);
INSERT INTO player_team_game_play(player_id, team_id, game_id, play_id, seconds_start, seconds_end) VALUES(5150, 1649, 25009, 27600, 846, 863);
INSERT INTO player_team_game_play(player_id, team_id, game_id, play_id, seconds_start, seconds_end) VALUES(7405, 1649, 25009, 27600, 846, 863);
INSERT INTO player_team_game_play(player_id, team_id, game_id, play_id, seconds_start, seconds_end) VALUES(7406, 1649, 25009, 27600, 846, 863);
INSERT INTO player_team_game_play(player_id, team_id, game_id, play_id, seconds_start, seconds_end) VALUES(2608, 1646, 25009, 27600, 846, 863);
INSERT INTO player_team_game_play(player_id, team_id, game_id, play_id, seconds_start, seconds_end) VALUES(7462, 1646, 25009, 27600, 846, 863);
INSERT INTO player_team_game_play(player_id, team_id, game_id, play_id, seconds_start, seconds_end) VALUES(6328, 1646, 25009, 27600, 846, 863);
INSERT INTO player_team_game_play(player_id, team_id, game_id, play_id, seconds_start, seconds_end) VALUES(45, 1646, 25009, 27600, 846, 863);
INSERT INTO player_team_game_play(player_id, team_id, game_id, play_id, seconds_start, seconds_end) VALUES(6223, 1646, 25009, 27600, 846, 863);
UPDATE player_team_game_play SET seconds_end = 846 WHERE player_id = 4692 AND game_id = 25009 AND play_id = 27600;
INSERT INTO player_team_game_play(player_id, team_id, game_id, play_id, seconds_start, seconds_end) VALUES(3176, 1649, 25009, 27600, 846, 863);
INSERT INTO lba.sub_play (play_id, seconds_da_start, player_made_id, team_made_id, game_made_id, player_suffered_id, team_suffered_id, game_suffered_id, shot_id, turnover_id, foul_id, rebound_defensive_01, rebound_offensive_01, assist_01, blocks_01, time_out_01, x, y)VALUES(27600, 10, 2608, 1646, 25009, 5150, 1649, 25009, NULL, NULL, 1, '', '', '', '', '', 62, 50);
INSERT INTO lba.sub_play (play_id, seconds_da_start, player_made_id, team_made_id, game_made_id, player_suffered_id, team_suffered_id, game_suffered_id, shot_id, turnover_id, foul_id, rebound_defensive_01, rebound_offensive_01, assist_01, blocks_01, time_out_01, x, y)VALUES(27600, 17, 5150, 1649, 25009, NULL, NULL, NULL, 4, NULL, NULL, '', '', '', '', '', 72, 17);
INSERT INTO lba.sub_play (play_id, seconds_da_start, player_made_id, team_made_id, game_made_id, player_suffered_id, team_suffered_id, game_suffered_id, shot_id, turnover_id, foul_id, rebound_defensive_01, rebound_offensive_01, assist_01, blocks_01, time_out_01, x, y)VALUES(27600, 17, 6223, 1646, 25009, NULL, NULL, NULL, NULL, NULL, NULL, '1', '', '', '', '', 72, 17);

INSERT INTO play(id, game_id, seconds_start, seconds_end, quarter, attack_home_01, score_home, score_guest)VALUES(27601, 25009, 863, 886, 2, '0', 25, 32);
INSERT INTO player_team_game_play(player_id, team_id, game_id, play_id, seconds_start, seconds_end) VALUES(7015, 1649, 25009, 27601, 863, 886);
INSERT INTO player_team_game_play(player_id, team_id, game_id, play_id, seconds_start, seconds_end) VALUES(3176, 1649, 25009, 27601, 863, 886);
INSERT INTO player_team_game_play(player_id, team_id, game_id, play_id, seconds_start, seconds_end) VALUES(5150, 1649, 25009, 27601, 863, 886);
INSERT INTO player_team_game_play(player_id, team_id, game_id, play_id, seconds_start, seconds_end) VALUES(7405, 1649, 25009, 27601, 863, 886);
INSERT INTO player_team_game_play(player_id, team_id, game_id, play_id, seconds_start, seconds_end) VALUES(7406, 1649, 25009, 27601, 863, 886);
INSERT INTO player_team_game_play(player_id, team_id, game_id, play_id, seconds_start, seconds_end) VALUES(2608, 1646, 25009, 27601, 863, 886);
INSERT INTO player_team_game_play(player_id, team_id, game_id, play_id, seconds_start, seconds_end) VALUES(7462, 1646, 25009, 27601, 863, 886);
INSERT INTO player_team_game_play(player_id, team_id, game_id, play_id, seconds_start, seconds_end) VALUES(6328, 1646, 25009, 27601, 863, 886);
INSERT INTO player_team_game_play(player_id, team_id, game_id, play_id, seconds_start, seconds_end) VALUES(45, 1646, 25009, 27601, 863, 886);
INSERT INTO player_team_game_play(player_id, team_id, game_id, play_id, seconds_start, seconds_end) VALUES(6223, 1646, 25009, 27601, 863, 886);
INSERT INTO lba.sub_play (play_id, seconds_da_start, player_made_id, team_made_id, game_made_id, player_suffered_id, team_suffered_id, game_suffered_id, shot_id, turnover_id, foul_id, rebound_defensive_01, rebound_offensive_01, assist_01, blocks_01, time_out_01, x, y)VALUES(27601, 23, 6223, 1646, 25009, NULL, NULL, NULL, 4, NULL, NULL, '', '', '', '', '', 29, 24);

INSERT INTO play(id, game_id, seconds_start, seconds_end, quarter, attack_home_01, score_home, score_guest)VALUES(27602, 25009, 886, 906, 2, '1', 25, 32);
INSERT INTO player_team_game_play(player_id, team_id, game_id, play_id, seconds_start, seconds_end) VALUES(7015, 1649, 25009, 27602, 886, 906);
INSERT INTO player_team_game_play(player_id, team_id, game_id, play_id, seconds_start, seconds_end) VALUES(3176, 1649, 25009, 27602, 886, 906);
INSERT INTO player_team_game_play(player_id, team_id, game_id, play_id, seconds_start, seconds_end) VALUES(5150, 1649, 25009, 27602, 886, 906);
INSERT INTO player_team_game_play(player_id, team_id, game_id, play_id, seconds_start, seconds_end) VALUES(7405, 1649, 25009, 27602, 886, 906);
INSERT INTO player_team_game_play(player_id, team_id, game_id, play_id, seconds_start, seconds_end) VALUES(7406, 1649, 25009, 27602, 886, 906);
INSERT INTO player_team_game_play(player_id, team_id, game_id, play_id, seconds_start, seconds_end) VALUES(2608, 1646, 25009, 27602, 886, 906);
INSERT INTO player_team_game_play(player_id, team_id, game_id, play_id, seconds_start, seconds_end) VALUES(7462, 1646, 25009, 27602, 886, 906);
INSERT INTO player_team_game_play(player_id, team_id, game_id, play_id, seconds_start, seconds_end) VALUES(6328, 1646, 25009, 27602, 886, 906);
INSERT INTO player_team_game_play(player_id, team_id, game_id, play_id, seconds_start, seconds_end) VALUES(45, 1646, 25009, 27602, 886, 906);
INSERT INTO player_team_game_play(player_id, team_id, game_id, play_id, seconds_start, seconds_end) VALUES(6223, 1646, 25009, 27602, 886, 906);
UPDATE player_team_game_play SET seconds_end = 890 WHERE player_id = 7405 AND game_id = 25009 AND play_id = 27602;
INSERT INTO player_team_game_play(player_id, team_id, game_id, play_id, seconds_start, seconds_end) VALUES(6138, 1649, 25009, 27602, 890, 906);
UPDATE player_team_game_play SET seconds_end = 890 WHERE player_id = 6328 AND game_id = 25009 AND play_id = 27602;
UPDATE player_team_game_play SET seconds_end = 890 WHERE player_id = 7462 AND game_id = 25009 AND play_id = 27602;
INSERT INTO player_team_game_play(player_id, team_id, game_id, play_id, seconds_start, seconds_end) VALUES(5449, 1646, 25009, 27602, 890, 906);
INSERT INTO player_team_game_play(player_id, team_id, game_id, play_id, seconds_start, seconds_end) VALUES(1774, 1646, 25009, 27602, 890, 906);
INSERT INTO lba.sub_play (play_id, seconds_da_start, player_made_id, team_made_id, game_made_id, player_suffered_id, team_suffered_id, game_suffered_id, shot_id, turnover_id, foul_id, rebound_defensive_01, rebound_offensive_01, assist_01, blocks_01, time_out_01, x, y)VALUES(27602, 20, 7406, 1649, 25009, NULL, NULL, NULL, 2, NULL, NULL, '', '', '', '', '', 80, 42);
INSERT INTO lba.sub_play (play_id, seconds_da_start, player_made_id, team_made_id, game_made_id, player_suffered_id, team_suffered_id, game_suffered_id, shot_id, turnover_id, foul_id, rebound_defensive_01, rebound_offensive_01, assist_01, blocks_01, time_out_01, x, y)VALUES(27602, 20, 2608, 1646, 25009, NULL, NULL, NULL, NULL, NULL, NULL, '1', '', '', '', '', 80, 42);

INSERT INTO play(id, game_id, seconds_start, seconds_end, quarter, attack_home_01, score_home, score_guest)VALUES(27603, 25009, 906, 924, 2, '0', 25, 34);
INSERT INTO player_team_game_play(player_id, team_id, game_id, play_id, seconds_start, seconds_end) VALUES(7015, 1649, 25009, 27603, 906, 924);
INSERT INTO player_team_game_play(player_id, team_id, game_id, play_id, seconds_start, seconds_end) VALUES(3176, 1649, 25009, 27603, 906, 924);
INSERT INTO player_team_game_play(player_id, team_id, game_id, play_id, seconds_start, seconds_end) VALUES(5150, 1649, 25009, 27603, 906, 924);
INSERT INTO player_team_game_play(player_id, team_id, game_id, play_id, seconds_start, seconds_end) VALUES(6138, 1649, 25009, 27603, 906, 924);
INSERT INTO player_team_game_play(player_id, team_id, game_id, play_id, seconds_start, seconds_end) VALUES(7406, 1649, 25009, 27603, 906, 924);
INSERT INTO player_team_game_play(player_id, team_id, game_id, play_id, seconds_start, seconds_end) VALUES(2608, 1646, 25009, 27603, 906, 924);
INSERT INTO player_team_game_play(player_id, team_id, game_id, play_id, seconds_start, seconds_end) VALUES(5449, 1646, 25009, 27603, 906, 924);
INSERT INTO player_team_game_play(player_id, team_id, game_id, play_id, seconds_start, seconds_end) VALUES(45, 1646, 25009, 27603, 906, 924);
INSERT INTO player_team_game_play(player_id, team_id, game_id, play_id, seconds_start, seconds_end) VALUES(1774, 1646, 25009, 27603, 906, 924);
INSERT INTO player_team_game_play(player_id, team_id, game_id, play_id, seconds_start, seconds_end) VALUES(6223, 1646, 25009, 27603, 906, 924);
INSERT INTO lba.sub_play (play_id, seconds_da_start, player_made_id, team_made_id, game_made_id, player_suffered_id, team_suffered_id, game_suffered_id, shot_id, turnover_id, foul_id, rebound_defensive_01, rebound_offensive_01, assist_01, blocks_01, time_out_01, x, y)VALUES(27603, 18, 1774, 1646, 25009, NULL, NULL, NULL, 1, NULL, NULL, '', '', '', '', '', 5, 51);
INSERT INTO lba.sub_play (play_id, seconds_da_start, player_made_id, team_made_id, game_made_id, player_suffered_id, team_suffered_id, game_suffered_id, shot_id, turnover_id, foul_id, rebound_defensive_01, rebound_offensive_01, assist_01, blocks_01, time_out_01, x, y)VALUES(27603, 18, 5449, 1646, 25009, NULL, NULL, NULL, NULL, NULL, NULL, '', '', '1', '', '', 5, 51);

INSERT INTO play(id, game_id, seconds_start, seconds_end, quarter, attack_home_01, score_home, score_guest)VALUES(27604, 25009, 924, 960, 2, '0', 27, 36);
INSERT INTO player_team_game_play(player_id, team_id, game_id, play_id, seconds_start, seconds_end) VALUES(7015, 1649, 25009, 27604, 924, 960);
INSERT INTO player_team_game_play(player_id, team_id, game_id, play_id, seconds_start, seconds_end) VALUES(3176, 1649, 25009, 27604, 924, 960);
INSERT INTO player_team_game_play(player_id, team_id, game_id, play_id, seconds_start, seconds_end) VALUES(5150, 1649, 25009, 27604, 924, 960);
INSERT INTO player_team_game_play(player_id, team_id, game_id, play_id, seconds_start, seconds_end) VALUES(6138, 1649, 25009, 27604, 924, 960);
INSERT INTO player_team_game_play(player_id, team_id, game_id, play_id, seconds_start, seconds_end) VALUES(7406, 1649, 25009, 27604, 924, 960);
INSERT INTO player_team_game_play(player_id, team_id, game_id, play_id, seconds_start, seconds_end) VALUES(2608, 1646, 25009, 27604, 924, 960);
INSERT INTO player_team_game_play(player_id, team_id, game_id, play_id, seconds_start, seconds_end) VALUES(5449, 1646, 25009, 27604, 924, 960);
INSERT INTO player_team_game_play(player_id, team_id, game_id, play_id, seconds_start, seconds_end) VALUES(45, 1646, 25009, 27604, 924, 960);
INSERT INTO player_team_game_play(player_id, team_id, game_id, play_id, seconds_start, seconds_end) VALUES(1774, 1646, 25009, 27604, 924, 960);
INSERT INTO player_team_game_play(player_id, team_id, game_id, play_id, seconds_start, seconds_end) VALUES(6223, 1646, 25009, 27604, 924, 960);
UPDATE player_team_game_play SET seconds_end = 960 WHERE player_id = 7015 AND game_id = 25009 AND play_id = 27604;
INSERT INTO player_team_game_play(player_id, team_id, game_id, play_id, seconds_start, seconds_end) VALUES(1775, 1649, 25009, 27604, 960, 960);
UPDATE player_team_game_play SET seconds_end = 960 WHERE player_id = 45 AND game_id = 25009 AND play_id = 27604;
INSERT INTO player_team_game_play(player_id, team_id, game_id, play_id, seconds_start, seconds_end) VALUES(7314, 1646, 25009, 27604, 960, 960);
INSERT INTO lba.sub_play (play_id, seconds_da_start, player_made_id, team_made_id, game_made_id, player_suffered_id, team_suffered_id, game_suffered_id, shot_id, turnover_id, foul_id, rebound_defensive_01, rebound_offensive_01, assist_01, blocks_01, time_out_01, x, y)VALUES(27604, 13, 6138, 1649, 25009, NULL, NULL, NULL, 1, NULL, NULL, '', '', '', '', '', 91, 44);
INSERT INTO lba.sub_play (play_id, seconds_da_start, player_made_id, team_made_id, game_made_id, player_suffered_id, team_suffered_id, game_suffered_id, shot_id, turnover_id, foul_id, rebound_defensive_01, rebound_offensive_01, assist_01, blocks_01, time_out_01, x, y)VALUES(27604, 36, 6138, 1649, 25009, 5449, 1646, 25009, NULL, NULL, 4, '', '', '', '', '', 24, 29);
INSERT INTO lba.sub_play (play_id, seconds_da_start, player_made_id, team_made_id, game_made_id, player_suffered_id, team_suffered_id, game_suffered_id, shot_id, turnover_id, foul_id, rebound_defensive_01, rebound_offensive_01, assist_01, blocks_01, time_out_01, x, y)VALUES(27604, 36, 5449, 1646, 25009, NULL, NULL, NULL, 5, NULL, NULL, '', '', '', '', '', NULL, NULL);
INSERT INTO lba.sub_play (play_id, seconds_da_start, player_made_id, team_made_id, game_made_id, player_suffered_id, team_suffered_id, game_suffered_id, shot_id, turnover_id, foul_id, rebound_defensive_01, rebound_offensive_01, assist_01, blocks_01, time_out_01, x, y)VALUES(27604, 36, 5449, 1646, 25009, NULL, NULL, NULL, 5, NULL, NULL, '', '', '', '', '', NULL, NULL);

INSERT INTO play(id, game_id, seconds_start, seconds_end, quarter, attack_home_01, score_home, score_guest)VALUES(27605, 25009, 960, 980, 2, '1', 30, 36);
INSERT INTO player_team_game_play(player_id, team_id, game_id, play_id, seconds_start, seconds_end) VALUES(7015, 1649, 25009, 27605, 960, 980);
INSERT INTO player_team_game_play(player_id, team_id, game_id, play_id, seconds_start, seconds_end) VALUES(3176, 1649, 25009, 27605, 960, 980);
INSERT INTO player_team_game_play(player_id, team_id, game_id, play_id, seconds_start, seconds_end) VALUES(5150, 1649, 25009, 27605, 960, 980);
INSERT INTO player_team_game_play(player_id, team_id, game_id, play_id, seconds_start, seconds_end) VALUES(6138, 1649, 25009, 27605, 960, 980);
INSERT INTO player_team_game_play(player_id, team_id, game_id, play_id, seconds_start, seconds_end) VALUES(7406, 1649, 25009, 27605, 960, 980);
INSERT INTO player_team_game_play(player_id, team_id, game_id, play_id, seconds_start, seconds_end) VALUES(2608, 1646, 25009, 27605, 960, 980);
INSERT INTO player_team_game_play(player_id, team_id, game_id, play_id, seconds_start, seconds_end) VALUES(5449, 1646, 25009, 27605, 960, 980);
INSERT INTO player_team_game_play(player_id, team_id, game_id, play_id, seconds_start, seconds_end) VALUES(45, 1646, 25009, 27605, 960, 980);
INSERT INTO player_team_game_play(player_id, team_id, game_id, play_id, seconds_start, seconds_end) VALUES(1774, 1646, 25009, 27605, 960, 980);
INSERT INTO player_team_game_play(player_id, team_id, game_id, play_id, seconds_start, seconds_end) VALUES(6223, 1646, 25009, 27605, 960, 980);
UPDATE player_team_game_play SET seconds_end = 960 WHERE player_id = 7015 AND game_id = 25009 AND play_id = 27605;
INSERT INTO player_team_game_play(player_id, team_id, game_id, play_id, seconds_start, seconds_end) VALUES(1775, 1649, 25009, 27605, 960, 980);
UPDATE player_team_game_play SET seconds_end = 960 WHERE player_id = 45 AND game_id = 25009 AND play_id = 27605;
INSERT INTO player_team_game_play(player_id, team_id, game_id, play_id, seconds_start, seconds_end) VALUES(7314, 1646, 25009, 27605, 960, 980);
INSERT INTO lba.sub_play (play_id, seconds_da_start, player_made_id, team_made_id, game_made_id, player_suffered_id, team_suffered_id, game_suffered_id, shot_id, turnover_id, foul_id, rebound_defensive_01, rebound_offensive_01, assist_01, blocks_01, time_out_01, x, y)VALUES(27605, 20, 3176, 1649, 25009, NULL, NULL, NULL, 3, NULL, NULL, '', '', '', '', '', 83, 7);
INSERT INTO lba.sub_play (play_id, seconds_da_start, player_made_id, team_made_id, game_made_id, player_suffered_id, team_suffered_id, game_suffered_id, shot_id, turnover_id, foul_id, rebound_defensive_01, rebound_offensive_01, assist_01, blocks_01, time_out_01, x, y)VALUES(27605, 20, 6138, 1649, 25009, NULL, NULL, NULL, NULL, NULL, NULL, '', '', '1', '', '', 83, 7);

INSERT INTO play(id, game_id, seconds_start, seconds_end, quarter, attack_home_01, score_home, score_guest)VALUES(27606, 25009, 980, 1004, 2, '0', 30, 36);
INSERT INTO player_team_game_play(player_id, team_id, game_id, play_id, seconds_start, seconds_end) VALUES(5150, 1649, 25009, 27606, 980, 1004);
INSERT INTO player_team_game_play(player_id, team_id, game_id, play_id, seconds_start, seconds_end) VALUES(3176, 1649, 25009, 27606, 980, 1004);
INSERT INTO player_team_game_play(player_id, team_id, game_id, play_id, seconds_start, seconds_end) VALUES(6138, 1649, 25009, 27606, 980, 1004);
INSERT INTO player_team_game_play(player_id, team_id, game_id, play_id, seconds_start, seconds_end) VALUES(7406, 1649, 25009, 27606, 980, 1004);
INSERT INTO player_team_game_play(player_id, team_id, game_id, play_id, seconds_start, seconds_end) VALUES(1775, 1649, 25009, 27606, 980, 1004);
INSERT INTO player_team_game_play(player_id, team_id, game_id, play_id, seconds_start, seconds_end) VALUES(2608, 1646, 25009, 27606, 980, 1004);
INSERT INTO player_team_game_play(player_id, team_id, game_id, play_id, seconds_start, seconds_end) VALUES(7314, 1646, 25009, 27606, 980, 1004);
INSERT INTO player_team_game_play(player_id, team_id, game_id, play_id, seconds_start, seconds_end) VALUES(5449, 1646, 25009, 27606, 980, 1004);
INSERT INTO player_team_game_play(player_id, team_id, game_id, play_id, seconds_start, seconds_end) VALUES(1774, 1646, 25009, 27606, 980, 1004);
INSERT INTO player_team_game_play(player_id, team_id, game_id, play_id, seconds_start, seconds_end) VALUES(6223, 1646, 25009, 27606, 980, 1004);
INSERT INTO lba.sub_play (play_id, seconds_da_start, player_made_id, team_made_id, game_made_id, player_suffered_id, team_suffered_id, game_suffered_id, shot_id, turnover_id, foul_id, rebound_defensive_01, rebound_offensive_01, assist_01, blocks_01, time_out_01, x, y)VALUES(27606, 24, 6223, 1646, 25009, NULL, NULL, NULL, 4, NULL, NULL, '', '', '', '', '', 31, 76);
INSERT INTO lba.sub_play (play_id, seconds_da_start, player_made_id, team_made_id, game_made_id, player_suffered_id, team_suffered_id, game_suffered_id, shot_id, turnover_id, foul_id, rebound_defensive_01, rebound_offensive_01, assist_01, blocks_01, time_out_01, x, y)VALUES(27606, 24, 3176, 1649, 25009, NULL, NULL, NULL, NULL, NULL, NULL, '1', '', '', '', '', 31, 76);

INSERT INTO play(id, game_id, seconds_start, seconds_end, quarter, attack_home_01, score_home, score_guest)VALUES(27607, 25009, 1004, 1023, 2, '1', 33, 36);
INSERT INTO player_team_game_play(player_id, team_id, game_id, play_id, seconds_start, seconds_end) VALUES(5150, 1649, 25009, 27607, 1004, 1023);
INSERT INTO player_team_game_play(player_id, team_id, game_id, play_id, seconds_start, seconds_end) VALUES(3176, 1649, 25009, 27607, 1004, 1023);
INSERT INTO player_team_game_play(player_id, team_id, game_id, play_id, seconds_start, seconds_end) VALUES(6138, 1649, 25009, 27607, 1004, 1023);
INSERT INTO player_team_game_play(player_id, team_id, game_id, play_id, seconds_start, seconds_end) VALUES(7406, 1649, 25009, 27607, 1004, 1023);
INSERT INTO player_team_game_play(player_id, team_id, game_id, play_id, seconds_start, seconds_end) VALUES(1775, 1649, 25009, 27607, 1004, 1023);
INSERT INTO player_team_game_play(player_id, team_id, game_id, play_id, seconds_start, seconds_end) VALUES(2608, 1646, 25009, 27607, 1004, 1023);
INSERT INTO player_team_game_play(player_id, team_id, game_id, play_id, seconds_start, seconds_end) VALUES(7314, 1646, 25009, 27607, 1004, 1023);
INSERT INTO player_team_game_play(player_id, team_id, game_id, play_id, seconds_start, seconds_end) VALUES(5449, 1646, 25009, 27607, 1004, 1023);
INSERT INTO player_team_game_play(player_id, team_id, game_id, play_id, seconds_start, seconds_end) VALUES(1774, 1646, 25009, 27607, 1004, 1023);
INSERT INTO player_team_game_play(player_id, team_id, game_id, play_id, seconds_start, seconds_end) VALUES(6223, 1646, 25009, 27607, 1004, 1023);
INSERT INTO lba.sub_play (play_id, seconds_da_start, player_made_id, team_made_id, game_made_id, player_suffered_id, team_suffered_id, game_suffered_id, shot_id, turnover_id, foul_id, rebound_defensive_01, rebound_offensive_01, assist_01, blocks_01, time_out_01, x, y)VALUES(27607, 19, 7406, 1649, 25009, NULL, NULL, NULL, 3, NULL, NULL, '', '', '', '', '', 68, 30);

INSERT INTO play(id, game_id, seconds_start, seconds_end, quarter, attack_home_01, score_home, score_guest)VALUES(27608, 25009, 1023, 1041, 2, '0', 33, 36);
INSERT INTO player_team_game_play(player_id, team_id, game_id, play_id, seconds_start, seconds_end) VALUES(5150, 1649, 25009, 27608, 1023, 1041);
INSERT INTO player_team_game_play(player_id, team_id, game_id, play_id, seconds_start, seconds_end) VALUES(3176, 1649, 25009, 27608, 1023, 1041);
INSERT INTO player_team_game_play(player_id, team_id, game_id, play_id, seconds_start, seconds_end) VALUES(6138, 1649, 25009, 27608, 1023, 1041);
INSERT INTO player_team_game_play(player_id, team_id, game_id, play_id, seconds_start, seconds_end) VALUES(7406, 1649, 25009, 27608, 1023, 1041);
INSERT INTO player_team_game_play(player_id, team_id, game_id, play_id, seconds_start, seconds_end) VALUES(1775, 1649, 25009, 27608, 1023, 1041);
INSERT INTO player_team_game_play(player_id, team_id, game_id, play_id, seconds_start, seconds_end) VALUES(2608, 1646, 25009, 27608, 1023, 1041);
INSERT INTO player_team_game_play(player_id, team_id, game_id, play_id, seconds_start, seconds_end) VALUES(7314, 1646, 25009, 27608, 1023, 1041);
INSERT INTO player_team_game_play(player_id, team_id, game_id, play_id, seconds_start, seconds_end) VALUES(5449, 1646, 25009, 27608, 1023, 1041);
INSERT INTO player_team_game_play(player_id, team_id, game_id, play_id, seconds_start, seconds_end) VALUES(1774, 1646, 25009, 27608, 1023, 1041);
INSERT INTO player_team_game_play(player_id, team_id, game_id, play_id, seconds_start, seconds_end) VALUES(6223, 1646, 25009, 27608, 1023, 1041);
INSERT INTO lba.sub_play (play_id, seconds_da_start, player_made_id, team_made_id, game_made_id, player_suffered_id, team_suffered_id, game_suffered_id, shot_id, turnover_id, foul_id, rebound_defensive_01, rebound_offensive_01, assist_01, blocks_01, time_out_01, x, y)VALUES(27608, 18, 2608, 1646, 25009, NULL, NULL, NULL, 4, NULL, NULL, '', '', '', '', '', 31, 66);
INSERT INTO lba.sub_play (play_id, seconds_da_start, player_made_id, team_made_id, game_made_id, player_suffered_id, team_suffered_id, game_suffered_id, shot_id, turnover_id, foul_id, rebound_defensive_01, rebound_offensive_01, assist_01, blocks_01, time_out_01, x, y)VALUES(27608, 18, 6138, 1649, 25009, NULL, NULL, NULL, NULL, NULL, NULL, '1', '', '', '', '', 31, 66);

INSERT INTO play(id, game_id, seconds_start, seconds_end, quarter, attack_home_01, score_home, score_guest)VALUES(27609, 25009, 1041, 1086, 2, '1', 33, 36);
INSERT INTO player_team_game_play(player_id, team_id, game_id, play_id, seconds_start, seconds_end) VALUES(5150, 1649, 25009, 27609, 1041, 1086);
INSERT INTO player_team_game_play(player_id, team_id, game_id, play_id, seconds_start, seconds_end) VALUES(3176, 1649, 25009, 27609, 1041, 1086);
INSERT INTO player_team_game_play(player_id, team_id, game_id, play_id, seconds_start, seconds_end) VALUES(6138, 1649, 25009, 27609, 1041, 1086);
INSERT INTO player_team_game_play(player_id, team_id, game_id, play_id, seconds_start, seconds_end) VALUES(7406, 1649, 25009, 27609, 1041, 1086);
INSERT INTO player_team_game_play(player_id, team_id, game_id, play_id, seconds_start, seconds_end) VALUES(1775, 1649, 25009, 27609, 1041, 1086);
INSERT INTO player_team_game_play(player_id, team_id, game_id, play_id, seconds_start, seconds_end) VALUES(2608, 1646, 25009, 27609, 1041, 1086);
INSERT INTO player_team_game_play(player_id, team_id, game_id, play_id, seconds_start, seconds_end) VALUES(7314, 1646, 25009, 27609, 1041, 1086);
INSERT INTO player_team_game_play(player_id, team_id, game_id, play_id, seconds_start, seconds_end) VALUES(5449, 1646, 25009, 27609, 1041, 1086);
INSERT INTO player_team_game_play(player_id, team_id, game_id, play_id, seconds_start, seconds_end) VALUES(1774, 1646, 25009, 27609, 1041, 1086);
INSERT INTO player_team_game_play(player_id, team_id, game_id, play_id, seconds_start, seconds_end) VALUES(6223, 1646, 25009, 27609, 1041, 1086);
UPDATE player_team_game_play SET seconds_end = 1047 WHERE player_id = 2608 AND game_id = 25009 AND play_id = 27609;
UPDATE player_team_game_play SET seconds_end = 1047 WHERE player_id = 5449 AND game_id = 25009 AND play_id = 27609;
UPDATE player_team_game_play SET seconds_end = 1047 WHERE player_id = 1774 AND game_id = 25009 AND play_id = 27609;
INSERT INTO player_team_game_play(player_id, team_id, game_id, play_id, seconds_start, seconds_end) VALUES(6328, 1646, 25009, 27609, 1047, 1086);
INSERT INTO player_team_game_play(player_id, team_id, game_id, play_id, seconds_start, seconds_end) VALUES(4162, 1646, 25009, 27609, 1047, 1086);
INSERT INTO player_team_game_play(player_id, team_id, game_id, play_id, seconds_start, seconds_end) VALUES(7462, 1646, 25009, 27609, 1047, 1086);
INSERT INTO lba.sub_play (play_id, seconds_da_start, player_made_id, team_made_id, game_made_id, player_suffered_id, team_suffered_id, game_suffered_id, shot_id, turnover_id, foul_id, rebound_defensive_01, rebound_offensive_01, assist_01, blocks_01, time_out_01, x, y)VALUES(27609, 6, 6223, 1646, 25009, 6138, 1649, 25009, NULL, NULL, 1, '', '', '', '', '', 58, 17);
INSERT INTO lba.sub_play (play_id, seconds_da_start, player_made_id, team_made_id, game_made_id, player_suffered_id, team_suffered_id, game_suffered_id, shot_id, turnover_id, foul_id, rebound_defensive_01, rebound_offensive_01, assist_01, blocks_01, time_out_01, x, y)VALUES(27609, 16, 7406, 1649, 25009, NULL, NULL, NULL, 2, NULL, NULL, '', '', '', '', '', 76, 74);
INSERT INTO lba.sub_play (play_id, seconds_da_start, player_made_id, team_made_id, game_made_id, player_suffered_id, team_suffered_id, game_suffered_id, shot_id, turnover_id, foul_id, rebound_defensive_01, rebound_offensive_01, assist_01, blocks_01, time_out_01, x, y)VALUES(27609, 16, 6138, 1649, 25009, NULL, NULL, NULL, NULL, NULL, NULL, '', '1', '', '', '', 76, 74);
INSERT INTO lba.sub_play (play_id, seconds_da_start, player_made_id, team_made_id, game_made_id, player_suffered_id, team_suffered_id, game_suffered_id, shot_id, turnover_id, foul_id, rebound_defensive_01, rebound_offensive_01, assist_01, blocks_01, time_out_01, x, y)VALUES(27609, 24, 6223, 1646, 25009, 3176, 1649, 25009, NULL, NULL, 1, '', '', '', '', '', 84, 62);
INSERT INTO lba.sub_play (play_id, seconds_da_start, player_made_id, team_made_id, game_made_id, player_suffered_id, team_suffered_id, game_suffered_id, shot_id, turnover_id, foul_id, rebound_defensive_01, rebound_offensive_01, assist_01, blocks_01, time_out_01, x, y)VALUES(27609, 29, 6328, 1646, 25009, 3176, 1649, 25009, NULL, NULL, 1, '', '', '', '', '', 62, 69);
INSERT INTO lba.sub_play (play_id, seconds_da_start, player_made_id, team_made_id, game_made_id, player_suffered_id, team_suffered_id, game_suffered_id, shot_id, turnover_id, foul_id, rebound_defensive_01, rebound_offensive_01, assist_01, blocks_01, time_out_01, x, y)VALUES(27609, 38, 3176, 1649, 25009, NULL, NULL, NULL, 2, NULL, NULL, '', '', '', '', '', 87, 19);
INSERT INTO lba.sub_play (play_id, seconds_da_start, player_made_id, team_made_id, game_made_id, player_suffered_id, team_suffered_id, game_suffered_id, shot_id, turnover_id, foul_id, rebound_defensive_01, rebound_offensive_01, assist_01, blocks_01, time_out_01, x, y)VALUES(27609, 38, 5150, 1649, 25009, NULL, NULL, NULL, NULL, NULL, NULL, '', '1', '', '', '', 87, 19);
INSERT INTO lba.sub_play (play_id, seconds_da_start, player_made_id, team_made_id, game_made_id, player_suffered_id, team_suffered_id, game_suffered_id, shot_id, turnover_id, foul_id, rebound_defensive_01, rebound_offensive_01, assist_01, blocks_01, time_out_01, x, y)VALUES(27609, 45, 6138, 1649, 25009, NULL, NULL, NULL, 4, NULL, NULL, '', '', '', '', '', 72, 83);
INSERT INTO lba.sub_play (play_id, seconds_da_start, player_made_id, team_made_id, game_made_id, player_suffered_id, team_suffered_id, game_suffered_id, shot_id, turnover_id, foul_id, rebound_defensive_01, rebound_offensive_01, assist_01, blocks_01, time_out_01, x, y)VALUES(27609, 45, 6223, 1646, 25009, NULL, NULL, NULL, NULL, NULL, NULL, '1', '', '', '', '', 72, 83);

INSERT INTO play(id, game_id, seconds_start, seconds_end, quarter, attack_home_01, score_home, score_guest)VALUES(27610, 25009, 1086, 1114, 2, '0', 33, 36);
INSERT INTO player_team_game_play(player_id, team_id, game_id, play_id, seconds_start, seconds_end) VALUES(5150, 1649, 25009, 27610, 1086, 1114);
INSERT INTO player_team_game_play(player_id, team_id, game_id, play_id, seconds_start, seconds_end) VALUES(3176, 1649, 25009, 27610, 1086, 1114);
INSERT INTO player_team_game_play(player_id, team_id, game_id, play_id, seconds_start, seconds_end) VALUES(6138, 1649, 25009, 27610, 1086, 1114);
INSERT INTO player_team_game_play(player_id, team_id, game_id, play_id, seconds_start, seconds_end) VALUES(7406, 1649, 25009, 27610, 1086, 1114);
INSERT INTO player_team_game_play(player_id, team_id, game_id, play_id, seconds_start, seconds_end) VALUES(1775, 1649, 25009, 27610, 1086, 1114);
INSERT INTO player_team_game_play(player_id, team_id, game_id, play_id, seconds_start, seconds_end) VALUES(4162, 1646, 25009, 27610, 1086, 1114);
INSERT INTO player_team_game_play(player_id, team_id, game_id, play_id, seconds_start, seconds_end) VALUES(7314, 1646, 25009, 27610, 1086, 1114);
INSERT INTO player_team_game_play(player_id, team_id, game_id, play_id, seconds_start, seconds_end) VALUES(7462, 1646, 25009, 27610, 1086, 1114);
INSERT INTO player_team_game_play(player_id, team_id, game_id, play_id, seconds_start, seconds_end) VALUES(6328, 1646, 25009, 27610, 1086, 1114);
INSERT INTO player_team_game_play(player_id, team_id, game_id, play_id, seconds_start, seconds_end) VALUES(6223, 1646, 25009, 27610, 1086, 1114);
INSERT INTO lba.sub_play (play_id, seconds_da_start, player_made_id, team_made_id, game_made_id, player_suffered_id, team_suffered_id, game_suffered_id, shot_id, turnover_id, foul_id, rebound_defensive_01, rebound_offensive_01, assist_01, blocks_01, time_out_01, x, y)VALUES(27610, 28, 7462, 1646, 25009, NULL, NULL, NULL, 4, NULL, NULL, '', '', '', '', '', 8, 97);
INSERT INTO lba.sub_play (play_id, seconds_da_start, player_made_id, team_made_id, game_made_id, player_suffered_id, team_suffered_id, game_suffered_id, shot_id, turnover_id, foul_id, rebound_defensive_01, rebound_offensive_01, assist_01, blocks_01, time_out_01, x, y)VALUES(27610, 28, 5150, 1649, 25009, NULL, NULL, NULL, NULL, NULL, NULL, '1', '', '', '', '', 8, 97);

INSERT INTO play(id, game_id, seconds_start, seconds_end, quarter, attack_home_01, score_home, score_guest)VALUES(27611, 25009, 1114, 1127, 2, '1', 33, 36);
INSERT INTO player_team_game_play(player_id, team_id, game_id, play_id, seconds_start, seconds_end) VALUES(5150, 1649, 25009, 27611, 1114, 1127);
INSERT INTO player_team_game_play(player_id, team_id, game_id, play_id, seconds_start, seconds_end) VALUES(3176, 1649, 25009, 27611, 1114, 1127);
INSERT INTO player_team_game_play(player_id, team_id, game_id, play_id, seconds_start, seconds_end) VALUES(6138, 1649, 25009, 27611, 1114, 1127);
INSERT INTO player_team_game_play(player_id, team_id, game_id, play_id, seconds_start, seconds_end) VALUES(7406, 1649, 25009, 27611, 1114, 1127);
INSERT INTO player_team_game_play(player_id, team_id, game_id, play_id, seconds_start, seconds_end) VALUES(1775, 1649, 25009, 27611, 1114, 1127);
INSERT INTO player_team_game_play(player_id, team_id, game_id, play_id, seconds_start, seconds_end) VALUES(4162, 1646, 25009, 27611, 1114, 1127);
INSERT INTO player_team_game_play(player_id, team_id, game_id, play_id, seconds_start, seconds_end) VALUES(7314, 1646, 25009, 27611, 1114, 1127);
INSERT INTO player_team_game_play(player_id, team_id, game_id, play_id, seconds_start, seconds_end) VALUES(7462, 1646, 25009, 27611, 1114, 1127);
INSERT INTO player_team_game_play(player_id, team_id, game_id, play_id, seconds_start, seconds_end) VALUES(6328, 1646, 25009, 27611, 1114, 1127);
INSERT INTO player_team_game_play(player_id, team_id, game_id, play_id, seconds_start, seconds_end) VALUES(6223, 1646, 25009, 27611, 1114, 1127);
INSERT INTO lba.sub_play (play_id, seconds_da_start, player_made_id, team_made_id, game_made_id, player_suffered_id, team_suffered_id, game_suffered_id, shot_id, turnover_id, foul_id, rebound_defensive_01, rebound_offensive_01, assist_01, blocks_01, time_out_01, x, y)VALUES(27611, 13, 7406, 1649, 25009, NULL, NULL, NULL, 2, NULL, NULL, '', '', '', '', '', 90, 44);
INSERT INTO lba.sub_play (play_id, seconds_da_start, player_made_id, team_made_id, game_made_id, player_suffered_id, team_suffered_id, game_suffered_id, shot_id, turnover_id, foul_id, rebound_defensive_01, rebound_offensive_01, assist_01, blocks_01, time_out_01, x, y)VALUES(27611, 13, 7314, 1646, 25009, NULL, NULL, NULL, NULL, NULL, NULL, '1', '', '', '', '', 90, 44);

INSERT INTO play(id, game_id, seconds_start, seconds_end, quarter, attack_home_01, score_home, score_guest)VALUES(27612, 25009, 1127, 1141, 2, '0', 33, 38);
INSERT INTO player_team_game_play(player_id, team_id, game_id, play_id, seconds_start, seconds_end) VALUES(5150, 1649, 25009, 27612, 1127, 1141);
INSERT INTO player_team_game_play(player_id, team_id, game_id, play_id, seconds_start, seconds_end) VALUES(3176, 1649, 25009, 27612, 1127, 1141);
INSERT INTO player_team_game_play(player_id, team_id, game_id, play_id, seconds_start, seconds_end) VALUES(6138, 1649, 25009, 27612, 1127, 1141);
INSERT INTO player_team_game_play(player_id, team_id, game_id, play_id, seconds_start, seconds_end) VALUES(7406, 1649, 25009, 27612, 1127, 1141);
INSERT INTO player_team_game_play(player_id, team_id, game_id, play_id, seconds_start, seconds_end) VALUES(1775, 1649, 25009, 27612, 1127, 1141);
INSERT INTO player_team_game_play(player_id, team_id, game_id, play_id, seconds_start, seconds_end) VALUES(4162, 1646, 25009, 27612, 1127, 1141);
INSERT INTO player_team_game_play(player_id, team_id, game_id, play_id, seconds_start, seconds_end) VALUES(7314, 1646, 25009, 27612, 1127, 1141);
INSERT INTO player_team_game_play(player_id, team_id, game_id, play_id, seconds_start, seconds_end) VALUES(7462, 1646, 25009, 27612, 1127, 1141);
INSERT INTO player_team_game_play(player_id, team_id, game_id, play_id, seconds_start, seconds_end) VALUES(6328, 1646, 25009, 27612, 1127, 1141);
INSERT INTO player_team_game_play(player_id, team_id, game_id, play_id, seconds_start, seconds_end) VALUES(6223, 1646, 25009, 27612, 1127, 1141);
INSERT INTO lba.sub_play (play_id, seconds_da_start, player_made_id, team_made_id, game_made_id, player_suffered_id, team_suffered_id, game_suffered_id, shot_id, turnover_id, foul_id, rebound_defensive_01, rebound_offensive_01, assist_01, blocks_01, time_out_01, x, y)VALUES(27612, 14, 7314, 1646, 25009, NULL, NULL, NULL, 1, NULL, NULL, '', '', '', '', '', 5, 51);
INSERT INTO lba.sub_play (play_id, seconds_da_start, player_made_id, team_made_id, game_made_id, player_suffered_id, team_suffered_id, game_suffered_id, shot_id, turnover_id, foul_id, rebound_defensive_01, rebound_offensive_01, assist_01, blocks_01, time_out_01, x, y)VALUES(27612, 14, 6223, 1646, 25009, NULL, NULL, NULL, NULL, NULL, NULL, '', '', '1', '', '', 5, 51);

INSERT INTO play(id, game_id, seconds_start, seconds_end, quarter, attack_home_01, score_home, score_guest)VALUES(27613, 25009, 1141, 1162, 2, '1', 35, 38);
INSERT INTO player_team_game_play(player_id, team_id, game_id, play_id, seconds_start, seconds_end) VALUES(5150, 1649, 25009, 27613, 1141, 1162);
INSERT INTO player_team_game_play(player_id, team_id, game_id, play_id, seconds_start, seconds_end) VALUES(3176, 1649, 25009, 27613, 1141, 1162);
INSERT INTO player_team_game_play(player_id, team_id, game_id, play_id, seconds_start, seconds_end) VALUES(6138, 1649, 25009, 27613, 1141, 1162);
INSERT INTO player_team_game_play(player_id, team_id, game_id, play_id, seconds_start, seconds_end) VALUES(7406, 1649, 25009, 27613, 1141, 1162);
INSERT INTO player_team_game_play(player_id, team_id, game_id, play_id, seconds_start, seconds_end) VALUES(1775, 1649, 25009, 27613, 1141, 1162);
INSERT INTO player_team_game_play(player_id, team_id, game_id, play_id, seconds_start, seconds_end) VALUES(4162, 1646, 25009, 27613, 1141, 1162);
INSERT INTO player_team_game_play(player_id, team_id, game_id, play_id, seconds_start, seconds_end) VALUES(7314, 1646, 25009, 27613, 1141, 1162);
INSERT INTO player_team_game_play(player_id, team_id, game_id, play_id, seconds_start, seconds_end) VALUES(7462, 1646, 25009, 27613, 1141, 1162);
INSERT INTO player_team_game_play(player_id, team_id, game_id, play_id, seconds_start, seconds_end) VALUES(6328, 1646, 25009, 27613, 1141, 1162);
INSERT INTO player_team_game_play(player_id, team_id, game_id, play_id, seconds_start, seconds_end) VALUES(6223, 1646, 25009, 27613, 1141, 1162);
INSERT INTO lba.sub_play (play_id, seconds_da_start, player_made_id, team_made_id, game_made_id, player_suffered_id, team_suffered_id, game_suffered_id, shot_id, turnover_id, foul_id, rebound_defensive_01, rebound_offensive_01, assist_01, blocks_01, time_out_01, x, y)VALUES(27613, 21, 6138, 1649, 25009, NULL, NULL, NULL, 1, NULL, NULL, '', '', '', '', '', 79, 27);

INSERT INTO play(id, game_id, seconds_start, seconds_end, quarter, attack_home_01, score_home, score_guest)VALUES(27614, 25009, 1162, 1186, 2, '0', 35, 40);
INSERT INTO player_team_game_play(player_id, team_id, game_id, play_id, seconds_start, seconds_end) VALUES(5150, 1649, 25009, 27614, 1162, 1186);
INSERT INTO player_team_game_play(player_id, team_id, game_id, play_id, seconds_start, seconds_end) VALUES(3176, 1649, 25009, 27614, 1162, 1186);
INSERT INTO player_team_game_play(player_id, team_id, game_id, play_id, seconds_start, seconds_end) VALUES(6138, 1649, 25009, 27614, 1162, 1186);
INSERT INTO player_team_game_play(player_id, team_id, game_id, play_id, seconds_start, seconds_end) VALUES(7406, 1649, 25009, 27614, 1162, 1186);
INSERT INTO player_team_game_play(player_id, team_id, game_id, play_id, seconds_start, seconds_end) VALUES(1775, 1649, 25009, 27614, 1162, 1186);
INSERT INTO player_team_game_play(player_id, team_id, game_id, play_id, seconds_start, seconds_end) VALUES(4162, 1646, 25009, 27614, 1162, 1186);
INSERT INTO player_team_game_play(player_id, team_id, game_id, play_id, seconds_start, seconds_end) VALUES(7314, 1646, 25009, 27614, 1162, 1186);
INSERT INTO player_team_game_play(player_id, team_id, game_id, play_id, seconds_start, seconds_end) VALUES(7462, 1646, 25009, 27614, 1162, 1186);
INSERT INTO player_team_game_play(player_id, team_id, game_id, play_id, seconds_start, seconds_end) VALUES(6328, 1646, 25009, 27614, 1162, 1186);
INSERT INTO player_team_game_play(player_id, team_id, game_id, play_id, seconds_start, seconds_end) VALUES(6223, 1646, 25009, 27614, 1162, 1186);
INSERT INTO lba.sub_play (play_id, seconds_da_start, player_made_id, team_made_id, game_made_id, player_suffered_id, team_suffered_id, game_suffered_id, shot_id, turnover_id, foul_id, rebound_defensive_01, rebound_offensive_01, assist_01, blocks_01, time_out_01, x, y)VALUES(27614, 24, 6223, 1646, 25009, NULL, NULL, NULL, 1, NULL, NULL, '', '', '', '', '', 5, 50);

INSERT INTO play(id, game_id, seconds_start, seconds_end, quarter, attack_home_01, score_home, score_guest)VALUES(27615, 25009, 1186, 1198, 2, '1', 35, 40);
INSERT INTO player_team_game_play(player_id, team_id, game_id, play_id, seconds_start, seconds_end) VALUES(5150, 1649, 25009, 27615, 1186, 1198);
INSERT INTO player_team_game_play(player_id, team_id, game_id, play_id, seconds_start, seconds_end) VALUES(3176, 1649, 25009, 27615, 1186, 1198);
INSERT INTO player_team_game_play(player_id, team_id, game_id, play_id, seconds_start, seconds_end) VALUES(6138, 1649, 25009, 27615, 1186, 1198);
INSERT INTO player_team_game_play(player_id, team_id, game_id, play_id, seconds_start, seconds_end) VALUES(7406, 1649, 25009, 27615, 1186, 1198);
INSERT INTO player_team_game_play(player_id, team_id, game_id, play_id, seconds_start, seconds_end) VALUES(1775, 1649, 25009, 27615, 1186, 1198);
INSERT INTO player_team_game_play(player_id, team_id, game_id, play_id, seconds_start, seconds_end) VALUES(4162, 1646, 25009, 27615, 1186, 1198);
INSERT INTO player_team_game_play(player_id, team_id, game_id, play_id, seconds_start, seconds_end) VALUES(7314, 1646, 25009, 27615, 1186, 1198);
INSERT INTO player_team_game_play(player_id, team_id, game_id, play_id, seconds_start, seconds_end) VALUES(7462, 1646, 25009, 27615, 1186, 1198);
INSERT INTO player_team_game_play(player_id, team_id, game_id, play_id, seconds_start, seconds_end) VALUES(6328, 1646, 25009, 27615, 1186, 1198);
INSERT INTO player_team_game_play(player_id, team_id, game_id, play_id, seconds_start, seconds_end) VALUES(6223, 1646, 25009, 27615, 1186, 1198);
INSERT INTO lba.sub_play (play_id, seconds_da_start, player_made_id, team_made_id, game_made_id, player_suffered_id, team_suffered_id, game_suffered_id, shot_id, turnover_id, foul_id, rebound_defensive_01, rebound_offensive_01, assist_01, blocks_01, time_out_01, x, y)VALUES(27615, 12, 6138, 1649, 25009, 6328, 1646, 25009, NULL, 1, NULL, '', '', '', '', '', 88, 35);

INSERT INTO play(id, game_id, seconds_start, seconds_end, quarter, attack_home_01, score_home, score_guest)VALUES(27616, 25009, 1198, 1217, 3, '0', 35, 42);
INSERT INTO player_team_game_play(player_id, team_id, game_id, play_id, seconds_start, seconds_end) VALUES(5150, 1649, 25009, 27616, 1198, 1217);
INSERT INTO player_team_game_play(player_id, team_id, game_id, play_id, seconds_start, seconds_end) VALUES(3176, 1649, 25009, 27616, 1198, 1217);
INSERT INTO player_team_game_play(player_id, team_id, game_id, play_id, seconds_start, seconds_end) VALUES(6138, 1649, 25009, 27616, 1198, 1217);
INSERT INTO player_team_game_play(player_id, team_id, game_id, play_id, seconds_start, seconds_end) VALUES(7406, 1649, 25009, 27616, 1198, 1217);
INSERT INTO player_team_game_play(player_id, team_id, game_id, play_id, seconds_start, seconds_end) VALUES(1775, 1649, 25009, 27616, 1198, 1217);
INSERT INTO player_team_game_play(player_id, team_id, game_id, play_id, seconds_start, seconds_end) VALUES(4162, 1646, 25009, 27616, 1198, 1217);
INSERT INTO player_team_game_play(player_id, team_id, game_id, play_id, seconds_start, seconds_end) VALUES(7314, 1646, 25009, 27616, 1198, 1217);
INSERT INTO player_team_game_play(player_id, team_id, game_id, play_id, seconds_start, seconds_end) VALUES(7462, 1646, 25009, 27616, 1198, 1217);
INSERT INTO player_team_game_play(player_id, team_id, game_id, play_id, seconds_start, seconds_end) VALUES(6328, 1646, 25009, 27616, 1198, 1217);
INSERT INTO player_team_game_play(player_id, team_id, game_id, play_id, seconds_start, seconds_end) VALUES(6223, 1646, 25009, 27616, 1198, 1217);
UPDATE player_team_game_play SET seconds_end = 1200 WHERE player_id = 1775 AND game_id = 25009 AND play_id = 27616;
INSERT INTO player_team_game_play(player_id, team_id, game_id, play_id, seconds_start, seconds_end) VALUES(7015, 1649, 25009, 27616, 1200, 1217);
UPDATE player_team_game_play SET seconds_end = 1200 WHERE player_id = 4162 AND game_id = 25009 AND play_id = 27616;
UPDATE player_team_game_play SET seconds_end = 1200 WHERE player_id = 7462 AND game_id = 25009 AND play_id = 27616;
UPDATE player_team_game_play SET seconds_end = 1200 WHERE player_id = 7314 AND game_id = 25009 AND play_id = 27616;
INSERT INTO player_team_game_play(player_id, team_id, game_id, play_id, seconds_start, seconds_end) VALUES(2608, 1646, 25009, 27616, 1200, 1217);
INSERT INTO player_team_game_play(player_id, team_id, game_id, play_id, seconds_start, seconds_end) VALUES(5449, 1646, 25009, 27616, 1200, 1217);
INSERT INTO player_team_game_play(player_id, team_id, game_id, play_id, seconds_start, seconds_end) VALUES(45, 1646, 25009, 27616, 1200, 1217);
INSERT INTO lba.sub_play (play_id, seconds_da_start, player_made_id, team_made_id, game_made_id, player_suffered_id, team_suffered_id, game_suffered_id, shot_id, turnover_id, foul_id, rebound_defensive_01, rebound_offensive_01, assist_01, blocks_01, time_out_01, x, y)VALUES(27616, 19, 5449, 1646, 25009, NULL, NULL, NULL, 1, NULL, NULL, '', '', '', '', '', 72, 53);

INSERT INTO play(id, game_id, seconds_start, seconds_end, quarter, attack_home_01, score_home, score_guest)VALUES(27617, 25009, 1217, 1228, 3, '1', 35, 42);
INSERT INTO player_team_game_play(player_id, team_id, game_id, play_id, seconds_start, seconds_end) VALUES(7015, 1649, 25009, 27617, 1217, 1228);
INSERT INTO player_team_game_play(player_id, team_id, game_id, play_id, seconds_start, seconds_end) VALUES(3176, 1649, 25009, 27617, 1217, 1228);
INSERT INTO player_team_game_play(player_id, team_id, game_id, play_id, seconds_start, seconds_end) VALUES(5150, 1649, 25009, 27617, 1217, 1228);
INSERT INTO player_team_game_play(player_id, team_id, game_id, play_id, seconds_start, seconds_end) VALUES(6138, 1649, 25009, 27617, 1217, 1228);
INSERT INTO player_team_game_play(player_id, team_id, game_id, play_id, seconds_start, seconds_end) VALUES(7406, 1649, 25009, 27617, 1217, 1228);
INSERT INTO player_team_game_play(player_id, team_id, game_id, play_id, seconds_start, seconds_end) VALUES(2608, 1646, 25009, 27617, 1217, 1228);
INSERT INTO player_team_game_play(player_id, team_id, game_id, play_id, seconds_start, seconds_end) VALUES(6328, 1646, 25009, 27617, 1217, 1228);
INSERT INTO player_team_game_play(player_id, team_id, game_id, play_id, seconds_start, seconds_end) VALUES(5449, 1646, 25009, 27617, 1217, 1228);
INSERT INTO player_team_game_play(player_id, team_id, game_id, play_id, seconds_start, seconds_end) VALUES(45, 1646, 25009, 27617, 1217, 1228);
INSERT INTO player_team_game_play(player_id, team_id, game_id, play_id, seconds_start, seconds_end) VALUES(6223, 1646, 25009, 27617, 1217, 1228);

INSERT INTO play(id, game_id, seconds_start, seconds_end, quarter, attack_home_01, score_home, score_guest)VALUES(27618, 25009, 1228, 1241, 3, '0', 35, 44);
INSERT INTO player_team_game_play(player_id, team_id, game_id, play_id, seconds_start, seconds_end) VALUES(7015, 1649, 25009, 27618, 1228, 1241);
INSERT INTO player_team_game_play(player_id, team_id, game_id, play_id, seconds_start, seconds_end) VALUES(3176, 1649, 25009, 27618, 1228, 1241);
INSERT INTO player_team_game_play(player_id, team_id, game_id, play_id, seconds_start, seconds_end) VALUES(5150, 1649, 25009, 27618, 1228, 1241);
INSERT INTO player_team_game_play(player_id, team_id, game_id, play_id, seconds_start, seconds_end) VALUES(6138, 1649, 25009, 27618, 1228, 1241);
INSERT INTO player_team_game_play(player_id, team_id, game_id, play_id, seconds_start, seconds_end) VALUES(7406, 1649, 25009, 27618, 1228, 1241);
INSERT INTO player_team_game_play(player_id, team_id, game_id, play_id, seconds_start, seconds_end) VALUES(2608, 1646, 25009, 27618, 1228, 1241);
INSERT INTO player_team_game_play(player_id, team_id, game_id, play_id, seconds_start, seconds_end) VALUES(6328, 1646, 25009, 27618, 1228, 1241);
INSERT INTO player_team_game_play(player_id, team_id, game_id, play_id, seconds_start, seconds_end) VALUES(5449, 1646, 25009, 27618, 1228, 1241);
INSERT INTO player_team_game_play(player_id, team_id, game_id, play_id, seconds_start, seconds_end) VALUES(45, 1646, 25009, 27618, 1228, 1241);
INSERT INTO player_team_game_play(player_id, team_id, game_id, play_id, seconds_start, seconds_end) VALUES(6223, 1646, 25009, 27618, 1228, 1241);
INSERT INTO lba.sub_play (play_id, seconds_da_start, player_made_id, team_made_id, game_made_id, player_suffered_id, team_suffered_id, game_suffered_id, shot_id, turnover_id, foul_id, rebound_defensive_01, rebound_offensive_01, assist_01, blocks_01, time_out_01, x, y)VALUES(27618, 13, 6328, 1646, 25009, NULL, NULL, NULL, 1, NULL, NULL, '', '', '', '', '', 93, 47);
INSERT INTO lba.sub_play (play_id, seconds_da_start, player_made_id, team_made_id, game_made_id, player_suffered_id, team_suffered_id, game_suffered_id, shot_id, turnover_id, foul_id, rebound_defensive_01, rebound_offensive_01, assist_01, blocks_01, time_out_01, x, y)VALUES(27618, 13, 5449, 1646, 25009, NULL, NULL, NULL, NULL, NULL, NULL, '', '', '1', '', '', 93, 47);

INSERT INTO play(id, game_id, seconds_start, seconds_end, quarter, attack_home_01, score_home, score_guest)VALUES(27619, 25009, 1241, 1271, 3, '1', 35, 44);
INSERT INTO player_team_game_play(player_id, team_id, game_id, play_id, seconds_start, seconds_end) VALUES(7015, 1649, 25009, 27619, 1241, 1271);
INSERT INTO player_team_game_play(player_id, team_id, game_id, play_id, seconds_start, seconds_end) VALUES(3176, 1649, 25009, 27619, 1241, 1271);
INSERT INTO player_team_game_play(player_id, team_id, game_id, play_id, seconds_start, seconds_end) VALUES(5150, 1649, 25009, 27619, 1241, 1271);
INSERT INTO player_team_game_play(player_id, team_id, game_id, play_id, seconds_start, seconds_end) VALUES(6138, 1649, 25009, 27619, 1241, 1271);
INSERT INTO player_team_game_play(player_id, team_id, game_id, play_id, seconds_start, seconds_end) VALUES(7406, 1649, 25009, 27619, 1241, 1271);
INSERT INTO player_team_game_play(player_id, team_id, game_id, play_id, seconds_start, seconds_end) VALUES(2608, 1646, 25009, 27619, 1241, 1271);
INSERT INTO player_team_game_play(player_id, team_id, game_id, play_id, seconds_start, seconds_end) VALUES(6328, 1646, 25009, 27619, 1241, 1271);
INSERT INTO player_team_game_play(player_id, team_id, game_id, play_id, seconds_start, seconds_end) VALUES(5449, 1646, 25009, 27619, 1241, 1271);
INSERT INTO player_team_game_play(player_id, team_id, game_id, play_id, seconds_start, seconds_end) VALUES(45, 1646, 25009, 27619, 1241, 1271);
INSERT INTO player_team_game_play(player_id, team_id, game_id, play_id, seconds_start, seconds_end) VALUES(6223, 1646, 25009, 27619, 1241, 1271);
UPDATE player_team_game_play SET seconds_end = 1259 WHERE player_id = 6223 AND game_id = 25009 AND play_id = 27619;
INSERT INTO player_team_game_play(player_id, team_id, game_id, play_id, seconds_start, seconds_end) VALUES(7462, 1646, 25009, 27619, 1259, 1271);
INSERT INTO lba.sub_play (play_id, seconds_da_start, player_made_id, team_made_id, game_made_id, player_suffered_id, team_suffered_id, game_suffered_id, shot_id, turnover_id, foul_id, rebound_defensive_01, rebound_offensive_01, assist_01, blocks_01, time_out_01, x, y)VALUES(27619, 18, 6223, 1646, 25009, 7015, 1649, 25009, NULL, NULL, 1, '', '', '', '', '', 18, 70);
INSERT INTO lba.sub_play (play_id, seconds_da_start, player_made_id, team_made_id, game_made_id, player_suffered_id, team_suffered_id, game_suffered_id, shot_id, turnover_id, foul_id, rebound_defensive_01, rebound_offensive_01, assist_01, blocks_01, time_out_01, x, y)VALUES(27619, 30, 5150, 1649, 25009, NULL, NULL, NULL, 4, NULL, NULL, '', '', '', '', '', 33, 57);
INSERT INTO lba.sub_play (play_id, seconds_da_start, player_made_id, team_made_id, game_made_id, player_suffered_id, team_suffered_id, game_suffered_id, shot_id, turnover_id, foul_id, rebound_defensive_01, rebound_offensive_01, assist_01, blocks_01, time_out_01, x, y)VALUES(27619, 30, 5449, 1646, 25009, NULL, NULL, NULL, NULL, NULL, NULL, '1', '', '', '', '', 33, 57);

INSERT INTO play(id, game_id, seconds_start, seconds_end, quarter, attack_home_01, score_home, score_guest)VALUES(27620, 25009, 1271, 1295, 3, '0', 35, 46);
INSERT INTO player_team_game_play(player_id, team_id, game_id, play_id, seconds_start, seconds_end) VALUES(7015, 1649, 25009, 27620, 1271, 1295);
INSERT INTO player_team_game_play(player_id, team_id, game_id, play_id, seconds_start, seconds_end) VALUES(3176, 1649, 25009, 27620, 1271, 1295);
INSERT INTO player_team_game_play(player_id, team_id, game_id, play_id, seconds_start, seconds_end) VALUES(5150, 1649, 25009, 27620, 1271, 1295);
INSERT INTO player_team_game_play(player_id, team_id, game_id, play_id, seconds_start, seconds_end) VALUES(6138, 1649, 25009, 27620, 1271, 1295);
INSERT INTO player_team_game_play(player_id, team_id, game_id, play_id, seconds_start, seconds_end) VALUES(7406, 1649, 25009, 27620, 1271, 1295);
INSERT INTO player_team_game_play(player_id, team_id, game_id, play_id, seconds_start, seconds_end) VALUES(2608, 1646, 25009, 27620, 1271, 1295);
INSERT INTO player_team_game_play(player_id, team_id, game_id, play_id, seconds_start, seconds_end) VALUES(7462, 1646, 25009, 27620, 1271, 1295);
INSERT INTO player_team_game_play(player_id, team_id, game_id, play_id, seconds_start, seconds_end) VALUES(6328, 1646, 25009, 27620, 1271, 1295);
INSERT INTO player_team_game_play(player_id, team_id, game_id, play_id, seconds_start, seconds_end) VALUES(5449, 1646, 25009, 27620, 1271, 1295);
INSERT INTO player_team_game_play(player_id, team_id, game_id, play_id, seconds_start, seconds_end) VALUES(45, 1646, 25009, 27620, 1271, 1295);
INSERT INTO lba.sub_play (play_id, seconds_da_start, player_made_id, team_made_id, game_made_id, player_suffered_id, team_suffered_id, game_suffered_id, shot_id, turnover_id, foul_id, rebound_defensive_01, rebound_offensive_01, assist_01, blocks_01, time_out_01, x, y)VALUES(27620, 24, 6328, 1646, 25009, NULL, NULL, NULL, 1, NULL, NULL, '', '', '', '', '', 93, 57);
INSERT INTO lba.sub_play (play_id, seconds_da_start, player_made_id, team_made_id, game_made_id, player_suffered_id, team_suffered_id, game_suffered_id, shot_id, turnover_id, foul_id, rebound_defensive_01, rebound_offensive_01, assist_01, blocks_01, time_out_01, x, y)VALUES(27620, 24, 5449, 1646, 25009, NULL, NULL, NULL, NULL, NULL, NULL, '', '', '1', '', '', 93, 57);

INSERT INTO play(id, game_id, seconds_start, seconds_end, quarter, attack_home_01, score_home, score_guest)VALUES(27621, 25009, 1295, 1312, 3, '1', 37, 46);
INSERT INTO player_team_game_play(player_id, team_id, game_id, play_id, seconds_start, seconds_end) VALUES(7015, 1649, 25009, 27621, 1295, 1312);
INSERT INTO player_team_game_play(player_id, team_id, game_id, play_id, seconds_start, seconds_end) VALUES(3176, 1649, 25009, 27621, 1295, 1312);
INSERT INTO player_team_game_play(player_id, team_id, game_id, play_id, seconds_start, seconds_end) VALUES(5150, 1649, 25009, 27621, 1295, 1312);
INSERT INTO player_team_game_play(player_id, team_id, game_id, play_id, seconds_start, seconds_end) VALUES(6138, 1649, 25009, 27621, 1295, 1312);
INSERT INTO player_team_game_play(player_id, team_id, game_id, play_id, seconds_start, seconds_end) VALUES(7406, 1649, 25009, 27621, 1295, 1312);
INSERT INTO player_team_game_play(player_id, team_id, game_id, play_id, seconds_start, seconds_end) VALUES(2608, 1646, 25009, 27621, 1295, 1312);
INSERT INTO player_team_game_play(player_id, team_id, game_id, play_id, seconds_start, seconds_end) VALUES(7462, 1646, 25009, 27621, 1295, 1312);
INSERT INTO player_team_game_play(player_id, team_id, game_id, play_id, seconds_start, seconds_end) VALUES(6328, 1646, 25009, 27621, 1295, 1312);
INSERT INTO player_team_game_play(player_id, team_id, game_id, play_id, seconds_start, seconds_end) VALUES(5449, 1646, 25009, 27621, 1295, 1312);
INSERT INTO player_team_game_play(player_id, team_id, game_id, play_id, seconds_start, seconds_end) VALUES(45, 1646, 25009, 27621, 1295, 1312);
INSERT INTO lba.sub_play (play_id, seconds_da_start, player_made_id, team_made_id, game_made_id, player_suffered_id, team_suffered_id, game_suffered_id, shot_id, turnover_id, foul_id, rebound_defensive_01, rebound_offensive_01, assist_01, blocks_01, time_out_01, x, y)VALUES(27621, 17, 5150, 1649, 25009, NULL, NULL, NULL, 1, NULL, NULL, '', '', '', '', '', 9, 54);

INSERT INTO play(id, game_id, seconds_start, seconds_end, quarter, attack_home_01, score_home, score_guest)VALUES(27622, 25009, 1312, 1342, 3, '0', 37, 46);
INSERT INTO player_team_game_play(player_id, team_id, game_id, play_id, seconds_start, seconds_end) VALUES(7015, 1649, 25009, 27622, 1312, 1342);
INSERT INTO player_team_game_play(player_id, team_id, game_id, play_id, seconds_start, seconds_end) VALUES(3176, 1649, 25009, 27622, 1312, 1342);
INSERT INTO player_team_game_play(player_id, team_id, game_id, play_id, seconds_start, seconds_end) VALUES(5150, 1649, 25009, 27622, 1312, 1342);
INSERT INTO player_team_game_play(player_id, team_id, game_id, play_id, seconds_start, seconds_end) VALUES(6138, 1649, 25009, 27622, 1312, 1342);
INSERT INTO player_team_game_play(player_id, team_id, game_id, play_id, seconds_start, seconds_end) VALUES(7406, 1649, 25009, 27622, 1312, 1342);
INSERT INTO player_team_game_play(player_id, team_id, game_id, play_id, seconds_start, seconds_end) VALUES(2608, 1646, 25009, 27622, 1312, 1342);
INSERT INTO player_team_game_play(player_id, team_id, game_id, play_id, seconds_start, seconds_end) VALUES(7462, 1646, 25009, 27622, 1312, 1342);
INSERT INTO player_team_game_play(player_id, team_id, game_id, play_id, seconds_start, seconds_end) VALUES(6328, 1646, 25009, 27622, 1312, 1342);
INSERT INTO player_team_game_play(player_id, team_id, game_id, play_id, seconds_start, seconds_end) VALUES(5449, 1646, 25009, 27622, 1312, 1342);
INSERT INTO player_team_game_play(player_id, team_id, game_id, play_id, seconds_start, seconds_end) VALUES(45, 1646, 25009, 27622, 1312, 1342);
INSERT INTO lba.sub_play (play_id, seconds_da_start, player_made_id, team_made_id, game_made_id, player_suffered_id, team_suffered_id, game_suffered_id, shot_id, turnover_id, foul_id, rebound_defensive_01, rebound_offensive_01, assist_01, blocks_01, time_out_01, x, y)VALUES(27622, 20, 7462, 1646, 25009, NULL, NULL, NULL, 4, NULL, NULL, '', '', '', '', '', 63, 55);
INSERT INTO lba.sub_play (play_id, seconds_da_start, player_made_id, team_made_id, game_made_id, player_suffered_id, team_suffered_id, game_suffered_id, shot_id, turnover_id, foul_id, rebound_defensive_01, rebound_offensive_01, assist_01, blocks_01, time_out_01, x, y)VALUES(27622, 20, 45, 1646, 25009, NULL, NULL, NULL, NULL, NULL, NULL, '', '1', '', '', '', 63, 55);
INSERT INTO lba.sub_play (play_id, seconds_da_start, player_made_id, team_made_id, game_made_id, player_suffered_id, team_suffered_id, game_suffered_id, shot_id, turnover_id, foul_id, rebound_defensive_01, rebound_offensive_01, assist_01, blocks_01, time_out_01, x, y)VALUES(27622, 30, 7462, 1646, 25009, NULL, NULL, NULL, 2, NULL, NULL, '', '', '', '', '', 91, 43);
INSERT INTO lba.sub_play (play_id, seconds_da_start, player_made_id, team_made_id, game_made_id, player_suffered_id, team_suffered_id, game_suffered_id, shot_id, turnover_id, foul_id, rebound_defensive_01, rebound_offensive_01, assist_01, blocks_01, time_out_01, x, y)VALUES(27622, 30, 7406, 1649, 25009, NULL, NULL, NULL, NULL, NULL, NULL, '1', '', '', '', '', 91, 43);

INSERT INTO play(id, game_id, seconds_start, seconds_end, quarter, attack_home_01, score_home, score_guest)VALUES(27623, 25009, 1342, 1361, 3, '1', 39, 46);
INSERT INTO player_team_game_play(player_id, team_id, game_id, play_id, seconds_start, seconds_end) VALUES(7015, 1649, 25009, 27623, 1342, 1361);
INSERT INTO player_team_game_play(player_id, team_id, game_id, play_id, seconds_start, seconds_end) VALUES(3176, 1649, 25009, 27623, 1342, 1361);
INSERT INTO player_team_game_play(player_id, team_id, game_id, play_id, seconds_start, seconds_end) VALUES(5150, 1649, 25009, 27623, 1342, 1361);
INSERT INTO player_team_game_play(player_id, team_id, game_id, play_id, seconds_start, seconds_end) VALUES(6138, 1649, 25009, 27623, 1342, 1361);
INSERT INTO player_team_game_play(player_id, team_id, game_id, play_id, seconds_start, seconds_end) VALUES(7406, 1649, 25009, 27623, 1342, 1361);
INSERT INTO player_team_game_play(player_id, team_id, game_id, play_id, seconds_start, seconds_end) VALUES(2608, 1646, 25009, 27623, 1342, 1361);
INSERT INTO player_team_game_play(player_id, team_id, game_id, play_id, seconds_start, seconds_end) VALUES(7462, 1646, 25009, 27623, 1342, 1361);
INSERT INTO player_team_game_play(player_id, team_id, game_id, play_id, seconds_start, seconds_end) VALUES(6328, 1646, 25009, 27623, 1342, 1361);
INSERT INTO player_team_game_play(player_id, team_id, game_id, play_id, seconds_start, seconds_end) VALUES(5449, 1646, 25009, 27623, 1342, 1361);
INSERT INTO player_team_game_play(player_id, team_id, game_id, play_id, seconds_start, seconds_end) VALUES(45, 1646, 25009, 27623, 1342, 1361);
UPDATE player_team_game_play SET seconds_end = 1345 WHERE player_id = 3176 AND game_id = 25009 AND play_id = 27623;
UPDATE player_team_game_play SET seconds_end = 1345 WHERE player_id = 7406 AND game_id = 25009 AND play_id = 27623;
INSERT INTO player_team_game_play(player_id, team_id, game_id, play_id, seconds_start, seconds_end) VALUES(7404, 1649, 25009, 27623, 1345, 1361);
INSERT INTO player_team_game_play(player_id, team_id, game_id, play_id, seconds_start, seconds_end) VALUES(1775, 1649, 25009, 27623, 1345, 1361);
UPDATE player_team_game_play SET seconds_end = 1345 WHERE player_id = 6328 AND game_id = 25009 AND play_id = 27623;
UPDATE player_team_game_play SET seconds_end = 1345 WHERE player_id = 5449 AND game_id = 25009 AND play_id = 27623;
UPDATE player_team_game_play SET seconds_end = 1345 WHERE player_id = 45 AND game_id = 25009 AND play_id = 27623;
INSERT INTO player_team_game_play(player_id, team_id, game_id, play_id, seconds_start, seconds_end) VALUES(418, 1646, 25009, 27623, 1345, 1361);
INSERT INTO player_team_game_play(player_id, team_id, game_id, play_id, seconds_start, seconds_end) VALUES(1774, 1646, 25009, 27623, 1345, 1361);
INSERT INTO player_team_game_play(player_id, team_id, game_id, play_id, seconds_start, seconds_end) VALUES(7314, 1646, 25009, 27623, 1345, 1361);
INSERT INTO lba.sub_play (play_id, seconds_da_start, player_made_id, team_made_id, game_made_id, player_suffered_id, team_suffered_id, game_suffered_id, shot_id, turnover_id, foul_id, rebound_defensive_01, rebound_offensive_01, assist_01, blocks_01, time_out_01, x, y)VALUES(27623, 3, 45, 1646, 25009, 6138, 1649, 25009, NULL, NULL, 1, '', '', '', '', '', 20, 77);
INSERT INTO lba.sub_play (play_id, seconds_da_start, player_made_id, team_made_id, game_made_id, player_suffered_id, team_suffered_id, game_suffered_id, shot_id, turnover_id, foul_id, rebound_defensive_01, rebound_offensive_01, assist_01, blocks_01, time_out_01, x, y)VALUES(27623, 19, 7404, 1649, 25009, NULL, NULL, NULL, 1, NULL, NULL, '', '', '', '', '', 15, 59);

INSERT INTO play(id, game_id, seconds_start, seconds_end, quarter, attack_home_01, score_home, score_guest)VALUES(27624, 25009, 1361, 1379, 3, '0', 39, 48);
INSERT INTO player_team_game_play(player_id, team_id, game_id, play_id, seconds_start, seconds_end) VALUES(7015, 1649, 25009, 27624, 1361, 1379);
INSERT INTO player_team_game_play(player_id, team_id, game_id, play_id, seconds_start, seconds_end) VALUES(6138, 1649, 25009, 27624, 1361, 1379);
INSERT INTO player_team_game_play(player_id, team_id, game_id, play_id, seconds_start, seconds_end) VALUES(7404, 1649, 25009, 27624, 1361, 1379);
INSERT INTO player_team_game_play(player_id, team_id, game_id, play_id, seconds_start, seconds_end) VALUES(5150, 1649, 25009, 27624, 1361, 1379);
INSERT INTO player_team_game_play(player_id, team_id, game_id, play_id, seconds_start, seconds_end) VALUES(1775, 1649, 25009, 27624, 1361, 1379);
INSERT INTO player_team_game_play(player_id, team_id, game_id, play_id, seconds_start, seconds_end) VALUES(2608, 1646, 25009, 27624, 1361, 1379);
INSERT INTO player_team_game_play(player_id, team_id, game_id, play_id, seconds_start, seconds_end) VALUES(418, 1646, 25009, 27624, 1361, 1379);
INSERT INTO player_team_game_play(player_id, team_id, game_id, play_id, seconds_start, seconds_end) VALUES(7314, 1646, 25009, 27624, 1361, 1379);
INSERT INTO player_team_game_play(player_id, team_id, game_id, play_id, seconds_start, seconds_end) VALUES(7462, 1646, 25009, 27624, 1361, 1379);
INSERT INTO player_team_game_play(player_id, team_id, game_id, play_id, seconds_start, seconds_end) VALUES(1774, 1646, 25009, 27624, 1361, 1379);
INSERT INTO lba.sub_play (play_id, seconds_da_start, player_made_id, team_made_id, game_made_id, player_suffered_id, team_suffered_id, game_suffered_id, shot_id, turnover_id, foul_id, rebound_defensive_01, rebound_offensive_01, assist_01, blocks_01, time_out_01, x, y)VALUES(27624, 18, 418, 1646, 25009, NULL, NULL, NULL, 1, NULL, NULL, '', '', '', '', '', 80, 79);
INSERT INTO lba.sub_play (play_id, seconds_da_start, player_made_id, team_made_id, game_made_id, player_suffered_id, team_suffered_id, game_suffered_id, shot_id, turnover_id, foul_id, rebound_defensive_01, rebound_offensive_01, assist_01, blocks_01, time_out_01, x, y)VALUES(27624, 18, 7462, 1646, 25009, NULL, NULL, NULL, NULL, NULL, NULL, '', '', '1', '', '', 80, 79);

INSERT INTO play(id, game_id, seconds_start, seconds_end, quarter, attack_home_01, score_home, score_guest)VALUES(27625, 25009, 1379, 1400, 3, '1', 40, 48);
INSERT INTO player_team_game_play(player_id, team_id, game_id, play_id, seconds_start, seconds_end) VALUES(7015, 1649, 25009, 27625, 1379, 1400);
INSERT INTO player_team_game_play(player_id, team_id, game_id, play_id, seconds_start, seconds_end) VALUES(6138, 1649, 25009, 27625, 1379, 1400);
INSERT INTO player_team_game_play(player_id, team_id, game_id, play_id, seconds_start, seconds_end) VALUES(7404, 1649, 25009, 27625, 1379, 1400);
INSERT INTO player_team_game_play(player_id, team_id, game_id, play_id, seconds_start, seconds_end) VALUES(5150, 1649, 25009, 27625, 1379, 1400);
INSERT INTO player_team_game_play(player_id, team_id, game_id, play_id, seconds_start, seconds_end) VALUES(1775, 1649, 25009, 27625, 1379, 1400);
INSERT INTO player_team_game_play(player_id, team_id, game_id, play_id, seconds_start, seconds_end) VALUES(2608, 1646, 25009, 27625, 1379, 1400);
INSERT INTO player_team_game_play(player_id, team_id, game_id, play_id, seconds_start, seconds_end) VALUES(418, 1646, 25009, 27625, 1379, 1400);
INSERT INTO player_team_game_play(player_id, team_id, game_id, play_id, seconds_start, seconds_end) VALUES(7314, 1646, 25009, 27625, 1379, 1400);
INSERT INTO player_team_game_play(player_id, team_id, game_id, play_id, seconds_start, seconds_end) VALUES(7462, 1646, 25009, 27625, 1379, 1400);
INSERT INTO player_team_game_play(player_id, team_id, game_id, play_id, seconds_start, seconds_end) VALUES(1774, 1646, 25009, 27625, 1379, 1400);
INSERT INTO lba.sub_play (play_id, seconds_da_start, player_made_id, team_made_id, game_made_id, player_suffered_id, team_suffered_id, game_suffered_id, shot_id, turnover_id, foul_id, rebound_defensive_01, rebound_offensive_01, assist_01, blocks_01, time_out_01, x, y)VALUES(27625, 13, 418, 1646, 25009, 1775, 1649, 25009, NULL, NULL, 1, '', '', '', '', '', 33, 76);
INSERT INTO lba.sub_play (play_id, seconds_da_start, player_made_id, team_made_id, game_made_id, player_suffered_id, team_suffered_id, game_suffered_id, shot_id, turnover_id, foul_id, rebound_defensive_01, rebound_offensive_01, assist_01, blocks_01, time_out_01, x, y)VALUES(27625, 21, 7314, 1646, 25009, 6138, 1649, 25009, NULL, NULL, 4, '', '', '', '', '', 6, 40);
INSERT INTO lba.sub_play (play_id, seconds_da_start, player_made_id, team_made_id, game_made_id, player_suffered_id, team_suffered_id, game_suffered_id, shot_id, turnover_id, foul_id, rebound_defensive_01, rebound_offensive_01, assist_01, blocks_01, time_out_01, x, y)VALUES(27625, 21, 6138, 1649, 25009, NULL, NULL, NULL, 6, NULL, NULL, '', '', '', '', '', NULL, NULL);
INSERT INTO lba.sub_play (play_id, seconds_da_start, player_made_id, team_made_id, game_made_id, player_suffered_id, team_suffered_id, game_suffered_id, shot_id, turnover_id, foul_id, rebound_defensive_01, rebound_offensive_01, assist_01, blocks_01, time_out_01, x, y)VALUES(27625, 21, 6138, 1649, 25009, NULL, NULL, NULL, 5, NULL, NULL, '', '', '', '', '', NULL, NULL);

INSERT INTO play(id, game_id, seconds_start, seconds_end, quarter, attack_home_01, score_home, score_guest)VALUES(27626, 25009, 1400, 1418, 3, '0', 40, 48);
INSERT INTO player_team_game_play(player_id, team_id, game_id, play_id, seconds_start, seconds_end) VALUES(7015, 1649, 25009, 27626, 1400, 1418);
INSERT INTO player_team_game_play(player_id, team_id, game_id, play_id, seconds_start, seconds_end) VALUES(6138, 1649, 25009, 27626, 1400, 1418);
INSERT INTO player_team_game_play(player_id, team_id, game_id, play_id, seconds_start, seconds_end) VALUES(7404, 1649, 25009, 27626, 1400, 1418);
INSERT INTO player_team_game_play(player_id, team_id, game_id, play_id, seconds_start, seconds_end) VALUES(5150, 1649, 25009, 27626, 1400, 1418);
INSERT INTO player_team_game_play(player_id, team_id, game_id, play_id, seconds_start, seconds_end) VALUES(1775, 1649, 25009, 27626, 1400, 1418);
INSERT INTO player_team_game_play(player_id, team_id, game_id, play_id, seconds_start, seconds_end) VALUES(2608, 1646, 25009, 27626, 1400, 1418);
INSERT INTO player_team_game_play(player_id, team_id, game_id, play_id, seconds_start, seconds_end) VALUES(418, 1646, 25009, 27626, 1400, 1418);
INSERT INTO player_team_game_play(player_id, team_id, game_id, play_id, seconds_start, seconds_end) VALUES(7314, 1646, 25009, 27626, 1400, 1418);
INSERT INTO player_team_game_play(player_id, team_id, game_id, play_id, seconds_start, seconds_end) VALUES(7462, 1646, 25009, 27626, 1400, 1418);
INSERT INTO player_team_game_play(player_id, team_id, game_id, play_id, seconds_start, seconds_end) VALUES(1774, 1646, 25009, 27626, 1400, 1418);
INSERT INTO lba.sub_play (play_id, seconds_da_start, player_made_id, team_made_id, game_made_id, player_suffered_id, team_suffered_id, game_suffered_id, shot_id, turnover_id, foul_id, rebound_defensive_01, rebound_offensive_01, assist_01, blocks_01, time_out_01, x, y)VALUES(27626, 18, 418, 1646, 25009, NULL, NULL, NULL, 2, NULL, NULL, '', '', '', '', '', 77, 74);
INSERT INTO lba.sub_play (play_id, seconds_da_start, player_made_id, team_made_id, game_made_id, player_suffered_id, team_suffered_id, game_suffered_id, shot_id, turnover_id, foul_id, rebound_defensive_01, rebound_offensive_01, assist_01, blocks_01, time_out_01, x, y)VALUES(27626, 18, 6138, 1649, 25009, NULL, NULL, NULL, NULL, NULL, NULL, '1', '', '', '', '', 77, 74);

INSERT INTO play(id, game_id, seconds_start, seconds_end, quarter, attack_home_01, score_home, score_guest)VALUES(27627, 25009, 1418, 1424, 3, '1', 40, 48);
INSERT INTO player_team_game_play(player_id, team_id, game_id, play_id, seconds_start, seconds_end) VALUES(7015, 1649, 25009, 27627, 1418, 1424);
INSERT INTO player_team_game_play(player_id, team_id, game_id, play_id, seconds_start, seconds_end) VALUES(6138, 1649, 25009, 27627, 1418, 1424);
INSERT INTO player_team_game_play(player_id, team_id, game_id, play_id, seconds_start, seconds_end) VALUES(7404, 1649, 25009, 27627, 1418, 1424);
INSERT INTO player_team_game_play(player_id, team_id, game_id, play_id, seconds_start, seconds_end) VALUES(5150, 1649, 25009, 27627, 1418, 1424);
INSERT INTO player_team_game_play(player_id, team_id, game_id, play_id, seconds_start, seconds_end) VALUES(1775, 1649, 25009, 27627, 1418, 1424);
INSERT INTO player_team_game_play(player_id, team_id, game_id, play_id, seconds_start, seconds_end) VALUES(2608, 1646, 25009, 27627, 1418, 1424);
INSERT INTO player_team_game_play(player_id, team_id, game_id, play_id, seconds_start, seconds_end) VALUES(418, 1646, 25009, 27627, 1418, 1424);
INSERT INTO player_team_game_play(player_id, team_id, game_id, play_id, seconds_start, seconds_end) VALUES(7314, 1646, 25009, 27627, 1418, 1424);
INSERT INTO player_team_game_play(player_id, team_id, game_id, play_id, seconds_start, seconds_end) VALUES(7462, 1646, 25009, 27627, 1418, 1424);
INSERT INTO player_team_game_play(player_id, team_id, game_id, play_id, seconds_start, seconds_end) VALUES(1774, 1646, 25009, 27627, 1418, 1424);
INSERT INTO lba.sub_play (play_id, seconds_da_start, player_made_id, team_made_id, game_made_id, player_suffered_id, team_suffered_id, game_suffered_id, shot_id, turnover_id, foul_id, rebound_defensive_01, rebound_offensive_01, assist_01, blocks_01, time_out_01, x, y)VALUES(27627, 6, 6138, 1649, 25009, NULL, NULL, NULL, 4, NULL, NULL, '', '', '', '', '', 32, 71);
INSERT INTO lba.sub_play (play_id, seconds_da_start, player_made_id, team_made_id, game_made_id, player_suffered_id, team_suffered_id, game_suffered_id, shot_id, turnover_id, foul_id, rebound_defensive_01, rebound_offensive_01, assist_01, blocks_01, time_out_01, x, y)VALUES(27627, 6, 2608, 1646, 25009, NULL, NULL, NULL, NULL, NULL, NULL, '1', '', '', '', '', 32, 71);

INSERT INTO play(id, game_id, seconds_start, seconds_end, quarter, attack_home_01, score_home, score_guest)VALUES(27628, 25009, 1424, 1447, 3, '0', 40, 48);
INSERT INTO player_team_game_play(player_id, team_id, game_id, play_id, seconds_start, seconds_end) VALUES(7015, 1649, 25009, 27628, 1424, 1447);
INSERT INTO player_team_game_play(player_id, team_id, game_id, play_id, seconds_start, seconds_end) VALUES(6138, 1649, 25009, 27628, 1424, 1447);
INSERT INTO player_team_game_play(player_id, team_id, game_id, play_id, seconds_start, seconds_end) VALUES(7404, 1649, 25009, 27628, 1424, 1447);
INSERT INTO player_team_game_play(player_id, team_id, game_id, play_id, seconds_start, seconds_end) VALUES(5150, 1649, 25009, 27628, 1424, 1447);
INSERT INTO player_team_game_play(player_id, team_id, game_id, play_id, seconds_start, seconds_end) VALUES(1775, 1649, 25009, 27628, 1424, 1447);
INSERT INTO player_team_game_play(player_id, team_id, game_id, play_id, seconds_start, seconds_end) VALUES(2608, 1646, 25009, 27628, 1424, 1447);
INSERT INTO player_team_game_play(player_id, team_id, game_id, play_id, seconds_start, seconds_end) VALUES(418, 1646, 25009, 27628, 1424, 1447);
INSERT INTO player_team_game_play(player_id, team_id, game_id, play_id, seconds_start, seconds_end) VALUES(7314, 1646, 25009, 27628, 1424, 1447);
INSERT INTO player_team_game_play(player_id, team_id, game_id, play_id, seconds_start, seconds_end) VALUES(7462, 1646, 25009, 27628, 1424, 1447);
INSERT INTO player_team_game_play(player_id, team_id, game_id, play_id, seconds_start, seconds_end) VALUES(1774, 1646, 25009, 27628, 1424, 1447);
UPDATE player_team_game_play SET seconds_end = 1447 WHERE player_id = 2608 AND game_id = 25009 AND play_id = 27628;
INSERT INTO player_team_game_play(player_id, team_id, game_id, play_id, seconds_start, seconds_end) VALUES(4162, 1646, 25009, 27628, 1447, 1447);

INSERT INTO play(id, game_id, seconds_start, seconds_end, quarter, attack_home_01, score_home, score_guest)VALUES(27629, 25009, 1447, 1467, 3, '1', 42, 48);
INSERT INTO player_team_game_play(player_id, team_id, game_id, play_id, seconds_start, seconds_end) VALUES(7015, 1649, 25009, 27629, 1447, 1467);
INSERT INTO player_team_game_play(player_id, team_id, game_id, play_id, seconds_start, seconds_end) VALUES(6138, 1649, 25009, 27629, 1447, 1467);
INSERT INTO player_team_game_play(player_id, team_id, game_id, play_id, seconds_start, seconds_end) VALUES(7404, 1649, 25009, 27629, 1447, 1467);
INSERT INTO player_team_game_play(player_id, team_id, game_id, play_id, seconds_start, seconds_end) VALUES(5150, 1649, 25009, 27629, 1447, 1467);
INSERT INTO player_team_game_play(player_id, team_id, game_id, play_id, seconds_start, seconds_end) VALUES(1775, 1649, 25009, 27629, 1447, 1467);
INSERT INTO player_team_game_play(player_id, team_id, game_id, play_id, seconds_start, seconds_end) VALUES(2608, 1646, 25009, 27629, 1447, 1467);
INSERT INTO player_team_game_play(player_id, team_id, game_id, play_id, seconds_start, seconds_end) VALUES(418, 1646, 25009, 27629, 1447, 1467);
INSERT INTO player_team_game_play(player_id, team_id, game_id, play_id, seconds_start, seconds_end) VALUES(7314, 1646, 25009, 27629, 1447, 1467);
INSERT INTO player_team_game_play(player_id, team_id, game_id, play_id, seconds_start, seconds_end) VALUES(7462, 1646, 25009, 27629, 1447, 1467);
INSERT INTO player_team_game_play(player_id, team_id, game_id, play_id, seconds_start, seconds_end) VALUES(1774, 1646, 25009, 27629, 1447, 1467);
UPDATE player_team_game_play SET seconds_end = 1447 WHERE player_id = 2608 AND game_id = 25009 AND play_id = 27629;
INSERT INTO player_team_game_play(player_id, team_id, game_id, play_id, seconds_start, seconds_end) VALUES(4162, 1646, 25009, 27629, 1447, 1467);
INSERT INTO lba.sub_play (play_id, seconds_da_start, player_made_id, team_made_id, game_made_id, player_suffered_id, team_suffered_id, game_suffered_id, shot_id, turnover_id, foul_id, rebound_defensive_01, rebound_offensive_01, assist_01, blocks_01, time_out_01, x, y)VALUES(27629, 20, 7015, 1649, 25009, NULL, NULL, NULL, 1, NULL, NULL, '', '', '', '', '', 6, 59);

INSERT INTO play(id, game_id, seconds_start, seconds_end, quarter, attack_home_01, score_home, score_guest)VALUES(27630, 25009, 1467, 1491, 3, '0', 42, 48);
INSERT INTO player_team_game_play(player_id, team_id, game_id, play_id, seconds_start, seconds_end) VALUES(7015, 1649, 25009, 27630, 1467, 1491);
INSERT INTO player_team_game_play(player_id, team_id, game_id, play_id, seconds_start, seconds_end) VALUES(6138, 1649, 25009, 27630, 1467, 1491);
INSERT INTO player_team_game_play(player_id, team_id, game_id, play_id, seconds_start, seconds_end) VALUES(7404, 1649, 25009, 27630, 1467, 1491);
INSERT INTO player_team_game_play(player_id, team_id, game_id, play_id, seconds_start, seconds_end) VALUES(5150, 1649, 25009, 27630, 1467, 1491);
INSERT INTO player_team_game_play(player_id, team_id, game_id, play_id, seconds_start, seconds_end) VALUES(1775, 1649, 25009, 27630, 1467, 1491);
INSERT INTO player_team_game_play(player_id, team_id, game_id, play_id, seconds_start, seconds_end) VALUES(4162, 1646, 25009, 27630, 1467, 1491);
INSERT INTO player_team_game_play(player_id, team_id, game_id, play_id, seconds_start, seconds_end) VALUES(418, 1646, 25009, 27630, 1467, 1491);
INSERT INTO player_team_game_play(player_id, team_id, game_id, play_id, seconds_start, seconds_end) VALUES(7314, 1646, 25009, 27630, 1467, 1491);
INSERT INTO player_team_game_play(player_id, team_id, game_id, play_id, seconds_start, seconds_end) VALUES(7462, 1646, 25009, 27630, 1467, 1491);
INSERT INTO player_team_game_play(player_id, team_id, game_id, play_id, seconds_start, seconds_end) VALUES(1774, 1646, 25009, 27630, 1467, 1491);
INSERT INTO lba.sub_play (play_id, seconds_da_start, player_made_id, team_made_id, game_made_id, player_suffered_id, team_suffered_id, game_suffered_id, shot_id, turnover_id, foul_id, rebound_defensive_01, rebound_offensive_01, assist_01, blocks_01, time_out_01, x, y)VALUES(27630, 24, 4162, 1646, 25009, 5150, 1649, 25009, NULL, 1, NULL, '', '', '', '', '', 67, 55);

INSERT INTO play(id, game_id, seconds_start, seconds_end, quarter, attack_home_01, score_home, score_guest)VALUES(27631, 25009, 1491, 1500, 3, '1', 44, 48);
INSERT INTO player_team_game_play(player_id, team_id, game_id, play_id, seconds_start, seconds_end) VALUES(7015, 1649, 25009, 27631, 1491, 1500);
INSERT INTO player_team_game_play(player_id, team_id, game_id, play_id, seconds_start, seconds_end) VALUES(6138, 1649, 25009, 27631, 1491, 1500);
INSERT INTO player_team_game_play(player_id, team_id, game_id, play_id, seconds_start, seconds_end) VALUES(7404, 1649, 25009, 27631, 1491, 1500);
INSERT INTO player_team_game_play(player_id, team_id, game_id, play_id, seconds_start, seconds_end) VALUES(5150, 1649, 25009, 27631, 1491, 1500);
INSERT INTO player_team_game_play(player_id, team_id, game_id, play_id, seconds_start, seconds_end) VALUES(1775, 1649, 25009, 27631, 1491, 1500);
INSERT INTO player_team_game_play(player_id, team_id, game_id, play_id, seconds_start, seconds_end) VALUES(4162, 1646, 25009, 27631, 1491, 1500);
INSERT INTO player_team_game_play(player_id, team_id, game_id, play_id, seconds_start, seconds_end) VALUES(418, 1646, 25009, 27631, 1491, 1500);
INSERT INTO player_team_game_play(player_id, team_id, game_id, play_id, seconds_start, seconds_end) VALUES(7314, 1646, 25009, 27631, 1491, 1500);
INSERT INTO player_team_game_play(player_id, team_id, game_id, play_id, seconds_start, seconds_end) VALUES(7462, 1646, 25009, 27631, 1491, 1500);
INSERT INTO player_team_game_play(player_id, team_id, game_id, play_id, seconds_start, seconds_end) VALUES(1774, 1646, 25009, 27631, 1491, 1500);
UPDATE player_team_game_play SET seconds_end = 1500 WHERE player_id = 1774 AND game_id = 25009 AND play_id = 27631;
UPDATE player_team_game_play SET seconds_end = 1500 WHERE player_id = 7314 AND game_id = 25009 AND play_id = 27631;
UPDATE player_team_game_play SET seconds_end = 1500 WHERE player_id = 7462 AND game_id = 25009 AND play_id = 27631;
INSERT INTO player_team_game_play(player_id, team_id, game_id, play_id, seconds_start, seconds_end) VALUES(6328, 1646, 25009, 27631, 1500, 1500);
INSERT INTO player_team_game_play(player_id, team_id, game_id, play_id, seconds_start, seconds_end) VALUES(5449, 1646, 25009, 27631, 1500, 1500);
INSERT INTO player_team_game_play(player_id, team_id, game_id, play_id, seconds_start, seconds_end) VALUES(45, 1646, 25009, 27631, 1500, 1500);
INSERT INTO lba.sub_play (play_id, seconds_da_start, player_made_id, team_made_id, game_made_id, player_suffered_id, team_suffered_id, game_suffered_id, shot_id, turnover_id, foul_id, rebound_defensive_01, rebound_offensive_01, assist_01, blocks_01, time_out_01, x, y)VALUES(27631, 9, 7015, 1649, 25009, NULL, NULL, NULL, 1, NULL, NULL, '', '', '', '', '', 7, 42);
INSERT INTO lba.sub_play (play_id, seconds_da_start, player_made_id, team_made_id, game_made_id, player_suffered_id, team_suffered_id, game_suffered_id, shot_id, turnover_id, foul_id, rebound_defensive_01, rebound_offensive_01, assist_01, blocks_01, time_out_01, x, y)VALUES(27631, 9, 5150, 1649, 25009, NULL, NULL, NULL, NULL, NULL, NULL, '', '', '1', '', '', 7, 42);

INSERT INTO play(id, game_id, seconds_start, seconds_end, quarter, attack_home_01, score_home, score_guest)VALUES(27632, 25009, 1500, 1529, 3, '0', 44, 48);
INSERT INTO player_team_game_play(player_id, team_id, game_id, play_id, seconds_start, seconds_end) VALUES(7015, 1649, 25009, 27632, 1500, 1529);
INSERT INTO player_team_game_play(player_id, team_id, game_id, play_id, seconds_start, seconds_end) VALUES(6138, 1649, 25009, 27632, 1500, 1529);
INSERT INTO player_team_game_play(player_id, team_id, game_id, play_id, seconds_start, seconds_end) VALUES(7404, 1649, 25009, 27632, 1500, 1529);
INSERT INTO player_team_game_play(player_id, team_id, game_id, play_id, seconds_start, seconds_end) VALUES(5150, 1649, 25009, 27632, 1500, 1529);
INSERT INTO player_team_game_play(player_id, team_id, game_id, play_id, seconds_start, seconds_end) VALUES(1775, 1649, 25009, 27632, 1500, 1529);
INSERT INTO player_team_game_play(player_id, team_id, game_id, play_id, seconds_start, seconds_end) VALUES(4162, 1646, 25009, 27632, 1500, 1529);
INSERT INTO player_team_game_play(player_id, team_id, game_id, play_id, seconds_start, seconds_end) VALUES(418, 1646, 25009, 27632, 1500, 1529);
INSERT INTO player_team_game_play(player_id, team_id, game_id, play_id, seconds_start, seconds_end) VALUES(7314, 1646, 25009, 27632, 1500, 1529);
INSERT INTO player_team_game_play(player_id, team_id, game_id, play_id, seconds_start, seconds_end) VALUES(7462, 1646, 25009, 27632, 1500, 1529);
INSERT INTO player_team_game_play(player_id, team_id, game_id, play_id, seconds_start, seconds_end) VALUES(1774, 1646, 25009, 27632, 1500, 1529);
UPDATE player_team_game_play SET seconds_end = 1500 WHERE player_id = 1774 AND game_id = 25009 AND play_id = 27632;
UPDATE player_team_game_play SET seconds_end = 1500 WHERE player_id = 7314 AND game_id = 25009 AND play_id = 27632;
UPDATE player_team_game_play SET seconds_end = 1500 WHERE player_id = 7462 AND game_id = 25009 AND play_id = 27632;
INSERT INTO player_team_game_play(player_id, team_id, game_id, play_id, seconds_start, seconds_end) VALUES(6328, 1646, 25009, 27632, 1500, 1529);
INSERT INTO player_team_game_play(player_id, team_id, game_id, play_id, seconds_start, seconds_end) VALUES(5449, 1646, 25009, 27632, 1500, 1529);
INSERT INTO player_team_game_play(player_id, team_id, game_id, play_id, seconds_start, seconds_end) VALUES(45, 1646, 25009, 27632, 1500, 1529);
INSERT INTO lba.sub_play (play_id, seconds_da_start, player_made_id, team_made_id, game_made_id, player_suffered_id, team_suffered_id, game_suffered_id, shot_id, turnover_id, foul_id, rebound_defensive_01, rebound_offensive_01, assist_01, blocks_01, time_out_01, x, y)VALUES(27632, 4, 6138, 1649, 25009, 5449, 1646, 25009, NULL, NULL, 1, '', '', '', '', '', 58, 70);
INSERT INTO lba.sub_play (play_id, seconds_da_start, player_made_id, team_made_id, game_made_id, player_suffered_id, team_suffered_id, game_suffered_id, shot_id, turnover_id, foul_id, rebound_defensive_01, rebound_offensive_01, assist_01, blocks_01, time_out_01, x, y)VALUES(27632, 16, 1775, 1649, 25009, 6328, 1646, 25009, NULL, NULL, 1, '', '', '', '', '', 75, 67);
INSERT INTO lba.sub_play (play_id, seconds_da_start, player_made_id, team_made_id, game_made_id, player_suffered_id, team_suffered_id, game_suffered_id, shot_id, turnover_id, foul_id, rebound_defensive_01, rebound_offensive_01, assist_01, blocks_01, time_out_01, x, y)VALUES(27632, 29, 5449, 1646, 25009, 6138, 1649, 25009, NULL, 2, NULL, '', '', '', '', '', 80, 47);

INSERT INTO play(id, game_id, seconds_start, seconds_end, quarter, attack_home_01, score_home, score_guest)VALUES(27633, 25009, 1529, 1554, 3, '1', 44, 48);
INSERT INTO player_team_game_play(player_id, team_id, game_id, play_id, seconds_start, seconds_end) VALUES(7015, 1649, 25009, 27633, 1529, 1554);
INSERT INTO player_team_game_play(player_id, team_id, game_id, play_id, seconds_start, seconds_end) VALUES(6138, 1649, 25009, 27633, 1529, 1554);
INSERT INTO player_team_game_play(player_id, team_id, game_id, play_id, seconds_start, seconds_end) VALUES(7404, 1649, 25009, 27633, 1529, 1554);
INSERT INTO player_team_game_play(player_id, team_id, game_id, play_id, seconds_start, seconds_end) VALUES(5150, 1649, 25009, 27633, 1529, 1554);
INSERT INTO player_team_game_play(player_id, team_id, game_id, play_id, seconds_start, seconds_end) VALUES(1775, 1649, 25009, 27633, 1529, 1554);
INSERT INTO player_team_game_play(player_id, team_id, game_id, play_id, seconds_start, seconds_end) VALUES(4162, 1646, 25009, 27633, 1529, 1554);
INSERT INTO player_team_game_play(player_id, team_id, game_id, play_id, seconds_start, seconds_end) VALUES(418, 1646, 25009, 27633, 1529, 1554);
INSERT INTO player_team_game_play(player_id, team_id, game_id, play_id, seconds_start, seconds_end) VALUES(6328, 1646, 25009, 27633, 1529, 1554);
INSERT INTO player_team_game_play(player_id, team_id, game_id, play_id, seconds_start, seconds_end) VALUES(5449, 1646, 25009, 27633, 1529, 1554);
INSERT INTO player_team_game_play(player_id, team_id, game_id, play_id, seconds_start, seconds_end) VALUES(45, 1646, 25009, 27633, 1529, 1554);
UPDATE player_team_game_play SET seconds_end = 1545 WHERE player_id = 6138 AND game_id = 25009 AND play_id = 27633;
INSERT INTO player_team_game_play(player_id, team_id, game_id, play_id, seconds_start, seconds_end) VALUES(7405, 1649, 25009, 27633, 1545, 1554);

INSERT INTO play(id, game_id, seconds_start, seconds_end, quarter, attack_home_01, score_home, score_guest)VALUES(27634, 25009, 1554, 1583, 3, '0', 44, 50);
INSERT INTO player_team_game_play(player_id, team_id, game_id, play_id, seconds_start, seconds_end) VALUES(7015, 1649, 25009, 27634, 1554, 1583);
INSERT INTO player_team_game_play(player_id, team_id, game_id, play_id, seconds_start, seconds_end) VALUES(7404, 1649, 25009, 27634, 1554, 1583);
INSERT INTO player_team_game_play(player_id, team_id, game_id, play_id, seconds_start, seconds_end) VALUES(7405, 1649, 25009, 27634, 1554, 1583);
INSERT INTO player_team_game_play(player_id, team_id, game_id, play_id, seconds_start, seconds_end) VALUES(5150, 1649, 25009, 27634, 1554, 1583);
INSERT INTO player_team_game_play(player_id, team_id, game_id, play_id, seconds_start, seconds_end) VALUES(1775, 1649, 25009, 27634, 1554, 1583);
INSERT INTO player_team_game_play(player_id, team_id, game_id, play_id, seconds_start, seconds_end) VALUES(4162, 1646, 25009, 27634, 1554, 1583);
INSERT INTO player_team_game_play(player_id, team_id, game_id, play_id, seconds_start, seconds_end) VALUES(418, 1646, 25009, 27634, 1554, 1583);
INSERT INTO player_team_game_play(player_id, team_id, game_id, play_id, seconds_start, seconds_end) VALUES(6328, 1646, 25009, 27634, 1554, 1583);
INSERT INTO player_team_game_play(player_id, team_id, game_id, play_id, seconds_start, seconds_end) VALUES(5449, 1646, 25009, 27634, 1554, 1583);
INSERT INTO player_team_game_play(player_id, team_id, game_id, play_id, seconds_start, seconds_end) VALUES(45, 1646, 25009, 27634, 1554, 1583);
INSERT INTO lba.sub_play (play_id, seconds_da_start, player_made_id, team_made_id, game_made_id, player_suffered_id, team_suffered_id, game_suffered_id, shot_id, turnover_id, foul_id, rebound_defensive_01, rebound_offensive_01, assist_01, blocks_01, time_out_01, x, y)VALUES(27634, 19, 7404, 1649, 25009, 4162, 1646, 25009, NULL, NULL, 1, '', '', '', '', '', 87, 65);
INSERT INTO lba.sub_play (play_id, seconds_da_start, player_made_id, team_made_id, game_made_id, player_suffered_id, team_suffered_id, game_suffered_id, shot_id, turnover_id, foul_id, rebound_defensive_01, rebound_offensive_01, assist_01, blocks_01, time_out_01, x, y)VALUES(27634, 29, 5449, 1646, 25009, NULL, NULL, NULL, 1, NULL, NULL, '', '', '', '', '', 77, 56);
INSERT INTO lba.sub_play (play_id, seconds_da_start, player_made_id, team_made_id, game_made_id, player_suffered_id, team_suffered_id, game_suffered_id, shot_id, turnover_id, foul_id, rebound_defensive_01, rebound_offensive_01, assist_01, blocks_01, time_out_01, x, y)VALUES(27634, 29, 6328, 1646, 25009, NULL, NULL, NULL, NULL, NULL, NULL, '', '', '1', '', '', 77, 56);

INSERT INTO play(id, game_id, seconds_start, seconds_end, quarter, attack_home_01, score_home, score_guest)VALUES(27635, 25009, 1583, 1607, 3, '1', 46, 50);
INSERT INTO player_team_game_play(player_id, team_id, game_id, play_id, seconds_start, seconds_end) VALUES(7015, 1649, 25009, 27635, 1583, 1607);
INSERT INTO player_team_game_play(player_id, team_id, game_id, play_id, seconds_start, seconds_end) VALUES(7404, 1649, 25009, 27635, 1583, 1607);
INSERT INTO player_team_game_play(player_id, team_id, game_id, play_id, seconds_start, seconds_end) VALUES(7405, 1649, 25009, 27635, 1583, 1607);
INSERT INTO player_team_game_play(player_id, team_id, game_id, play_id, seconds_start, seconds_end) VALUES(5150, 1649, 25009, 27635, 1583, 1607);
INSERT INTO player_team_game_play(player_id, team_id, game_id, play_id, seconds_start, seconds_end) VALUES(1775, 1649, 25009, 27635, 1583, 1607);
INSERT INTO player_team_game_play(player_id, team_id, game_id, play_id, seconds_start, seconds_end) VALUES(4162, 1646, 25009, 27635, 1583, 1607);
INSERT INTO player_team_game_play(player_id, team_id, game_id, play_id, seconds_start, seconds_end) VALUES(418, 1646, 25009, 27635, 1583, 1607);
INSERT INTO player_team_game_play(player_id, team_id, game_id, play_id, seconds_start, seconds_end) VALUES(6328, 1646, 25009, 27635, 1583, 1607);
INSERT INTO player_team_game_play(player_id, team_id, game_id, play_id, seconds_start, seconds_end) VALUES(5449, 1646, 25009, 27635, 1583, 1607);
INSERT INTO player_team_game_play(player_id, team_id, game_id, play_id, seconds_start, seconds_end) VALUES(45, 1646, 25009, 27635, 1583, 1607);
INSERT INTO lba.sub_play (play_id, seconds_da_start, player_made_id, team_made_id, game_made_id, player_suffered_id, team_suffered_id, game_suffered_id, shot_id, turnover_id, foul_id, rebound_defensive_01, rebound_offensive_01, assist_01, blocks_01, time_out_01, x, y)VALUES(27635, 24, 5150, 1649, 25009, NULL, NULL, NULL, 1, NULL, NULL, '', '', '', '', '', 11, 32);

INSERT INTO play(id, game_id, seconds_start, seconds_end, quarter, attack_home_01, score_home, score_guest)VALUES(27636, 25009, 1607, 1616, 3, '0', 46, 50);
INSERT INTO player_team_game_play(player_id, team_id, game_id, play_id, seconds_start, seconds_end) VALUES(7015, 1649, 25009, 27636, 1607, 1616);
INSERT INTO player_team_game_play(player_id, team_id, game_id, play_id, seconds_start, seconds_end) VALUES(7404, 1649, 25009, 27636, 1607, 1616);
INSERT INTO player_team_game_play(player_id, team_id, game_id, play_id, seconds_start, seconds_end) VALUES(7405, 1649, 25009, 27636, 1607, 1616);
INSERT INTO player_team_game_play(player_id, team_id, game_id, play_id, seconds_start, seconds_end) VALUES(5150, 1649, 25009, 27636, 1607, 1616);
INSERT INTO player_team_game_play(player_id, team_id, game_id, play_id, seconds_start, seconds_end) VALUES(1775, 1649, 25009, 27636, 1607, 1616);
INSERT INTO player_team_game_play(player_id, team_id, game_id, play_id, seconds_start, seconds_end) VALUES(4162, 1646, 25009, 27636, 1607, 1616);
INSERT INTO player_team_game_play(player_id, team_id, game_id, play_id, seconds_start, seconds_end) VALUES(418, 1646, 25009, 27636, 1607, 1616);
INSERT INTO player_team_game_play(player_id, team_id, game_id, play_id, seconds_start, seconds_end) VALUES(6328, 1646, 25009, 27636, 1607, 1616);
INSERT INTO player_team_game_play(player_id, team_id, game_id, play_id, seconds_start, seconds_end) VALUES(5449, 1646, 25009, 27636, 1607, 1616);
INSERT INTO player_team_game_play(player_id, team_id, game_id, play_id, seconds_start, seconds_end) VALUES(45, 1646, 25009, 27636, 1607, 1616);
INSERT INTO lba.sub_play (play_id, seconds_da_start, player_made_id, team_made_id, game_made_id, player_suffered_id, team_suffered_id, game_suffered_id, shot_id, turnover_id, foul_id, rebound_defensive_01, rebound_offensive_01, assist_01, blocks_01, time_out_01, x, y)VALUES(27636, 9, 418, 1646, 25009, NULL, NULL, NULL, 4, NULL, NULL, '', '', '', '', '', 71, 25);
INSERT INTO lba.sub_play (play_id, seconds_da_start, player_made_id, team_made_id, game_made_id, player_suffered_id, team_suffered_id, game_suffered_id, shot_id, turnover_id, foul_id, rebound_defensive_01, rebound_offensive_01, assist_01, blocks_01, time_out_01, x, y)VALUES(27636, 9, 1775, 1649, 25009, NULL, NULL, NULL, NULL, NULL, NULL, '1', '', '', '', '', 71, 25);

INSERT INTO play(id, game_id, seconds_start, seconds_end, quarter, attack_home_01, score_home, score_guest)VALUES(27637, 25009, 1616, 1637, 3, '1', 48, 50);
INSERT INTO player_team_game_play(player_id, team_id, game_id, play_id, seconds_start, seconds_end) VALUES(7015, 1649, 25009, 27637, 1616, 1637);
INSERT INTO player_team_game_play(player_id, team_id, game_id, play_id, seconds_start, seconds_end) VALUES(7404, 1649, 25009, 27637, 1616, 1637);
INSERT INTO player_team_game_play(player_id, team_id, game_id, play_id, seconds_start, seconds_end) VALUES(7405, 1649, 25009, 27637, 1616, 1637);
INSERT INTO player_team_game_play(player_id, team_id, game_id, play_id, seconds_start, seconds_end) VALUES(5150, 1649, 25009, 27637, 1616, 1637);
INSERT INTO player_team_game_play(player_id, team_id, game_id, play_id, seconds_start, seconds_end) VALUES(1775, 1649, 25009, 27637, 1616, 1637);
INSERT INTO player_team_game_play(player_id, team_id, game_id, play_id, seconds_start, seconds_end) VALUES(4162, 1646, 25009, 27637, 1616, 1637);
INSERT INTO player_team_game_play(player_id, team_id, game_id, play_id, seconds_start, seconds_end) VALUES(418, 1646, 25009, 27637, 1616, 1637);
INSERT INTO player_team_game_play(player_id, team_id, game_id, play_id, seconds_start, seconds_end) VALUES(6328, 1646, 25009, 27637, 1616, 1637);
INSERT INTO player_team_game_play(player_id, team_id, game_id, play_id, seconds_start, seconds_end) VALUES(5449, 1646, 25009, 27637, 1616, 1637);
INSERT INTO player_team_game_play(player_id, team_id, game_id, play_id, seconds_start, seconds_end) VALUES(45, 1646, 25009, 27637, 1616, 1637);
UPDATE player_team_game_play SET seconds_end = 1637 WHERE player_id = 7404 AND game_id = 25009 AND play_id = 27637;
UPDATE player_team_game_play SET seconds_end = 1637 WHERE player_id = 7015 AND game_id = 25009 AND play_id = 27637;
INSERT INTO player_team_game_play(player_id, team_id, game_id, play_id, seconds_start, seconds_end) VALUES(3176, 1649, 25009, 27637, 1637, 1637);
INSERT INTO player_team_game_play(player_id, team_id, game_id, play_id, seconds_start, seconds_end) VALUES(7406, 1649, 25009, 27637, 1637, 1637);
UPDATE player_team_game_play SET seconds_end = 1637 WHERE player_id = 6328 AND game_id = 25009 AND play_id = 27637;
UPDATE player_team_game_play SET seconds_end = 1637 WHERE player_id = 418 AND game_id = 25009 AND play_id = 27637;
INSERT INTO player_team_game_play(player_id, team_id, game_id, play_id, seconds_start, seconds_end) VALUES(1774, 1646, 25009, 27637, 1637, 1637);
INSERT INTO player_team_game_play(player_id, team_id, game_id, play_id, seconds_start, seconds_end) VALUES(6223, 1646, 25009, 27637, 1637, 1637);
INSERT INTO lba.sub_play (play_id, seconds_da_start, player_made_id, team_made_id, game_made_id, player_suffered_id, team_suffered_id, game_suffered_id, shot_id, turnover_id, foul_id, rebound_defensive_01, rebound_offensive_01, assist_01, blocks_01, time_out_01, x, y)VALUES(27637, 17, 7404, 1649, 25009, NULL, NULL, NULL, 4, NULL, NULL, '', '', '', '', '', 15, 95);
INSERT INTO lba.sub_play (play_id, seconds_da_start, player_made_id, team_made_id, game_made_id, player_suffered_id, team_suffered_id, game_suffered_id, shot_id, turnover_id, foul_id, rebound_defensive_01, rebound_offensive_01, assist_01, blocks_01, time_out_01, x, y)VALUES(27637, 17, 1775, 1649, 25009, NULL, NULL, NULL, NULL, NULL, NULL, '', '1', '', '', '', 15, 95);
INSERT INTO lba.sub_play (play_id, seconds_da_start, player_made_id, team_made_id, game_made_id, player_suffered_id, team_suffered_id, game_suffered_id, shot_id, turnover_id, foul_id, rebound_defensive_01, rebound_offensive_01, assist_01, blocks_01, time_out_01, x, y)VALUES(27637, 21, 5449, 1646, 25009, 7015, 1649, 25009, NULL, NULL, 4, '', '', '', '', '', 9, 48);
INSERT INTO lba.sub_play (play_id, seconds_da_start, player_made_id, team_made_id, game_made_id, player_suffered_id, team_suffered_id, game_suffered_id, shot_id, turnover_id, foul_id, rebound_defensive_01, rebound_offensive_01, assist_01, blocks_01, time_out_01, x, y)VALUES(27637, 21, 7015, 1649, 25009, NULL, NULL, NULL, 5, NULL, NULL, '', '', '', '', '', NULL, NULL);
INSERT INTO lba.sub_play (play_id, seconds_da_start, player_made_id, team_made_id, game_made_id, player_suffered_id, team_suffered_id, game_suffered_id, shot_id, turnover_id, foul_id, rebound_defensive_01, rebound_offensive_01, assist_01, blocks_01, time_out_01, x, y)VALUES(27637, 21, 7015, 1649, 25009, NULL, NULL, NULL, 5, NULL, NULL, '', '', '', '', '', NULL, NULL);
INSERT INTO lba.sub_play (play_id, seconds_da_start, player_made_id, team_made_id, game_made_id, player_suffered_id, team_suffered_id, game_suffered_id, shot_id, turnover_id, foul_id, rebound_defensive_01, rebound_offensive_01, assist_01, blocks_01, time_out_01, x, y)VALUES(27637, 21, 1775, 1649, 25009, NULL, NULL, NULL, NULL, NULL, NULL, '', '', '1', '', '', NULL, NULL);

INSERT INTO play(id, game_id, seconds_start, seconds_end, quarter, attack_home_01, score_home, score_guest)VALUES(27638, 25009, 1637, 1651, 3, '0', 48, 50);
INSERT INTO player_team_game_play(player_id, team_id, game_id, play_id, seconds_start, seconds_end) VALUES(7015, 1649, 25009, 27638, 1637, 1651);
INSERT INTO player_team_game_play(player_id, team_id, game_id, play_id, seconds_start, seconds_end) VALUES(7404, 1649, 25009, 27638, 1637, 1651);
INSERT INTO player_team_game_play(player_id, team_id, game_id, play_id, seconds_start, seconds_end) VALUES(7405, 1649, 25009, 27638, 1637, 1651);
INSERT INTO player_team_game_play(player_id, team_id, game_id, play_id, seconds_start, seconds_end) VALUES(5150, 1649, 25009, 27638, 1637, 1651);
INSERT INTO player_team_game_play(player_id, team_id, game_id, play_id, seconds_start, seconds_end) VALUES(1775, 1649, 25009, 27638, 1637, 1651);
INSERT INTO player_team_game_play(player_id, team_id, game_id, play_id, seconds_start, seconds_end) VALUES(4162, 1646, 25009, 27638, 1637, 1651);
INSERT INTO player_team_game_play(player_id, team_id, game_id, play_id, seconds_start, seconds_end) VALUES(418, 1646, 25009, 27638, 1637, 1651);
INSERT INTO player_team_game_play(player_id, team_id, game_id, play_id, seconds_start, seconds_end) VALUES(6328, 1646, 25009, 27638, 1637, 1651);
INSERT INTO player_team_game_play(player_id, team_id, game_id, play_id, seconds_start, seconds_end) VALUES(5449, 1646, 25009, 27638, 1637, 1651);
INSERT INTO player_team_game_play(player_id, team_id, game_id, play_id, seconds_start, seconds_end) VALUES(45, 1646, 25009, 27638, 1637, 1651);
UPDATE player_team_game_play SET seconds_end = 1637 WHERE player_id = 7404 AND game_id = 25009 AND play_id = 27638;
UPDATE player_team_game_play SET seconds_end = 1637 WHERE player_id = 7015 AND game_id = 25009 AND play_id = 27638;
INSERT INTO player_team_game_play(player_id, team_id, game_id, play_id, seconds_start, seconds_end) VALUES(3176, 1649, 25009, 27638, 1637, 1651);
INSERT INTO player_team_game_play(player_id, team_id, game_id, play_id, seconds_start, seconds_end) VALUES(7406, 1649, 25009, 27638, 1637, 1651);
UPDATE player_team_game_play SET seconds_end = 1637 WHERE player_id = 6328 AND game_id = 25009 AND play_id = 27638;
UPDATE player_team_game_play SET seconds_end = 1637 WHERE player_id = 418 AND game_id = 25009 AND play_id = 27638;
INSERT INTO player_team_game_play(player_id, team_id, game_id, play_id, seconds_start, seconds_end) VALUES(1774, 1646, 25009, 27638, 1637, 1651);
INSERT INTO player_team_game_play(player_id, team_id, game_id, play_id, seconds_start, seconds_end) VALUES(6223, 1646, 25009, 27638, 1637, 1651);
INSERT INTO lba.sub_play (play_id, seconds_da_start, player_made_id, team_made_id, game_made_id, player_suffered_id, team_suffered_id, game_suffered_id, shot_id, turnover_id, foul_id, rebound_defensive_01, rebound_offensive_01, assist_01, blocks_01, time_out_01, x, y)VALUES(27638, 14, 45, 1646, 25009, NULL, NULL, NULL, 2, NULL, NULL, '', '', '', '', '', 83, 71);
INSERT INTO lba.sub_play (play_id, seconds_da_start, player_made_id, team_made_id, game_made_id, player_suffered_id, team_suffered_id, game_suffered_id, shot_id, turnover_id, foul_id, rebound_defensive_01, rebound_offensive_01, assist_01, blocks_01, time_out_01, x, y)VALUES(27638, 14, 5150, 1649, 25009, NULL, NULL, NULL, NULL, NULL, NULL, '1', '', '', '', '', 83, 71);

INSERT INTO play(id, game_id, seconds_start, seconds_end, quarter, attack_home_01, score_home, score_guest)VALUES(27639, 25009, 1651, 1657, 3, '1', 50, 50);
INSERT INTO player_team_game_play(player_id, team_id, game_id, play_id, seconds_start, seconds_end) VALUES(5150, 1649, 25009, 27639, 1651, 1657);
INSERT INTO player_team_game_play(player_id, team_id, game_id, play_id, seconds_start, seconds_end) VALUES(3176, 1649, 25009, 27639, 1651, 1657);
INSERT INTO player_team_game_play(player_id, team_id, game_id, play_id, seconds_start, seconds_end) VALUES(7405, 1649, 25009, 27639, 1651, 1657);
INSERT INTO player_team_game_play(player_id, team_id, game_id, play_id, seconds_start, seconds_end) VALUES(7406, 1649, 25009, 27639, 1651, 1657);
INSERT INTO player_team_game_play(player_id, team_id, game_id, play_id, seconds_start, seconds_end) VALUES(1775, 1649, 25009, 27639, 1651, 1657);
INSERT INTO player_team_game_play(player_id, team_id, game_id, play_id, seconds_start, seconds_end) VALUES(4162, 1646, 25009, 27639, 1651, 1657);
INSERT INTO player_team_game_play(player_id, team_id, game_id, play_id, seconds_start, seconds_end) VALUES(5449, 1646, 25009, 27639, 1651, 1657);
INSERT INTO player_team_game_play(player_id, team_id, game_id, play_id, seconds_start, seconds_end) VALUES(45, 1646, 25009, 27639, 1651, 1657);
INSERT INTO player_team_game_play(player_id, team_id, game_id, play_id, seconds_start, seconds_end) VALUES(1774, 1646, 25009, 27639, 1651, 1657);
INSERT INTO player_team_game_play(player_id, team_id, game_id, play_id, seconds_start, seconds_end) VALUES(6223, 1646, 25009, 27639, 1651, 1657);
INSERT INTO lba.sub_play (play_id, seconds_da_start, player_made_id, team_made_id, game_made_id, player_suffered_id, team_suffered_id, game_suffered_id, shot_id, turnover_id, foul_id, rebound_defensive_01, rebound_offensive_01, assist_01, blocks_01, time_out_01, x, y)VALUES(27639, 6, 5150, 1649, 25009, NULL, NULL, NULL, 1, NULL, NULL, '', '', '', '', '', 18, 64);

INSERT INTO play(id, game_id, seconds_start, seconds_end, quarter, attack_home_01, score_home, score_guest)VALUES(27640, 25009, 1657, 1681, 3, '0', 50, 50);
INSERT INTO player_team_game_play(player_id, team_id, game_id, play_id, seconds_start, seconds_end) VALUES(5150, 1649, 25009, 27640, 1657, 1681);
INSERT INTO player_team_game_play(player_id, team_id, game_id, play_id, seconds_start, seconds_end) VALUES(3176, 1649, 25009, 27640, 1657, 1681);
INSERT INTO player_team_game_play(player_id, team_id, game_id, play_id, seconds_start, seconds_end) VALUES(7405, 1649, 25009, 27640, 1657, 1681);
INSERT INTO player_team_game_play(player_id, team_id, game_id, play_id, seconds_start, seconds_end) VALUES(7406, 1649, 25009, 27640, 1657, 1681);
INSERT INTO player_team_game_play(player_id, team_id, game_id, play_id, seconds_start, seconds_end) VALUES(1775, 1649, 25009, 27640, 1657, 1681);
INSERT INTO player_team_game_play(player_id, team_id, game_id, play_id, seconds_start, seconds_end) VALUES(4162, 1646, 25009, 27640, 1657, 1681);
INSERT INTO player_team_game_play(player_id, team_id, game_id, play_id, seconds_start, seconds_end) VALUES(5449, 1646, 25009, 27640, 1657, 1681);
INSERT INTO player_team_game_play(player_id, team_id, game_id, play_id, seconds_start, seconds_end) VALUES(45, 1646, 25009, 27640, 1657, 1681);
INSERT INTO player_team_game_play(player_id, team_id, game_id, play_id, seconds_start, seconds_end) VALUES(1774, 1646, 25009, 27640, 1657, 1681);
INSERT INTO player_team_game_play(player_id, team_id, game_id, play_id, seconds_start, seconds_end) VALUES(6223, 1646, 25009, 27640, 1657, 1681);
INSERT INTO lba.sub_play (play_id, seconds_da_start, player_made_id, team_made_id, game_made_id, player_suffered_id, team_suffered_id, game_suffered_id, shot_id, turnover_id, foul_id, rebound_defensive_01, rebound_offensive_01, assist_01, blocks_01, time_out_01, x, y)VALUES(27640, 24, 5449, 1646, 25009, 7406, 1649, 25009, NULL, 1, NULL, '', '', '', '', '', 67, 42);

INSERT INTO play(id, game_id, seconds_start, seconds_end, quarter, attack_home_01, score_home, score_guest)VALUES(27641, 25009, 1681, 1694, 3, '1', 50, 50);
INSERT INTO player_team_game_play(player_id, team_id, game_id, play_id, seconds_start, seconds_end) VALUES(5150, 1649, 25009, 27641, 1681, 1694);
INSERT INTO player_team_game_play(player_id, team_id, game_id, play_id, seconds_start, seconds_end) VALUES(3176, 1649, 25009, 27641, 1681, 1694);
INSERT INTO player_team_game_play(player_id, team_id, game_id, play_id, seconds_start, seconds_end) VALUES(7405, 1649, 25009, 27641, 1681, 1694);
INSERT INTO player_team_game_play(player_id, team_id, game_id, play_id, seconds_start, seconds_end) VALUES(7406, 1649, 25009, 27641, 1681, 1694);
INSERT INTO player_team_game_play(player_id, team_id, game_id, play_id, seconds_start, seconds_end) VALUES(1775, 1649, 25009, 27641, 1681, 1694);
INSERT INTO player_team_game_play(player_id, team_id, game_id, play_id, seconds_start, seconds_end) VALUES(4162, 1646, 25009, 27641, 1681, 1694);
INSERT INTO player_team_game_play(player_id, team_id, game_id, play_id, seconds_start, seconds_end) VALUES(5449, 1646, 25009, 27641, 1681, 1694);
INSERT INTO player_team_game_play(player_id, team_id, game_id, play_id, seconds_start, seconds_end) VALUES(45, 1646, 25009, 27641, 1681, 1694);
INSERT INTO player_team_game_play(player_id, team_id, game_id, play_id, seconds_start, seconds_end) VALUES(1774, 1646, 25009, 27641, 1681, 1694);
INSERT INTO player_team_game_play(player_id, team_id, game_id, play_id, seconds_start, seconds_end) VALUES(6223, 1646, 25009, 27641, 1681, 1694);
INSERT INTO lba.sub_play (play_id, seconds_da_start, player_made_id, team_made_id, game_made_id, player_suffered_id, team_suffered_id, game_suffered_id, shot_id, turnover_id, foul_id, rebound_defensive_01, rebound_offensive_01, assist_01, blocks_01, time_out_01, x, y)VALUES(27641, 13, 5150, 1649, 25009, NULL, NULL, NULL, 4, NULL, NULL, '', '', '', '', '', 20, 11);
INSERT INTO lba.sub_play (play_id, seconds_da_start, player_made_id, team_made_id, game_made_id, player_suffered_id, team_suffered_id, game_suffered_id, shot_id, turnover_id, foul_id, rebound_defensive_01, rebound_offensive_01, assist_01, blocks_01, time_out_01, x, y)VALUES(27641, 13, 6223, 1646, 25009, NULL, NULL, NULL, NULL, NULL, NULL, '1', '', '', '', '', 20, 11);

INSERT INTO play(id, game_id, seconds_start, seconds_end, quarter, attack_home_01, score_home, score_guest)VALUES(27642, 25009, 1694, 1715, 3, '0', 50, 53);
INSERT INTO player_team_game_play(player_id, team_id, game_id, play_id, seconds_start, seconds_end) VALUES(5150, 1649, 25009, 27642, 1694, 1715);
INSERT INTO player_team_game_play(player_id, team_id, game_id, play_id, seconds_start, seconds_end) VALUES(3176, 1649, 25009, 27642, 1694, 1715);
INSERT INTO player_team_game_play(player_id, team_id, game_id, play_id, seconds_start, seconds_end) VALUES(7405, 1649, 25009, 27642, 1694, 1715);
INSERT INTO player_team_game_play(player_id, team_id, game_id, play_id, seconds_start, seconds_end) VALUES(7406, 1649, 25009, 27642, 1694, 1715);
INSERT INTO player_team_game_play(player_id, team_id, game_id, play_id, seconds_start, seconds_end) VALUES(1775, 1649, 25009, 27642, 1694, 1715);
INSERT INTO player_team_game_play(player_id, team_id, game_id, play_id, seconds_start, seconds_end) VALUES(4162, 1646, 25009, 27642, 1694, 1715);
INSERT INTO player_team_game_play(player_id, team_id, game_id, play_id, seconds_start, seconds_end) VALUES(5449, 1646, 25009, 27642, 1694, 1715);
INSERT INTO player_team_game_play(player_id, team_id, game_id, play_id, seconds_start, seconds_end) VALUES(45, 1646, 25009, 27642, 1694, 1715);
INSERT INTO player_team_game_play(player_id, team_id, game_id, play_id, seconds_start, seconds_end) VALUES(1774, 1646, 25009, 27642, 1694, 1715);
INSERT INTO player_team_game_play(player_id, team_id, game_id, play_id, seconds_start, seconds_end) VALUES(6223, 1646, 25009, 27642, 1694, 1715);
INSERT INTO lba.sub_play (play_id, seconds_da_start, player_made_id, team_made_id, game_made_id, player_suffered_id, team_suffered_id, game_suffered_id, shot_id, turnover_id, foul_id, rebound_defensive_01, rebound_offensive_01, assist_01, blocks_01, time_out_01, x, y)VALUES(27642, 21, 5449, 1646, 25009, NULL, NULL, NULL, 3, NULL, NULL, '', '', '', '', '', 83, 95);
INSERT INTO lba.sub_play (play_id, seconds_da_start, player_made_id, team_made_id, game_made_id, player_suffered_id, team_suffered_id, game_suffered_id, shot_id, turnover_id, foul_id, rebound_defensive_01, rebound_offensive_01, assist_01, blocks_01, time_out_01, x, y)VALUES(27642, 21, 1774, 1646, 25009, NULL, NULL, NULL, NULL, NULL, NULL, '', '', '1', '', '', 83, 95);

INSERT INTO play(id, game_id, seconds_start, seconds_end, quarter, attack_home_01, score_home, score_guest)VALUES(27643, 25009, 1715, 1757, 3, '0', 52, 54);
INSERT INTO player_team_game_play(player_id, team_id, game_id, play_id, seconds_start, seconds_end) VALUES(5150, 1649, 25009, 27643, 1715, 1757);
INSERT INTO player_team_game_play(player_id, team_id, game_id, play_id, seconds_start, seconds_end) VALUES(3176, 1649, 25009, 27643, 1715, 1757);
INSERT INTO player_team_game_play(player_id, team_id, game_id, play_id, seconds_start, seconds_end) VALUES(7405, 1649, 25009, 27643, 1715, 1757);
INSERT INTO player_team_game_play(player_id, team_id, game_id, play_id, seconds_start, seconds_end) VALUES(7406, 1649, 25009, 27643, 1715, 1757);
INSERT INTO player_team_game_play(player_id, team_id, game_id, play_id, seconds_start, seconds_end) VALUES(1775, 1649, 25009, 27643, 1715, 1757);
INSERT INTO player_team_game_play(player_id, team_id, game_id, play_id, seconds_start, seconds_end) VALUES(4162, 1646, 25009, 27643, 1715, 1757);
INSERT INTO player_team_game_play(player_id, team_id, game_id, play_id, seconds_start, seconds_end) VALUES(5449, 1646, 25009, 27643, 1715, 1757);
INSERT INTO player_team_game_play(player_id, team_id, game_id, play_id, seconds_start, seconds_end) VALUES(45, 1646, 25009, 27643, 1715, 1757);
INSERT INTO player_team_game_play(player_id, team_id, game_id, play_id, seconds_start, seconds_end) VALUES(1774, 1646, 25009, 27643, 1715, 1757);
INSERT INTO player_team_game_play(player_id, team_id, game_id, play_id, seconds_start, seconds_end) VALUES(6223, 1646, 25009, 27643, 1715, 1757);
UPDATE player_team_game_play SET seconds_end = 1757 WHERE player_id = 1775 AND game_id = 25009 AND play_id = 27643;
INSERT INTO player_team_game_play(player_id, team_id, game_id, play_id, seconds_start, seconds_end) VALUES(7015, 1649, 25009, 27643, 1757, 1757);
UPDATE player_team_game_play SET seconds_end = 1757 WHERE player_id = 4162 AND game_id = 25009 AND play_id = 27643;
INSERT INTO player_team_game_play(player_id, team_id, game_id, play_id, seconds_start, seconds_end) VALUES(2608, 1646, 25009, 27643, 1757, 1757);
INSERT INTO lba.sub_play (play_id, seconds_da_start, player_made_id, team_made_id, game_made_id, player_suffered_id, team_suffered_id, game_suffered_id, shot_id, turnover_id, foul_id, rebound_defensive_01, rebound_offensive_01, assist_01, blocks_01, time_out_01, x, y)VALUES(27643, 26, 7405, 1649, 25009, NULL, NULL, NULL, 1, NULL, NULL, '', '', '', '', '', 21, 54);
INSERT INTO lba.sub_play (play_id, seconds_da_start, player_made_id, team_made_id, game_made_id, player_suffered_id, team_suffered_id, game_suffered_id, shot_id, turnover_id, foul_id, rebound_defensive_01, rebound_offensive_01, assist_01, blocks_01, time_out_01, x, y)VALUES(27643, 42, 7405, 1649, 25009, 5449, 1646, 25009, NULL, NULL, 1, '', '', '', '', '', 61, 55);
INSERT INTO lba.sub_play (play_id, seconds_da_start, player_made_id, team_made_id, game_made_id, player_suffered_id, team_suffered_id, game_suffered_id, shot_id, turnover_id, foul_id, rebound_defensive_01, rebound_offensive_01, assist_01, blocks_01, time_out_01, x, y)VALUES(27643, 42, 7405, 1649, 25009, NULL, NULL, NULL, NULL, NULL, 2, '', '', '', '', '', 62, 59);
INSERT INTO lba.sub_play (play_id, seconds_da_start, player_made_id, team_made_id, game_made_id, player_suffered_id, team_suffered_id, game_suffered_id, shot_id, turnover_id, foul_id, rebound_defensive_01, rebound_offensive_01, assist_01, blocks_01, time_out_01, x, y)VALUES(27643, 42, 6223, 1646, 25009, NULL, NULL, NULL, 5, NULL, NULL, '', '', '', '', '', NULL, NULL);

INSERT INTO play(id, game_id, seconds_start, seconds_end, quarter, attack_home_01, score_home, score_guest)VALUES(27644, 25009, 1757, 1766, 3, '0', 52, 54);
INSERT INTO player_team_game_play(player_id, team_id, game_id, play_id, seconds_start, seconds_end) VALUES(5150, 1649, 25009, 27644, 1757, 1766);
INSERT INTO player_team_game_play(player_id, team_id, game_id, play_id, seconds_start, seconds_end) VALUES(3176, 1649, 25009, 27644, 1757, 1766);
INSERT INTO player_team_game_play(player_id, team_id, game_id, play_id, seconds_start, seconds_end) VALUES(7405, 1649, 25009, 27644, 1757, 1766);
INSERT INTO player_team_game_play(player_id, team_id, game_id, play_id, seconds_start, seconds_end) VALUES(7406, 1649, 25009, 27644, 1757, 1766);
INSERT INTO player_team_game_play(player_id, team_id, game_id, play_id, seconds_start, seconds_end) VALUES(1775, 1649, 25009, 27644, 1757, 1766);
INSERT INTO player_team_game_play(player_id, team_id, game_id, play_id, seconds_start, seconds_end) VALUES(4162, 1646, 25009, 27644, 1757, 1766);
INSERT INTO player_team_game_play(player_id, team_id, game_id, play_id, seconds_start, seconds_end) VALUES(5449, 1646, 25009, 27644, 1757, 1766);
INSERT INTO player_team_game_play(player_id, team_id, game_id, play_id, seconds_start, seconds_end) VALUES(45, 1646, 25009, 27644, 1757, 1766);
INSERT INTO player_team_game_play(player_id, team_id, game_id, play_id, seconds_start, seconds_end) VALUES(1774, 1646, 25009, 27644, 1757, 1766);
INSERT INTO player_team_game_play(player_id, team_id, game_id, play_id, seconds_start, seconds_end) VALUES(6223, 1646, 25009, 27644, 1757, 1766);
UPDATE player_team_game_play SET seconds_end = 1757 WHERE player_id = 1775 AND game_id = 25009 AND play_id = 27644;
INSERT INTO player_team_game_play(player_id, team_id, game_id, play_id, seconds_start, seconds_end) VALUES(7015, 1649, 25009, 27644, 1757, 1766);
UPDATE player_team_game_play SET seconds_end = 1757 WHERE player_id = 4162 AND game_id = 25009 AND play_id = 27644;
INSERT INTO player_team_game_play(player_id, team_id, game_id, play_id, seconds_start, seconds_end) VALUES(2608, 1646, 25009, 27644, 1757, 1766);
INSERT INTO lba.sub_play (play_id, seconds_da_start, player_made_id, team_made_id, game_made_id, player_suffered_id, team_suffered_id, game_suffered_id, shot_id, turnover_id, foul_id, rebound_defensive_01, rebound_offensive_01, assist_01, blocks_01, time_out_01, x, y)VALUES(27644, 9, 2608, 1646, 25009, NULL, NULL, NULL, 4, NULL, NULL, '', '', '', '', '', 92, 3);
INSERT INTO lba.sub_play (play_id, seconds_da_start, player_made_id, team_made_id, game_made_id, player_suffered_id, team_suffered_id, game_suffered_id, shot_id, turnover_id, foul_id, rebound_defensive_01, rebound_offensive_01, assist_01, blocks_01, time_out_01, x, y)VALUES(27644, 9, 45, 1646, 25009, NULL, NULL, NULL, NULL, NULL, NULL, '', '1', '', '', '', 92, 3);
INSERT INTO lba.sub_play (play_id, seconds_da_start, player_made_id, team_made_id, game_made_id, player_suffered_id, team_suffered_id, game_suffered_id, shot_id, turnover_id, foul_id, rebound_defensive_01, rebound_offensive_01, assist_01, blocks_01, time_out_01, x, y)VALUES(27644, 9, 45, 1646, 25009, NULL, NULL, NULL, 2, NULL, NULL, '', '', '', '', '', 92, 3);
INSERT INTO lba.sub_play (play_id, seconds_da_start, player_made_id, team_made_id, game_made_id, player_suffered_id, team_suffered_id, game_suffered_id, shot_id, turnover_id, foul_id, rebound_defensive_01, rebound_offensive_01, assist_01, blocks_01, time_out_01, x, y)VALUES(27644, 9, 45, 1646, 25009, NULL, NULL, NULL, 2, NULL, NULL, '', '', '', '', '', 92, 3);
INSERT INTO lba.sub_play (play_id, seconds_da_start, player_made_id, team_made_id, game_made_id, player_suffered_id, team_suffered_id, game_suffered_id, shot_id, turnover_id, foul_id, rebound_defensive_01, rebound_offensive_01, assist_01, blocks_01, time_out_01, x, y)VALUES(27644, 9, 7405, 1649, 25009, 45, 1646, 25009, NULL, NULL, NULL, '', '', '', '1', '', 92, 3);
INSERT INTO lba.sub_play (play_id, seconds_da_start, player_made_id, team_made_id, game_made_id, player_suffered_id, team_suffered_id, game_suffered_id, shot_id, turnover_id, foul_id, rebound_defensive_01, rebound_offensive_01, assist_01, blocks_01, time_out_01, x, y)VALUES(27644, 9, 7405, 1649, 25009, NULL, NULL, NULL, NULL, NULL, NULL, '1', '', '', '', '', 92, 3);

INSERT INTO play(id, game_id, seconds_start, seconds_end, quarter, attack_home_01, score_home, score_guest)VALUES(27645, 25009, 1766, 1788, 3, '1', 54, 54);
INSERT INTO player_team_game_play(player_id, team_id, game_id, play_id, seconds_start, seconds_end) VALUES(7015, 1649, 25009, 27645, 1766, 1788);
INSERT INTO player_team_game_play(player_id, team_id, game_id, play_id, seconds_start, seconds_end) VALUES(3176, 1649, 25009, 27645, 1766, 1788);
INSERT INTO player_team_game_play(player_id, team_id, game_id, play_id, seconds_start, seconds_end) VALUES(5150, 1649, 25009, 27645, 1766, 1788);
INSERT INTO player_team_game_play(player_id, team_id, game_id, play_id, seconds_start, seconds_end) VALUES(7405, 1649, 25009, 27645, 1766, 1788);
INSERT INTO player_team_game_play(player_id, team_id, game_id, play_id, seconds_start, seconds_end) VALUES(7406, 1649, 25009, 27645, 1766, 1788);
INSERT INTO player_team_game_play(player_id, team_id, game_id, play_id, seconds_start, seconds_end) VALUES(2608, 1646, 25009, 27645, 1766, 1788);
INSERT INTO player_team_game_play(player_id, team_id, game_id, play_id, seconds_start, seconds_end) VALUES(5449, 1646, 25009, 27645, 1766, 1788);
INSERT INTO player_team_game_play(player_id, team_id, game_id, play_id, seconds_start, seconds_end) VALUES(45, 1646, 25009, 27645, 1766, 1788);
INSERT INTO player_team_game_play(player_id, team_id, game_id, play_id, seconds_start, seconds_end) VALUES(1774, 1646, 25009, 27645, 1766, 1788);
INSERT INTO player_team_game_play(player_id, team_id, game_id, play_id, seconds_start, seconds_end) VALUES(6223, 1646, 25009, 27645, 1766, 1788);
INSERT INTO lba.sub_play (play_id, seconds_da_start, player_made_id, team_made_id, game_made_id, player_suffered_id, team_suffered_id, game_suffered_id, shot_id, turnover_id, foul_id, rebound_defensive_01, rebound_offensive_01, assist_01, blocks_01, time_out_01, x, y)VALUES(27645, 22, 5150, 1649, 25009, NULL, NULL, NULL, 4, NULL, NULL, '', '', '', '', '', 32, 36);
INSERT INTO lba.sub_play (play_id, seconds_da_start, player_made_id, team_made_id, game_made_id, player_suffered_id, team_suffered_id, game_suffered_id, shot_id, turnover_id, foul_id, rebound_defensive_01, rebound_offensive_01, assist_01, blocks_01, time_out_01, x, y)VALUES(27645, 22, 7015, 1649, 25009, NULL, NULL, NULL, NULL, NULL, NULL, '', '1', '', '', '', 32, 36);
INSERT INTO lba.sub_play (play_id, seconds_da_start, player_made_id, team_made_id, game_made_id, player_suffered_id, team_suffered_id, game_suffered_id, shot_id, turnover_id, foul_id, rebound_defensive_01, rebound_offensive_01, assist_01, blocks_01, time_out_01, x, y)VALUES(27645, 22, 7015, 1649, 25009, NULL, NULL, NULL, 1, NULL, NULL, '', '', '', '', '', 32, 36);

INSERT INTO play(id, game_id, seconds_start, seconds_end, quarter, attack_home_01, score_home, score_guest)VALUES(27646, 25009, 1788, 1815, 4, '1', 54, 54);
INSERT INTO player_team_game_play(player_id, team_id, game_id, play_id, seconds_start, seconds_end) VALUES(7015, 1649, 25009, 27646, 1788, 1815);
INSERT INTO player_team_game_play(player_id, team_id, game_id, play_id, seconds_start, seconds_end) VALUES(3176, 1649, 25009, 27646, 1788, 1815);
INSERT INTO player_team_game_play(player_id, team_id, game_id, play_id, seconds_start, seconds_end) VALUES(5150, 1649, 25009, 27646, 1788, 1815);
INSERT INTO player_team_game_play(player_id, team_id, game_id, play_id, seconds_start, seconds_end) VALUES(7405, 1649, 25009, 27646, 1788, 1815);
INSERT INTO player_team_game_play(player_id, team_id, game_id, play_id, seconds_start, seconds_end) VALUES(7406, 1649, 25009, 27646, 1788, 1815);
INSERT INTO player_team_game_play(player_id, team_id, game_id, play_id, seconds_start, seconds_end) VALUES(2608, 1646, 25009, 27646, 1788, 1815);
INSERT INTO player_team_game_play(player_id, team_id, game_id, play_id, seconds_start, seconds_end) VALUES(5449, 1646, 25009, 27646, 1788, 1815);
INSERT INTO player_team_game_play(player_id, team_id, game_id, play_id, seconds_start, seconds_end) VALUES(45, 1646, 25009, 27646, 1788, 1815);
INSERT INTO player_team_game_play(player_id, team_id, game_id, play_id, seconds_start, seconds_end) VALUES(1774, 1646, 25009, 27646, 1788, 1815);
INSERT INTO player_team_game_play(player_id, team_id, game_id, play_id, seconds_start, seconds_end) VALUES(6223, 1646, 25009, 27646, 1788, 1815);
UPDATE player_team_game_play SET seconds_end = 1800 WHERE player_id = 5150 AND game_id = 25009 AND play_id = 27646;
INSERT INTO player_team_game_play(player_id, team_id, game_id, play_id, seconds_start, seconds_end) VALUES(5568, 1649, 25009, 27646, 1800, 1815);
UPDATE player_team_game_play SET seconds_end = 1800 WHERE player_id = 1774 AND game_id = 25009 AND play_id = 27646;
INSERT INTO player_team_game_play(player_id, team_id, game_id, play_id, seconds_start, seconds_end) VALUES(6328, 1646, 25009, 27646, 1800, 1815);
INSERT INTO lba.sub_play (play_id, seconds_da_start, player_made_id, team_made_id, game_made_id, player_suffered_id, team_suffered_id, game_suffered_id, shot_id, turnover_id, foul_id, rebound_defensive_01, rebound_offensive_01, assist_01, blocks_01, time_out_01, x, y)VALUES(27646, 27, 7015, 1649, 25009, NULL, NULL, NULL, 2, NULL, NULL, '', '', '', '', '', 7, 31);
INSERT INTO lba.sub_play (play_id, seconds_da_start, player_made_id, team_made_id, game_made_id, player_suffered_id, team_suffered_id, game_suffered_id, shot_id, turnover_id, foul_id, rebound_defensive_01, rebound_offensive_01, assist_01, blocks_01, time_out_01, x, y)VALUES(27646, 27, 5449, 1646, 25009, NULL, NULL, NULL, NULL, NULL, NULL, '1', '', '', '', '', 7, 31);

INSERT INTO play(id, game_id, seconds_start, seconds_end, quarter, attack_home_01, score_home, score_guest)VALUES(27647, 25009, 1815, 1846, 4, '0', 54, 56);
INSERT INTO player_team_game_play(player_id, team_id, game_id, play_id, seconds_start, seconds_end) VALUES(5568, 1649, 25009, 27647, 1815, 1846);
INSERT INTO player_team_game_play(player_id, team_id, game_id, play_id, seconds_start, seconds_end) VALUES(7015, 1649, 25009, 27647, 1815, 1846);
INSERT INTO player_team_game_play(player_id, team_id, game_id, play_id, seconds_start, seconds_end) VALUES(3176, 1649, 25009, 27647, 1815, 1846);
INSERT INTO player_team_game_play(player_id, team_id, game_id, play_id, seconds_start, seconds_end) VALUES(7405, 1649, 25009, 27647, 1815, 1846);
INSERT INTO player_team_game_play(player_id, team_id, game_id, play_id, seconds_start, seconds_end) VALUES(7406, 1649, 25009, 27647, 1815, 1846);
INSERT INTO player_team_game_play(player_id, team_id, game_id, play_id, seconds_start, seconds_end) VALUES(2608, 1646, 25009, 27647, 1815, 1846);
INSERT INTO player_team_game_play(player_id, team_id, game_id, play_id, seconds_start, seconds_end) VALUES(6328, 1646, 25009, 27647, 1815, 1846);
INSERT INTO player_team_game_play(player_id, team_id, game_id, play_id, seconds_start, seconds_end) VALUES(5449, 1646, 25009, 27647, 1815, 1846);
INSERT INTO player_team_game_play(player_id, team_id, game_id, play_id, seconds_start, seconds_end) VALUES(45, 1646, 25009, 27647, 1815, 1846);
INSERT INTO player_team_game_play(player_id, team_id, game_id, play_id, seconds_start, seconds_end) VALUES(6223, 1646, 25009, 27647, 1815, 1846);
INSERT INTO lba.sub_play (play_id, seconds_da_start, player_made_id, team_made_id, game_made_id, player_suffered_id, team_suffered_id, game_suffered_id, shot_id, turnover_id, foul_id, rebound_defensive_01, rebound_offensive_01, assist_01, blocks_01, time_out_01, x, y)VALUES(27647, 21, 7015, 1649, 25009, 5449, 1646, 25009, NULL, NULL, 1, '', '', '', '', '', 92, 59);
INSERT INTO lba.sub_play (play_id, seconds_da_start, player_made_id, team_made_id, game_made_id, player_suffered_id, team_suffered_id, game_suffered_id, shot_id, turnover_id, foul_id, rebound_defensive_01, rebound_offensive_01, assist_01, blocks_01, time_out_01, x, y)VALUES(27647, 31, 6328, 1646, 25009, NULL, NULL, NULL, 1, NULL, NULL, '', '', '', '', '', 93, 45);
INSERT INTO lba.sub_play (play_id, seconds_da_start, player_made_id, team_made_id, game_made_id, player_suffered_id, team_suffered_id, game_suffered_id, shot_id, turnover_id, foul_id, rebound_defensive_01, rebound_offensive_01, assist_01, blocks_01, time_out_01, x, y)VALUES(27647, 31, 5449, 1646, 25009, NULL, NULL, NULL, NULL, NULL, NULL, '', '', '1', '', '', 93, 45);

INSERT INTO play(id, game_id, seconds_start, seconds_end, quarter, attack_home_01, score_home, score_guest)VALUES(27648, 25009, 1846, 1889, 4, '0', 57, 56);
INSERT INTO player_team_game_play(player_id, team_id, game_id, play_id, seconds_start, seconds_end) VALUES(5568, 1649, 25009, 27648, 1846, 1889);
INSERT INTO player_team_game_play(player_id, team_id, game_id, play_id, seconds_start, seconds_end) VALUES(7015, 1649, 25009, 27648, 1846, 1889);
INSERT INTO player_team_game_play(player_id, team_id, game_id, play_id, seconds_start, seconds_end) VALUES(3176, 1649, 25009, 27648, 1846, 1889);
INSERT INTO player_team_game_play(player_id, team_id, game_id, play_id, seconds_start, seconds_end) VALUES(7405, 1649, 25009, 27648, 1846, 1889);
INSERT INTO player_team_game_play(player_id, team_id, game_id, play_id, seconds_start, seconds_end) VALUES(7406, 1649, 25009, 27648, 1846, 1889);
INSERT INTO player_team_game_play(player_id, team_id, game_id, play_id, seconds_start, seconds_end) VALUES(2608, 1646, 25009, 27648, 1846, 1889);
INSERT INTO player_team_game_play(player_id, team_id, game_id, play_id, seconds_start, seconds_end) VALUES(6328, 1646, 25009, 27648, 1846, 1889);
INSERT INTO player_team_game_play(player_id, team_id, game_id, play_id, seconds_start, seconds_end) VALUES(5449, 1646, 25009, 27648, 1846, 1889);
INSERT INTO player_team_game_play(player_id, team_id, game_id, play_id, seconds_start, seconds_end) VALUES(45, 1646, 25009, 27648, 1846, 1889);
INSERT INTO player_team_game_play(player_id, team_id, game_id, play_id, seconds_start, seconds_end) VALUES(6223, 1646, 25009, 27648, 1846, 1889);
UPDATE player_team_game_play SET seconds_end = 1889 WHERE player_id = 7015 AND game_id = 25009 AND play_id = 27648;
INSERT INTO player_team_game_play(player_id, team_id, game_id, play_id, seconds_start, seconds_end) VALUES(1775, 1649, 25009, 27648, 1889, 1889);
UPDATE player_team_game_play SET seconds_end = 1889 WHERE player_id = 45 AND game_id = 25009 AND play_id = 27648;
INSERT INTO player_team_game_play(player_id, team_id, game_id, play_id, seconds_start, seconds_end) VALUES(1774, 1646, 25009, 27648, 1889, 1889);
INSERT INTO lba.sub_play (play_id, seconds_da_start, player_made_id, team_made_id, game_made_id, player_suffered_id, team_suffered_id, game_suffered_id, shot_id, turnover_id, foul_id, rebound_defensive_01, rebound_offensive_01, assist_01, blocks_01, time_out_01, x, y)VALUES(27648, 22, 7406, 1649, 25009, NULL, NULL, NULL, 3, NULL, NULL, '', '', '', '', '', 34, 75);
INSERT INTO lba.sub_play (play_id, seconds_da_start, player_made_id, team_made_id, game_made_id, player_suffered_id, team_suffered_id, game_suffered_id, shot_id, turnover_id, foul_id, rebound_defensive_01, rebound_offensive_01, assist_01, blocks_01, time_out_01, x, y)VALUES(27648, 43, 6328, 1646, 25009, 5568, 1649, 25009, NULL, NULL, 7, '', '', '', '', '', 74, 86);
INSERT INTO lba.sub_play (play_id, seconds_da_start, player_made_id, team_made_id, game_made_id, player_suffered_id, team_suffered_id, game_suffered_id, shot_id, turnover_id, foul_id, rebound_defensive_01, rebound_offensive_01, assist_01, blocks_01, time_out_01, x, y)VALUES(27648, 43, 6328, 1646, 25009, NULL, NULL, NULL, NULL, 13, NULL, '', '', '', '', '', 74, 86);

INSERT INTO play(id, game_id, seconds_start, seconds_end, quarter, attack_home_01, score_home, score_guest)VALUES(27649, 25009, 1889, 1911, 4, '1', 57, 56);
INSERT INTO player_team_game_play(player_id, team_id, game_id, play_id, seconds_start, seconds_end) VALUES(5568, 1649, 25009, 27649, 1889, 1911);
INSERT INTO player_team_game_play(player_id, team_id, game_id, play_id, seconds_start, seconds_end) VALUES(7015, 1649, 25009, 27649, 1889, 1911);
INSERT INTO player_team_game_play(player_id, team_id, game_id, play_id, seconds_start, seconds_end) VALUES(3176, 1649, 25009, 27649, 1889, 1911);
INSERT INTO player_team_game_play(player_id, team_id, game_id, play_id, seconds_start, seconds_end) VALUES(7405, 1649, 25009, 27649, 1889, 1911);
INSERT INTO player_team_game_play(player_id, team_id, game_id, play_id, seconds_start, seconds_end) VALUES(7406, 1649, 25009, 27649, 1889, 1911);
INSERT INTO player_team_game_play(player_id, team_id, game_id, play_id, seconds_start, seconds_end) VALUES(2608, 1646, 25009, 27649, 1889, 1911);
INSERT INTO player_team_game_play(player_id, team_id, game_id, play_id, seconds_start, seconds_end) VALUES(6328, 1646, 25009, 27649, 1889, 1911);
INSERT INTO player_team_game_play(player_id, team_id, game_id, play_id, seconds_start, seconds_end) VALUES(5449, 1646, 25009, 27649, 1889, 1911);
INSERT INTO player_team_game_play(player_id, team_id, game_id, play_id, seconds_start, seconds_end) VALUES(45, 1646, 25009, 27649, 1889, 1911);
INSERT INTO player_team_game_play(player_id, team_id, game_id, play_id, seconds_start, seconds_end) VALUES(6223, 1646, 25009, 27649, 1889, 1911);
UPDATE player_team_game_play SET seconds_end = 1889 WHERE player_id = 7015 AND game_id = 25009 AND play_id = 27649;
INSERT INTO player_team_game_play(player_id, team_id, game_id, play_id, seconds_start, seconds_end) VALUES(1775, 1649, 25009, 27649, 1889, 1911);
UPDATE player_team_game_play SET seconds_end = 1889 WHERE player_id = 45 AND game_id = 25009 AND play_id = 27649;
INSERT INTO player_team_game_play(player_id, team_id, game_id, play_id, seconds_start, seconds_end) VALUES(1774, 1646, 25009, 27649, 1889, 1911);
UPDATE player_team_game_play SET seconds_end = 1898 WHERE player_id = 2608 AND game_id = 25009 AND play_id = 27649;
UPDATE player_team_game_play SET seconds_end = 1898 WHERE player_id = 5449 AND game_id = 25009 AND play_id = 27649;
INSERT INTO player_team_game_play(player_id, team_id, game_id, play_id, seconds_start, seconds_end) VALUES(418, 1646, 25009, 27649, 1898, 1911);
INSERT INTO player_team_game_play(player_id, team_id, game_id, play_id, seconds_start, seconds_end) VALUES(4162, 1646, 25009, 27649, 1898, 1911);
INSERT INTO lba.sub_play (play_id, seconds_da_start, player_made_id, team_made_id, game_made_id, player_suffered_id, team_suffered_id, game_suffered_id, shot_id, turnover_id, foul_id, rebound_defensive_01, rebound_offensive_01, assist_01, blocks_01, time_out_01, x, y)VALUES(27649, 9, 6223, 1646, 25009, 3176, 1649, 25009, NULL, NULL, 1, '', '', '', '', '', 44, 52);
INSERT INTO lba.sub_play (play_id, seconds_da_start, player_made_id, team_made_id, game_made_id, player_suffered_id, team_suffered_id, game_suffered_id, shot_id, turnover_id, foul_id, rebound_defensive_01, rebound_offensive_01, assist_01, blocks_01, time_out_01, x, y)VALUES(27649, 22, 3176, 1649, 25009, NULL, NULL, NULL, 2, NULL, NULL, '', '', '', '', '', 11, 67);

INSERT INTO play(id, game_id, seconds_start, seconds_end, quarter, attack_home_01, score_home, score_guest)VALUES(27650, 25009, 1911, 1927, 4, '0', 57, 58);
INSERT INTO player_team_game_play(player_id, team_id, game_id, play_id, seconds_start, seconds_end) VALUES(5568, 1649, 25009, 27650, 1911, 1927);
INSERT INTO player_team_game_play(player_id, team_id, game_id, play_id, seconds_start, seconds_end) VALUES(3176, 1649, 25009, 27650, 1911, 1927);
INSERT INTO player_team_game_play(player_id, team_id, game_id, play_id, seconds_start, seconds_end) VALUES(7405, 1649, 25009, 27650, 1911, 1927);
INSERT INTO player_team_game_play(player_id, team_id, game_id, play_id, seconds_start, seconds_end) VALUES(7406, 1649, 25009, 27650, 1911, 1927);
INSERT INTO player_team_game_play(player_id, team_id, game_id, play_id, seconds_start, seconds_end) VALUES(1775, 1649, 25009, 27650, 1911, 1927);
INSERT INTO player_team_game_play(player_id, team_id, game_id, play_id, seconds_start, seconds_end) VALUES(4162, 1646, 25009, 27650, 1911, 1927);
INSERT INTO player_team_game_play(player_id, team_id, game_id, play_id, seconds_start, seconds_end) VALUES(418, 1646, 25009, 27650, 1911, 1927);
INSERT INTO player_team_game_play(player_id, team_id, game_id, play_id, seconds_start, seconds_end) VALUES(6328, 1646, 25009, 27650, 1911, 1927);
INSERT INTO player_team_game_play(player_id, team_id, game_id, play_id, seconds_start, seconds_end) VALUES(1774, 1646, 25009, 27650, 1911, 1927);
INSERT INTO player_team_game_play(player_id, team_id, game_id, play_id, seconds_start, seconds_end) VALUES(6223, 1646, 25009, 27650, 1911, 1927);
INSERT INTO lba.sub_play (play_id, seconds_da_start, player_made_id, team_made_id, game_made_id, player_suffered_id, team_suffered_id, game_suffered_id, shot_id, turnover_id, foul_id, rebound_defensive_01, rebound_offensive_01, assist_01, blocks_01, time_out_01, x, y)VALUES(27650, 16, 3176, 1649, 25009, 1774, 1646, 25009, NULL, NULL, 4, '', '', '', '', '', 89, 46);
INSERT INTO lba.sub_play (play_id, seconds_da_start, player_made_id, team_made_id, game_made_id, player_suffered_id, team_suffered_id, game_suffered_id, shot_id, turnover_id, foul_id, rebound_defensive_01, rebound_offensive_01, assist_01, blocks_01, time_out_01, x, y)VALUES(27650, 16, 1774, 1646, 25009, NULL, NULL, NULL, 5, NULL, NULL, '', '', '', '', '', NULL, NULL);
INSERT INTO lba.sub_play (play_id, seconds_da_start, player_made_id, team_made_id, game_made_id, player_suffered_id, team_suffered_id, game_suffered_id, shot_id, turnover_id, foul_id, rebound_defensive_01, rebound_offensive_01, assist_01, blocks_01, time_out_01, x, y)VALUES(27650, 16, 1774, 1646, 25009, NULL, NULL, NULL, 5, NULL, NULL, '', '', '', '', '', NULL, NULL);
INSERT INTO lba.sub_play (play_id, seconds_da_start, player_made_id, team_made_id, game_made_id, player_suffered_id, team_suffered_id, game_suffered_id, shot_id, turnover_id, foul_id, rebound_defensive_01, rebound_offensive_01, assist_01, blocks_01, time_out_01, x, y)VALUES(27650, 16, 6223, 1646, 25009, NULL, NULL, NULL, NULL, NULL, NULL, '', '', '1', '', '', NULL, NULL);

INSERT INTO play(id, game_id, seconds_start, seconds_end, quarter, attack_home_01, score_home, score_guest)VALUES(27651, 25009, 1927, 1938, 4, '1', 57, 58);
INSERT INTO player_team_game_play(player_id, team_id, game_id, play_id, seconds_start, seconds_end) VALUES(5568, 1649, 25009, 27651, 1927, 1938);
INSERT INTO player_team_game_play(player_id, team_id, game_id, play_id, seconds_start, seconds_end) VALUES(3176, 1649, 25009, 27651, 1927, 1938);
INSERT INTO player_team_game_play(player_id, team_id, game_id, play_id, seconds_start, seconds_end) VALUES(7405, 1649, 25009, 27651, 1927, 1938);
INSERT INTO player_team_game_play(player_id, team_id, game_id, play_id, seconds_start, seconds_end) VALUES(7406, 1649, 25009, 27651, 1927, 1938);
INSERT INTO player_team_game_play(player_id, team_id, game_id, play_id, seconds_start, seconds_end) VALUES(1775, 1649, 25009, 27651, 1927, 1938);
INSERT INTO player_team_game_play(player_id, team_id, game_id, play_id, seconds_start, seconds_end) VALUES(4162, 1646, 25009, 27651, 1927, 1938);
INSERT INTO player_team_game_play(player_id, team_id, game_id, play_id, seconds_start, seconds_end) VALUES(418, 1646, 25009, 27651, 1927, 1938);
INSERT INTO player_team_game_play(player_id, team_id, game_id, play_id, seconds_start, seconds_end) VALUES(6328, 1646, 25009, 27651, 1927, 1938);
INSERT INTO player_team_game_play(player_id, team_id, game_id, play_id, seconds_start, seconds_end) VALUES(1774, 1646, 25009, 27651, 1927, 1938);
INSERT INTO player_team_game_play(player_id, team_id, game_id, play_id, seconds_start, seconds_end) VALUES(6223, 1646, 25009, 27651, 1927, 1938);
INSERT INTO lba.sub_play (play_id, seconds_da_start, player_made_id, team_made_id, game_made_id, player_suffered_id, team_suffered_id, game_suffered_id, shot_id, turnover_id, foul_id, rebound_defensive_01, rebound_offensive_01, assist_01, blocks_01, time_out_01, x, y)VALUES(27651, 11, 7406, 1649, 25009, NULL, NULL, NULL, 4, NULL, NULL, '', '', '', '', '', 23, 13);

INSERT INTO play(id, game_id, seconds_start, seconds_end, quarter, attack_home_01, score_home, score_guest)VALUES(27652, 25009, 1938, 1966, 4, '0', 57, 62);
INSERT INTO player_team_game_play(player_id, team_id, game_id, play_id, seconds_start, seconds_end) VALUES(5568, 1649, 25009, 27652, 1938, 1966);
INSERT INTO player_team_game_play(player_id, team_id, game_id, play_id, seconds_start, seconds_end) VALUES(3176, 1649, 25009, 27652, 1938, 1966);
INSERT INTO player_team_game_play(player_id, team_id, game_id, play_id, seconds_start, seconds_end) VALUES(7405, 1649, 25009, 27652, 1938, 1966);
INSERT INTO player_team_game_play(player_id, team_id, game_id, play_id, seconds_start, seconds_end) VALUES(7406, 1649, 25009, 27652, 1938, 1966);
INSERT INTO player_team_game_play(player_id, team_id, game_id, play_id, seconds_start, seconds_end) VALUES(1775, 1649, 25009, 27652, 1938, 1966);
INSERT INTO player_team_game_play(player_id, team_id, game_id, play_id, seconds_start, seconds_end) VALUES(4162, 1646, 25009, 27652, 1938, 1966);
INSERT INTO player_team_game_play(player_id, team_id, game_id, play_id, seconds_start, seconds_end) VALUES(418, 1646, 25009, 27652, 1938, 1966);
INSERT INTO player_team_game_play(player_id, team_id, game_id, play_id, seconds_start, seconds_end) VALUES(6328, 1646, 25009, 27652, 1938, 1966);
INSERT INTO player_team_game_play(player_id, team_id, game_id, play_id, seconds_start, seconds_end) VALUES(1774, 1646, 25009, 27652, 1938, 1966);
INSERT INTO player_team_game_play(player_id, team_id, game_id, play_id, seconds_start, seconds_end) VALUES(6223, 1646, 25009, 27652, 1938, 1966);
UPDATE player_team_game_play SET seconds_end = 1941 WHERE player_id = 1775 AND game_id = 25009 AND play_id = 27652;
INSERT INTO player_team_game_play(player_id, team_id, game_id, play_id, seconds_start, seconds_end) VALUES(4692, 1649, 25009, 27652, 1941, 1966);
INSERT INTO lba.sub_play (play_id, seconds_da_start, player_made_id, team_made_id, game_made_id, player_suffered_id, team_suffered_id, game_suffered_id, shot_id, turnover_id, foul_id, rebound_defensive_01, rebound_offensive_01, assist_01, blocks_01, time_out_01, x, y)VALUES(27652, 28, 6223, 1646, 25009, NULL, NULL, NULL, 3, NULL, NULL, '', '', '', '', '', 75, 15);
INSERT INTO lba.sub_play (play_id, seconds_da_start, player_made_id, team_made_id, game_made_id, player_suffered_id, team_suffered_id, game_suffered_id, shot_id, turnover_id, foul_id, rebound_defensive_01, rebound_offensive_01, assist_01, blocks_01, time_out_01, x, y)VALUES(27652, 28, 3176, 1649, 25009, 6223, 1646, 25009, NULL, NULL, 4, '', '', '', '', '', 75, 15);
INSERT INTO lba.sub_play (play_id, seconds_da_start, player_made_id, team_made_id, game_made_id, player_suffered_id, team_suffered_id, game_suffered_id, shot_id, turnover_id, foul_id, rebound_defensive_01, rebound_offensive_01, assist_01, blocks_01, time_out_01, x, y)VALUES(27652, 28, 6223, 1646, 25009, NULL, NULL, NULL, 5, NULL, NULL, '', '', '', '', '', NULL, NULL);

INSERT INTO play(id, game_id, seconds_start, seconds_end, quarter, attack_home_01, score_home, score_guest)VALUES(27653, 25009, 1966, 1989, 4, '1', 60, 62);
INSERT INTO player_team_game_play(player_id, team_id, game_id, play_id, seconds_start, seconds_end) VALUES(5568, 1649, 25009, 27653, 1966, 1989);
INSERT INTO player_team_game_play(player_id, team_id, game_id, play_id, seconds_start, seconds_end) VALUES(4692, 1649, 25009, 27653, 1966, 1989);
INSERT INTO player_team_game_play(player_id, team_id, game_id, play_id, seconds_start, seconds_end) VALUES(3176, 1649, 25009, 27653, 1966, 1989);
INSERT INTO player_team_game_play(player_id, team_id, game_id, play_id, seconds_start, seconds_end) VALUES(7405, 1649, 25009, 27653, 1966, 1989);
INSERT INTO player_team_game_play(player_id, team_id, game_id, play_id, seconds_start, seconds_end) VALUES(7406, 1649, 25009, 27653, 1966, 1989);
INSERT INTO player_team_game_play(player_id, team_id, game_id, play_id, seconds_start, seconds_end) VALUES(4162, 1646, 25009, 27653, 1966, 1989);
INSERT INTO player_team_game_play(player_id, team_id, game_id, play_id, seconds_start, seconds_end) VALUES(418, 1646, 25009, 27653, 1966, 1989);
INSERT INTO player_team_game_play(player_id, team_id, game_id, play_id, seconds_start, seconds_end) VALUES(6328, 1646, 25009, 27653, 1966, 1989);
INSERT INTO player_team_game_play(player_id, team_id, game_id, play_id, seconds_start, seconds_end) VALUES(1774, 1646, 25009, 27653, 1966, 1989);
INSERT INTO player_team_game_play(player_id, team_id, game_id, play_id, seconds_start, seconds_end) VALUES(6223, 1646, 25009, 27653, 1966, 1989);
INSERT INTO lba.sub_play (play_id, seconds_da_start, player_made_id, team_made_id, game_made_id, player_suffered_id, team_suffered_id, game_suffered_id, shot_id, turnover_id, foul_id, rebound_defensive_01, rebound_offensive_01, assist_01, blocks_01, time_out_01, x, y)VALUES(27653, 23, 4692, 1649, 25009, NULL, NULL, NULL, 3, NULL, NULL, '', '', '', '', '', 25, 87);
INSERT INTO lba.sub_play (play_id, seconds_da_start, player_made_id, team_made_id, game_made_id, player_suffered_id, team_suffered_id, game_suffered_id, shot_id, turnover_id, foul_id, rebound_defensive_01, rebound_offensive_01, assist_01, blocks_01, time_out_01, x, y)VALUES(27653, 23, 3176, 1649, 25009, NULL, NULL, NULL, NULL, NULL, NULL, '', '', '1', '', '', 25, 87);

INSERT INTO play(id, game_id, seconds_start, seconds_end, quarter, attack_home_01, score_home, score_guest)VALUES(27654, 25009, 1989, 2009, 4, '0', 60, 62);
INSERT INTO player_team_game_play(player_id, team_id, game_id, play_id, seconds_start, seconds_end) VALUES(5568, 1649, 25009, 27654, 1989, 2009);
INSERT INTO player_team_game_play(player_id, team_id, game_id, play_id, seconds_start, seconds_end) VALUES(4692, 1649, 25009, 27654, 1989, 2009);
INSERT INTO player_team_game_play(player_id, team_id, game_id, play_id, seconds_start, seconds_end) VALUES(3176, 1649, 25009, 27654, 1989, 2009);
INSERT INTO player_team_game_play(player_id, team_id, game_id, play_id, seconds_start, seconds_end) VALUES(7405, 1649, 25009, 27654, 1989, 2009);
INSERT INTO player_team_game_play(player_id, team_id, game_id, play_id, seconds_start, seconds_end) VALUES(7406, 1649, 25009, 27654, 1989, 2009);
INSERT INTO player_team_game_play(player_id, team_id, game_id, play_id, seconds_start, seconds_end) VALUES(4162, 1646, 25009, 27654, 1989, 2009);
INSERT INTO player_team_game_play(player_id, team_id, game_id, play_id, seconds_start, seconds_end) VALUES(418, 1646, 25009, 27654, 1989, 2009);
INSERT INTO player_team_game_play(player_id, team_id, game_id, play_id, seconds_start, seconds_end) VALUES(6328, 1646, 25009, 27654, 1989, 2009);
INSERT INTO player_team_game_play(player_id, team_id, game_id, play_id, seconds_start, seconds_end) VALUES(1774, 1646, 25009, 27654, 1989, 2009);
INSERT INTO player_team_game_play(player_id, team_id, game_id, play_id, seconds_start, seconds_end) VALUES(6223, 1646, 25009, 27654, 1989, 2009);
INSERT INTO lba.sub_play (play_id, seconds_da_start, player_made_id, team_made_id, game_made_id, player_suffered_id, team_suffered_id, game_suffered_id, shot_id, turnover_id, foul_id, rebound_defensive_01, rebound_offensive_01, assist_01, blocks_01, time_out_01, x, y)VALUES(27654, 20, 6328, 1646, 25009, NULL, NULL, NULL, 2, NULL, NULL, '', '', '', '', '', 90, 43);
INSERT INTO lba.sub_play (play_id, seconds_da_start, player_made_id, team_made_id, game_made_id, player_suffered_id, team_suffered_id, game_suffered_id, shot_id, turnover_id, foul_id, rebound_defensive_01, rebound_offensive_01, assist_01, blocks_01, time_out_01, x, y)VALUES(27654, 20, 3176, 1649, 25009, NULL, NULL, NULL, NULL, NULL, NULL, '1', '', '', '', '', 90, 43);

INSERT INTO play(id, game_id, seconds_start, seconds_end, quarter, attack_home_01, score_home, score_guest)VALUES(27655, 25009, 2009, 2031, 4, '1', 60, 62);
INSERT INTO player_team_game_play(player_id, team_id, game_id, play_id, seconds_start, seconds_end) VALUES(5568, 1649, 25009, 27655, 2009, 2031);
INSERT INTO player_team_game_play(player_id, team_id, game_id, play_id, seconds_start, seconds_end) VALUES(4692, 1649, 25009, 27655, 2009, 2031);
INSERT INTO player_team_game_play(player_id, team_id, game_id, play_id, seconds_start, seconds_end) VALUES(3176, 1649, 25009, 27655, 2009, 2031);
INSERT INTO player_team_game_play(player_id, team_id, game_id, play_id, seconds_start, seconds_end) VALUES(7405, 1649, 25009, 27655, 2009, 2031);
INSERT INTO player_team_game_play(player_id, team_id, game_id, play_id, seconds_start, seconds_end) VALUES(7406, 1649, 25009, 27655, 2009, 2031);
INSERT INTO player_team_game_play(player_id, team_id, game_id, play_id, seconds_start, seconds_end) VALUES(4162, 1646, 25009, 27655, 2009, 2031);
INSERT INTO player_team_game_play(player_id, team_id, game_id, play_id, seconds_start, seconds_end) VALUES(418, 1646, 25009, 27655, 2009, 2031);
INSERT INTO player_team_game_play(player_id, team_id, game_id, play_id, seconds_start, seconds_end) VALUES(6328, 1646, 25009, 27655, 2009, 2031);
INSERT INTO player_team_game_play(player_id, team_id, game_id, play_id, seconds_start, seconds_end) VALUES(1774, 1646, 25009, 27655, 2009, 2031);
INSERT INTO player_team_game_play(player_id, team_id, game_id, play_id, seconds_start, seconds_end) VALUES(6223, 1646, 25009, 27655, 2009, 2031);
UPDATE player_team_game_play SET seconds_end = 2012 WHERE player_id = 5568 AND game_id = 25009 AND play_id = 27655;
INSERT INTO player_team_game_play(player_id, team_id, game_id, play_id, seconds_start, seconds_end) VALUES(5150, 1649, 25009, 27655, 2012, 2031);
UPDATE player_team_game_play SET seconds_end = 2012 WHERE player_id = 418 AND game_id = 25009 AND play_id = 27655;
INSERT INTO player_team_game_play(player_id, team_id, game_id, play_id, seconds_start, seconds_end) VALUES(2608, 1646, 25009, 27655, 2012, 2031);
INSERT INTO lba.sub_play (play_id, seconds_da_start, player_made_id, team_made_id, game_made_id, player_suffered_id, team_suffered_id, game_suffered_id, shot_id, turnover_id, foul_id, rebound_defensive_01, rebound_offensive_01, assist_01, blocks_01, time_out_01, x, y)VALUES(27655, 3, 4162, 1646, 25009, 3176, 1649, 25009, NULL, NULL, 1, '', '', '', '', '', 37, 52);
INSERT INTO lba.sub_play (play_id, seconds_da_start, player_made_id, team_made_id, game_made_id, player_suffered_id, team_suffered_id, game_suffered_id, shot_id, turnover_id, foul_id, rebound_defensive_01, rebound_offensive_01, assist_01, blocks_01, time_out_01, x, y)VALUES(27655, 22, 7405, 1649, 25009, NULL, NULL, NULL, NULL, 1, NULL, '', '', '', '', '', 13, 37);

INSERT INTO play(id, game_id, seconds_start, seconds_end, quarter, attack_home_01, score_home, score_guest)VALUES(27656, 25009, 2031, 2050, 4, '0', 60, 64);
INSERT INTO player_team_game_play(player_id, team_id, game_id, play_id, seconds_start, seconds_end) VALUES(4692, 1649, 25009, 27656, 2031, 2050);
INSERT INTO player_team_game_play(player_id, team_id, game_id, play_id, seconds_start, seconds_end) VALUES(5150, 1649, 25009, 27656, 2031, 2050);
INSERT INTO player_team_game_play(player_id, team_id, game_id, play_id, seconds_start, seconds_end) VALUES(3176, 1649, 25009, 27656, 2031, 2050);
INSERT INTO player_team_game_play(player_id, team_id, game_id, play_id, seconds_start, seconds_end) VALUES(7405, 1649, 25009, 27656, 2031, 2050);
INSERT INTO player_team_game_play(player_id, team_id, game_id, play_id, seconds_start, seconds_end) VALUES(7406, 1649, 25009, 27656, 2031, 2050);
INSERT INTO player_team_game_play(player_id, team_id, game_id, play_id, seconds_start, seconds_end) VALUES(2608, 1646, 25009, 27656, 2031, 2050);
INSERT INTO player_team_game_play(player_id, team_id, game_id, play_id, seconds_start, seconds_end) VALUES(4162, 1646, 25009, 27656, 2031, 2050);
INSERT INTO player_team_game_play(player_id, team_id, game_id, play_id, seconds_start, seconds_end) VALUES(6328, 1646, 25009, 27656, 2031, 2050);
INSERT INTO player_team_game_play(player_id, team_id, game_id, play_id, seconds_start, seconds_end) VALUES(1774, 1646, 25009, 27656, 2031, 2050);
INSERT INTO player_team_game_play(player_id, team_id, game_id, play_id, seconds_start, seconds_end) VALUES(6223, 1646, 25009, 27656, 2031, 2050);
UPDATE player_team_game_play SET seconds_end = 2050 WHERE player_id = 3176 AND game_id = 25009 AND play_id = 27656;
INSERT INTO player_team_game_play(player_id, team_id, game_id, play_id, seconds_start, seconds_end) VALUES(7015, 1649, 25009, 27656, 2050, 2050);
UPDATE player_team_game_play SET seconds_end = 2050 WHERE player_id = 6328 AND game_id = 25009 AND play_id = 27656;
INSERT INTO player_team_game_play(player_id, team_id, game_id, play_id, seconds_start, seconds_end) VALUES(45, 1646, 25009, 27656, 2050, 2050);
INSERT INTO lba.sub_play (play_id, seconds_da_start, player_made_id, team_made_id, game_made_id, player_suffered_id, team_suffered_id, game_suffered_id, shot_id, turnover_id, foul_id, rebound_defensive_01, rebound_offensive_01, assist_01, blocks_01, time_out_01, x, y)VALUES(27656, 19, 3176, 1649, 25009, 2608, 1646, 25009, NULL, NULL, 4, '', '', '', '', '', 90, 36);
INSERT INTO lba.sub_play (play_id, seconds_da_start, player_made_id, team_made_id, game_made_id, player_suffered_id, team_suffered_id, game_suffered_id, shot_id, turnover_id, foul_id, rebound_defensive_01, rebound_offensive_01, assist_01, blocks_01, time_out_01, x, y)VALUES(27656, 19, 2608, 1646, 25009, NULL, NULL, NULL, 5, NULL, NULL, '', '', '', '', '', NULL, NULL);
INSERT INTO lba.sub_play (play_id, seconds_da_start, player_made_id, team_made_id, game_made_id, player_suffered_id, team_suffered_id, game_suffered_id, shot_id, turnover_id, foul_id, rebound_defensive_01, rebound_offensive_01, assist_01, blocks_01, time_out_01, x, y)VALUES(27656, 19, 2608, 1646, 25009, NULL, NULL, NULL, 5, NULL, NULL, '', '', '', '', '', NULL, NULL);

INSERT INTO play(id, game_id, seconds_start, seconds_end, quarter, attack_home_01, score_home, score_guest)VALUES(27657, 25009, 2050, 2071, 4, '1', 60, 64);
INSERT INTO player_team_game_play(player_id, team_id, game_id, play_id, seconds_start, seconds_end) VALUES(4692, 1649, 25009, 27657, 2050, 2071);
INSERT INTO player_team_game_play(player_id, team_id, game_id, play_id, seconds_start, seconds_end) VALUES(5150, 1649, 25009, 27657, 2050, 2071);
INSERT INTO player_team_game_play(player_id, team_id, game_id, play_id, seconds_start, seconds_end) VALUES(3176, 1649, 25009, 27657, 2050, 2071);
INSERT INTO player_team_game_play(player_id, team_id, game_id, play_id, seconds_start, seconds_end) VALUES(7405, 1649, 25009, 27657, 2050, 2071);
INSERT INTO player_team_game_play(player_id, team_id, game_id, play_id, seconds_start, seconds_end) VALUES(7406, 1649, 25009, 27657, 2050, 2071);
INSERT INTO player_team_game_play(player_id, team_id, game_id, play_id, seconds_start, seconds_end) VALUES(2608, 1646, 25009, 27657, 2050, 2071);
INSERT INTO player_team_game_play(player_id, team_id, game_id, play_id, seconds_start, seconds_end) VALUES(4162, 1646, 25009, 27657, 2050, 2071);
INSERT INTO player_team_game_play(player_id, team_id, game_id, play_id, seconds_start, seconds_end) VALUES(6328, 1646, 25009, 27657, 2050, 2071);
INSERT INTO player_team_game_play(player_id, team_id, game_id, play_id, seconds_start, seconds_end) VALUES(1774, 1646, 25009, 27657, 2050, 2071);
INSERT INTO player_team_game_play(player_id, team_id, game_id, play_id, seconds_start, seconds_end) VALUES(6223, 1646, 25009, 27657, 2050, 2071);
UPDATE player_team_game_play SET seconds_end = 2050 WHERE player_id = 3176 AND game_id = 25009 AND play_id = 27657;
INSERT INTO player_team_game_play(player_id, team_id, game_id, play_id, seconds_start, seconds_end) VALUES(7015, 1649, 25009, 27657, 2050, 2071);
UPDATE player_team_game_play SET seconds_end = 2050 WHERE player_id = 6328 AND game_id = 25009 AND play_id = 27657;
INSERT INTO player_team_game_play(player_id, team_id, game_id, play_id, seconds_start, seconds_end) VALUES(45, 1646, 25009, 27657, 2050, 2071);
UPDATE player_team_game_play SET seconds_end = 2064 WHERE player_id = 7405 AND game_id = 25009 AND play_id = 27657;
INSERT INTO player_team_game_play(player_id, team_id, game_id, play_id, seconds_start, seconds_end) VALUES(6138, 1649, 25009, 27657, 2064, 2071);
INSERT INTO lba.sub_play (play_id, seconds_da_start, player_made_id, team_made_id, game_made_id, player_suffered_id, team_suffered_id, game_suffered_id, shot_id, turnover_id, foul_id, rebound_defensive_01, rebound_offensive_01, assist_01, blocks_01, time_out_01, x, y)VALUES(27657, 14, 2608, 1646, 25009, 7015, 1649, 25009, NULL, NULL, 1, '', '', '', '', '', 9, 31);
INSERT INTO lba.sub_play (play_id, seconds_da_start, player_made_id, team_made_id, game_made_id, player_suffered_id, team_suffered_id, game_suffered_id, shot_id, turnover_id, foul_id, rebound_defensive_01, rebound_offensive_01, assist_01, blocks_01, time_out_01, x, y)VALUES(27657, 21, 5150, 1649, 25009, 6223, 1646, 25009, NULL, 2, NULL, '', '', '', '', '', 20, 73);

INSERT INTO play(id, game_id, seconds_start, seconds_end, quarter, attack_home_01, score_home, score_guest)VALUES(27658, 25009, 2071, 2076, 4, '0', 60, 66);
INSERT INTO player_team_game_play(player_id, team_id, game_id, play_id, seconds_start, seconds_end) VALUES(4692, 1649, 25009, 27658, 2071, 2076);
INSERT INTO player_team_game_play(player_id, team_id, game_id, play_id, seconds_start, seconds_end) VALUES(7015, 1649, 25009, 27658, 2071, 2076);
INSERT INTO player_team_game_play(player_id, team_id, game_id, play_id, seconds_start, seconds_end) VALUES(5150, 1649, 25009, 27658, 2071, 2076);
INSERT INTO player_team_game_play(player_id, team_id, game_id, play_id, seconds_start, seconds_end) VALUES(6138, 1649, 25009, 27658, 2071, 2076);
INSERT INTO player_team_game_play(player_id, team_id, game_id, play_id, seconds_start, seconds_end) VALUES(7406, 1649, 25009, 27658, 2071, 2076);
INSERT INTO player_team_game_play(player_id, team_id, game_id, play_id, seconds_start, seconds_end) VALUES(2608, 1646, 25009, 27658, 2071, 2076);
INSERT INTO player_team_game_play(player_id, team_id, game_id, play_id, seconds_start, seconds_end) VALUES(4162, 1646, 25009, 27658, 2071, 2076);
INSERT INTO player_team_game_play(player_id, team_id, game_id, play_id, seconds_start, seconds_end) VALUES(45, 1646, 25009, 27658, 2071, 2076);
INSERT INTO player_team_game_play(player_id, team_id, game_id, play_id, seconds_start, seconds_end) VALUES(1774, 1646, 25009, 27658, 2071, 2076);
INSERT INTO player_team_game_play(player_id, team_id, game_id, play_id, seconds_start, seconds_end) VALUES(6223, 1646, 25009, 27658, 2071, 2076);
UPDATE player_team_game_play SET seconds_end = 2076 WHERE player_id = 6223 AND game_id = 25009 AND play_id = 27658;
INSERT INTO player_team_game_play(player_id, team_id, game_id, play_id, seconds_start, seconds_end) VALUES(5449, 1646, 25009, 27658, 2076, 2076);
INSERT INTO lba.sub_play (play_id, seconds_da_start, player_made_id, team_made_id, game_made_id, player_suffered_id, team_suffered_id, game_suffered_id, shot_id, turnover_id, foul_id, rebound_defensive_01, rebound_offensive_01, assist_01, blocks_01, time_out_01, x, y)VALUES(27658, 5, 6223, 1646, 25009, NULL, NULL, NULL, 1, NULL, NULL, '', '', '', '', '', 91, 48);

INSERT INTO play(id, game_id, seconds_start, seconds_end, quarter, attack_home_01, score_home, score_guest)VALUES(27659, 25009, 2076, 2084, 4, '1', 62, 66);
INSERT INTO player_team_game_play(player_id, team_id, game_id, play_id, seconds_start, seconds_end) VALUES(4692, 1649, 25009, 27659, 2076, 2084);
INSERT INTO player_team_game_play(player_id, team_id, game_id, play_id, seconds_start, seconds_end) VALUES(7015, 1649, 25009, 27659, 2076, 2084);
INSERT INTO player_team_game_play(player_id, team_id, game_id, play_id, seconds_start, seconds_end) VALUES(5150, 1649, 25009, 27659, 2076, 2084);
INSERT INTO player_team_game_play(player_id, team_id, game_id, play_id, seconds_start, seconds_end) VALUES(6138, 1649, 25009, 27659, 2076, 2084);
INSERT INTO player_team_game_play(player_id, team_id, game_id, play_id, seconds_start, seconds_end) VALUES(7406, 1649, 25009, 27659, 2076, 2084);
INSERT INTO player_team_game_play(player_id, team_id, game_id, play_id, seconds_start, seconds_end) VALUES(2608, 1646, 25009, 27659, 2076, 2084);
INSERT INTO player_team_game_play(player_id, team_id, game_id, play_id, seconds_start, seconds_end) VALUES(4162, 1646, 25009, 27659, 2076, 2084);
INSERT INTO player_team_game_play(player_id, team_id, game_id, play_id, seconds_start, seconds_end) VALUES(45, 1646, 25009, 27659, 2076, 2084);
INSERT INTO player_team_game_play(player_id, team_id, game_id, play_id, seconds_start, seconds_end) VALUES(1774, 1646, 25009, 27659, 2076, 2084);
INSERT INTO player_team_game_play(player_id, team_id, game_id, play_id, seconds_start, seconds_end) VALUES(6223, 1646, 25009, 27659, 2076, 2084);
UPDATE player_team_game_play SET seconds_end = 2076 WHERE player_id = 6223 AND game_id = 25009 AND play_id = 27659;
INSERT INTO player_team_game_play(player_id, team_id, game_id, play_id, seconds_start, seconds_end) VALUES(5449, 1646, 25009, 27659, 2076, 2084);
INSERT INTO lba.sub_play (play_id, seconds_da_start, player_made_id, team_made_id, game_made_id, player_suffered_id, team_suffered_id, game_suffered_id, shot_id, turnover_id, foul_id, rebound_defensive_01, rebound_offensive_01, assist_01, blocks_01, time_out_01, x, y)VALUES(27659, 8, 5449, 1646, 25009, 7015, 1649, 25009, NULL, NULL, 1, '', '', '', '', '', 8, 43);
INSERT INTO lba.sub_play (play_id, seconds_da_start, player_made_id, team_made_id, game_made_id, player_suffered_id, team_suffered_id, game_suffered_id, shot_id, turnover_id, foul_id, rebound_defensive_01, rebound_offensive_01, assist_01, blocks_01, time_out_01, x, y)VALUES(27659, 8, 7015, 1649, 25009, NULL, NULL, NULL, 5, NULL, NULL, '', '', '', '', '', NULL, NULL);
INSERT INTO lba.sub_play (play_id, seconds_da_start, player_made_id, team_made_id, game_made_id, player_suffered_id, team_suffered_id, game_suffered_id, shot_id, turnover_id, foul_id, rebound_defensive_01, rebound_offensive_01, assist_01, blocks_01, time_out_01, x, y)VALUES(27659, 8, 7015, 1649, 25009, NULL, NULL, NULL, 5, NULL, NULL, '', '', '', '', '', NULL, NULL);

INSERT INTO play(id, game_id, seconds_start, seconds_end, quarter, attack_home_01, score_home, score_guest)VALUES(27660, 25009, 2084, 2129, 4, '1', 64, 68);
INSERT INTO player_team_game_play(player_id, team_id, game_id, play_id, seconds_start, seconds_end) VALUES(4692, 1649, 25009, 27660, 2084, 2129);
INSERT INTO player_team_game_play(player_id, team_id, game_id, play_id, seconds_start, seconds_end) VALUES(7015, 1649, 25009, 27660, 2084, 2129);
INSERT INTO player_team_game_play(player_id, team_id, game_id, play_id, seconds_start, seconds_end) VALUES(5150, 1649, 25009, 27660, 2084, 2129);
INSERT INTO player_team_game_play(player_id, team_id, game_id, play_id, seconds_start, seconds_end) VALUES(6138, 1649, 25009, 27660, 2084, 2129);
INSERT INTO player_team_game_play(player_id, team_id, game_id, play_id, seconds_start, seconds_end) VALUES(7406, 1649, 25009, 27660, 2084, 2129);
INSERT INTO player_team_game_play(player_id, team_id, game_id, play_id, seconds_start, seconds_end) VALUES(2608, 1646, 25009, 27660, 2084, 2129);
INSERT INTO player_team_game_play(player_id, team_id, game_id, play_id, seconds_start, seconds_end) VALUES(4162, 1646, 25009, 27660, 2084, 2129);
INSERT INTO player_team_game_play(player_id, team_id, game_id, play_id, seconds_start, seconds_end) VALUES(5449, 1646, 25009, 27660, 2084, 2129);
INSERT INTO player_team_game_play(player_id, team_id, game_id, play_id, seconds_start, seconds_end) VALUES(45, 1646, 25009, 27660, 2084, 2129);
INSERT INTO player_team_game_play(player_id, team_id, game_id, play_id, seconds_start, seconds_end) VALUES(1774, 1646, 25009, 27660, 2084, 2129);
INSERT INTO lba.sub_play (play_id, seconds_da_start, player_made_id, team_made_id, game_made_id, player_suffered_id, team_suffered_id, game_suffered_id, shot_id, turnover_id, foul_id, rebound_defensive_01, rebound_offensive_01, assist_01, blocks_01, time_out_01, x, y)VALUES(27660, 22, 4162, 1646, 25009, NULL, NULL, NULL, 4, NULL, NULL, '', '', '', '', '', 71, 87);
INSERT INTO lba.sub_play (play_id, seconds_da_start, player_made_id, team_made_id, game_made_id, player_suffered_id, team_suffered_id, game_suffered_id, shot_id, turnover_id, foul_id, rebound_defensive_01, rebound_offensive_01, assist_01, blocks_01, time_out_01, x, y)VALUES(27660, 22, 1774, 1646, 25009, NULL, NULL, NULL, NULL, NULL, NULL, '', '1', '', '', '', 71, 87);
INSERT INTO lba.sub_play (play_id, seconds_da_start, player_made_id, team_made_id, game_made_id, player_suffered_id, team_suffered_id, game_suffered_id, shot_id, turnover_id, foul_id, rebound_defensive_01, rebound_offensive_01, assist_01, blocks_01, time_out_01, x, y)VALUES(27660, 31, 45, 1646, 25009, NULL, NULL, NULL, 2, NULL, NULL, '', '', '', '', '', 92, 43);
INSERT INTO lba.sub_play (play_id, seconds_da_start, player_made_id, team_made_id, game_made_id, player_suffered_id, team_suffered_id, game_suffered_id, shot_id, turnover_id, foul_id, rebound_defensive_01, rebound_offensive_01, assist_01, blocks_01, time_out_01, x, y)VALUES(27660, 31, 1774, 1646, 25009, NULL, NULL, NULL, NULL, NULL, NULL, '', '1', '', '', '', 92, 43);
INSERT INTO lba.sub_play (play_id, seconds_da_start, player_made_id, team_made_id, game_made_id, player_suffered_id, team_suffered_id, game_suffered_id, shot_id, turnover_id, foul_id, rebound_defensive_01, rebound_offensive_01, assist_01, blocks_01, time_out_01, x, y)VALUES(27660, 31, 1774, 1646, 25009, NULL, NULL, NULL, 1, NULL, NULL, '', '', '', '', '', 92, 43);
INSERT INTO lba.sub_play (play_id, seconds_da_start, player_made_id, team_made_id, game_made_id, player_suffered_id, team_suffered_id, game_suffered_id, shot_id, turnover_id, foul_id, rebound_defensive_01, rebound_offensive_01, assist_01, blocks_01, time_out_01, x, y)VALUES(27660, 45, 4162, 1646, 25009, 7015, 1649, 25009, NULL, NULL, 4, '', '', '', '', '', 15, 79);
INSERT INTO lba.sub_play (play_id, seconds_da_start, player_made_id, team_made_id, game_made_id, player_suffered_id, team_suffered_id, game_suffered_id, shot_id, turnover_id, foul_id, rebound_defensive_01, rebound_offensive_01, assist_01, blocks_01, time_out_01, x, y)VALUES(27660, 45, 7015, 1649, 25009, NULL, NULL, NULL, 5, NULL, NULL, '', '', '', '', '', NULL, NULL);
INSERT INTO lba.sub_play (play_id, seconds_da_start, player_made_id, team_made_id, game_made_id, player_suffered_id, team_suffered_id, game_suffered_id, shot_id, turnover_id, foul_id, rebound_defensive_01, rebound_offensive_01, assist_01, blocks_01, time_out_01, x, y)VALUES(27660, 45, 7015, 1649, 25009, NULL, NULL, NULL, 5, NULL, NULL, '', '', '', '', '', NULL, NULL);

INSERT INTO play(id, game_id, seconds_start, seconds_end, quarter, attack_home_01, score_home, score_guest)VALUES(27661, 25009, 2129, 2129, 4, '1', 64, 68);
INSERT INTO player_team_game_play(player_id, team_id, game_id, play_id, seconds_start, seconds_end) VALUES(4692, 1649, 25009, 27661, 2129, 2129);
INSERT INTO player_team_game_play(player_id, team_id, game_id, play_id, seconds_start, seconds_end) VALUES(7015, 1649, 25009, 27661, 2129, 2129);
INSERT INTO player_team_game_play(player_id, team_id, game_id, play_id, seconds_start, seconds_end) VALUES(5150, 1649, 25009, 27661, 2129, 2129);
INSERT INTO player_team_game_play(player_id, team_id, game_id, play_id, seconds_start, seconds_end) VALUES(6138, 1649, 25009, 27661, 2129, 2129);
INSERT INTO player_team_game_play(player_id, team_id, game_id, play_id, seconds_start, seconds_end) VALUES(7406, 1649, 25009, 27661, 2129, 2129);
INSERT INTO player_team_game_play(player_id, team_id, game_id, play_id, seconds_start, seconds_end) VALUES(2608, 1646, 25009, 27661, 2129, 2129);
INSERT INTO player_team_game_play(player_id, team_id, game_id, play_id, seconds_start, seconds_end) VALUES(4162, 1646, 25009, 27661, 2129, 2129);
INSERT INTO player_team_game_play(player_id, team_id, game_id, play_id, seconds_start, seconds_end) VALUES(5449, 1646, 25009, 27661, 2129, 2129);
INSERT INTO player_team_game_play(player_id, team_id, game_id, play_id, seconds_start, seconds_end) VALUES(45, 1646, 25009, 27661, 2129, 2129);
INSERT INTO player_team_game_play(player_id, team_id, game_id, play_id, seconds_start, seconds_end) VALUES(1774, 1646, 25009, 27661, 2129, 2129);
INSERT INTO lba.sub_play (play_id, seconds_da_start, player_made_id, team_made_id, game_made_id, player_suffered_id, team_suffered_id, game_suffered_id, shot_id, turnover_id, foul_id, rebound_defensive_01, rebound_offensive_01, assist_01, blocks_01, time_out_01, x, y)VALUES(27661, 0, 7015, 1649, 25009, NULL, NULL, NULL, 6, NULL, NULL, '', '', '', '', '', NULL, NULL);
INSERT INTO lba.sub_play (play_id, seconds_da_start, player_made_id, team_made_id, game_made_id, player_suffered_id, team_suffered_id, game_suffered_id, shot_id, turnover_id, foul_id, rebound_defensive_01, rebound_offensive_01, assist_01, blocks_01, time_out_01, x, y)VALUES(27661, 0, 4692, 1649, 25009, NULL, NULL, NULL, NULL, NULL, NULL, '', '', '1', '', '', NULL, NULL);

INSERT INTO play(id, game_id, seconds_start, seconds_end, quarter, attack_home_01, score_home, score_guest)VALUES(27662, 25009, 2129, 2129, 4, '1', 64, 68);
INSERT INTO player_team_game_play(player_id, team_id, game_id, play_id, seconds_start, seconds_end) VALUES(4692, 1649, 25009, 27662, 2129, 2129);
INSERT INTO player_team_game_play(player_id, team_id, game_id, play_id, seconds_start, seconds_end) VALUES(7015, 1649, 25009, 27662, 2129, 2129);
INSERT INTO player_team_game_play(player_id, team_id, game_id, play_id, seconds_start, seconds_end) VALUES(5150, 1649, 25009, 27662, 2129, 2129);
INSERT INTO player_team_game_play(player_id, team_id, game_id, play_id, seconds_start, seconds_end) VALUES(6138, 1649, 25009, 27662, 2129, 2129);
INSERT INTO player_team_game_play(player_id, team_id, game_id, play_id, seconds_start, seconds_end) VALUES(7406, 1649, 25009, 27662, 2129, 2129);
INSERT INTO player_team_game_play(player_id, team_id, game_id, play_id, seconds_start, seconds_end) VALUES(2608, 1646, 25009, 27662, 2129, 2129);
INSERT INTO player_team_game_play(player_id, team_id, game_id, play_id, seconds_start, seconds_end) VALUES(4162, 1646, 25009, 27662, 2129, 2129);
INSERT INTO player_team_game_play(player_id, team_id, game_id, play_id, seconds_start, seconds_end) VALUES(5449, 1646, 25009, 27662, 2129, 2129);
INSERT INTO player_team_game_play(player_id, team_id, game_id, play_id, seconds_start, seconds_end) VALUES(45, 1646, 25009, 27662, 2129, 2129);
INSERT INTO player_team_game_play(player_id, team_id, game_id, play_id, seconds_start, seconds_end) VALUES(1774, 1646, 25009, 27662, 2129, 2129);
INSERT INTO lba.sub_play (play_id, seconds_da_start, player_made_id, team_made_id, game_made_id, player_suffered_id, team_suffered_id, game_suffered_id, shot_id, turnover_id, foul_id, rebound_defensive_01, rebound_offensive_01, assist_01, blocks_01, time_out_01, x, y)VALUES(27662, 0, 45, 1646, 25009, NULL, NULL, NULL, NULL, NULL, NULL, '1', '', '', '', '', NULL, NULL);

INSERT INTO play(id, game_id, seconds_start, seconds_end, quarter, attack_home_01, score_home, score_guest)VALUES(27663, 25009, 2129, 2146, 4, '0', 64, 70);
INSERT INTO player_team_game_play(player_id, team_id, game_id, play_id, seconds_start, seconds_end) VALUES(4692, 1649, 25009, 27663, 2129, 2146);
INSERT INTO player_team_game_play(player_id, team_id, game_id, play_id, seconds_start, seconds_end) VALUES(7015, 1649, 25009, 27663, 2129, 2146);
INSERT INTO player_team_game_play(player_id, team_id, game_id, play_id, seconds_start, seconds_end) VALUES(5150, 1649, 25009, 27663, 2129, 2146);
INSERT INTO player_team_game_play(player_id, team_id, game_id, play_id, seconds_start, seconds_end) VALUES(6138, 1649, 25009, 27663, 2129, 2146);
INSERT INTO player_team_game_play(player_id, team_id, game_id, play_id, seconds_start, seconds_end) VALUES(7406, 1649, 25009, 27663, 2129, 2146);
INSERT INTO player_team_game_play(player_id, team_id, game_id, play_id, seconds_start, seconds_end) VALUES(2608, 1646, 25009, 27663, 2129, 2146);
INSERT INTO player_team_game_play(player_id, team_id, game_id, play_id, seconds_start, seconds_end) VALUES(4162, 1646, 25009, 27663, 2129, 2146);
INSERT INTO player_team_game_play(player_id, team_id, game_id, play_id, seconds_start, seconds_end) VALUES(5449, 1646, 25009, 27663, 2129, 2146);
INSERT INTO player_team_game_play(player_id, team_id, game_id, play_id, seconds_start, seconds_end) VALUES(45, 1646, 25009, 27663, 2129, 2146);
INSERT INTO player_team_game_play(player_id, team_id, game_id, play_id, seconds_start, seconds_end) VALUES(1774, 1646, 25009, 27663, 2129, 2146);
INSERT INTO lba.sub_play (play_id, seconds_da_start, player_made_id, team_made_id, game_made_id, player_suffered_id, team_suffered_id, game_suffered_id, shot_id, turnover_id, foul_id, rebound_defensive_01, rebound_offensive_01, assist_01, blocks_01, time_out_01, x, y)VALUES(27663, 17, 2608, 1646, 25009, NULL, NULL, NULL, 1, NULL, NULL, '', '', '', '', '', 75, 35);

INSERT INTO play(id, game_id, seconds_start, seconds_end, quarter, attack_home_01, score_home, score_guest)VALUES(27664, 25009, 2146, 2162, 4, '1', 64, 70);
INSERT INTO player_team_game_play(player_id, team_id, game_id, play_id, seconds_start, seconds_end) VALUES(4692, 1649, 25009, 27664, 2146, 2162);
INSERT INTO player_team_game_play(player_id, team_id, game_id, play_id, seconds_start, seconds_end) VALUES(7015, 1649, 25009, 27664, 2146, 2162);
INSERT INTO player_team_game_play(player_id, team_id, game_id, play_id, seconds_start, seconds_end) VALUES(5150, 1649, 25009, 27664, 2146, 2162);
INSERT INTO player_team_game_play(player_id, team_id, game_id, play_id, seconds_start, seconds_end) VALUES(6138, 1649, 25009, 27664, 2146, 2162);
INSERT INTO player_team_game_play(player_id, team_id, game_id, play_id, seconds_start, seconds_end) VALUES(7406, 1649, 25009, 27664, 2146, 2162);
INSERT INTO player_team_game_play(player_id, team_id, game_id, play_id, seconds_start, seconds_end) VALUES(2608, 1646, 25009, 27664, 2146, 2162);
INSERT INTO player_team_game_play(player_id, team_id, game_id, play_id, seconds_start, seconds_end) VALUES(4162, 1646, 25009, 27664, 2146, 2162);
INSERT INTO player_team_game_play(player_id, team_id, game_id, play_id, seconds_start, seconds_end) VALUES(5449, 1646, 25009, 27664, 2146, 2162);
INSERT INTO player_team_game_play(player_id, team_id, game_id, play_id, seconds_start, seconds_end) VALUES(45, 1646, 25009, 27664, 2146, 2162);
INSERT INTO player_team_game_play(player_id, team_id, game_id, play_id, seconds_start, seconds_end) VALUES(1774, 1646, 25009, 27664, 2146, 2162);
INSERT INTO lba.sub_play (play_id, seconds_da_start, player_made_id, team_made_id, game_made_id, player_suffered_id, team_suffered_id, game_suffered_id, shot_id, turnover_id, foul_id, rebound_defensive_01, rebound_offensive_01, assist_01, blocks_01, time_out_01, x, y)VALUES(27664, 16, 7015, 1649, 25009, NULL, NULL, NULL, 4, NULL, NULL, '', '', '', '', '', 29, 24);
INSERT INTO lba.sub_play (play_id, seconds_da_start, player_made_id, team_made_id, game_made_id, player_suffered_id, team_suffered_id, game_suffered_id, shot_id, turnover_id, foul_id, rebound_defensive_01, rebound_offensive_01, assist_01, blocks_01, time_out_01, x, y)VALUES(27664, 16, 2608, 1646, 25009, NULL, NULL, NULL, NULL, NULL, NULL, '1', '', '', '', '', 29, 24);

INSERT INTO play(id, game_id, seconds_start, seconds_end, quarter, attack_home_01, score_home, score_guest)VALUES(27665, 25009, 2162, 2175, 4, '0', 64, 70);
INSERT INTO player_team_game_play(player_id, team_id, game_id, play_id, seconds_start, seconds_end) VALUES(4692, 1649, 25009, 27665, 2162, 2175);
INSERT INTO player_team_game_play(player_id, team_id, game_id, play_id, seconds_start, seconds_end) VALUES(7015, 1649, 25009, 27665, 2162, 2175);
INSERT INTO player_team_game_play(player_id, team_id, game_id, play_id, seconds_start, seconds_end) VALUES(5150, 1649, 25009, 27665, 2162, 2175);
INSERT INTO player_team_game_play(player_id, team_id, game_id, play_id, seconds_start, seconds_end) VALUES(6138, 1649, 25009, 27665, 2162, 2175);
INSERT INTO player_team_game_play(player_id, team_id, game_id, play_id, seconds_start, seconds_end) VALUES(7406, 1649, 25009, 27665, 2162, 2175);
INSERT INTO player_team_game_play(player_id, team_id, game_id, play_id, seconds_start, seconds_end) VALUES(2608, 1646, 25009, 27665, 2162, 2175);
INSERT INTO player_team_game_play(player_id, team_id, game_id, play_id, seconds_start, seconds_end) VALUES(4162, 1646, 25009, 27665, 2162, 2175);
INSERT INTO player_team_game_play(player_id, team_id, game_id, play_id, seconds_start, seconds_end) VALUES(5449, 1646, 25009, 27665, 2162, 2175);
INSERT INTO player_team_game_play(player_id, team_id, game_id, play_id, seconds_start, seconds_end) VALUES(45, 1646, 25009, 27665, 2162, 2175);
INSERT INTO player_team_game_play(player_id, team_id, game_id, play_id, seconds_start, seconds_end) VALUES(1774, 1646, 25009, 27665, 2162, 2175);
INSERT INTO lba.sub_play (play_id, seconds_da_start, player_made_id, team_made_id, game_made_id, player_suffered_id, team_suffered_id, game_suffered_id, shot_id, turnover_id, foul_id, rebound_defensive_01, rebound_offensive_01, assist_01, blocks_01, time_out_01, x, y)VALUES(27665, 13, 5449, 1646, 25009, NULL, NULL, NULL, 4, NULL, NULL, '', '', '', '', '', 72, 25);
INSERT INTO lba.sub_play (play_id, seconds_da_start, player_made_id, team_made_id, game_made_id, player_suffered_id, team_suffered_id, game_suffered_id, shot_id, turnover_id, foul_id, rebound_defensive_01, rebound_offensive_01, assist_01, blocks_01, time_out_01, x, y)VALUES(27665, 13, 7015, 1649, 25009, NULL, NULL, NULL, NULL, NULL, NULL, '1', '', '', '', '', 72, 25);

INSERT INTO play(id, game_id, seconds_start, seconds_end, quarter, attack_home_01, score_home, score_guest)VALUES(27666, 25009, 2175, 2197, 4, '1', 66, 70);
INSERT INTO player_team_game_play(player_id, team_id, game_id, play_id, seconds_start, seconds_end) VALUES(4692, 1649, 25009, 27666, 2175, 2197);
INSERT INTO player_team_game_play(player_id, team_id, game_id, play_id, seconds_start, seconds_end) VALUES(7015, 1649, 25009, 27666, 2175, 2197);
INSERT INTO player_team_game_play(player_id, team_id, game_id, play_id, seconds_start, seconds_end) VALUES(5150, 1649, 25009, 27666, 2175, 2197);
INSERT INTO player_team_game_play(player_id, team_id, game_id, play_id, seconds_start, seconds_end) VALUES(6138, 1649, 25009, 27666, 2175, 2197);
INSERT INTO player_team_game_play(player_id, team_id, game_id, play_id, seconds_start, seconds_end) VALUES(7406, 1649, 25009, 27666, 2175, 2197);
INSERT INTO player_team_game_play(player_id, team_id, game_id, play_id, seconds_start, seconds_end) VALUES(2608, 1646, 25009, 27666, 2175, 2197);
INSERT INTO player_team_game_play(player_id, team_id, game_id, play_id, seconds_start, seconds_end) VALUES(4162, 1646, 25009, 27666, 2175, 2197);
INSERT INTO player_team_game_play(player_id, team_id, game_id, play_id, seconds_start, seconds_end) VALUES(5449, 1646, 25009, 27666, 2175, 2197);
INSERT INTO player_team_game_play(player_id, team_id, game_id, play_id, seconds_start, seconds_end) VALUES(45, 1646, 25009, 27666, 2175, 2197);
INSERT INTO player_team_game_play(player_id, team_id, game_id, play_id, seconds_start, seconds_end) VALUES(1774, 1646, 25009, 27666, 2175, 2197);
INSERT INTO lba.sub_play (play_id, seconds_da_start, player_made_id, team_made_id, game_made_id, player_suffered_id, team_suffered_id, game_suffered_id, shot_id, turnover_id, foul_id, rebound_defensive_01, rebound_offensive_01, assist_01, blocks_01, time_out_01, x, y)VALUES(27666, 22, 6138, 1649, 25009, NULL, NULL, NULL, 1, NULL, NULL, '', '', '', '', '', 8, 55);
INSERT INTO lba.sub_play (play_id, seconds_da_start, player_made_id, team_made_id, game_made_id, player_suffered_id, team_suffered_id, game_suffered_id, shot_id, turnover_id, foul_id, rebound_defensive_01, rebound_offensive_01, assist_01, blocks_01, time_out_01, x, y)VALUES(27666, 22, 4692, 1649, 25009, NULL, NULL, NULL, NULL, NULL, NULL, '', '', '1', '', '', 8, 55);

INSERT INTO play(id, game_id, seconds_start, seconds_end, quarter, attack_home_01, score_home, score_guest)VALUES(27667, 25009, 2197, 2222, 4, '0', 66, 72);
INSERT INTO player_team_game_play(player_id, team_id, game_id, play_id, seconds_start, seconds_end) VALUES(4692, 1649, 25009, 27667, 2197, 2222);
INSERT INTO player_team_game_play(player_id, team_id, game_id, play_id, seconds_start, seconds_end) VALUES(7015, 1649, 25009, 27667, 2197, 2222);
INSERT INTO player_team_game_play(player_id, team_id, game_id, play_id, seconds_start, seconds_end) VALUES(5150, 1649, 25009, 27667, 2197, 2222);
INSERT INTO player_team_game_play(player_id, team_id, game_id, play_id, seconds_start, seconds_end) VALUES(6138, 1649, 25009, 27667, 2197, 2222);
INSERT INTO player_team_game_play(player_id, team_id, game_id, play_id, seconds_start, seconds_end) VALUES(7406, 1649, 25009, 27667, 2197, 2222);
INSERT INTO player_team_game_play(player_id, team_id, game_id, play_id, seconds_start, seconds_end) VALUES(2608, 1646, 25009, 27667, 2197, 2222);
INSERT INTO player_team_game_play(player_id, team_id, game_id, play_id, seconds_start, seconds_end) VALUES(4162, 1646, 25009, 27667, 2197, 2222);
INSERT INTO player_team_game_play(player_id, team_id, game_id, play_id, seconds_start, seconds_end) VALUES(5449, 1646, 25009, 27667, 2197, 2222);
INSERT INTO player_team_game_play(player_id, team_id, game_id, play_id, seconds_start, seconds_end) VALUES(45, 1646, 25009, 27667, 2197, 2222);
INSERT INTO player_team_game_play(player_id, team_id, game_id, play_id, seconds_start, seconds_end) VALUES(1774, 1646, 25009, 27667, 2197, 2222);
UPDATE player_team_game_play SET seconds_end = 2222 WHERE player_id = 4692 AND game_id = 25009 AND play_id = 27667;
INSERT INTO player_team_game_play(player_id, team_id, game_id, play_id, seconds_start, seconds_end) VALUES(7405, 1649, 25009, 27667, 2222, 2222);
UPDATE player_team_game_play SET seconds_end = 2222 WHERE player_id = 5449 AND game_id = 25009 AND play_id = 27667;
UPDATE player_team_game_play SET seconds_end = 2222 WHERE player_id = 1774 AND game_id = 25009 AND play_id = 27667;
INSERT INTO player_team_game_play(player_id, team_id, game_id, play_id, seconds_start, seconds_end) VALUES(6328, 1646, 25009, 27667, 2222, 2222);
INSERT INTO player_team_game_play(player_id, team_id, game_id, play_id, seconds_start, seconds_end) VALUES(6223, 1646, 25009, 27667, 2222, 2222);
INSERT INTO lba.sub_play (play_id, seconds_da_start, player_made_id, team_made_id, game_made_id, player_suffered_id, team_suffered_id, game_suffered_id, shot_id, turnover_id, foul_id, rebound_defensive_01, rebound_offensive_01, assist_01, blocks_01, time_out_01, x, y)VALUES(27667, 25, 4692, 1649, 25009, 1774, 1646, 25009, NULL, NULL, 4, '', '', '', '', '', 89, 57);
INSERT INTO lba.sub_play (play_id, seconds_da_start, player_made_id, team_made_id, game_made_id, player_suffered_id, team_suffered_id, game_suffered_id, shot_id, turnover_id, foul_id, rebound_defensive_01, rebound_offensive_01, assist_01, blocks_01, time_out_01, x, y)VALUES(27667, 25, 1774, 1646, 25009, NULL, NULL, NULL, 5, NULL, NULL, '', '', '', '', '', NULL, NULL);
INSERT INTO lba.sub_play (play_id, seconds_da_start, player_made_id, team_made_id, game_made_id, player_suffered_id, team_suffered_id, game_suffered_id, shot_id, turnover_id, foul_id, rebound_defensive_01, rebound_offensive_01, assist_01, blocks_01, time_out_01, x, y)VALUES(27667, 25, 1774, 1646, 25009, NULL, NULL, NULL, 5, NULL, NULL, '', '', '', '', '', NULL, NULL);
INSERT INTO lba.sub_play (play_id, seconds_da_start, player_made_id, team_made_id, game_made_id, player_suffered_id, team_suffered_id, game_suffered_id, shot_id, turnover_id, foul_id, rebound_defensive_01, rebound_offensive_01, assist_01, blocks_01, time_out_01, x, y)VALUES(27667, 25, 5449, 1646, 25009, NULL, NULL, NULL, NULL, NULL, NULL, '', '', '1', '', '', NULL, NULL);

INSERT INTO play(id, game_id, seconds_start, seconds_end, quarter, attack_home_01, score_home, score_guest)VALUES(27668, 25009, 2222, 2231, 4, '1', 68, 72);
INSERT INTO player_team_game_play(player_id, team_id, game_id, play_id, seconds_start, seconds_end) VALUES(4692, 1649, 25009, 27668, 2222, 2231);
INSERT INTO player_team_game_play(player_id, team_id, game_id, play_id, seconds_start, seconds_end) VALUES(7015, 1649, 25009, 27668, 2222, 2231);
INSERT INTO player_team_game_play(player_id, team_id, game_id, play_id, seconds_start, seconds_end) VALUES(5150, 1649, 25009, 27668, 2222, 2231);
INSERT INTO player_team_game_play(player_id, team_id, game_id, play_id, seconds_start, seconds_end) VALUES(6138, 1649, 25009, 27668, 2222, 2231);
INSERT INTO player_team_game_play(player_id, team_id, game_id, play_id, seconds_start, seconds_end) VALUES(7406, 1649, 25009, 27668, 2222, 2231);
INSERT INTO player_team_game_play(player_id, team_id, game_id, play_id, seconds_start, seconds_end) VALUES(2608, 1646, 25009, 27668, 2222, 2231);
INSERT INTO player_team_game_play(player_id, team_id, game_id, play_id, seconds_start, seconds_end) VALUES(4162, 1646, 25009, 27668, 2222, 2231);
INSERT INTO player_team_game_play(player_id, team_id, game_id, play_id, seconds_start, seconds_end) VALUES(5449, 1646, 25009, 27668, 2222, 2231);
INSERT INTO player_team_game_play(player_id, team_id, game_id, play_id, seconds_start, seconds_end) VALUES(45, 1646, 25009, 27668, 2222, 2231);
INSERT INTO player_team_game_play(player_id, team_id, game_id, play_id, seconds_start, seconds_end) VALUES(1774, 1646, 25009, 27668, 2222, 2231);
UPDATE player_team_game_play SET seconds_end = 2222 WHERE player_id = 4692 AND game_id = 25009 AND play_id = 27668;
INSERT INTO player_team_game_play(player_id, team_id, game_id, play_id, seconds_start, seconds_end) VALUES(7405, 1649, 25009, 27668, 2222, 2231);
UPDATE player_team_game_play SET seconds_end = 2222 WHERE player_id = 5449 AND game_id = 25009 AND play_id = 27668;
UPDATE player_team_game_play SET seconds_end = 2222 WHERE player_id = 1774 AND game_id = 25009 AND play_id = 27668;
INSERT INTO player_team_game_play(player_id, team_id, game_id, play_id, seconds_start, seconds_end) VALUES(6328, 1646, 25009, 27668, 2222, 2231);
INSERT INTO player_team_game_play(player_id, team_id, game_id, play_id, seconds_start, seconds_end) VALUES(6223, 1646, 25009, 27668, 2222, 2231);
UPDATE player_team_game_play SET seconds_end = 2231 WHERE player_id = 7406 AND game_id = 25009 AND play_id = 27668;
INSERT INTO player_team_game_play(player_id, team_id, game_id, play_id, seconds_start, seconds_end) VALUES(7404, 1649, 25009, 27668, 2231, 2231);
UPDATE player_team_game_play SET seconds_end = 2231 WHERE player_id = 6223 AND game_id = 25009 AND play_id = 27668;
INSERT INTO lba.sub_play (play_id, seconds_da_start, player_made_id, team_made_id, game_made_id, player_suffered_id, team_suffered_id, game_suffered_id, shot_id, turnover_id, foul_id, rebound_defensive_01, rebound_offensive_01, assist_01, blocks_01, time_out_01, x, y)VALUES(27668, 9, 6223, 1646, 25009, 7015, 1649, 25009, NULL, NULL, 1, '', '', '', '', '', 18, 67);
INSERT INTO lba.sub_play (play_id, seconds_da_start, player_made_id, team_made_id, game_made_id, player_suffered_id, team_suffered_id, game_suffered_id, shot_id, turnover_id, foul_id, rebound_defensive_01, rebound_offensive_01, assist_01, blocks_01, time_out_01, x, y)VALUES(27668, 9, 7015, 1649, 25009, NULL, NULL, NULL, 5, NULL, NULL, '', '', '', '', '', NULL, NULL);
INSERT INTO lba.sub_play (play_id, seconds_da_start, player_made_id, team_made_id, game_made_id, player_suffered_id, team_suffered_id, game_suffered_id, shot_id, turnover_id, foul_id, rebound_defensive_01, rebound_offensive_01, assist_01, blocks_01, time_out_01, x, y)VALUES(27668, 9, 7015, 1649, 25009, NULL, NULL, NULL, 5, NULL, NULL, '', '', '', '', '', NULL, NULL);

INSERT INTO play(id, game_id, seconds_start, seconds_end, quarter, attack_home_01, score_home, score_guest)VALUES(27669, 25009, 2231, 2245, 4, '0', 68, 74);
INSERT INTO player_team_game_play(player_id, team_id, game_id, play_id, seconds_start, seconds_end) VALUES(7015, 1649, 25009, 27669, 2231, 2245);
INSERT INTO player_team_game_play(player_id, team_id, game_id, play_id, seconds_start, seconds_end) VALUES(5150, 1649, 25009, 27669, 2231, 2245);
INSERT INTO player_team_game_play(player_id, team_id, game_id, play_id, seconds_start, seconds_end) VALUES(6138, 1649, 25009, 27669, 2231, 2245);
INSERT INTO player_team_game_play(player_id, team_id, game_id, play_id, seconds_start, seconds_end) VALUES(7405, 1649, 25009, 27669, 2231, 2245);
INSERT INTO player_team_game_play(player_id, team_id, game_id, play_id, seconds_start, seconds_end) VALUES(7406, 1649, 25009, 27669, 2231, 2245);
INSERT INTO player_team_game_play(player_id, team_id, game_id, play_id, seconds_start, seconds_end) VALUES(2608, 1646, 25009, 27669, 2231, 2245);
INSERT INTO player_team_game_play(player_id, team_id, game_id, play_id, seconds_start, seconds_end) VALUES(4162, 1646, 25009, 27669, 2231, 2245);
INSERT INTO player_team_game_play(player_id, team_id, game_id, play_id, seconds_start, seconds_end) VALUES(6328, 1646, 25009, 27669, 2231, 2245);
INSERT INTO player_team_game_play(player_id, team_id, game_id, play_id, seconds_start, seconds_end) VALUES(45, 1646, 25009, 27669, 2231, 2245);
INSERT INTO player_team_game_play(player_id, team_id, game_id, play_id, seconds_start, seconds_end) VALUES(6223, 1646, 25009, 27669, 2231, 2245);
UPDATE player_team_game_play SET seconds_end = 2231 WHERE player_id = 7406 AND game_id = 25009 AND play_id = 27669;
INSERT INTO player_team_game_play(player_id, team_id, game_id, play_id, seconds_start, seconds_end) VALUES(7404, 1649, 25009, 27669, 2231, 2245);
UPDATE player_team_game_play SET seconds_end = 2231 WHERE player_id = 6223 AND game_id = 25009 AND play_id = 27669;
INSERT INTO player_team_game_play(player_id, team_id, game_id, play_id, seconds_start, seconds_end) VALUES(5449, 1646, 25009, 27669, 2231, 2245);
INSERT INTO lba.sub_play (play_id, seconds_da_start, player_made_id, team_made_id, game_made_id, player_suffered_id, team_suffered_id, game_suffered_id, shot_id, turnover_id, foul_id, rebound_defensive_01, rebound_offensive_01, assist_01, blocks_01, time_out_01, x, y)VALUES(27669, 14, 6328, 1646, 25009, NULL, NULL, NULL, 1, NULL, NULL, '', '', '', '', '', 92, 46);
INSERT INTO lba.sub_play (play_id, seconds_da_start, player_made_id, team_made_id, game_made_id, player_suffered_id, team_suffered_id, game_suffered_id, shot_id, turnover_id, foul_id, rebound_defensive_01, rebound_offensive_01, assist_01, blocks_01, time_out_01, x, y)VALUES(27669, 14, 5449, 1646, 25009, NULL, NULL, NULL, NULL, NULL, NULL, '', '', '1', '', '', 92, 46);

INSERT INTO play(id, game_id, seconds_start, seconds_end, quarter, attack_home_01, score_home, score_guest)VALUES(27670, 25009, 2245, 2268, 4, '1', 68, 74);
INSERT INTO player_team_game_play(player_id, team_id, game_id, play_id, seconds_start, seconds_end) VALUES(7015, 1649, 25009, 27670, 2245, 2268);
INSERT INTO player_team_game_play(player_id, team_id, game_id, play_id, seconds_start, seconds_end) VALUES(6138, 1649, 25009, 27670, 2245, 2268);
INSERT INTO player_team_game_play(player_id, team_id, game_id, play_id, seconds_start, seconds_end) VALUES(7404, 1649, 25009, 27670, 2245, 2268);
INSERT INTO player_team_game_play(player_id, team_id, game_id, play_id, seconds_start, seconds_end) VALUES(7405, 1649, 25009, 27670, 2245, 2268);
INSERT INTO player_team_game_play(player_id, team_id, game_id, play_id, seconds_start, seconds_end) VALUES(5150, 1649, 25009, 27670, 2245, 2268);
INSERT INTO player_team_game_play(player_id, team_id, game_id, play_id, seconds_start, seconds_end) VALUES(2608, 1646, 25009, 27670, 2245, 2268);
INSERT INTO player_team_game_play(player_id, team_id, game_id, play_id, seconds_start, seconds_end) VALUES(4162, 1646, 25009, 27670, 2245, 2268);
INSERT INTO player_team_game_play(player_id, team_id, game_id, play_id, seconds_start, seconds_end) VALUES(6328, 1646, 25009, 27670, 2245, 2268);
INSERT INTO player_team_game_play(player_id, team_id, game_id, play_id, seconds_start, seconds_end) VALUES(5449, 1646, 25009, 27670, 2245, 2268);
INSERT INTO player_team_game_play(player_id, team_id, game_id, play_id, seconds_start, seconds_end) VALUES(45, 1646, 25009, 27670, 2245, 2268);
INSERT INTO lba.sub_play (play_id, seconds_da_start, player_made_id, team_made_id, game_made_id, player_suffered_id, team_suffered_id, game_suffered_id, shot_id, turnover_id, foul_id, rebound_defensive_01, rebound_offensive_01, assist_01, blocks_01, time_out_01, x, y)VALUES(27670, 23, 7405, 1649, 25009, NULL, NULL, NULL, 2, NULL, NULL, '', '', '', '', '', 15, 31);
INSERT INTO lba.sub_play (play_id, seconds_da_start, player_made_id, team_made_id, game_made_id, player_suffered_id, team_suffered_id, game_suffered_id, shot_id, turnover_id, foul_id, rebound_defensive_01, rebound_offensive_01, assist_01, blocks_01, time_out_01, x, y)VALUES(27670, 23, 4162, 1646, 25009, NULL, NULL, NULL, NULL, NULL, NULL, '1', '', '', '', '', 15, 31);

INSERT INTO play(id, game_id, seconds_start, seconds_end, quarter, attack_home_01, score_home, score_guest)VALUES(27671, 25009, 2268, 2287, 4, '0', 68, 76);
INSERT INTO player_team_game_play(player_id, team_id, game_id, play_id, seconds_start, seconds_end) VALUES(7015, 1649, 25009, 27671, 2268, 2287);
INSERT INTO player_team_game_play(player_id, team_id, game_id, play_id, seconds_start, seconds_end) VALUES(6138, 1649, 25009, 27671, 2268, 2287);
INSERT INTO player_team_game_play(player_id, team_id, game_id, play_id, seconds_start, seconds_end) VALUES(7404, 1649, 25009, 27671, 2268, 2287);
INSERT INTO player_team_game_play(player_id, team_id, game_id, play_id, seconds_start, seconds_end) VALUES(7405, 1649, 25009, 27671, 2268, 2287);
INSERT INTO player_team_game_play(player_id, team_id, game_id, play_id, seconds_start, seconds_end) VALUES(5150, 1649, 25009, 27671, 2268, 2287);
INSERT INTO player_team_game_play(player_id, team_id, game_id, play_id, seconds_start, seconds_end) VALUES(2608, 1646, 25009, 27671, 2268, 2287);
INSERT INTO player_team_game_play(player_id, team_id, game_id, play_id, seconds_start, seconds_end) VALUES(4162, 1646, 25009, 27671, 2268, 2287);
INSERT INTO player_team_game_play(player_id, team_id, game_id, play_id, seconds_start, seconds_end) VALUES(6328, 1646, 25009, 27671, 2268, 2287);
INSERT INTO player_team_game_play(player_id, team_id, game_id, play_id, seconds_start, seconds_end) VALUES(5449, 1646, 25009, 27671, 2268, 2287);
INSERT INTO player_team_game_play(player_id, team_id, game_id, play_id, seconds_start, seconds_end) VALUES(45, 1646, 25009, 27671, 2268, 2287);
INSERT INTO lba.sub_play (play_id, seconds_da_start, player_made_id, team_made_id, game_made_id, player_suffered_id, team_suffered_id, game_suffered_id, shot_id, turnover_id, foul_id, rebound_defensive_01, rebound_offensive_01, assist_01, blocks_01, time_out_01, x, y)VALUES(27671, 19, 45, 1646, 25009, NULL, NULL, NULL, 1, NULL, NULL, '', '', '', '', '', 91, 47);
INSERT INTO lba.sub_play (play_id, seconds_da_start, player_made_id, team_made_id, game_made_id, player_suffered_id, team_suffered_id, game_suffered_id, shot_id, turnover_id, foul_id, rebound_defensive_01, rebound_offensive_01, assist_01, blocks_01, time_out_01, x, y)VALUES(27671, 19, 5449, 1646, 25009, NULL, NULL, NULL, NULL, NULL, NULL, '', '', '1', '', '', 91, 47);

INSERT INTO play(id, game_id, seconds_start, seconds_end, quarter, attack_home_01, score_home, score_guest)VALUES(27672, 25009, 2287, 2302, 4, '1', 68, 76);
INSERT INTO player_team_game_play(player_id, team_id, game_id, play_id, seconds_start, seconds_end) VALUES(7015, 1649, 25009, 27672, 2287, 2302);
INSERT INTO player_team_game_play(player_id, team_id, game_id, play_id, seconds_start, seconds_end) VALUES(6138, 1649, 25009, 27672, 2287, 2302);
INSERT INTO player_team_game_play(player_id, team_id, game_id, play_id, seconds_start, seconds_end) VALUES(7404, 1649, 25009, 27672, 2287, 2302);
INSERT INTO player_team_game_play(player_id, team_id, game_id, play_id, seconds_start, seconds_end) VALUES(7405, 1649, 25009, 27672, 2287, 2302);
INSERT INTO player_team_game_play(player_id, team_id, game_id, play_id, seconds_start, seconds_end) VALUES(5150, 1649, 25009, 27672, 2287, 2302);
INSERT INTO player_team_game_play(player_id, team_id, game_id, play_id, seconds_start, seconds_end) VALUES(2608, 1646, 25009, 27672, 2287, 2302);
INSERT INTO player_team_game_play(player_id, team_id, game_id, play_id, seconds_start, seconds_end) VALUES(4162, 1646, 25009, 27672, 2287, 2302);
INSERT INTO player_team_game_play(player_id, team_id, game_id, play_id, seconds_start, seconds_end) VALUES(6328, 1646, 25009, 27672, 2287, 2302);
INSERT INTO player_team_game_play(player_id, team_id, game_id, play_id, seconds_start, seconds_end) VALUES(5449, 1646, 25009, 27672, 2287, 2302);
INSERT INTO player_team_game_play(player_id, team_id, game_id, play_id, seconds_start, seconds_end) VALUES(45, 1646, 25009, 27672, 2287, 2302);
UPDATE player_team_game_play SET seconds_end = 2302 WHERE player_id = 7015 AND game_id = 25009 AND play_id = 27672;
INSERT INTO player_team_game_play(player_id, team_id, game_id, play_id, seconds_start, seconds_end) VALUES(3176, 1649, 25009, 27672, 2302, 2302);

INSERT INTO play(id, game_id, seconds_start, seconds_end, quarter, attack_home_01, score_home, score_guest)VALUES(27673, 25009, 2302, 2324, 4, '0', 68, 78);
INSERT INTO player_team_game_play(player_id, team_id, game_id, play_id, seconds_start, seconds_end) VALUES(7015, 1649, 25009, 27673, 2302, 2324);
INSERT INTO player_team_game_play(player_id, team_id, game_id, play_id, seconds_start, seconds_end) VALUES(6138, 1649, 25009, 27673, 2302, 2324);
INSERT INTO player_team_game_play(player_id, team_id, game_id, play_id, seconds_start, seconds_end) VALUES(7404, 1649, 25009, 27673, 2302, 2324);
INSERT INTO player_team_game_play(player_id, team_id, game_id, play_id, seconds_start, seconds_end) VALUES(7405, 1649, 25009, 27673, 2302, 2324);
INSERT INTO player_team_game_play(player_id, team_id, game_id, play_id, seconds_start, seconds_end) VALUES(5150, 1649, 25009, 27673, 2302, 2324);
INSERT INTO player_team_game_play(player_id, team_id, game_id, play_id, seconds_start, seconds_end) VALUES(2608, 1646, 25009, 27673, 2302, 2324);
INSERT INTO player_team_game_play(player_id, team_id, game_id, play_id, seconds_start, seconds_end) VALUES(4162, 1646, 25009, 27673, 2302, 2324);
INSERT INTO player_team_game_play(player_id, team_id, game_id, play_id, seconds_start, seconds_end) VALUES(6328, 1646, 25009, 27673, 2302, 2324);
INSERT INTO player_team_game_play(player_id, team_id, game_id, play_id, seconds_start, seconds_end) VALUES(5449, 1646, 25009, 27673, 2302, 2324);
INSERT INTO player_team_game_play(player_id, team_id, game_id, play_id, seconds_start, seconds_end) VALUES(45, 1646, 25009, 27673, 2302, 2324);
UPDATE player_team_game_play SET seconds_end = 2302 WHERE player_id = 7015 AND game_id = 25009 AND play_id = 27673;
INSERT INTO player_team_game_play(player_id, team_id, game_id, play_id, seconds_start, seconds_end) VALUES(3176, 1649, 25009, 27673, 2302, 2324);
INSERT INTO lba.sub_play (play_id, seconds_da_start, player_made_id, team_made_id, game_made_id, player_suffered_id, team_suffered_id, game_suffered_id, shot_id, turnover_id, foul_id, rebound_defensive_01, rebound_offensive_01, assist_01, blocks_01, time_out_01, x, y)VALUES(27673, 22, 6328, 1646, 25009, NULL, NULL, NULL, 2, NULL, NULL, '', '', '', '', '', 91, 54);
INSERT INTO lba.sub_play (play_id, seconds_da_start, player_made_id, team_made_id, game_made_id, player_suffered_id, team_suffered_id, game_suffered_id, shot_id, turnover_id, foul_id, rebound_defensive_01, rebound_offensive_01, assist_01, blocks_01, time_out_01, x, y)VALUES(27673, 22, 6328, 1646, 25009, NULL, NULL, NULL, NULL, NULL, NULL, '', '1', '', '', '', 91, 54);
INSERT INTO lba.sub_play (play_id, seconds_da_start, player_made_id, team_made_id, game_made_id, player_suffered_id, team_suffered_id, game_suffered_id, shot_id, turnover_id, foul_id, rebound_defensive_01, rebound_offensive_01, assist_01, blocks_01, time_out_01, x, y)VALUES(27673, 22, 6328, 1646, 25009, NULL, NULL, NULL, 1, NULL, NULL, '', '', '', '', '', 91, 54);

INSERT INTO play(id, game_id, seconds_start, seconds_end, quarter, attack_home_01, score_home, score_guest)VALUES(27674, 25009, 2324, 2341, 4, '1', 68, 78);
INSERT INTO player_team_game_play(player_id, team_id, game_id, play_id, seconds_start, seconds_end) VALUES(3176, 1649, 25009, 27674, 2324, 2341);
INSERT INTO player_team_game_play(player_id, team_id, game_id, play_id, seconds_start, seconds_end) VALUES(6138, 1649, 25009, 27674, 2324, 2341);
INSERT INTO player_team_game_play(player_id, team_id, game_id, play_id, seconds_start, seconds_end) VALUES(7404, 1649, 25009, 27674, 2324, 2341);
INSERT INTO player_team_game_play(player_id, team_id, game_id, play_id, seconds_start, seconds_end) VALUES(7405, 1649, 25009, 27674, 2324, 2341);
INSERT INTO player_team_game_play(player_id, team_id, game_id, play_id, seconds_start, seconds_end) VALUES(5150, 1649, 25009, 27674, 2324, 2341);
INSERT INTO player_team_game_play(player_id, team_id, game_id, play_id, seconds_start, seconds_end) VALUES(2608, 1646, 25009, 27674, 2324, 2341);
INSERT INTO player_team_game_play(player_id, team_id, game_id, play_id, seconds_start, seconds_end) VALUES(4162, 1646, 25009, 27674, 2324, 2341);
INSERT INTO player_team_game_play(player_id, team_id, game_id, play_id, seconds_start, seconds_end) VALUES(6328, 1646, 25009, 27674, 2324, 2341);
INSERT INTO player_team_game_play(player_id, team_id, game_id, play_id, seconds_start, seconds_end) VALUES(5449, 1646, 25009, 27674, 2324, 2341);
INSERT INTO player_team_game_play(player_id, team_id, game_id, play_id, seconds_start, seconds_end) VALUES(45, 1646, 25009, 27674, 2324, 2341);
INSERT INTO lba.sub_play (play_id, seconds_da_start, player_made_id, team_made_id, game_made_id, player_suffered_id, team_suffered_id, game_suffered_id, shot_id, turnover_id, foul_id, rebound_defensive_01, rebound_offensive_01, assist_01, blocks_01, time_out_01, x, y)VALUES(27674, 17, 3176, 1649, 25009, NULL, NULL, NULL, 4, NULL, NULL, '', '', '', '', '', 7, 3);
INSERT INTO lba.sub_play (play_id, seconds_da_start, player_made_id, team_made_id, game_made_id, player_suffered_id, team_suffered_id, game_suffered_id, shot_id, turnover_id, foul_id, rebound_defensive_01, rebound_offensive_01, assist_01, blocks_01, time_out_01, x, y)VALUES(27674, 17, 2608, 1646, 25009, NULL, NULL, NULL, NULL, NULL, NULL, '1', '', '', '', '', 7, 3);

INSERT INTO play(id, game_id, seconds_start, seconds_end, quarter, attack_home_01, score_home, score_guest)VALUES(27675, 25009, 2341, 2374, 4, '0', 68, 78);
INSERT INTO player_team_game_play(player_id, team_id, game_id, play_id, seconds_start, seconds_end) VALUES(3176, 1649, 25009, 27675, 2341, 2374);
INSERT INTO player_team_game_play(player_id, team_id, game_id, play_id, seconds_start, seconds_end) VALUES(6138, 1649, 25009, 27675, 2341, 2374);
INSERT INTO player_team_game_play(player_id, team_id, game_id, play_id, seconds_start, seconds_end) VALUES(7404, 1649, 25009, 27675, 2341, 2374);
INSERT INTO player_team_game_play(player_id, team_id, game_id, play_id, seconds_start, seconds_end) VALUES(7405, 1649, 25009, 27675, 2341, 2374);
INSERT INTO player_team_game_play(player_id, team_id, game_id, play_id, seconds_start, seconds_end) VALUES(5150, 1649, 25009, 27675, 2341, 2374);
INSERT INTO player_team_game_play(player_id, team_id, game_id, play_id, seconds_start, seconds_end) VALUES(2608, 1646, 25009, 27675, 2341, 2374);
INSERT INTO player_team_game_play(player_id, team_id, game_id, play_id, seconds_start, seconds_end) VALUES(4162, 1646, 25009, 27675, 2341, 2374);
INSERT INTO player_team_game_play(player_id, team_id, game_id, play_id, seconds_start, seconds_end) VALUES(6328, 1646, 25009, 27675, 2341, 2374);
INSERT INTO player_team_game_play(player_id, team_id, game_id, play_id, seconds_start, seconds_end) VALUES(5449, 1646, 25009, 27675, 2341, 2374);
INSERT INTO player_team_game_play(player_id, team_id, game_id, play_id, seconds_start, seconds_end) VALUES(45, 1646, 25009, 27675, 2341, 2374);
INSERT INTO lba.sub_play (play_id, seconds_da_start, player_made_id, team_made_id, game_made_id, player_suffered_id, team_suffered_id, game_suffered_id, shot_id, turnover_id, foul_id, rebound_defensive_01, rebound_offensive_01, assist_01, blocks_01, time_out_01, x, y)VALUES(27675, 19, 4162, 1646, 25009, NULL, NULL, NULL, 4, NULL, NULL, '', '', '', '', '', 61, 78);
INSERT INTO lba.sub_play (play_id, seconds_da_start, player_made_id, team_made_id, game_made_id, player_suffered_id, team_suffered_id, game_suffered_id, shot_id, turnover_id, foul_id, rebound_defensive_01, rebound_offensive_01, assist_01, blocks_01, time_out_01, x, y)VALUES(27675, 19, 4162, 1646, 25009, NULL, NULL, NULL, NULL, NULL, NULL, '', '1', '', '', '', 61, 78);
INSERT INTO lba.sub_play (play_id, seconds_da_start, player_made_id, team_made_id, game_made_id, player_suffered_id, team_suffered_id, game_suffered_id, shot_id, turnover_id, foul_id, rebound_defensive_01, rebound_offensive_01, assist_01, blocks_01, time_out_01, x, y)VALUES(27675, 33, 5449, 1646, 25009, NULL, NULL, NULL, 4, NULL, NULL, '', '', '', '', '', 60, 86);
INSERT INTO lba.sub_play (play_id, seconds_da_start, player_made_id, team_made_id, game_made_id, player_suffered_id, team_suffered_id, game_suffered_id, shot_id, turnover_id, foul_id, rebound_defensive_01, rebound_offensive_01, assist_01, blocks_01, time_out_01, x, y)VALUES(27675, 33, 3176, 1649, 25009, NULL, NULL, NULL, NULL, NULL, NULL, '1', '', '', '', '', 60, 86);

INSERT INTO play(id, game_id, seconds_start, seconds_end, quarter, attack_home_01, score_home, score_guest)VALUES(27676, 25009, 2374, 2400, 4, '1', 68, 78);
INSERT INTO player_team_game_play(player_id, team_id, game_id, play_id, seconds_start, seconds_end) VALUES(3176, 1649, 25009, 27676, 2374, 2400);
INSERT INTO player_team_game_play(player_id, team_id, game_id, play_id, seconds_start, seconds_end) VALUES(6138, 1649, 25009, 27676, 2374, 2400);
INSERT INTO player_team_game_play(player_id, team_id, game_id, play_id, seconds_start, seconds_end) VALUES(7404, 1649, 25009, 27676, 2374, 2400);
INSERT INTO player_team_game_play(player_id, team_id, game_id, play_id, seconds_start, seconds_end) VALUES(7405, 1649, 25009, 27676, 2374, 2400);
INSERT INTO player_team_game_play(player_id, team_id, game_id, play_id, seconds_start, seconds_end) VALUES(5150, 1649, 25009, 27676, 2374, 2400);
INSERT INTO player_team_game_play(player_id, team_id, game_id, play_id, seconds_start, seconds_end) VALUES(2608, 1646, 25009, 27676, 2374, 2400);
INSERT INTO player_team_game_play(player_id, team_id, game_id, play_id, seconds_start, seconds_end) VALUES(4162, 1646, 25009, 27676, 2374, 2400);
INSERT INTO player_team_game_play(player_id, team_id, game_id, play_id, seconds_start, seconds_end) VALUES(6328, 1646, 25009, 27676, 2374, 2400);
INSERT INTO player_team_game_play(player_id, team_id, game_id, play_id, seconds_start, seconds_end) VALUES(5449, 1646, 25009, 27676, 2374, 2400);
INSERT INTO player_team_game_play(player_id, team_id, game_id, play_id, seconds_start, seconds_end) VALUES(45, 1646, 25009, 27676, 2374, 2400);
INSERT INTO lba.sub_play (play_id, seconds_da_start, player_made_id, team_made_id, game_made_id, player_suffered_id, team_suffered_id, game_suffered_id, shot_id, turnover_id, foul_id, rebound_defensive_01, rebound_offensive_01, assist_01, blocks_01, time_out_01, x, y)VALUES(27676, 8, 6138, 1649, 25009, NULL, NULL, NULL, 4, NULL, NULL, '', '', '', '', '', 26, 15);
INSERT INTO lba.sub_play (play_id, seconds_da_start, player_made_id, team_made_id, game_made_id, player_suffered_id, team_suffered_id, game_suffered_id, shot_id, turnover_id, foul_id, rebound_defensive_01, rebound_offensive_01, assist_01, blocks_01, time_out_01, x, y)VALUES(27676, 8, 4162, 1646, 25009, NULL, NULL, NULL, NULL, NULL, NULL, '1', '', '', '', '', 26, 15);

INSERT INTO game (id, league_year_id, type_game_id, team_home_id, team_guest_id, team_home_points, team_guest_points, date_hours_utc, referee_1_id, referee_2_id, referee_3_id) VALUES (25010, 1, 1, 1649, 1646, 78, 84, 1749321900000, 1, 2, 3);
INSERT INTO lba.player_team_game(player_id, team_id, game_id) VALUES(45, 1646, 25010);
INSERT INTO lba.player_team_game(player_id, team_id, game_id) VALUES(418, 1646, 25010);
INSERT INTO lba.player_team_game(player_id, team_id, game_id) VALUES(1774, 1646, 25010);
INSERT INTO lba.player_team_game(player_id, team_id, game_id) VALUES(1775, 1649, 25010);
INSERT INTO lba.player_team_game(player_id, team_id, game_id) VALUES(2103, 1649, 25010);
INSERT INTO lba.player_team_game(player_id, team_id, game_id) VALUES(2608, 1646, 25010);
INSERT INTO lba.player_team_game(player_id, team_id, game_id) VALUES(3176, 1649, 25010);
INSERT INTO lba.player_team_game(player_id, team_id, game_id) VALUES(4162, 1646, 25010);
INSERT INTO lba.player_team_game(player_id, team_id, game_id) VALUES(4692, 1649, 25010);
INSERT INTO lba.player_team_game(player_id, team_id, game_id) VALUES(5150, 1649, 25010);
INSERT INTO lba.player_team_game(player_id, team_id, game_id) VALUES(5449, 1646, 25010);
INSERT INTO lba.player_team_game(player_id, team_id, game_id) VALUES(5568, 1649, 25010);
INSERT INTO lba.player_team_game(player_id, team_id, game_id) VALUES(6138, 1649, 25010);
INSERT INTO lba.player_team_game(player_id, team_id, game_id) VALUES(6223, 1646, 25010);
INSERT INTO lba.player_team_game(player_id, team_id, game_id) VALUES(6328, 1646, 25010);
INSERT INTO lba.player_team_game(player_id, team_id, game_id) VALUES(7015, 1649, 25010);
INSERT INTO lba.player_team_game(player_id, team_id, game_id) VALUES(7314, 1646, 25010);
INSERT INTO lba.player_team_game(player_id, team_id, game_id) VALUES(7404, 1649, 25010);
INSERT INTO lba.player_team_game(player_id, team_id, game_id) VALUES(7405, 1649, 25010);
INSERT INTO lba.player_team_game(player_id, team_id, game_id) VALUES(7406, 1649, 25010);
INSERT INTO lba.player_team_game(player_id, team_id, game_id) VALUES(7462, 1646, 25010);
INSERT INTO play(id, game_id, seconds_start, seconds_end, quarter, attack_home_01, score_home, score_guest)VALUES(27677, 25010, 0, 30, 1, '0', 0, 0);
INSERT INTO player_team_game_play(player_id, team_id, game_id, play_id, seconds_start, seconds_end) VALUES(7015, 1649, 25010, 27677, 0, 30);
INSERT INTO player_team_game_play(player_id, team_id, game_id, play_id, seconds_start, seconds_end) VALUES(3176, 1649, 25010, 27677, 0, 30);
INSERT INTO player_team_game_play(player_id, team_id, game_id, play_id, seconds_start, seconds_end) VALUES(7405, 1649, 25010, 27677, 0, 30);
INSERT INTO player_team_game_play(player_id, team_id, game_id, play_id, seconds_start, seconds_end) VALUES(6138, 1649, 25010, 27677, 0, 30);
INSERT INTO player_team_game_play(player_id, team_id, game_id, play_id, seconds_start, seconds_end) VALUES(5150, 1649, 25010, 27677, 0, 30);
INSERT INTO player_team_game_play(player_id, team_id, game_id, play_id, seconds_start, seconds_end) VALUES(5449, 1646, 25010, 27677, 0, 30);
INSERT INTO player_team_game_play(player_id, team_id, game_id, play_id, seconds_start, seconds_end) VALUES(45, 1646, 25010, 27677, 0, 30);
INSERT INTO player_team_game_play(player_id, team_id, game_id, play_id, seconds_start, seconds_end) VALUES(1774, 1646, 25010, 27677, 0, 30);
INSERT INTO player_team_game_play(player_id, team_id, game_id, play_id, seconds_start, seconds_end) VALUES(6223, 1646, 25010, 27677, 0, 30);
INSERT INTO player_team_game_play(player_id, team_id, game_id, play_id, seconds_start, seconds_end) VALUES(2608, 1646, 25010, 27677, 0, 30);
INSERT INTO lba.sub_play (play_id, seconds_da_start, player_made_id, team_made_id, game_made_id, player_suffered_id, team_suffered_id, game_suffered_id, shot_id, turnover_id, foul_id, rebound_defensive_01, rebound_offensive_01, assist_01, blocks_01, time_out_01, x, y)VALUES(27677, 19, 7405, 1649, 25010, 6223, 1646, 25010, NULL, NULL, 1, '', '', '', '', '', 24, 56);
INSERT INTO lba.sub_play (play_id, seconds_da_start, player_made_id, team_made_id, game_made_id, player_suffered_id, team_suffered_id, game_suffered_id, shot_id, turnover_id, foul_id, rebound_defensive_01, rebound_offensive_01, assist_01, blocks_01, time_out_01, x, y)VALUES(27677, 30, 45, 1646, 25010, NULL, NULL, NULL, 2, NULL, NULL, '', '', '', '', '', 21, 48);
INSERT INTO lba.sub_play (play_id, seconds_da_start, player_made_id, team_made_id, game_made_id, player_suffered_id, team_suffered_id, game_suffered_id, shot_id, turnover_id, foul_id, rebound_defensive_01, rebound_offensive_01, assist_01, blocks_01, time_out_01, x, y)VALUES(27677, 30, 3176, 1649, 25010, NULL, NULL, NULL, NULL, NULL, NULL, '1', '', '', '', '', 21, 48);

INSERT INTO play(id, game_id, seconds_start, seconds_end, quarter, attack_home_01, score_home, score_guest)VALUES(27678, 25010, 30, 53, 1, '1', 0, 0);
INSERT INTO player_team_game_play(player_id, team_id, game_id, play_id, seconds_start, seconds_end) VALUES(7015, 1649, 25010, 27678, 30, 53);
INSERT INTO player_team_game_play(player_id, team_id, game_id, play_id, seconds_start, seconds_end) VALUES(3176, 1649, 25010, 27678, 30, 53);
INSERT INTO player_team_game_play(player_id, team_id, game_id, play_id, seconds_start, seconds_end) VALUES(7405, 1649, 25010, 27678, 30, 53);
INSERT INTO player_team_game_play(player_id, team_id, game_id, play_id, seconds_start, seconds_end) VALUES(6138, 1649, 25010, 27678, 30, 53);
INSERT INTO player_team_game_play(player_id, team_id, game_id, play_id, seconds_start, seconds_end) VALUES(5150, 1649, 25010, 27678, 30, 53);
INSERT INTO player_team_game_play(player_id, team_id, game_id, play_id, seconds_start, seconds_end) VALUES(5449, 1646, 25010, 27678, 30, 53);
INSERT INTO player_team_game_play(player_id, team_id, game_id, play_id, seconds_start, seconds_end) VALUES(45, 1646, 25010, 27678, 30, 53);
INSERT INTO player_team_game_play(player_id, team_id, game_id, play_id, seconds_start, seconds_end) VALUES(1774, 1646, 25010, 27678, 30, 53);
INSERT INTO player_team_game_play(player_id, team_id, game_id, play_id, seconds_start, seconds_end) VALUES(6223, 1646, 25010, 27678, 30, 53);
INSERT INTO player_team_game_play(player_id, team_id, game_id, play_id, seconds_start, seconds_end) VALUES(2608, 1646, 25010, 27678, 30, 53);
INSERT INTO lba.sub_play (play_id, seconds_da_start, player_made_id, team_made_id, game_made_id, player_suffered_id, team_suffered_id, game_suffered_id, shot_id, turnover_id, foul_id, rebound_defensive_01, rebound_offensive_01, assist_01, blocks_01, time_out_01, x, y)VALUES(27678, 23, 5150, 1649, 25010, NULL, NULL, NULL, 2, NULL, NULL, '', '', '', '', '', 85, 27);
INSERT INTO lba.sub_play (play_id, seconds_da_start, player_made_id, team_made_id, game_made_id, player_suffered_id, team_suffered_id, game_suffered_id, shot_id, turnover_id, foul_id, rebound_defensive_01, rebound_offensive_01, assist_01, blocks_01, time_out_01, x, y)VALUES(27678, 23, 1774, 1646, 25010, NULL, NULL, NULL, NULL, NULL, NULL, '1', '', '', '', '', 85, 27);

INSERT INTO play(id, game_id, seconds_start, seconds_end, quarter, attack_home_01, score_home, score_guest)VALUES(27679, 25010, 53, 82, 1, '1', 2, 3);
INSERT INTO player_team_game_play(player_id, team_id, game_id, play_id, seconds_start, seconds_end) VALUES(7015, 1649, 25010, 27679, 53, 82);
INSERT INTO player_team_game_play(player_id, team_id, game_id, play_id, seconds_start, seconds_end) VALUES(3176, 1649, 25010, 27679, 53, 82);
INSERT INTO player_team_game_play(player_id, team_id, game_id, play_id, seconds_start, seconds_end) VALUES(7405, 1649, 25010, 27679, 53, 82);
INSERT INTO player_team_game_play(player_id, team_id, game_id, play_id, seconds_start, seconds_end) VALUES(6138, 1649, 25010, 27679, 53, 82);
INSERT INTO player_team_game_play(player_id, team_id, game_id, play_id, seconds_start, seconds_end) VALUES(5150, 1649, 25010, 27679, 53, 82);
INSERT INTO player_team_game_play(player_id, team_id, game_id, play_id, seconds_start, seconds_end) VALUES(5449, 1646, 25010, 27679, 53, 82);
INSERT INTO player_team_game_play(player_id, team_id, game_id, play_id, seconds_start, seconds_end) VALUES(45, 1646, 25010, 27679, 53, 82);
INSERT INTO player_team_game_play(player_id, team_id, game_id, play_id, seconds_start, seconds_end) VALUES(1774, 1646, 25010, 27679, 53, 82);
INSERT INTO player_team_game_play(player_id, team_id, game_id, play_id, seconds_start, seconds_end) VALUES(6223, 1646, 25010, 27679, 53, 82);
INSERT INTO player_team_game_play(player_id, team_id, game_id, play_id, seconds_start, seconds_end) VALUES(2608, 1646, 25010, 27679, 53, 82);
INSERT INTO lba.sub_play (play_id, seconds_da_start, player_made_id, team_made_id, game_made_id, player_suffered_id, team_suffered_id, game_suffered_id, shot_id, turnover_id, foul_id, rebound_defensive_01, rebound_offensive_01, assist_01, blocks_01, time_out_01, x, y)VALUES(27679, 12, 5449, 1646, 25010, NULL, NULL, NULL, 3, NULL, NULL, '', '', '', '', '', 31, 37);
INSERT INTO lba.sub_play (play_id, seconds_da_start, player_made_id, team_made_id, game_made_id, player_suffered_id, team_suffered_id, game_suffered_id, shot_id, turnover_id, foul_id, rebound_defensive_01, rebound_offensive_01, assist_01, blocks_01, time_out_01, x, y)VALUES(27679, 29, 6223, 1646, 25010, 7015, 1649, 25010, NULL, NULL, 4, '', '', '', '', '', 81, 54);
INSERT INTO lba.sub_play (play_id, seconds_da_start, player_made_id, team_made_id, game_made_id, player_suffered_id, team_suffered_id, game_suffered_id, shot_id, turnover_id, foul_id, rebound_defensive_01, rebound_offensive_01, assist_01, blocks_01, time_out_01, x, y)VALUES(27679, 29, 7015, 1649, 25010, NULL, NULL, NULL, 5, NULL, NULL, '', '', '', '', '', NULL, NULL);
INSERT INTO lba.sub_play (play_id, seconds_da_start, player_made_id, team_made_id, game_made_id, player_suffered_id, team_suffered_id, game_suffered_id, shot_id, turnover_id, foul_id, rebound_defensive_01, rebound_offensive_01, assist_01, blocks_01, time_out_01, x, y)VALUES(27679, 29, 7015, 1649, 25010, NULL, NULL, NULL, 5, NULL, NULL, '', '', '', '', '', NULL, NULL);
INSERT INTO lba.sub_play (play_id, seconds_da_start, player_made_id, team_made_id, game_made_id, player_suffered_id, team_suffered_id, game_suffered_id, shot_id, turnover_id, foul_id, rebound_defensive_01, rebound_offensive_01, assist_01, blocks_01, time_out_01, x, y)VALUES(27679, 29, 6138, 1649, 25010, NULL, NULL, NULL, NULL, NULL, NULL, '', '', '1', '', '', NULL, NULL);

INSERT INTO play(id, game_id, seconds_start, seconds_end, quarter, attack_home_01, score_home, score_guest)VALUES(27680, 25010, 82, 97, 1, '0', 2, 5);
INSERT INTO player_team_game_play(player_id, team_id, game_id, play_id, seconds_start, seconds_end) VALUES(7015, 1649, 25010, 27680, 82, 97);
INSERT INTO player_team_game_play(player_id, team_id, game_id, play_id, seconds_start, seconds_end) VALUES(3176, 1649, 25010, 27680, 82, 97);
INSERT INTO player_team_game_play(player_id, team_id, game_id, play_id, seconds_start, seconds_end) VALUES(7405, 1649, 25010, 27680, 82, 97);
INSERT INTO player_team_game_play(player_id, team_id, game_id, play_id, seconds_start, seconds_end) VALUES(6138, 1649, 25010, 27680, 82, 97);
INSERT INTO player_team_game_play(player_id, team_id, game_id, play_id, seconds_start, seconds_end) VALUES(5150, 1649, 25010, 27680, 82, 97);
INSERT INTO player_team_game_play(player_id, team_id, game_id, play_id, seconds_start, seconds_end) VALUES(5449, 1646, 25010, 27680, 82, 97);
INSERT INTO player_team_game_play(player_id, team_id, game_id, play_id, seconds_start, seconds_end) VALUES(45, 1646, 25010, 27680, 82, 97);
INSERT INTO player_team_game_play(player_id, team_id, game_id, play_id, seconds_start, seconds_end) VALUES(1774, 1646, 25010, 27680, 82, 97);
INSERT INTO player_team_game_play(player_id, team_id, game_id, play_id, seconds_start, seconds_end) VALUES(6223, 1646, 25010, 27680, 82, 97);
INSERT INTO player_team_game_play(player_id, team_id, game_id, play_id, seconds_start, seconds_end) VALUES(2608, 1646, 25010, 27680, 82, 97);
INSERT INTO lba.sub_play (play_id, seconds_da_start, player_made_id, team_made_id, game_made_id, player_suffered_id, team_suffered_id, game_suffered_id, shot_id, turnover_id, foul_id, rebound_defensive_01, rebound_offensive_01, assist_01, blocks_01, time_out_01, x, y)VALUES(27680, 14, 1774, 1646, 25010, NULL, NULL, NULL, 2, NULL, NULL, '', '', '', '', '', 7, 57);
INSERT INTO lba.sub_play (play_id, seconds_da_start, player_made_id, team_made_id, game_made_id, player_suffered_id, team_suffered_id, game_suffered_id, shot_id, turnover_id, foul_id, rebound_defensive_01, rebound_offensive_01, assist_01, blocks_01, time_out_01, x, y)VALUES(27680, 14, 3176, 1649, 25010, 1774, 1646, 25010, NULL, NULL, NULL, '', '', '', '1', '', 7, 57);
INSERT INTO lba.sub_play (play_id, seconds_da_start, player_made_id, team_made_id, game_made_id, player_suffered_id, team_suffered_id, game_suffered_id, shot_id, turnover_id, foul_id, rebound_defensive_01, rebound_offensive_01, assist_01, blocks_01, time_out_01, x, y)VALUES(27680, 14, 1774, 1646, 25010, NULL, NULL, NULL, NULL, NULL, NULL, '', '1', '', '', '', 7, 57);
INSERT INTO lba.sub_play (play_id, seconds_da_start, player_made_id, team_made_id, game_made_id, player_suffered_id, team_suffered_id, game_suffered_id, shot_id, turnover_id, foul_id, rebound_defensive_01, rebound_offensive_01, assist_01, blocks_01, time_out_01, x, y)VALUES(27680, 15, 3176, 1649, 25010, 1774, 1646, 25010, NULL, NULL, 4, '', '', '', '', '', 7, 53);
INSERT INTO lba.sub_play (play_id, seconds_da_start, player_made_id, team_made_id, game_made_id, player_suffered_id, team_suffered_id, game_suffered_id, shot_id, turnover_id, foul_id, rebound_defensive_01, rebound_offensive_01, assist_01, blocks_01, time_out_01, x, y)VALUES(27680, 15, 1774, 1646, 25010, NULL, NULL, NULL, 5, NULL, NULL, '', '', '', '', '', NULL, NULL);
INSERT INTO lba.sub_play (play_id, seconds_da_start, player_made_id, team_made_id, game_made_id, player_suffered_id, team_suffered_id, game_suffered_id, shot_id, turnover_id, foul_id, rebound_defensive_01, rebound_offensive_01, assist_01, blocks_01, time_out_01, x, y)VALUES(27680, 15, 1774, 1646, 25010, NULL, NULL, NULL, 5, NULL, NULL, '', '', '', '', '', NULL, NULL);

INSERT INTO play(id, game_id, seconds_start, seconds_end, quarter, attack_home_01, score_home, score_guest)VALUES(27681, 25010, 97, 110, 1, '1', 4, 5);
INSERT INTO player_team_game_play(player_id, team_id, game_id, play_id, seconds_start, seconds_end) VALUES(7015, 1649, 25010, 27681, 97, 110);
INSERT INTO player_team_game_play(player_id, team_id, game_id, play_id, seconds_start, seconds_end) VALUES(3176, 1649, 25010, 27681, 97, 110);
INSERT INTO player_team_game_play(player_id, team_id, game_id, play_id, seconds_start, seconds_end) VALUES(7405, 1649, 25010, 27681, 97, 110);
INSERT INTO player_team_game_play(player_id, team_id, game_id, play_id, seconds_start, seconds_end) VALUES(6138, 1649, 25010, 27681, 97, 110);
INSERT INTO player_team_game_play(player_id, team_id, game_id, play_id, seconds_start, seconds_end) VALUES(5150, 1649, 25010, 27681, 97, 110);
INSERT INTO player_team_game_play(player_id, team_id, game_id, play_id, seconds_start, seconds_end) VALUES(5449, 1646, 25010, 27681, 97, 110);
INSERT INTO player_team_game_play(player_id, team_id, game_id, play_id, seconds_start, seconds_end) VALUES(45, 1646, 25010, 27681, 97, 110);
INSERT INTO player_team_game_play(player_id, team_id, game_id, play_id, seconds_start, seconds_end) VALUES(1774, 1646, 25010, 27681, 97, 110);
INSERT INTO player_team_game_play(player_id, team_id, game_id, play_id, seconds_start, seconds_end) VALUES(6223, 1646, 25010, 27681, 97, 110);
INSERT INTO player_team_game_play(player_id, team_id, game_id, play_id, seconds_start, seconds_end) VALUES(2608, 1646, 25010, 27681, 97, 110);
INSERT INTO lba.sub_play (play_id, seconds_da_start, player_made_id, team_made_id, game_made_id, player_suffered_id, team_suffered_id, game_suffered_id, shot_id, turnover_id, foul_id, rebound_defensive_01, rebound_offensive_01, assist_01, blocks_01, time_out_01, x, y)VALUES(27681, 13, 7015, 1649, 25010, NULL, NULL, NULL, 1, NULL, NULL, '', '', '', '', '', 91, 41);

INSERT INTO play(id, game_id, seconds_start, seconds_end, quarter, attack_home_01, score_home, score_guest)VALUES(27682, 25010, 110, 127, 1, '0', 4, 5);
INSERT INTO player_team_game_play(player_id, team_id, game_id, play_id, seconds_start, seconds_end) VALUES(7015, 1649, 25010, 27682, 110, 127);
INSERT INTO player_team_game_play(player_id, team_id, game_id, play_id, seconds_start, seconds_end) VALUES(3176, 1649, 25010, 27682, 110, 127);
INSERT INTO player_team_game_play(player_id, team_id, game_id, play_id, seconds_start, seconds_end) VALUES(7405, 1649, 25010, 27682, 110, 127);
INSERT INTO player_team_game_play(player_id, team_id, game_id, play_id, seconds_start, seconds_end) VALUES(6138, 1649, 25010, 27682, 110, 127);
INSERT INTO player_team_game_play(player_id, team_id, game_id, play_id, seconds_start, seconds_end) VALUES(5150, 1649, 25010, 27682, 110, 127);
INSERT INTO player_team_game_play(player_id, team_id, game_id, play_id, seconds_start, seconds_end) VALUES(5449, 1646, 25010, 27682, 110, 127);
INSERT INTO player_team_game_play(player_id, team_id, game_id, play_id, seconds_start, seconds_end) VALUES(45, 1646, 25010, 27682, 110, 127);
INSERT INTO player_team_game_play(player_id, team_id, game_id, play_id, seconds_start, seconds_end) VALUES(1774, 1646, 25010, 27682, 110, 127);
INSERT INTO player_team_game_play(player_id, team_id, game_id, play_id, seconds_start, seconds_end) VALUES(6223, 1646, 25010, 27682, 110, 127);
INSERT INTO player_team_game_play(player_id, team_id, game_id, play_id, seconds_start, seconds_end) VALUES(2608, 1646, 25010, 27682, 110, 127);
INSERT INTO lba.sub_play (play_id, seconds_da_start, player_made_id, team_made_id, game_made_id, player_suffered_id, team_suffered_id, game_suffered_id, shot_id, turnover_id, foul_id, rebound_defensive_01, rebound_offensive_01, assist_01, blocks_01, time_out_01, x, y)VALUES(27682, 17, 5449, 1646, 25010, NULL, NULL, NULL, 4, NULL, NULL, '', '', '', '', '', 22, 13);
INSERT INTO lba.sub_play (play_id, seconds_da_start, player_made_id, team_made_id, game_made_id, player_suffered_id, team_suffered_id, game_suffered_id, shot_id, turnover_id, foul_id, rebound_defensive_01, rebound_offensive_01, assist_01, blocks_01, time_out_01, x, y)VALUES(27682, 17, 3176, 1649, 25010, NULL, NULL, NULL, NULL, NULL, NULL, '1', '', '', '', '', 22, 13);

INSERT INTO play(id, game_id, seconds_start, seconds_end, quarter, attack_home_01, score_home, score_guest)VALUES(27683, 25010, 127, 199, 1, '1', 8, 7);
INSERT INTO player_team_game_play(player_id, team_id, game_id, play_id, seconds_start, seconds_end) VALUES(7015, 1649, 25010, 27683, 127, 199);
INSERT INTO player_team_game_play(player_id, team_id, game_id, play_id, seconds_start, seconds_end) VALUES(3176, 1649, 25010, 27683, 127, 199);
INSERT INTO player_team_game_play(player_id, team_id, game_id, play_id, seconds_start, seconds_end) VALUES(7405, 1649, 25010, 27683, 127, 199);
INSERT INTO player_team_game_play(player_id, team_id, game_id, play_id, seconds_start, seconds_end) VALUES(6138, 1649, 25010, 27683, 127, 199);
INSERT INTO player_team_game_play(player_id, team_id, game_id, play_id, seconds_start, seconds_end) VALUES(5150, 1649, 25010, 27683, 127, 199);
INSERT INTO player_team_game_play(player_id, team_id, game_id, play_id, seconds_start, seconds_end) VALUES(5449, 1646, 25010, 27683, 127, 199);
INSERT INTO player_team_game_play(player_id, team_id, game_id, play_id, seconds_start, seconds_end) VALUES(45, 1646, 25010, 27683, 127, 199);
INSERT INTO player_team_game_play(player_id, team_id, game_id, play_id, seconds_start, seconds_end) VALUES(1774, 1646, 25010, 27683, 127, 199);
INSERT INTO player_team_game_play(player_id, team_id, game_id, play_id, seconds_start, seconds_end) VALUES(6223, 1646, 25010, 27683, 127, 199);
INSERT INTO player_team_game_play(player_id, team_id, game_id, play_id, seconds_start, seconds_end) VALUES(2608, 1646, 25010, 27683, 127, 199);
INSERT INTO lba.sub_play (play_id, seconds_da_start, player_made_id, team_made_id, game_made_id, player_suffered_id, team_suffered_id, game_suffered_id, shot_id, turnover_id, foul_id, rebound_defensive_01, rebound_offensive_01, assist_01, blocks_01, time_out_01, x, y)VALUES(27683, 3, 1774, 1646, 25010, 3176, 1649, 25010, NULL, NULL, 1, '', '', '', '', '', 9, 52);
INSERT INTO lba.sub_play (play_id, seconds_da_start, player_made_id, team_made_id, game_made_id, player_suffered_id, team_suffered_id, game_suffered_id, shot_id, turnover_id, foul_id, rebound_defensive_01, rebound_offensive_01, assist_01, blocks_01, time_out_01, x, y)VALUES(27683, 28, 7015, 1649, 25010, NULL, NULL, NULL, 1, NULL, NULL, '', '', '', '', '', 84, 57);
INSERT INTO lba.sub_play (play_id, seconds_da_start, player_made_id, team_made_id, game_made_id, player_suffered_id, team_suffered_id, game_suffered_id, shot_id, turnover_id, foul_id, rebound_defensive_01, rebound_offensive_01, assist_01, blocks_01, time_out_01, x, y)VALUES(27683, 39, 7015, 1649, 25010, 5449, 1646, 25010, NULL, NULL, 1, '', '', '', '', '', 31, 68);
INSERT INTO lba.sub_play (play_id, seconds_da_start, player_made_id, team_made_id, game_made_id, player_suffered_id, team_suffered_id, game_suffered_id, shot_id, turnover_id, foul_id, rebound_defensive_01, rebound_offensive_01, assist_01, blocks_01, time_out_01, x, y)VALUES(27683, 51, 2608, 1646, 25010, NULL, NULL, NULL, 1, NULL, NULL, '', '', '', '', '', 8, 62);
INSERT INTO lba.sub_play (play_id, seconds_da_start, player_made_id, team_made_id, game_made_id, player_suffered_id, team_suffered_id, game_suffered_id, shot_id, turnover_id, foul_id, rebound_defensive_01, rebound_offensive_01, assist_01, blocks_01, time_out_01, x, y)VALUES(27683, 72, 2608, 1646, 25010, 3176, 1649, 25010, NULL, NULL, 4, '', '', '', '', '', 95, 43);
INSERT INTO lba.sub_play (play_id, seconds_da_start, player_made_id, team_made_id, game_made_id, player_suffered_id, team_suffered_id, game_suffered_id, shot_id, turnover_id, foul_id, rebound_defensive_01, rebound_offensive_01, assist_01, blocks_01, time_out_01, x, y)VALUES(27683, 72, 3176, 1649, 25010, NULL, NULL, NULL, 5, NULL, NULL, '', '', '', '', '', NULL, NULL);
INSERT INTO lba.sub_play (play_id, seconds_da_start, player_made_id, team_made_id, game_made_id, player_suffered_id, team_suffered_id, game_suffered_id, shot_id, turnover_id, foul_id, rebound_defensive_01, rebound_offensive_01, assist_01, blocks_01, time_out_01, x, y)VALUES(27683, 72, 3176, 1649, 25010, NULL, NULL, NULL, 5, NULL, NULL, '', '', '', '', '', NULL, NULL);

INSERT INTO play(id, game_id, seconds_start, seconds_end, quarter, attack_home_01, score_home, score_guest)VALUES(27684, 25010, 199, 216, 1, '0', 8, 9);
INSERT INTO player_team_game_play(player_id, team_id, game_id, play_id, seconds_start, seconds_end) VALUES(7015, 1649, 25010, 27684, 199, 216);
INSERT INTO player_team_game_play(player_id, team_id, game_id, play_id, seconds_start, seconds_end) VALUES(3176, 1649, 25010, 27684, 199, 216);
INSERT INTO player_team_game_play(player_id, team_id, game_id, play_id, seconds_start, seconds_end) VALUES(7405, 1649, 25010, 27684, 199, 216);
INSERT INTO player_team_game_play(player_id, team_id, game_id, play_id, seconds_start, seconds_end) VALUES(6138, 1649, 25010, 27684, 199, 216);
INSERT INTO player_team_game_play(player_id, team_id, game_id, play_id, seconds_start, seconds_end) VALUES(5150, 1649, 25010, 27684, 199, 216);
INSERT INTO player_team_game_play(player_id, team_id, game_id, play_id, seconds_start, seconds_end) VALUES(5449, 1646, 25010, 27684, 199, 216);
INSERT INTO player_team_game_play(player_id, team_id, game_id, play_id, seconds_start, seconds_end) VALUES(45, 1646, 25010, 27684, 199, 216);
INSERT INTO player_team_game_play(player_id, team_id, game_id, play_id, seconds_start, seconds_end) VALUES(1774, 1646, 25010, 27684, 199, 216);
INSERT INTO player_team_game_play(player_id, team_id, game_id, play_id, seconds_start, seconds_end) VALUES(6223, 1646, 25010, 27684, 199, 216);
INSERT INTO player_team_game_play(player_id, team_id, game_id, play_id, seconds_start, seconds_end) VALUES(2608, 1646, 25010, 27684, 199, 216);
UPDATE player_team_game_play SET seconds_end = 216 WHERE player_id = 6138 AND game_id = 25010 AND play_id = 27684;
INSERT INTO player_team_game_play(player_id, team_id, game_id, play_id, seconds_start, seconds_end) VALUES(2103, 1649, 25010, 27684, 216, 216);
UPDATE player_team_game_play SET seconds_end = 216 WHERE player_id = 2608 AND game_id = 25010 AND play_id = 27684;
INSERT INTO player_team_game_play(player_id, team_id, game_id, play_id, seconds_start, seconds_end) VALUES(4162, 1646, 25010, 27684, 216, 216);
INSERT INTO lba.sub_play (play_id, seconds_da_start, player_made_id, team_made_id, game_made_id, player_suffered_id, team_suffered_id, game_suffered_id, shot_id, turnover_id, foul_id, rebound_defensive_01, rebound_offensive_01, assist_01, blocks_01, time_out_01, x, y)VALUES(27684, 16, 5449, 1646, 25010, NULL, NULL, NULL, 2, NULL, NULL, '', '', '', '', '', 7, 17);
INSERT INTO lba.sub_play (play_id, seconds_da_start, player_made_id, team_made_id, game_made_id, player_suffered_id, team_suffered_id, game_suffered_id, shot_id, turnover_id, foul_id, rebound_defensive_01, rebound_offensive_01, assist_01, blocks_01, time_out_01, x, y)VALUES(27684, 16, 1774, 1646, 25010, NULL, NULL, NULL, NULL, NULL, NULL, '', '1', '', '', '', 7, 17);
INSERT INTO lba.sub_play (play_id, seconds_da_start, player_made_id, team_made_id, game_made_id, player_suffered_id, team_suffered_id, game_suffered_id, shot_id, turnover_id, foul_id, rebound_defensive_01, rebound_offensive_01, assist_01, blocks_01, time_out_01, x, y)VALUES(27684, 17, 6138, 1649, 25010, 1774, 1646, 25010, NULL, NULL, 4, '', '', '', '', '', 9, 54);
INSERT INTO lba.sub_play (play_id, seconds_da_start, player_made_id, team_made_id, game_made_id, player_suffered_id, team_suffered_id, game_suffered_id, shot_id, turnover_id, foul_id, rebound_defensive_01, rebound_offensive_01, assist_01, blocks_01, time_out_01, x, y)VALUES(27684, 17, 1774, 1646, 25010, NULL, NULL, NULL, 5, NULL, NULL, '', '', '', '', '', NULL, NULL);
INSERT INTO lba.sub_play (play_id, seconds_da_start, player_made_id, team_made_id, game_made_id, player_suffered_id, team_suffered_id, game_suffered_id, shot_id, turnover_id, foul_id, rebound_defensive_01, rebound_offensive_01, assist_01, blocks_01, time_out_01, x, y)VALUES(27684, 17, 1774, 1646, 25010, NULL, NULL, NULL, 5, NULL, NULL, '', '', '', '', '', NULL, NULL);

INSERT INTO play(id, game_id, seconds_start, seconds_end, quarter, attack_home_01, score_home, score_guest)VALUES(27685, 25010, 216, 233, 1, '1', 11, 9);
INSERT INTO player_team_game_play(player_id, team_id, game_id, play_id, seconds_start, seconds_end) VALUES(7015, 1649, 25010, 27685, 216, 233);
INSERT INTO player_team_game_play(player_id, team_id, game_id, play_id, seconds_start, seconds_end) VALUES(3176, 1649, 25010, 27685, 216, 233);
INSERT INTO player_team_game_play(player_id, team_id, game_id, play_id, seconds_start, seconds_end) VALUES(7405, 1649, 25010, 27685, 216, 233);
INSERT INTO player_team_game_play(player_id, team_id, game_id, play_id, seconds_start, seconds_end) VALUES(6138, 1649, 25010, 27685, 216, 233);
INSERT INTO player_team_game_play(player_id, team_id, game_id, play_id, seconds_start, seconds_end) VALUES(5150, 1649, 25010, 27685, 216, 233);
INSERT INTO player_team_game_play(player_id, team_id, game_id, play_id, seconds_start, seconds_end) VALUES(5449, 1646, 25010, 27685, 216, 233);
INSERT INTO player_team_game_play(player_id, team_id, game_id, play_id, seconds_start, seconds_end) VALUES(45, 1646, 25010, 27685, 216, 233);
INSERT INTO player_team_game_play(player_id, team_id, game_id, play_id, seconds_start, seconds_end) VALUES(1774, 1646, 25010, 27685, 216, 233);
INSERT INTO player_team_game_play(player_id, team_id, game_id, play_id, seconds_start, seconds_end) VALUES(6223, 1646, 25010, 27685, 216, 233);
INSERT INTO player_team_game_play(player_id, team_id, game_id, play_id, seconds_start, seconds_end) VALUES(2608, 1646, 25010, 27685, 216, 233);
UPDATE player_team_game_play SET seconds_end = 216 WHERE player_id = 6138 AND game_id = 25010 AND play_id = 27685;
INSERT INTO player_team_game_play(player_id, team_id, game_id, play_id, seconds_start, seconds_end) VALUES(2103, 1649, 25010, 27685, 216, 233);
UPDATE player_team_game_play SET seconds_end = 216 WHERE player_id = 2608 AND game_id = 25010 AND play_id = 27685;
INSERT INTO player_team_game_play(player_id, team_id, game_id, play_id, seconds_start, seconds_end) VALUES(4162, 1646, 25010, 27685, 216, 233);
INSERT INTO lba.sub_play (play_id, seconds_da_start, player_made_id, team_made_id, game_made_id, player_suffered_id, team_suffered_id, game_suffered_id, shot_id, turnover_id, foul_id, rebound_defensive_01, rebound_offensive_01, assist_01, blocks_01, time_out_01, x, y)VALUES(27685, 17, 3176, 1649, 25010, NULL, NULL, NULL, 3, NULL, NULL, '', '', '', '', '', 84, 95);
INSERT INTO lba.sub_play (play_id, seconds_da_start, player_made_id, team_made_id, game_made_id, player_suffered_id, team_suffered_id, game_suffered_id, shot_id, turnover_id, foul_id, rebound_defensive_01, rebound_offensive_01, assist_01, blocks_01, time_out_01, x, y)VALUES(27685, 17, 5150, 1649, 25010, NULL, NULL, NULL, NULL, NULL, NULL, '', '', '1', '', '', 84, 95);

INSERT INTO play(id, game_id, seconds_start, seconds_end, quarter, attack_home_01, score_home, score_guest)VALUES(27686, 25010, 233, 254, 1, '0', 11, 9);
INSERT INTO player_team_game_play(player_id, team_id, game_id, play_id, seconds_start, seconds_end) VALUES(7015, 1649, 25010, 27686, 233, 254);
INSERT INTO player_team_game_play(player_id, team_id, game_id, play_id, seconds_start, seconds_end) VALUES(3176, 1649, 25010, 27686, 233, 254);
INSERT INTO player_team_game_play(player_id, team_id, game_id, play_id, seconds_start, seconds_end) VALUES(7405, 1649, 25010, 27686, 233, 254);
INSERT INTO player_team_game_play(player_id, team_id, game_id, play_id, seconds_start, seconds_end) VALUES(2103, 1649, 25010, 27686, 233, 254);
INSERT INTO player_team_game_play(player_id, team_id, game_id, play_id, seconds_start, seconds_end) VALUES(5150, 1649, 25010, 27686, 233, 254);
INSERT INTO player_team_game_play(player_id, team_id, game_id, play_id, seconds_start, seconds_end) VALUES(4162, 1646, 25010, 27686, 233, 254);
INSERT INTO player_team_game_play(player_id, team_id, game_id, play_id, seconds_start, seconds_end) VALUES(5449, 1646, 25010, 27686, 233, 254);
INSERT INTO player_team_game_play(player_id, team_id, game_id, play_id, seconds_start, seconds_end) VALUES(45, 1646, 25010, 27686, 233, 254);
INSERT INTO player_team_game_play(player_id, team_id, game_id, play_id, seconds_start, seconds_end) VALUES(1774, 1646, 25010, 27686, 233, 254);
INSERT INTO player_team_game_play(player_id, team_id, game_id, play_id, seconds_start, seconds_end) VALUES(6223, 1646, 25010, 27686, 233, 254);
INSERT INTO lba.sub_play (play_id, seconds_da_start, player_made_id, team_made_id, game_made_id, player_suffered_id, team_suffered_id, game_suffered_id, shot_id, turnover_id, foul_id, rebound_defensive_01, rebound_offensive_01, assist_01, blocks_01, time_out_01, x, y)VALUES(27686, 21, 6223, 1646, 25010, NULL, NULL, NULL, 2, NULL, NULL, '', '', '', '', '', 24, 65);
INSERT INTO lba.sub_play (play_id, seconds_da_start, player_made_id, team_made_id, game_made_id, player_suffered_id, team_suffered_id, game_suffered_id, shot_id, turnover_id, foul_id, rebound_defensive_01, rebound_offensive_01, assist_01, blocks_01, time_out_01, x, y)VALUES(27686, 21, 7405, 1649, 25010, NULL, NULL, NULL, NULL, NULL, NULL, '1', '', '', '', '', 24, 65);

INSERT INTO play(id, game_id, seconds_start, seconds_end, quarter, attack_home_01, score_home, score_guest)VALUES(27687, 25010, 254, 267, 1, '1', 13, 9);
INSERT INTO player_team_game_play(player_id, team_id, game_id, play_id, seconds_start, seconds_end) VALUES(7015, 1649, 25010, 27687, 254, 267);
INSERT INTO player_team_game_play(player_id, team_id, game_id, play_id, seconds_start, seconds_end) VALUES(3176, 1649, 25010, 27687, 254, 267);
INSERT INTO player_team_game_play(player_id, team_id, game_id, play_id, seconds_start, seconds_end) VALUES(7405, 1649, 25010, 27687, 254, 267);
INSERT INTO player_team_game_play(player_id, team_id, game_id, play_id, seconds_start, seconds_end) VALUES(2103, 1649, 25010, 27687, 254, 267);
INSERT INTO player_team_game_play(player_id, team_id, game_id, play_id, seconds_start, seconds_end) VALUES(5150, 1649, 25010, 27687, 254, 267);
INSERT INTO player_team_game_play(player_id, team_id, game_id, play_id, seconds_start, seconds_end) VALUES(4162, 1646, 25010, 27687, 254, 267);
INSERT INTO player_team_game_play(player_id, team_id, game_id, play_id, seconds_start, seconds_end) VALUES(5449, 1646, 25010, 27687, 254, 267);
INSERT INTO player_team_game_play(player_id, team_id, game_id, play_id, seconds_start, seconds_end) VALUES(45, 1646, 25010, 27687, 254, 267);
INSERT INTO player_team_game_play(player_id, team_id, game_id, play_id, seconds_start, seconds_end) VALUES(1774, 1646, 25010, 27687, 254, 267);
INSERT INTO player_team_game_play(player_id, team_id, game_id, play_id, seconds_start, seconds_end) VALUES(6223, 1646, 25010, 27687, 254, 267);
UPDATE player_team_game_play SET seconds_end = 267 WHERE player_id = 7015 AND game_id = 25010 AND play_id = 27687;
INSERT INTO player_team_game_play(player_id, team_id, game_id, play_id, seconds_start, seconds_end) VALUES(1775, 1649, 25010, 27687, 267, 267);
UPDATE player_team_game_play SET seconds_end = 267 WHERE player_id = 45 AND game_id = 25010 AND play_id = 27687;
INSERT INTO player_team_game_play(player_id, team_id, game_id, play_id, seconds_start, seconds_end) VALUES(6328, 1646, 25010, 27687, 267, 267);
INSERT INTO lba.sub_play (play_id, seconds_da_start, player_made_id, team_made_id, game_made_id, player_suffered_id, team_suffered_id, game_suffered_id, shot_id, turnover_id, foul_id, rebound_defensive_01, rebound_offensive_01, assist_01, blocks_01, time_out_01, x, y)VALUES(27687, 13, 4162, 1646, 25010, 7015, 1649, 25010, NULL, NULL, 4, '', '', '', '', '', 87, 54);
INSERT INTO lba.sub_play (play_id, seconds_da_start, player_made_id, team_made_id, game_made_id, player_suffered_id, team_suffered_id, game_suffered_id, shot_id, turnover_id, foul_id, rebound_defensive_01, rebound_offensive_01, assist_01, blocks_01, time_out_01, x, y)VALUES(27687, 13, 7015, 1649, 25010, NULL, NULL, NULL, 5, NULL, NULL, '', '', '', '', '', NULL, NULL);
INSERT INTO lba.sub_play (play_id, seconds_da_start, player_made_id, team_made_id, game_made_id, player_suffered_id, team_suffered_id, game_suffered_id, shot_id, turnover_id, foul_id, rebound_defensive_01, rebound_offensive_01, assist_01, blocks_01, time_out_01, x, y)VALUES(27687, 13, 7015, 1649, 25010, NULL, NULL, NULL, 5, NULL, NULL, '', '', '', '', '', NULL, NULL);
INSERT INTO lba.sub_play (play_id, seconds_da_start, player_made_id, team_made_id, game_made_id, player_suffered_id, team_suffered_id, game_suffered_id, shot_id, turnover_id, foul_id, rebound_defensive_01, rebound_offensive_01, assist_01, blocks_01, time_out_01, x, y)VALUES(27687, 13, 7405, 1649, 25010, NULL, NULL, NULL, NULL, NULL, NULL, '', '', '1', '', '', NULL, NULL);

INSERT INTO play(id, game_id, seconds_start, seconds_end, quarter, attack_home_01, score_home, score_guest)VALUES(27688, 25010, 267, 284, 1, '0', 13, 9);
INSERT INTO player_team_game_play(player_id, team_id, game_id, play_id, seconds_start, seconds_end) VALUES(7015, 1649, 25010, 27688, 267, 284);
INSERT INTO player_team_game_play(player_id, team_id, game_id, play_id, seconds_start, seconds_end) VALUES(3176, 1649, 25010, 27688, 267, 284);
INSERT INTO player_team_game_play(player_id, team_id, game_id, play_id, seconds_start, seconds_end) VALUES(7405, 1649, 25010, 27688, 267, 284);
INSERT INTO player_team_game_play(player_id, team_id, game_id, play_id, seconds_start, seconds_end) VALUES(2103, 1649, 25010, 27688, 267, 284);
INSERT INTO player_team_game_play(player_id, team_id, game_id, play_id, seconds_start, seconds_end) VALUES(5150, 1649, 25010, 27688, 267, 284);
INSERT INTO player_team_game_play(player_id, team_id, game_id, play_id, seconds_start, seconds_end) VALUES(4162, 1646, 25010, 27688, 267, 284);
INSERT INTO player_team_game_play(player_id, team_id, game_id, play_id, seconds_start, seconds_end) VALUES(5449, 1646, 25010, 27688, 267, 284);
INSERT INTO player_team_game_play(player_id, team_id, game_id, play_id, seconds_start, seconds_end) VALUES(45, 1646, 25010, 27688, 267, 284);
INSERT INTO player_team_game_play(player_id, team_id, game_id, play_id, seconds_start, seconds_end) VALUES(1774, 1646, 25010, 27688, 267, 284);
INSERT INTO player_team_game_play(player_id, team_id, game_id, play_id, seconds_start, seconds_end) VALUES(6223, 1646, 25010, 27688, 267, 284);
UPDATE player_team_game_play SET seconds_end = 267 WHERE player_id = 7015 AND game_id = 25010 AND play_id = 27688;
INSERT INTO player_team_game_play(player_id, team_id, game_id, play_id, seconds_start, seconds_end) VALUES(1775, 1649, 25010, 27688, 267, 284);
UPDATE player_team_game_play SET seconds_end = 267 WHERE player_id = 45 AND game_id = 25010 AND play_id = 27688;
INSERT INTO player_team_game_play(player_id, team_id, game_id, play_id, seconds_start, seconds_end) VALUES(6328, 1646, 25010, 27688, 267, 284);
INSERT INTO lba.sub_play (play_id, seconds_da_start, player_made_id, team_made_id, game_made_id, player_suffered_id, team_suffered_id, game_suffered_id, shot_id, turnover_id, foul_id, rebound_defensive_01, rebound_offensive_01, assist_01, blocks_01, time_out_01, x, y)VALUES(27688, 17, 5449, 1646, 25010, 2103, 1649, 25010, NULL, 1, NULL, '', '', '', '', '', 32, 52);

INSERT INTO play(id, game_id, seconds_start, seconds_end, quarter, attack_home_01, score_home, score_guest)VALUES(27689, 25010, 284, 288, 1, '1', 15, 9);
INSERT INTO player_team_game_play(player_id, team_id, game_id, play_id, seconds_start, seconds_end) VALUES(3176, 1649, 25010, 27689, 284, 288);
INSERT INTO player_team_game_play(player_id, team_id, game_id, play_id, seconds_start, seconds_end) VALUES(7405, 1649, 25010, 27689, 284, 288);
INSERT INTO player_team_game_play(player_id, team_id, game_id, play_id, seconds_start, seconds_end) VALUES(1775, 1649, 25010, 27689, 284, 288);
INSERT INTO player_team_game_play(player_id, team_id, game_id, play_id, seconds_start, seconds_end) VALUES(2103, 1649, 25010, 27689, 284, 288);
INSERT INTO player_team_game_play(player_id, team_id, game_id, play_id, seconds_start, seconds_end) VALUES(5150, 1649, 25010, 27689, 284, 288);
INSERT INTO player_team_game_play(player_id, team_id, game_id, play_id, seconds_start, seconds_end) VALUES(4162, 1646, 25010, 27689, 284, 288);
INSERT INTO player_team_game_play(player_id, team_id, game_id, play_id, seconds_start, seconds_end) VALUES(5449, 1646, 25010, 27689, 284, 288);
INSERT INTO player_team_game_play(player_id, team_id, game_id, play_id, seconds_start, seconds_end) VALUES(1774, 1646, 25010, 27689, 284, 288);
INSERT INTO player_team_game_play(player_id, team_id, game_id, play_id, seconds_start, seconds_end) VALUES(6223, 1646, 25010, 27689, 284, 288);
INSERT INTO player_team_game_play(player_id, team_id, game_id, play_id, seconds_start, seconds_end) VALUES(6328, 1646, 25010, 27689, 284, 288);
UPDATE player_team_game_play SET seconds_end = 288 WHERE player_id = 5449 AND game_id = 25010 AND play_id = 27689;
UPDATE player_team_game_play SET seconds_end = 288 WHERE player_id = 1774 AND game_id = 25010 AND play_id = 27689;
INSERT INTO player_team_game_play(player_id, team_id, game_id, play_id, seconds_start, seconds_end) VALUES(418, 1646, 25010, 27689, 288, 288);
INSERT INTO player_team_game_play(player_id, team_id, game_id, play_id, seconds_start, seconds_end) VALUES(7314, 1646, 25010, 27689, 288, 288);
INSERT INTO lba.sub_play (play_id, seconds_da_start, player_made_id, team_made_id, game_made_id, player_suffered_id, team_suffered_id, game_suffered_id, shot_id, turnover_id, foul_id, rebound_defensive_01, rebound_offensive_01, assist_01, blocks_01, time_out_01, x, y)VALUES(27689, 4, 7405, 1649, 25010, NULL, NULL, NULL, 1, NULL, NULL, '', '', '', '', '', 94, 52);
INSERT INTO lba.sub_play (play_id, seconds_da_start, player_made_id, team_made_id, game_made_id, player_suffered_id, team_suffered_id, game_suffered_id, shot_id, turnover_id, foul_id, rebound_defensive_01, rebound_offensive_01, assist_01, blocks_01, time_out_01, x, y)VALUES(27689, 4, 2103, 1649, 25010, NULL, NULL, NULL, NULL, NULL, NULL, '', '', '1', '', '', 94, 52);

INSERT INTO play(id, game_id, seconds_start, seconds_end, quarter, attack_home_01, score_home, score_guest)VALUES(27690, 25010, 288, 297, 1, '0', 15, 10);
INSERT INTO player_team_game_play(player_id, team_id, game_id, play_id, seconds_start, seconds_end) VALUES(3176, 1649, 25010, 27690, 288, 297);
INSERT INTO player_team_game_play(player_id, team_id, game_id, play_id, seconds_start, seconds_end) VALUES(7405, 1649, 25010, 27690, 288, 297);
INSERT INTO player_team_game_play(player_id, team_id, game_id, play_id, seconds_start, seconds_end) VALUES(1775, 1649, 25010, 27690, 288, 297);
INSERT INTO player_team_game_play(player_id, team_id, game_id, play_id, seconds_start, seconds_end) VALUES(2103, 1649, 25010, 27690, 288, 297);
INSERT INTO player_team_game_play(player_id, team_id, game_id, play_id, seconds_start, seconds_end) VALUES(5150, 1649, 25010, 27690, 288, 297);
INSERT INTO player_team_game_play(player_id, team_id, game_id, play_id, seconds_start, seconds_end) VALUES(4162, 1646, 25010, 27690, 288, 297);
INSERT INTO player_team_game_play(player_id, team_id, game_id, play_id, seconds_start, seconds_end) VALUES(5449, 1646, 25010, 27690, 288, 297);
INSERT INTO player_team_game_play(player_id, team_id, game_id, play_id, seconds_start, seconds_end) VALUES(1774, 1646, 25010, 27690, 288, 297);
INSERT INTO player_team_game_play(player_id, team_id, game_id, play_id, seconds_start, seconds_end) VALUES(6223, 1646, 25010, 27690, 288, 297);
INSERT INTO player_team_game_play(player_id, team_id, game_id, play_id, seconds_start, seconds_end) VALUES(6328, 1646, 25010, 27690, 288, 297);
UPDATE player_team_game_play SET seconds_end = 288 WHERE player_id = 5449 AND game_id = 25010 AND play_id = 27690;
UPDATE player_team_game_play SET seconds_end = 288 WHERE player_id = 1774 AND game_id = 25010 AND play_id = 27690;
INSERT INTO player_team_game_play(player_id, team_id, game_id, play_id, seconds_start, seconds_end) VALUES(418, 1646, 25010, 27690, 288, 297);
INSERT INTO player_team_game_play(player_id, team_id, game_id, play_id, seconds_start, seconds_end) VALUES(7314, 1646, 25010, 27690, 288, 297);
INSERT INTO lba.sub_play (play_id, seconds_da_start, player_made_id, team_made_id, game_made_id, player_suffered_id, team_suffered_id, game_suffered_id, shot_id, turnover_id, foul_id, rebound_defensive_01, rebound_offensive_01, assist_01, blocks_01, time_out_01, x, y)VALUES(27690, 9, 5150, 1649, 25010, 6223, 1646, 25010, NULL, NULL, 1, '', '', '', '', '', 46, 42);
INSERT INTO lba.sub_play (play_id, seconds_da_start, player_made_id, team_made_id, game_made_id, player_suffered_id, team_suffered_id, game_suffered_id, shot_id, turnover_id, foul_id, rebound_defensive_01, rebound_offensive_01, assist_01, blocks_01, time_out_01, x, y)VALUES(27690, 9, 6223, 1646, 25010, NULL, NULL, NULL, 6, NULL, NULL, '', '', '', '', '', NULL, NULL);
INSERT INTO lba.sub_play (play_id, seconds_da_start, player_made_id, team_made_id, game_made_id, player_suffered_id, team_suffered_id, game_suffered_id, shot_id, turnover_id, foul_id, rebound_defensive_01, rebound_offensive_01, assist_01, blocks_01, time_out_01, x, y)VALUES(27690, 9, 6223, 1646, 25010, NULL, NULL, NULL, 5, NULL, NULL, '', '', '', '', '', NULL, NULL);

INSERT INTO play(id, game_id, seconds_start, seconds_end, quarter, attack_home_01, score_home, score_guest)VALUES(27691, 25010, 297, 315, 1, '1', 18, 10);
INSERT INTO player_team_game_play(player_id, team_id, game_id, play_id, seconds_start, seconds_end) VALUES(3176, 1649, 25010, 27691, 297, 315);
INSERT INTO player_team_game_play(player_id, team_id, game_id, play_id, seconds_start, seconds_end) VALUES(7405, 1649, 25010, 27691, 297, 315);
INSERT INTO player_team_game_play(player_id, team_id, game_id, play_id, seconds_start, seconds_end) VALUES(1775, 1649, 25010, 27691, 297, 315);
INSERT INTO player_team_game_play(player_id, team_id, game_id, play_id, seconds_start, seconds_end) VALUES(2103, 1649, 25010, 27691, 297, 315);
INSERT INTO player_team_game_play(player_id, team_id, game_id, play_id, seconds_start, seconds_end) VALUES(5150, 1649, 25010, 27691, 297, 315);
INSERT INTO player_team_game_play(player_id, team_id, game_id, play_id, seconds_start, seconds_end) VALUES(418, 1646, 25010, 27691, 297, 315);
INSERT INTO player_team_game_play(player_id, team_id, game_id, play_id, seconds_start, seconds_end) VALUES(4162, 1646, 25010, 27691, 297, 315);
INSERT INTO player_team_game_play(player_id, team_id, game_id, play_id, seconds_start, seconds_end) VALUES(6223, 1646, 25010, 27691, 297, 315);
INSERT INTO player_team_game_play(player_id, team_id, game_id, play_id, seconds_start, seconds_end) VALUES(7314, 1646, 25010, 27691, 297, 315);
INSERT INTO player_team_game_play(player_id, team_id, game_id, play_id, seconds_start, seconds_end) VALUES(6328, 1646, 25010, 27691, 297, 315);
INSERT INTO lba.sub_play (play_id, seconds_da_start, player_made_id, team_made_id, game_made_id, player_suffered_id, team_suffered_id, game_suffered_id, shot_id, turnover_id, foul_id, rebound_defensive_01, rebound_offensive_01, assist_01, blocks_01, time_out_01, x, y)VALUES(27691, 18, 3176, 1649, 25010, NULL, NULL, NULL, 3, NULL, NULL, '', '', '', '', '', 70, 75);
INSERT INTO lba.sub_play (play_id, seconds_da_start, player_made_id, team_made_id, game_made_id, player_suffered_id, team_suffered_id, game_suffered_id, shot_id, turnover_id, foul_id, rebound_defensive_01, rebound_offensive_01, assist_01, blocks_01, time_out_01, x, y)VALUES(27691, 18, 7405, 1649, 25010, NULL, NULL, NULL, NULL, NULL, NULL, '', '', '1', '', '', 70, 75);

INSERT INTO play(id, game_id, seconds_start, seconds_end, quarter, attack_home_01, score_home, score_guest)VALUES(27692, 25010, 315, 333, 1, '0', 18, 12);
INSERT INTO player_team_game_play(player_id, team_id, game_id, play_id, seconds_start, seconds_end) VALUES(3176, 1649, 25010, 27692, 315, 333);
INSERT INTO player_team_game_play(player_id, team_id, game_id, play_id, seconds_start, seconds_end) VALUES(7405, 1649, 25010, 27692, 315, 333);
INSERT INTO player_team_game_play(player_id, team_id, game_id, play_id, seconds_start, seconds_end) VALUES(1775, 1649, 25010, 27692, 315, 333);
INSERT INTO player_team_game_play(player_id, team_id, game_id, play_id, seconds_start, seconds_end) VALUES(2103, 1649, 25010, 27692, 315, 333);
INSERT INTO player_team_game_play(player_id, team_id, game_id, play_id, seconds_start, seconds_end) VALUES(5150, 1649, 25010, 27692, 315, 333);
INSERT INTO player_team_game_play(player_id, team_id, game_id, play_id, seconds_start, seconds_end) VALUES(418, 1646, 25010, 27692, 315, 333);
INSERT INTO player_team_game_play(player_id, team_id, game_id, play_id, seconds_start, seconds_end) VALUES(4162, 1646, 25010, 27692, 315, 333);
INSERT INTO player_team_game_play(player_id, team_id, game_id, play_id, seconds_start, seconds_end) VALUES(6223, 1646, 25010, 27692, 315, 333);
INSERT INTO player_team_game_play(player_id, team_id, game_id, play_id, seconds_start, seconds_end) VALUES(7314, 1646, 25010, 27692, 315, 333);
INSERT INTO player_team_game_play(player_id, team_id, game_id, play_id, seconds_start, seconds_end) VALUES(6328, 1646, 25010, 27692, 315, 333);
INSERT INTO lba.sub_play (play_id, seconds_da_start, player_made_id, team_made_id, game_made_id, player_suffered_id, team_suffered_id, game_suffered_id, shot_id, turnover_id, foul_id, rebound_defensive_01, rebound_offensive_01, assist_01, blocks_01, time_out_01, x, y)VALUES(27692, 18, 1775, 1649, 25010, 6223, 1646, 25010, NULL, NULL, 4, '', '', '', '', '', 11, 52);
INSERT INTO lba.sub_play (play_id, seconds_da_start, player_made_id, team_made_id, game_made_id, player_suffered_id, team_suffered_id, game_suffered_id, shot_id, turnover_id, foul_id, rebound_defensive_01, rebound_offensive_01, assist_01, blocks_01, time_out_01, x, y)VALUES(27692, 18, 6223, 1646, 25010, NULL, NULL, NULL, 5, NULL, NULL, '', '', '', '', '', NULL, NULL);
INSERT INTO lba.sub_play (play_id, seconds_da_start, player_made_id, team_made_id, game_made_id, player_suffered_id, team_suffered_id, game_suffered_id, shot_id, turnover_id, foul_id, rebound_defensive_01, rebound_offensive_01, assist_01, blocks_01, time_out_01, x, y)VALUES(27692, 18, 6223, 1646, 25010, NULL, NULL, NULL, 5, NULL, NULL, '', '', '', '', '', NULL, NULL);
INSERT INTO lba.sub_play (play_id, seconds_da_start, player_made_id, team_made_id, game_made_id, player_suffered_id, team_suffered_id, game_suffered_id, shot_id, turnover_id, foul_id, rebound_defensive_01, rebound_offensive_01, assist_01, blocks_01, time_out_01, x, y)VALUES(27692, 18, 4162, 1646, 25010, NULL, NULL, NULL, NULL, NULL, NULL, '', '', '1', '', '', NULL, NULL);

INSERT INTO play(id, game_id, seconds_start, seconds_end, quarter, attack_home_01, score_home, score_guest)VALUES(27693, 25010, 333, 345, 1, '1', 18, 12);
INSERT INTO player_team_game_play(player_id, team_id, game_id, play_id, seconds_start, seconds_end) VALUES(3176, 1649, 25010, 27693, 333, 345);
INSERT INTO player_team_game_play(player_id, team_id, game_id, play_id, seconds_start, seconds_end) VALUES(7405, 1649, 25010, 27693, 333, 345);
INSERT INTO player_team_game_play(player_id, team_id, game_id, play_id, seconds_start, seconds_end) VALUES(1775, 1649, 25010, 27693, 333, 345);
INSERT INTO player_team_game_play(player_id, team_id, game_id, play_id, seconds_start, seconds_end) VALUES(2103, 1649, 25010, 27693, 333, 345);
INSERT INTO player_team_game_play(player_id, team_id, game_id, play_id, seconds_start, seconds_end) VALUES(5150, 1649, 25010, 27693, 333, 345);
INSERT INTO player_team_game_play(player_id, team_id, game_id, play_id, seconds_start, seconds_end) VALUES(418, 1646, 25010, 27693, 333, 345);
INSERT INTO player_team_game_play(player_id, team_id, game_id, play_id, seconds_start, seconds_end) VALUES(4162, 1646, 25010, 27693, 333, 345);
INSERT INTO player_team_game_play(player_id, team_id, game_id, play_id, seconds_start, seconds_end) VALUES(6223, 1646, 25010, 27693, 333, 345);
INSERT INTO player_team_game_play(player_id, team_id, game_id, play_id, seconds_start, seconds_end) VALUES(7314, 1646, 25010, 27693, 333, 345);
INSERT INTO player_team_game_play(player_id, team_id, game_id, play_id, seconds_start, seconds_end) VALUES(6328, 1646, 25010, 27693, 333, 345);
INSERT INTO lba.sub_play (play_id, seconds_da_start, player_made_id, team_made_id, game_made_id, player_suffered_id, team_suffered_id, game_suffered_id, shot_id, turnover_id, foul_id, rebound_defensive_01, rebound_offensive_01, assist_01, blocks_01, time_out_01, x, y)VALUES(27693, 12, 5150, 1649, 25010, NULL, NULL, NULL, 2, NULL, NULL, '', '', '', '', '', 91, 56);
INSERT INTO lba.sub_play (play_id, seconds_da_start, player_made_id, team_made_id, game_made_id, player_suffered_id, team_suffered_id, game_suffered_id, shot_id, turnover_id, foul_id, rebound_defensive_01, rebound_offensive_01, assist_01, blocks_01, time_out_01, x, y)VALUES(27693, 12, 6328, 1646, 25010, NULL, NULL, NULL, NULL, NULL, NULL, '1', '', '', '', '', 91, 56);

INSERT INTO play(id, game_id, seconds_start, seconds_end, quarter, attack_home_01, score_home, score_guest)VALUES(27694, 25010, 345, 355, 1, '1', 19, 14);
INSERT INTO player_team_game_play(player_id, team_id, game_id, play_id, seconds_start, seconds_end) VALUES(3176, 1649, 25010, 27694, 345, 355);
INSERT INTO player_team_game_play(player_id, team_id, game_id, play_id, seconds_start, seconds_end) VALUES(7405, 1649, 25010, 27694, 345, 355);
INSERT INTO player_team_game_play(player_id, team_id, game_id, play_id, seconds_start, seconds_end) VALUES(1775, 1649, 25010, 27694, 345, 355);
INSERT INTO player_team_game_play(player_id, team_id, game_id, play_id, seconds_start, seconds_end) VALUES(2103, 1649, 25010, 27694, 345, 355);
INSERT INTO player_team_game_play(player_id, team_id, game_id, play_id, seconds_start, seconds_end) VALUES(5150, 1649, 25010, 27694, 345, 355);
INSERT INTO player_team_game_play(player_id, team_id, game_id, play_id, seconds_start, seconds_end) VALUES(418, 1646, 25010, 27694, 345, 355);
INSERT INTO player_team_game_play(player_id, team_id, game_id, play_id, seconds_start, seconds_end) VALUES(4162, 1646, 25010, 27694, 345, 355);
INSERT INTO player_team_game_play(player_id, team_id, game_id, play_id, seconds_start, seconds_end) VALUES(6223, 1646, 25010, 27694, 345, 355);
INSERT INTO player_team_game_play(player_id, team_id, game_id, play_id, seconds_start, seconds_end) VALUES(7314, 1646, 25010, 27694, 345, 355);
INSERT INTO player_team_game_play(player_id, team_id, game_id, play_id, seconds_start, seconds_end) VALUES(6328, 1646, 25010, 27694, 345, 355);
UPDATE player_team_game_play SET seconds_end = 355 WHERE player_id = 3176 AND game_id = 25010 AND play_id = 27694;
INSERT INTO player_team_game_play(player_id, team_id, game_id, play_id, seconds_start, seconds_end) VALUES(4692, 1649, 25010, 27694, 355, 355);
INSERT INTO lba.sub_play (play_id, seconds_da_start, player_made_id, team_made_id, game_made_id, player_suffered_id, team_suffered_id, game_suffered_id, shot_id, turnover_id, foul_id, rebound_defensive_01, rebound_offensive_01, assist_01, blocks_01, time_out_01, x, y)VALUES(27694, 9, 6328, 1646, 25010, NULL, NULL, NULL, 1, NULL, NULL, '', '', '', '', '', 8, 48);
INSERT INTO lba.sub_play (play_id, seconds_da_start, player_made_id, team_made_id, game_made_id, player_suffered_id, team_suffered_id, game_suffered_id, shot_id, turnover_id, foul_id, rebound_defensive_01, rebound_offensive_01, assist_01, blocks_01, time_out_01, x, y)VALUES(27694, 10, 4162, 1646, 25010, 1775, 1649, 25010, NULL, NULL, 1, '', '', '', '', '', 70, 57);
INSERT INTO lba.sub_play (play_id, seconds_da_start, player_made_id, team_made_id, game_made_id, player_suffered_id, team_suffered_id, game_suffered_id, shot_id, turnover_id, foul_id, rebound_defensive_01, rebound_offensive_01, assist_01, blocks_01, time_out_01, x, y)VALUES(27694, 10, 1775, 1649, 25010, NULL, NULL, NULL, 6, NULL, NULL, '', '', '', '', '', NULL, NULL);
INSERT INTO lba.sub_play (play_id, seconds_da_start, player_made_id, team_made_id, game_made_id, player_suffered_id, team_suffered_id, game_suffered_id, shot_id, turnover_id, foul_id, rebound_defensive_01, rebound_offensive_01, assist_01, blocks_01, time_out_01, x, y)VALUES(27694, 10, 1775, 1649, 25010, NULL, NULL, NULL, 5, NULL, NULL, '', '', '', '', '', NULL, NULL);

INSERT INTO play(id, game_id, seconds_start, seconds_end, quarter, attack_home_01, score_home, score_guest)VALUES(27695, 25010, 355, 374, 1, '0', 19, 16);
INSERT INTO player_team_game_play(player_id, team_id, game_id, play_id, seconds_start, seconds_end) VALUES(3176, 1649, 25010, 27695, 355, 374);
INSERT INTO player_team_game_play(player_id, team_id, game_id, play_id, seconds_start, seconds_end) VALUES(7405, 1649, 25010, 27695, 355, 374);
INSERT INTO player_team_game_play(player_id, team_id, game_id, play_id, seconds_start, seconds_end) VALUES(1775, 1649, 25010, 27695, 355, 374);
INSERT INTO player_team_game_play(player_id, team_id, game_id, play_id, seconds_start, seconds_end) VALUES(2103, 1649, 25010, 27695, 355, 374);
INSERT INTO player_team_game_play(player_id, team_id, game_id, play_id, seconds_start, seconds_end) VALUES(5150, 1649, 25010, 27695, 355, 374);
INSERT INTO player_team_game_play(player_id, team_id, game_id, play_id, seconds_start, seconds_end) VALUES(418, 1646, 25010, 27695, 355, 374);
INSERT INTO player_team_game_play(player_id, team_id, game_id, play_id, seconds_start, seconds_end) VALUES(4162, 1646, 25010, 27695, 355, 374);
INSERT INTO player_team_game_play(player_id, team_id, game_id, play_id, seconds_start, seconds_end) VALUES(6223, 1646, 25010, 27695, 355, 374);
INSERT INTO player_team_game_play(player_id, team_id, game_id, play_id, seconds_start, seconds_end) VALUES(7314, 1646, 25010, 27695, 355, 374);
INSERT INTO player_team_game_play(player_id, team_id, game_id, play_id, seconds_start, seconds_end) VALUES(6328, 1646, 25010, 27695, 355, 374);
UPDATE player_team_game_play SET seconds_end = 355 WHERE player_id = 3176 AND game_id = 25010 AND play_id = 27695;
INSERT INTO player_team_game_play(player_id, team_id, game_id, play_id, seconds_start, seconds_end) VALUES(4692, 1649, 25010, 27695, 355, 374);
UPDATE player_team_game_play SET seconds_end = 374 WHERE player_id = 7405 AND game_id = 25010 AND play_id = 27695;
INSERT INTO player_team_game_play(player_id, team_id, game_id, play_id, seconds_start, seconds_end) VALUES(7406, 1649, 25010, 27695, 374, 374);
UPDATE player_team_game_play SET seconds_end = 374 WHERE player_id = 6223 AND game_id = 25010 AND play_id = 27695;
INSERT INTO player_team_game_play(player_id, team_id, game_id, play_id, seconds_start, seconds_end) VALUES(7462, 1646, 25010, 27695, 374, 374);
INSERT INTO lba.sub_play (play_id, seconds_da_start, player_made_id, team_made_id, game_made_id, player_suffered_id, team_suffered_id, game_suffered_id, shot_id, turnover_id, foul_id, rebound_defensive_01, rebound_offensive_01, assist_01, blocks_01, time_out_01, x, y)VALUES(27695, 19, 7405, 1649, 25010, 6328, 1646, 25010, NULL, NULL, 1, '', '', '', '', '', 15, 59);
INSERT INTO lba.sub_play (play_id, seconds_da_start, player_made_id, team_made_id, game_made_id, player_suffered_id, team_suffered_id, game_suffered_id, shot_id, turnover_id, foul_id, rebound_defensive_01, rebound_offensive_01, assist_01, blocks_01, time_out_01, x, y)VALUES(27695, 19, 6328, 1646, 25010, NULL, NULL, NULL, 5, NULL, NULL, '', '', '', '', '', NULL, NULL);
INSERT INTO lba.sub_play (play_id, seconds_da_start, player_made_id, team_made_id, game_made_id, player_suffered_id, team_suffered_id, game_suffered_id, shot_id, turnover_id, foul_id, rebound_defensive_01, rebound_offensive_01, assist_01, blocks_01, time_out_01, x, y)VALUES(27695, 19, 6328, 1646, 25010, NULL, NULL, NULL, 5, NULL, NULL, '', '', '', '', '', NULL, NULL);

INSERT INTO play(id, game_id, seconds_start, seconds_end, quarter, attack_home_01, score_home, score_guest)VALUES(27696, 25010, 374, 398, 1, '1', 19, 16);
INSERT INTO player_team_game_play(player_id, team_id, game_id, play_id, seconds_start, seconds_end) VALUES(7405, 1649, 25010, 27696, 374, 398);
INSERT INTO player_team_game_play(player_id, team_id, game_id, play_id, seconds_start, seconds_end) VALUES(1775, 1649, 25010, 27696, 374, 398);
INSERT INTO player_team_game_play(player_id, team_id, game_id, play_id, seconds_start, seconds_end) VALUES(4692, 1649, 25010, 27696, 374, 398);
INSERT INTO player_team_game_play(player_id, team_id, game_id, play_id, seconds_start, seconds_end) VALUES(2103, 1649, 25010, 27696, 374, 398);
INSERT INTO player_team_game_play(player_id, team_id, game_id, play_id, seconds_start, seconds_end) VALUES(5150, 1649, 25010, 27696, 374, 398);
INSERT INTO player_team_game_play(player_id, team_id, game_id, play_id, seconds_start, seconds_end) VALUES(418, 1646, 25010, 27696, 374, 398);
INSERT INTO player_team_game_play(player_id, team_id, game_id, play_id, seconds_start, seconds_end) VALUES(4162, 1646, 25010, 27696, 374, 398);
INSERT INTO player_team_game_play(player_id, team_id, game_id, play_id, seconds_start, seconds_end) VALUES(6223, 1646, 25010, 27696, 374, 398);
INSERT INTO player_team_game_play(player_id, team_id, game_id, play_id, seconds_start, seconds_end) VALUES(7314, 1646, 25010, 27696, 374, 398);
INSERT INTO player_team_game_play(player_id, team_id, game_id, play_id, seconds_start, seconds_end) VALUES(6328, 1646, 25010, 27696, 374, 398);
UPDATE player_team_game_play SET seconds_end = 374 WHERE player_id = 7405 AND game_id = 25010 AND play_id = 27696;
INSERT INTO player_team_game_play(player_id, team_id, game_id, play_id, seconds_start, seconds_end) VALUES(7406, 1649, 25010, 27696, 374, 398);
UPDATE player_team_game_play SET seconds_end = 374 WHERE player_id = 6223 AND game_id = 25010 AND play_id = 27696;
INSERT INTO player_team_game_play(player_id, team_id, game_id, play_id, seconds_start, seconds_end) VALUES(7462, 1646, 25010, 27696, 374, 398);
INSERT INTO lba.sub_play (play_id, seconds_da_start, player_made_id, team_made_id, game_made_id, player_suffered_id, team_suffered_id, game_suffered_id, shot_id, turnover_id, foul_id, rebound_defensive_01, rebound_offensive_01, assist_01, blocks_01, time_out_01, x, y)VALUES(27696, 24, 7406, 1649, 25010, NULL, NULL, NULL, 4, NULL, NULL, '', '', '', '', '', 84, 5);

INSERT INTO play(id, game_id, seconds_start, seconds_end, quarter, attack_home_01, score_home, score_guest)VALUES(27697, 25010, 398, 416, 1, '0', 19, 18);
INSERT INTO player_team_game_play(player_id, team_id, game_id, play_id, seconds_start, seconds_end) VALUES(7406, 1649, 25010, 27697, 398, 416);
INSERT INTO player_team_game_play(player_id, team_id, game_id, play_id, seconds_start, seconds_end) VALUES(1775, 1649, 25010, 27697, 398, 416);
INSERT INTO player_team_game_play(player_id, team_id, game_id, play_id, seconds_start, seconds_end) VALUES(4692, 1649, 25010, 27697, 398, 416);
INSERT INTO player_team_game_play(player_id, team_id, game_id, play_id, seconds_start, seconds_end) VALUES(2103, 1649, 25010, 27697, 398, 416);
INSERT INTO player_team_game_play(player_id, team_id, game_id, play_id, seconds_start, seconds_end) VALUES(5150, 1649, 25010, 27697, 398, 416);
INSERT INTO player_team_game_play(player_id, team_id, game_id, play_id, seconds_start, seconds_end) VALUES(418, 1646, 25010, 27697, 398, 416);
INSERT INTO player_team_game_play(player_id, team_id, game_id, play_id, seconds_start, seconds_end) VALUES(4162, 1646, 25010, 27697, 398, 416);
INSERT INTO player_team_game_play(player_id, team_id, game_id, play_id, seconds_start, seconds_end) VALUES(7314, 1646, 25010, 27697, 398, 416);
INSERT INTO player_team_game_play(player_id, team_id, game_id, play_id, seconds_start, seconds_end) VALUES(7462, 1646, 25010, 27697, 398, 416);
INSERT INTO player_team_game_play(player_id, team_id, game_id, play_id, seconds_start, seconds_end) VALUES(6328, 1646, 25010, 27697, 398, 416);
INSERT INTO lba.sub_play (play_id, seconds_da_start, player_made_id, team_made_id, game_made_id, player_suffered_id, team_suffered_id, game_suffered_id, shot_id, turnover_id, foul_id, rebound_defensive_01, rebound_offensive_01, assist_01, blocks_01, time_out_01, x, y)VALUES(27697, 18, 4162, 1646, 25010, NULL, NULL, NULL, 2, NULL, NULL, '', '', '', '', '', 10, 57);
INSERT INTO lba.sub_play (play_id, seconds_da_start, player_made_id, team_made_id, game_made_id, player_suffered_id, team_suffered_id, game_suffered_id, shot_id, turnover_id, foul_id, rebound_defensive_01, rebound_offensive_01, assist_01, blocks_01, time_out_01, x, y)VALUES(27697, 18, 7314, 1646, 25010, NULL, NULL, NULL, NULL, NULL, NULL, '', '1', '', '', '', 10, 57);
INSERT INTO lba.sub_play (play_id, seconds_da_start, player_made_id, team_made_id, game_made_id, player_suffered_id, team_suffered_id, game_suffered_id, shot_id, turnover_id, foul_id, rebound_defensive_01, rebound_offensive_01, assist_01, blocks_01, time_out_01, x, y)VALUES(27697, 18, 7314, 1646, 25010, NULL, NULL, NULL, 1, NULL, NULL, '', '', '', '', '', 10, 57);

INSERT INTO play(id, game_id, seconds_start, seconds_end, quarter, attack_home_01, score_home, score_guest)VALUES(27698, 25010, 416, 453, 1, '1', 20, 18);
INSERT INTO player_team_game_play(player_id, team_id, game_id, play_id, seconds_start, seconds_end) VALUES(7406, 1649, 25010, 27698, 416, 453);
INSERT INTO player_team_game_play(player_id, team_id, game_id, play_id, seconds_start, seconds_end) VALUES(1775, 1649, 25010, 27698, 416, 453);
INSERT INTO player_team_game_play(player_id, team_id, game_id, play_id, seconds_start, seconds_end) VALUES(4692, 1649, 25010, 27698, 416, 453);
INSERT INTO player_team_game_play(player_id, team_id, game_id, play_id, seconds_start, seconds_end) VALUES(2103, 1649, 25010, 27698, 416, 453);
INSERT INTO player_team_game_play(player_id, team_id, game_id, play_id, seconds_start, seconds_end) VALUES(5150, 1649, 25010, 27698, 416, 453);
INSERT INTO player_team_game_play(player_id, team_id, game_id, play_id, seconds_start, seconds_end) VALUES(418, 1646, 25010, 27698, 416, 453);
INSERT INTO player_team_game_play(player_id, team_id, game_id, play_id, seconds_start, seconds_end) VALUES(4162, 1646, 25010, 27698, 416, 453);
INSERT INTO player_team_game_play(player_id, team_id, game_id, play_id, seconds_start, seconds_end) VALUES(7314, 1646, 25010, 27698, 416, 453);
INSERT INTO player_team_game_play(player_id, team_id, game_id, play_id, seconds_start, seconds_end) VALUES(7462, 1646, 25010, 27698, 416, 453);
INSERT INTO player_team_game_play(player_id, team_id, game_id, play_id, seconds_start, seconds_end) VALUES(6328, 1646, 25010, 27698, 416, 453);
UPDATE player_team_game_play SET seconds_end = 446 WHERE player_id = 5150 AND game_id = 25010 AND play_id = 27698;
INSERT INTO player_team_game_play(player_id, team_id, game_id, play_id, seconds_start, seconds_end) VALUES(7404, 1649, 25010, 27698, 446, 453);
UPDATE player_team_game_play SET seconds_end = 453 WHERE player_id = 1775 AND game_id = 25010 AND play_id = 27698;
INSERT INTO player_team_game_play(player_id, team_id, game_id, play_id, seconds_start, seconds_end) VALUES(7015, 1649, 25010, 27698, 453, 453);
UPDATE player_team_game_play SET seconds_end = 453 WHERE player_id = 7314 AND game_id = 25010 AND play_id = 27698;
INSERT INTO player_team_game_play(player_id, team_id, game_id, play_id, seconds_start, seconds_end) VALUES(45, 1646, 25010, 27698, 453, 453);
INSERT INTO lba.sub_play (play_id, seconds_da_start, player_made_id, team_made_id, game_made_id, player_suffered_id, team_suffered_id, game_suffered_id, shot_id, turnover_id, foul_id, rebound_defensive_01, rebound_offensive_01, assist_01, blocks_01, time_out_01, x, y)VALUES(27698, 25, 2103, 1649, 25010, NULL, NULL, NULL, 4, NULL, NULL, '', '', '', '', '', 94, 97);
INSERT INTO lba.sub_play (play_id, seconds_da_start, player_made_id, team_made_id, game_made_id, player_suffered_id, team_suffered_id, game_suffered_id, shot_id, turnover_id, foul_id, rebound_defensive_01, rebound_offensive_01, assist_01, blocks_01, time_out_01, x, y)VALUES(27698, 25, 7406, 1649, 25010, NULL, NULL, NULL, NULL, NULL, NULL, '', '1', '', '', '', 94, 97);
INSERT INTO lba.sub_play (play_id, seconds_da_start, player_made_id, team_made_id, game_made_id, player_suffered_id, team_suffered_id, game_suffered_id, shot_id, turnover_id, foul_id, rebound_defensive_01, rebound_offensive_01, assist_01, blocks_01, time_out_01, x, y)VALUES(27698, 37, 7314, 1646, 25010, 7404, 1649, 25010, NULL, NULL, 4, '', '', '', '', '', 84, 45);
INSERT INTO lba.sub_play (play_id, seconds_da_start, player_made_id, team_made_id, game_made_id, player_suffered_id, team_suffered_id, game_suffered_id, shot_id, turnover_id, foul_id, rebound_defensive_01, rebound_offensive_01, assist_01, blocks_01, time_out_01, x, y)VALUES(27698, 37, 7404, 1649, 25010, NULL, NULL, NULL, 6, NULL, NULL, '', '', '', '', '', NULL, NULL);
INSERT INTO lba.sub_play (play_id, seconds_da_start, player_made_id, team_made_id, game_made_id, player_suffered_id, team_suffered_id, game_suffered_id, shot_id, turnover_id, foul_id, rebound_defensive_01, rebound_offensive_01, assist_01, blocks_01, time_out_01, x, y)VALUES(27698, 37, 7404, 1649, 25010, NULL, NULL, NULL, 5, NULL, NULL, '', '', '', '', '', NULL, NULL);

INSERT INTO play(id, game_id, seconds_start, seconds_end, quarter, attack_home_01, score_home, score_guest)VALUES(27699, 25010, 453, 467, 1, '0', 20, 18);
INSERT INTO player_team_game_play(player_id, team_id, game_id, play_id, seconds_start, seconds_end) VALUES(4692, 1649, 25010, 27699, 453, 467);
INSERT INTO player_team_game_play(player_id, team_id, game_id, play_id, seconds_start, seconds_end) VALUES(2103, 1649, 25010, 27699, 453, 467);
INSERT INTO player_team_game_play(player_id, team_id, game_id, play_id, seconds_start, seconds_end) VALUES(7404, 1649, 25010, 27699, 453, 467);
INSERT INTO player_team_game_play(player_id, team_id, game_id, play_id, seconds_start, seconds_end) VALUES(7406, 1649, 25010, 27699, 453, 467);
INSERT INTO player_team_game_play(player_id, team_id, game_id, play_id, seconds_start, seconds_end) VALUES(1775, 1649, 25010, 27699, 453, 467);
INSERT INTO player_team_game_play(player_id, team_id, game_id, play_id, seconds_start, seconds_end) VALUES(418, 1646, 25010, 27699, 453, 467);
INSERT INTO player_team_game_play(player_id, team_id, game_id, play_id, seconds_start, seconds_end) VALUES(4162, 1646, 25010, 27699, 453, 467);
INSERT INTO player_team_game_play(player_id, team_id, game_id, play_id, seconds_start, seconds_end) VALUES(7314, 1646, 25010, 27699, 453, 467);
INSERT INTO player_team_game_play(player_id, team_id, game_id, play_id, seconds_start, seconds_end) VALUES(7462, 1646, 25010, 27699, 453, 467);
INSERT INTO player_team_game_play(player_id, team_id, game_id, play_id, seconds_start, seconds_end) VALUES(6328, 1646, 25010, 27699, 453, 467);
UPDATE player_team_game_play SET seconds_end = 453 WHERE player_id = 1775 AND game_id = 25010 AND play_id = 27699;
INSERT INTO player_team_game_play(player_id, team_id, game_id, play_id, seconds_start, seconds_end) VALUES(7015, 1649, 25010, 27699, 453, 467);
UPDATE player_team_game_play SET seconds_end = 453 WHERE player_id = 7314 AND game_id = 25010 AND play_id = 27699;
INSERT INTO player_team_game_play(player_id, team_id, game_id, play_id, seconds_start, seconds_end) VALUES(45, 1646, 25010, 27699, 453, 467);
INSERT INTO lba.sub_play (play_id, seconds_da_start, player_made_id, team_made_id, game_made_id, player_suffered_id, team_suffered_id, game_suffered_id, shot_id, turnover_id, foul_id, rebound_defensive_01, rebound_offensive_01, assist_01, blocks_01, time_out_01, x, y)VALUES(27699, 14, 7462, 1646, 25010, NULL, NULL, NULL, 4, NULL, NULL, '', '', '', '', '', 5, 99);
INSERT INTO lba.sub_play (play_id, seconds_da_start, player_made_id, team_made_id, game_made_id, player_suffered_id, team_suffered_id, game_suffered_id, shot_id, turnover_id, foul_id, rebound_defensive_01, rebound_offensive_01, assist_01, blocks_01, time_out_01, x, y)VALUES(27699, 14, 7015, 1649, 25010, NULL, NULL, NULL, NULL, NULL, NULL, '1', '', '', '', '', 5, 99);

INSERT INTO play(id, game_id, seconds_start, seconds_end, quarter, attack_home_01, score_home, score_guest)VALUES(27700, 25010, 467, 478, 1, '1', 22, 18);
INSERT INTO player_team_game_play(player_id, team_id, game_id, play_id, seconds_start, seconds_end) VALUES(4692, 1649, 25010, 27700, 467, 478);
INSERT INTO player_team_game_play(player_id, team_id, game_id, play_id, seconds_start, seconds_end) VALUES(2103, 1649, 25010, 27700, 467, 478);
INSERT INTO player_team_game_play(player_id, team_id, game_id, play_id, seconds_start, seconds_end) VALUES(7015, 1649, 25010, 27700, 467, 478);
INSERT INTO player_team_game_play(player_id, team_id, game_id, play_id, seconds_start, seconds_end) VALUES(7404, 1649, 25010, 27700, 467, 478);
INSERT INTO player_team_game_play(player_id, team_id, game_id, play_id, seconds_start, seconds_end) VALUES(7406, 1649, 25010, 27700, 467, 478);
INSERT INTO player_team_game_play(player_id, team_id, game_id, play_id, seconds_start, seconds_end) VALUES(418, 1646, 25010, 27700, 467, 478);
INSERT INTO player_team_game_play(player_id, team_id, game_id, play_id, seconds_start, seconds_end) VALUES(4162, 1646, 25010, 27700, 467, 478);
INSERT INTO player_team_game_play(player_id, team_id, game_id, play_id, seconds_start, seconds_end) VALUES(7462, 1646, 25010, 27700, 467, 478);
INSERT INTO player_team_game_play(player_id, team_id, game_id, play_id, seconds_start, seconds_end) VALUES(6328, 1646, 25010, 27700, 467, 478);
INSERT INTO player_team_game_play(player_id, team_id, game_id, play_id, seconds_start, seconds_end) VALUES(45, 1646, 25010, 27700, 467, 478);
INSERT INTO lba.sub_play (play_id, seconds_da_start, player_made_id, team_made_id, game_made_id, player_suffered_id, team_suffered_id, game_suffered_id, shot_id, turnover_id, foul_id, rebound_defensive_01, rebound_offensive_01, assist_01, blocks_01, time_out_01, x, y)VALUES(27700, 11, 45, 1646, 25010, 7015, 1649, 25010, NULL, NULL, 1, '', '', '', '', '', 88, 34);
INSERT INTO lba.sub_play (play_id, seconds_da_start, player_made_id, team_made_id, game_made_id, player_suffered_id, team_suffered_id, game_suffered_id, shot_id, turnover_id, foul_id, rebound_defensive_01, rebound_offensive_01, assist_01, blocks_01, time_out_01, x, y)VALUES(27700, 11, 7015, 1649, 25010, NULL, NULL, NULL, 5, NULL, NULL, '', '', '', '', '', NULL, NULL);
INSERT INTO lba.sub_play (play_id, seconds_da_start, player_made_id, team_made_id, game_made_id, player_suffered_id, team_suffered_id, game_suffered_id, shot_id, turnover_id, foul_id, rebound_defensive_01, rebound_offensive_01, assist_01, blocks_01, time_out_01, x, y)VALUES(27700, 11, 7015, 1649, 25010, NULL, NULL, NULL, 5, NULL, NULL, '', '', '', '', '', NULL, NULL);

INSERT INTO play(id, game_id, seconds_start, seconds_end, quarter, attack_home_01, score_home, score_guest)VALUES(27701, 25010, 478, 486, 1, '0', 22, 18);
INSERT INTO player_team_game_play(player_id, team_id, game_id, play_id, seconds_start, seconds_end) VALUES(4692, 1649, 25010, 27701, 478, 486);
INSERT INTO player_team_game_play(player_id, team_id, game_id, play_id, seconds_start, seconds_end) VALUES(2103, 1649, 25010, 27701, 478, 486);
INSERT INTO player_team_game_play(player_id, team_id, game_id, play_id, seconds_start, seconds_end) VALUES(7015, 1649, 25010, 27701, 478, 486);
INSERT INTO player_team_game_play(player_id, team_id, game_id, play_id, seconds_start, seconds_end) VALUES(7404, 1649, 25010, 27701, 478, 486);
INSERT INTO player_team_game_play(player_id, team_id, game_id, play_id, seconds_start, seconds_end) VALUES(7406, 1649, 25010, 27701, 478, 486);
INSERT INTO player_team_game_play(player_id, team_id, game_id, play_id, seconds_start, seconds_end) VALUES(418, 1646, 25010, 27701, 478, 486);
INSERT INTO player_team_game_play(player_id, team_id, game_id, play_id, seconds_start, seconds_end) VALUES(4162, 1646, 25010, 27701, 478, 486);
INSERT INTO player_team_game_play(player_id, team_id, game_id, play_id, seconds_start, seconds_end) VALUES(7462, 1646, 25010, 27701, 478, 486);
INSERT INTO player_team_game_play(player_id, team_id, game_id, play_id, seconds_start, seconds_end) VALUES(6328, 1646, 25010, 27701, 478, 486);
INSERT INTO player_team_game_play(player_id, team_id, game_id, play_id, seconds_start, seconds_end) VALUES(45, 1646, 25010, 27701, 478, 486);
INSERT INTO lba.sub_play (play_id, seconds_da_start, player_made_id, team_made_id, game_made_id, player_suffered_id, team_suffered_id, game_suffered_id, shot_id, turnover_id, foul_id, rebound_defensive_01, rebound_offensive_01, assist_01, blocks_01, time_out_01, x, y)VALUES(27701, 8, 7462, 1646, 25010, NULL, NULL, NULL, 4, NULL, NULL, '', '', '', '', '', 29, 26);
INSERT INTO lba.sub_play (play_id, seconds_da_start, player_made_id, team_made_id, game_made_id, player_suffered_id, team_suffered_id, game_suffered_id, shot_id, turnover_id, foul_id, rebound_defensive_01, rebound_offensive_01, assist_01, blocks_01, time_out_01, x, y)VALUES(27701, 8, 7015, 1649, 25010, NULL, NULL, NULL, NULL, NULL, NULL, '1', '', '', '', '', 29, 26);

INSERT INTO play(id, game_id, seconds_start, seconds_end, quarter, attack_home_01, score_home, score_guest)VALUES(27702, 25010, 486, 498, 1, '1', 24, 18);
INSERT INTO player_team_game_play(player_id, team_id, game_id, play_id, seconds_start, seconds_end) VALUES(4692, 1649, 25010, 27702, 486, 498);
INSERT INTO player_team_game_play(player_id, team_id, game_id, play_id, seconds_start, seconds_end) VALUES(2103, 1649, 25010, 27702, 486, 498);
INSERT INTO player_team_game_play(player_id, team_id, game_id, play_id, seconds_start, seconds_end) VALUES(7015, 1649, 25010, 27702, 486, 498);
INSERT INTO player_team_game_play(player_id, team_id, game_id, play_id, seconds_start, seconds_end) VALUES(7404, 1649, 25010, 27702, 486, 498);
INSERT INTO player_team_game_play(player_id, team_id, game_id, play_id, seconds_start, seconds_end) VALUES(7406, 1649, 25010, 27702, 486, 498);
INSERT INTO player_team_game_play(player_id, team_id, game_id, play_id, seconds_start, seconds_end) VALUES(418, 1646, 25010, 27702, 486, 498);
INSERT INTO player_team_game_play(player_id, team_id, game_id, play_id, seconds_start, seconds_end) VALUES(4162, 1646, 25010, 27702, 486, 498);
INSERT INTO player_team_game_play(player_id, team_id, game_id, play_id, seconds_start, seconds_end) VALUES(7462, 1646, 25010, 27702, 486, 498);
INSERT INTO player_team_game_play(player_id, team_id, game_id, play_id, seconds_start, seconds_end) VALUES(6328, 1646, 25010, 27702, 486, 498);
INSERT INTO player_team_game_play(player_id, team_id, game_id, play_id, seconds_start, seconds_end) VALUES(45, 1646, 25010, 27702, 486, 498);
INSERT INTO lba.sub_play (play_id, seconds_da_start, player_made_id, team_made_id, game_made_id, player_suffered_id, team_suffered_id, game_suffered_id, shot_id, turnover_id, foul_id, rebound_defensive_01, rebound_offensive_01, assist_01, blocks_01, time_out_01, x, y)VALUES(27702, 12, 45, 1646, 25010, 7015, 1649, 25010, NULL, NULL, 4, '', '', '', '', '', 91, 53);
INSERT INTO lba.sub_play (play_id, seconds_da_start, player_made_id, team_made_id, game_made_id, player_suffered_id, team_suffered_id, game_suffered_id, shot_id, turnover_id, foul_id, rebound_defensive_01, rebound_offensive_01, assist_01, blocks_01, time_out_01, x, y)VALUES(27702, 12, 7015, 1649, 25010, NULL, NULL, NULL, 5, NULL, NULL, '', '', '', '', '', NULL, NULL);
INSERT INTO lba.sub_play (play_id, seconds_da_start, player_made_id, team_made_id, game_made_id, player_suffered_id, team_suffered_id, game_suffered_id, shot_id, turnover_id, foul_id, rebound_defensive_01, rebound_offensive_01, assist_01, blocks_01, time_out_01, x, y)VALUES(27702, 12, 7015, 1649, 25010, NULL, NULL, NULL, 5, NULL, NULL, '', '', '', '', '', NULL, NULL);
INSERT INTO lba.sub_play (play_id, seconds_da_start, player_made_id, team_made_id, game_made_id, player_suffered_id, team_suffered_id, game_suffered_id, shot_id, turnover_id, foul_id, rebound_defensive_01, rebound_offensive_01, assist_01, blocks_01, time_out_01, x, y)VALUES(27702, 12, 7404, 1649, 25010, NULL, NULL, NULL, NULL, NULL, NULL, '', '', '1', '', '', NULL, NULL);

INSERT INTO play(id, game_id, seconds_start, seconds_end, quarter, attack_home_01, score_home, score_guest)VALUES(27703, 25010, 498, 528, 1, '0', 24, 18);
INSERT INTO player_team_game_play(player_id, team_id, game_id, play_id, seconds_start, seconds_end) VALUES(4692, 1649, 25010, 27703, 498, 528);
INSERT INTO player_team_game_play(player_id, team_id, game_id, play_id, seconds_start, seconds_end) VALUES(2103, 1649, 25010, 27703, 498, 528);
INSERT INTO player_team_game_play(player_id, team_id, game_id, play_id, seconds_start, seconds_end) VALUES(7015, 1649, 25010, 27703, 498, 528);
INSERT INTO player_team_game_play(player_id, team_id, game_id, play_id, seconds_start, seconds_end) VALUES(7404, 1649, 25010, 27703, 498, 528);
INSERT INTO player_team_game_play(player_id, team_id, game_id, play_id, seconds_start, seconds_end) VALUES(7406, 1649, 25010, 27703, 498, 528);
INSERT INTO player_team_game_play(player_id, team_id, game_id, play_id, seconds_start, seconds_end) VALUES(418, 1646, 25010, 27703, 498, 528);
INSERT INTO player_team_game_play(player_id, team_id, game_id, play_id, seconds_start, seconds_end) VALUES(4162, 1646, 25010, 27703, 498, 528);
INSERT INTO player_team_game_play(player_id, team_id, game_id, play_id, seconds_start, seconds_end) VALUES(7462, 1646, 25010, 27703, 498, 528);
INSERT INTO player_team_game_play(player_id, team_id, game_id, play_id, seconds_start, seconds_end) VALUES(6328, 1646, 25010, 27703, 498, 528);
INSERT INTO player_team_game_play(player_id, team_id, game_id, play_id, seconds_start, seconds_end) VALUES(45, 1646, 25010, 27703, 498, 528);
INSERT INTO lba.sub_play (play_id, seconds_da_start, player_made_id, team_made_id, game_made_id, player_suffered_id, team_suffered_id, game_suffered_id, shot_id, turnover_id, foul_id, rebound_defensive_01, rebound_offensive_01, assist_01, blocks_01, time_out_01, x, y)VALUES(27703, 24, 6328, 1646, 25010, NULL, NULL, NULL, 2, NULL, NULL, '', '', '', '', '', 17, 55);
INSERT INTO lba.sub_play (play_id, seconds_da_start, player_made_id, team_made_id, game_made_id, player_suffered_id, team_suffered_id, game_suffered_id, shot_id, turnover_id, foul_id, rebound_defensive_01, rebound_offensive_01, assist_01, blocks_01, time_out_01, x, y)VALUES(27703, 24, 7462, 1646, 25010, NULL, NULL, NULL, NULL, NULL, NULL, '', '1', '', '', '', 17, 55);
INSERT INTO lba.sub_play (play_id, seconds_da_start, player_made_id, team_made_id, game_made_id, player_suffered_id, team_suffered_id, game_suffered_id, shot_id, turnover_id, foul_id, rebound_defensive_01, rebound_offensive_01, assist_01, blocks_01, time_out_01, x, y)VALUES(27703, 30, 4162, 1646, 25010, NULL, NULL, NULL, 4, NULL, NULL, '', '', '', '', '', 18, 95);
INSERT INTO lba.sub_play (play_id, seconds_da_start, player_made_id, team_made_id, game_made_id, player_suffered_id, team_suffered_id, game_suffered_id, shot_id, turnover_id, foul_id, rebound_defensive_01, rebound_offensive_01, assist_01, blocks_01, time_out_01, x, y)VALUES(27703, 30, 7406, 1649, 25010, NULL, NULL, NULL, NULL, NULL, NULL, '1', '', '', '', '', 18, 95);

INSERT INTO play(id, game_id, seconds_start, seconds_end, quarter, attack_home_01, score_home, score_guest)VALUES(27704, 25010, 528, 532, 1, '1', 26, 18);
INSERT INTO player_team_game_play(player_id, team_id, game_id, play_id, seconds_start, seconds_end) VALUES(4692, 1649, 25010, 27704, 528, 532);
INSERT INTO player_team_game_play(player_id, team_id, game_id, play_id, seconds_start, seconds_end) VALUES(2103, 1649, 25010, 27704, 528, 532);
INSERT INTO player_team_game_play(player_id, team_id, game_id, play_id, seconds_start, seconds_end) VALUES(7015, 1649, 25010, 27704, 528, 532);
INSERT INTO player_team_game_play(player_id, team_id, game_id, play_id, seconds_start, seconds_end) VALUES(7404, 1649, 25010, 27704, 528, 532);
INSERT INTO player_team_game_play(player_id, team_id, game_id, play_id, seconds_start, seconds_end) VALUES(7406, 1649, 25010, 27704, 528, 532);
INSERT INTO player_team_game_play(player_id, team_id, game_id, play_id, seconds_start, seconds_end) VALUES(418, 1646, 25010, 27704, 528, 532);
INSERT INTO player_team_game_play(player_id, team_id, game_id, play_id, seconds_start, seconds_end) VALUES(4162, 1646, 25010, 27704, 528, 532);
INSERT INTO player_team_game_play(player_id, team_id, game_id, play_id, seconds_start, seconds_end) VALUES(7462, 1646, 25010, 27704, 528, 532);
INSERT INTO player_team_game_play(player_id, team_id, game_id, play_id, seconds_start, seconds_end) VALUES(6328, 1646, 25010, 27704, 528, 532);
INSERT INTO player_team_game_play(player_id, team_id, game_id, play_id, seconds_start, seconds_end) VALUES(45, 1646, 25010, 27704, 528, 532);
UPDATE player_team_game_play SET seconds_end = 532 WHERE player_id = 4162 AND game_id = 25010 AND play_id = 27704;
INSERT INTO player_team_game_play(player_id, team_id, game_id, play_id, seconds_start, seconds_end) VALUES(5449, 1646, 25010, 27704, 532, 532);
INSERT INTO lba.sub_play (play_id, seconds_da_start, player_made_id, team_made_id, game_made_id, player_suffered_id, team_suffered_id, game_suffered_id, shot_id, turnover_id, foul_id, rebound_defensive_01, rebound_offensive_01, assist_01, blocks_01, time_out_01, x, y)VALUES(27704, 4, 7462, 1646, 25010, 7406, 1649, 25010, NULL, NULL, 4, '', '', '', '', '', 84, 50);
INSERT INTO lba.sub_play (play_id, seconds_da_start, player_made_id, team_made_id, game_made_id, player_suffered_id, team_suffered_id, game_suffered_id, shot_id, turnover_id, foul_id, rebound_defensive_01, rebound_offensive_01, assist_01, blocks_01, time_out_01, x, y)VALUES(27704, 4, 7406, 1649, 25010, NULL, NULL, NULL, 5, NULL, NULL, '', '', '', '', '', NULL, NULL);
INSERT INTO lba.sub_play (play_id, seconds_da_start, player_made_id, team_made_id, game_made_id, player_suffered_id, team_suffered_id, game_suffered_id, shot_id, turnover_id, foul_id, rebound_defensive_01, rebound_offensive_01, assist_01, blocks_01, time_out_01, x, y)VALUES(27704, 4, 7406, 1649, 25010, NULL, NULL, NULL, 5, NULL, NULL, '', '', '', '', '', NULL, NULL);

INSERT INTO play(id, game_id, seconds_start, seconds_end, quarter, attack_home_01, score_home, score_guest)VALUES(27705, 25010, 532, 547, 1, '0', 26, 18);
INSERT INTO player_team_game_play(player_id, team_id, game_id, play_id, seconds_start, seconds_end) VALUES(4692, 1649, 25010, 27705, 532, 547);
INSERT INTO player_team_game_play(player_id, team_id, game_id, play_id, seconds_start, seconds_end) VALUES(2103, 1649, 25010, 27705, 532, 547);
INSERT INTO player_team_game_play(player_id, team_id, game_id, play_id, seconds_start, seconds_end) VALUES(7015, 1649, 25010, 27705, 532, 547);
INSERT INTO player_team_game_play(player_id, team_id, game_id, play_id, seconds_start, seconds_end) VALUES(7404, 1649, 25010, 27705, 532, 547);
INSERT INTO player_team_game_play(player_id, team_id, game_id, play_id, seconds_start, seconds_end) VALUES(7406, 1649, 25010, 27705, 532, 547);
INSERT INTO player_team_game_play(player_id, team_id, game_id, play_id, seconds_start, seconds_end) VALUES(418, 1646, 25010, 27705, 532, 547);
INSERT INTO player_team_game_play(player_id, team_id, game_id, play_id, seconds_start, seconds_end) VALUES(4162, 1646, 25010, 27705, 532, 547);
INSERT INTO player_team_game_play(player_id, team_id, game_id, play_id, seconds_start, seconds_end) VALUES(7462, 1646, 25010, 27705, 532, 547);
INSERT INTO player_team_game_play(player_id, team_id, game_id, play_id, seconds_start, seconds_end) VALUES(6328, 1646, 25010, 27705, 532, 547);
INSERT INTO player_team_game_play(player_id, team_id, game_id, play_id, seconds_start, seconds_end) VALUES(45, 1646, 25010, 27705, 532, 547);
UPDATE player_team_game_play SET seconds_end = 532 WHERE player_id = 4162 AND game_id = 25010 AND play_id = 27705;
INSERT INTO player_team_game_play(player_id, team_id, game_id, play_id, seconds_start, seconds_end) VALUES(5449, 1646, 25010, 27705, 532, 547);
INSERT INTO lba.sub_play (play_id, seconds_da_start, player_made_id, team_made_id, game_made_id, player_suffered_id, team_suffered_id, game_suffered_id, shot_id, turnover_id, foul_id, rebound_defensive_01, rebound_offensive_01, assist_01, blocks_01, time_out_01, x, y)VALUES(27705, 15, 45, 1646, 25010, NULL, NULL, NULL, 2, NULL, NULL, '', '', '', '', '', 9, 48);
INSERT INTO lba.sub_play (play_id, seconds_da_start, player_made_id, team_made_id, game_made_id, player_suffered_id, team_suffered_id, game_suffered_id, shot_id, turnover_id, foul_id, rebound_defensive_01, rebound_offensive_01, assist_01, blocks_01, time_out_01, x, y)VALUES(27705, 15, 4692, 1649, 25010, NULL, NULL, NULL, NULL, NULL, NULL, '1', '', '', '', '', 9, 48);

INSERT INTO play(id, game_id, seconds_start, seconds_end, quarter, attack_home_01, score_home, score_guest)VALUES(27706, 25010, 547, 558, 1, '1', 26, 18);
INSERT INTO player_team_game_play(player_id, team_id, game_id, play_id, seconds_start, seconds_end) VALUES(4692, 1649, 25010, 27706, 547, 558);
INSERT INTO player_team_game_play(player_id, team_id, game_id, play_id, seconds_start, seconds_end) VALUES(2103, 1649, 25010, 27706, 547, 558);
INSERT INTO player_team_game_play(player_id, team_id, game_id, play_id, seconds_start, seconds_end) VALUES(7015, 1649, 25010, 27706, 547, 558);
INSERT INTO player_team_game_play(player_id, team_id, game_id, play_id, seconds_start, seconds_end) VALUES(7404, 1649, 25010, 27706, 547, 558);
INSERT INTO player_team_game_play(player_id, team_id, game_id, play_id, seconds_start, seconds_end) VALUES(7406, 1649, 25010, 27706, 547, 558);
INSERT INTO player_team_game_play(player_id, team_id, game_id, play_id, seconds_start, seconds_end) VALUES(418, 1646, 25010, 27706, 547, 558);
INSERT INTO player_team_game_play(player_id, team_id, game_id, play_id, seconds_start, seconds_end) VALUES(7462, 1646, 25010, 27706, 547, 558);
INSERT INTO player_team_game_play(player_id, team_id, game_id, play_id, seconds_start, seconds_end) VALUES(6328, 1646, 25010, 27706, 547, 558);
INSERT INTO player_team_game_play(player_id, team_id, game_id, play_id, seconds_start, seconds_end) VALUES(5449, 1646, 25010, 27706, 547, 558);
INSERT INTO player_team_game_play(player_id, team_id, game_id, play_id, seconds_start, seconds_end) VALUES(45, 1646, 25010, 27706, 547, 558);
INSERT INTO lba.sub_play (play_id, seconds_da_start, player_made_id, team_made_id, game_made_id, player_suffered_id, team_suffered_id, game_suffered_id, shot_id, turnover_id, foul_id, rebound_defensive_01, rebound_offensive_01, assist_01, blocks_01, time_out_01, x, y)VALUES(27706, 11, 7404, 1649, 25010, 418, 1646, 25010, NULL, 2, NULL, '', '', '', '', '', 93, 55);

INSERT INTO play(id, game_id, seconds_start, seconds_end, quarter, attack_home_01, score_home, score_guest)VALUES(27707, 25010, 558, 572, 1, '0', 26, 19);
INSERT INTO player_team_game_play(player_id, team_id, game_id, play_id, seconds_start, seconds_end) VALUES(4692, 1649, 25010, 27707, 558, 572);
INSERT INTO player_team_game_play(player_id, team_id, game_id, play_id, seconds_start, seconds_end) VALUES(2103, 1649, 25010, 27707, 558, 572);
INSERT INTO player_team_game_play(player_id, team_id, game_id, play_id, seconds_start, seconds_end) VALUES(7015, 1649, 25010, 27707, 558, 572);
INSERT INTO player_team_game_play(player_id, team_id, game_id, play_id, seconds_start, seconds_end) VALUES(7404, 1649, 25010, 27707, 558, 572);
INSERT INTO player_team_game_play(player_id, team_id, game_id, play_id, seconds_start, seconds_end) VALUES(7406, 1649, 25010, 27707, 558, 572);
INSERT INTO player_team_game_play(player_id, team_id, game_id, play_id, seconds_start, seconds_end) VALUES(418, 1646, 25010, 27707, 558, 572);
INSERT INTO player_team_game_play(player_id, team_id, game_id, play_id, seconds_start, seconds_end) VALUES(7462, 1646, 25010, 27707, 558, 572);
INSERT INTO player_team_game_play(player_id, team_id, game_id, play_id, seconds_start, seconds_end) VALUES(6328, 1646, 25010, 27707, 558, 572);
INSERT INTO player_team_game_play(player_id, team_id, game_id, play_id, seconds_start, seconds_end) VALUES(5449, 1646, 25010, 27707, 558, 572);
INSERT INTO player_team_game_play(player_id, team_id, game_id, play_id, seconds_start, seconds_end) VALUES(45, 1646, 25010, 27707, 558, 572);
UPDATE player_team_game_play SET seconds_end = 572 WHERE player_id = 45 AND game_id = 25010 AND play_id = 27707;
INSERT INTO player_team_game_play(player_id, team_id, game_id, play_id, seconds_start, seconds_end) VALUES(1774, 1646, 25010, 27707, 572, 572);
INSERT INTO lba.sub_play (play_id, seconds_da_start, player_made_id, team_made_id, game_made_id, player_suffered_id, team_suffered_id, game_suffered_id, shot_id, turnover_id, foul_id, rebound_defensive_01, rebound_offensive_01, assist_01, blocks_01, time_out_01, x, y)VALUES(27707, 14, 4692, 1649, 25010, 6328, 1646, 25010, NULL, NULL, 1, '', '', '', '', '', 5, 32);
INSERT INTO lba.sub_play (play_id, seconds_da_start, player_made_id, team_made_id, game_made_id, player_suffered_id, team_suffered_id, game_suffered_id, shot_id, turnover_id, foul_id, rebound_defensive_01, rebound_offensive_01, assist_01, blocks_01, time_out_01, x, y)VALUES(27707, 14, 6328, 1646, 25010, NULL, NULL, NULL, 6, NULL, NULL, '', '', '', '', '', NULL, NULL);
INSERT INTO lba.sub_play (play_id, seconds_da_start, player_made_id, team_made_id, game_made_id, player_suffered_id, team_suffered_id, game_suffered_id, shot_id, turnover_id, foul_id, rebound_defensive_01, rebound_offensive_01, assist_01, blocks_01, time_out_01, x, y)VALUES(27707, 14, 6328, 1646, 25010, NULL, NULL, NULL, 5, NULL, NULL, '', '', '', '', '', NULL, NULL);

INSERT INTO play(id, game_id, seconds_start, seconds_end, quarter, attack_home_01, score_home, score_guest)VALUES(27708, 25010, 572, 593, 1, '1', 29, 19);
INSERT INTO player_team_game_play(player_id, team_id, game_id, play_id, seconds_start, seconds_end) VALUES(4692, 1649, 25010, 27708, 572, 593);
INSERT INTO player_team_game_play(player_id, team_id, game_id, play_id, seconds_start, seconds_end) VALUES(2103, 1649, 25010, 27708, 572, 593);
INSERT INTO player_team_game_play(player_id, team_id, game_id, play_id, seconds_start, seconds_end) VALUES(7015, 1649, 25010, 27708, 572, 593);
INSERT INTO player_team_game_play(player_id, team_id, game_id, play_id, seconds_start, seconds_end) VALUES(7404, 1649, 25010, 27708, 572, 593);
INSERT INTO player_team_game_play(player_id, team_id, game_id, play_id, seconds_start, seconds_end) VALUES(7406, 1649, 25010, 27708, 572, 593);
INSERT INTO player_team_game_play(player_id, team_id, game_id, play_id, seconds_start, seconds_end) VALUES(418, 1646, 25010, 27708, 572, 593);
INSERT INTO player_team_game_play(player_id, team_id, game_id, play_id, seconds_start, seconds_end) VALUES(7462, 1646, 25010, 27708, 572, 593);
INSERT INTO player_team_game_play(player_id, team_id, game_id, play_id, seconds_start, seconds_end) VALUES(6328, 1646, 25010, 27708, 572, 593);
INSERT INTO player_team_game_play(player_id, team_id, game_id, play_id, seconds_start, seconds_end) VALUES(5449, 1646, 25010, 27708, 572, 593);
INSERT INTO player_team_game_play(player_id, team_id, game_id, play_id, seconds_start, seconds_end) VALUES(45, 1646, 25010, 27708, 572, 593);
UPDATE player_team_game_play SET seconds_end = 572 WHERE player_id = 45 AND game_id = 25010 AND play_id = 27708;
INSERT INTO player_team_game_play(player_id, team_id, game_id, play_id, seconds_start, seconds_end) VALUES(1774, 1646, 25010, 27708, 572, 593);
INSERT INTO lba.sub_play (play_id, seconds_da_start, player_made_id, team_made_id, game_made_id, player_suffered_id, team_suffered_id, game_suffered_id, shot_id, turnover_id, foul_id, rebound_defensive_01, rebound_offensive_01, assist_01, blocks_01, time_out_01, x, y)VALUES(27708, 21, 7406, 1649, 25010, NULL, NULL, NULL, 3, NULL, NULL, '', '', '', '', '', 67, 55);

INSERT INTO play(id, game_id, seconds_start, seconds_end, quarter, attack_home_01, score_home, score_guest)VALUES(27709, 25010, 593, 599, 1, '0', 29, 19);
INSERT INTO player_team_game_play(player_id, team_id, game_id, play_id, seconds_start, seconds_end) VALUES(4692, 1649, 25010, 27709, 593, 599);
INSERT INTO player_team_game_play(player_id, team_id, game_id, play_id, seconds_start, seconds_end) VALUES(2103, 1649, 25010, 27709, 593, 599);
INSERT INTO player_team_game_play(player_id, team_id, game_id, play_id, seconds_start, seconds_end) VALUES(7015, 1649, 25010, 27709, 593, 599);
INSERT INTO player_team_game_play(player_id, team_id, game_id, play_id, seconds_start, seconds_end) VALUES(7404, 1649, 25010, 27709, 593, 599);
INSERT INTO player_team_game_play(player_id, team_id, game_id, play_id, seconds_start, seconds_end) VALUES(7406, 1649, 25010, 27709, 593, 599);
INSERT INTO player_team_game_play(player_id, team_id, game_id, play_id, seconds_start, seconds_end) VALUES(418, 1646, 25010, 27709, 593, 599);
INSERT INTO player_team_game_play(player_id, team_id, game_id, play_id, seconds_start, seconds_end) VALUES(7462, 1646, 25010, 27709, 593, 599);
INSERT INTO player_team_game_play(player_id, team_id, game_id, play_id, seconds_start, seconds_end) VALUES(6328, 1646, 25010, 27709, 593, 599);
INSERT INTO player_team_game_play(player_id, team_id, game_id, play_id, seconds_start, seconds_end) VALUES(5449, 1646, 25010, 27709, 593, 599);
INSERT INTO player_team_game_play(player_id, team_id, game_id, play_id, seconds_start, seconds_end) VALUES(1774, 1646, 25010, 27709, 593, 599);
INSERT INTO lba.sub_play (play_id, seconds_da_start, player_made_id, team_made_id, game_made_id, player_suffered_id, team_suffered_id, game_suffered_id, shot_id, turnover_id, foul_id, rebound_defensive_01, rebound_offensive_01, assist_01, blocks_01, time_out_01, x, y)VALUES(27709, 6, 7462, 1646, 25010, NULL, NULL, NULL, 4, NULL, NULL, '', '', '', '', '', 44, 13);
INSERT INTO lba.sub_play (play_id, seconds_da_start, player_made_id, team_made_id, game_made_id, player_suffered_id, team_suffered_id, game_suffered_id, shot_id, turnover_id, foul_id, rebound_defensive_01, rebound_offensive_01, assist_01, blocks_01, time_out_01, x, y)VALUES(27709, 6, 7406, 1649, 25010, NULL, NULL, NULL, NULL, NULL, NULL, '1', '', '', '', '', 44, 13);

INSERT INTO play(id, game_id, seconds_start, seconds_end, quarter, attack_home_01, score_home, score_guest)VALUES(27710, 25010, 599, 623, 2, '1', 29, 19);
INSERT INTO player_team_game_play(player_id, team_id, game_id, play_id, seconds_start, seconds_end) VALUES(4692, 1649, 25010, 27710, 599, 623);
INSERT INTO player_team_game_play(player_id, team_id, game_id, play_id, seconds_start, seconds_end) VALUES(2103, 1649, 25010, 27710, 599, 623);
INSERT INTO player_team_game_play(player_id, team_id, game_id, play_id, seconds_start, seconds_end) VALUES(7015, 1649, 25010, 27710, 599, 623);
INSERT INTO player_team_game_play(player_id, team_id, game_id, play_id, seconds_start, seconds_end) VALUES(7404, 1649, 25010, 27710, 599, 623);
INSERT INTO player_team_game_play(player_id, team_id, game_id, play_id, seconds_start, seconds_end) VALUES(7406, 1649, 25010, 27710, 599, 623);
INSERT INTO player_team_game_play(player_id, team_id, game_id, play_id, seconds_start, seconds_end) VALUES(418, 1646, 25010, 27710, 599, 623);
INSERT INTO player_team_game_play(player_id, team_id, game_id, play_id, seconds_start, seconds_end) VALUES(7462, 1646, 25010, 27710, 599, 623);
INSERT INTO player_team_game_play(player_id, team_id, game_id, play_id, seconds_start, seconds_end) VALUES(6328, 1646, 25010, 27710, 599, 623);
INSERT INTO player_team_game_play(player_id, team_id, game_id, play_id, seconds_start, seconds_end) VALUES(5449, 1646, 25010, 27710, 599, 623);
INSERT INTO player_team_game_play(player_id, team_id, game_id, play_id, seconds_start, seconds_end) VALUES(1774, 1646, 25010, 27710, 599, 623);
UPDATE player_team_game_play SET seconds_end = 600 WHERE player_id = 7462 AND game_id = 25010 AND play_id = 27710;
INSERT INTO player_team_game_play(player_id, team_id, game_id, play_id, seconds_start, seconds_end) VALUES(2608, 1646, 25010, 27710, 600, 623);
INSERT INTO lba.sub_play (play_id, seconds_da_start, player_made_id, team_made_id, game_made_id, player_suffered_id, team_suffered_id, game_suffered_id, shot_id, turnover_id, foul_id, rebound_defensive_01, rebound_offensive_01, assist_01, blocks_01, time_out_01, x, y)VALUES(27710, 24, 7406, 1649, 25010, NULL, NULL, NULL, 4, NULL, NULL, '', '', '', '', '', 79, 90);
INSERT INTO lba.sub_play (play_id, seconds_da_start, player_made_id, team_made_id, game_made_id, player_suffered_id, team_suffered_id, game_suffered_id, shot_id, turnover_id, foul_id, rebound_defensive_01, rebound_offensive_01, assist_01, blocks_01, time_out_01, x, y)VALUES(27710, 24, 6328, 1646, 25010, NULL, NULL, NULL, NULL, NULL, NULL, '1', '', '', '', '', 79, 90);

INSERT INTO play(id, game_id, seconds_start, seconds_end, quarter, attack_home_01, score_home, score_guest)VALUES(27711, 25010, 623, 649, 2, '0', 29, 19);
INSERT INTO player_team_game_play(player_id, team_id, game_id, play_id, seconds_start, seconds_end) VALUES(4692, 1649, 25010, 27711, 623, 649);
INSERT INTO player_team_game_play(player_id, team_id, game_id, play_id, seconds_start, seconds_end) VALUES(2103, 1649, 25010, 27711, 623, 649);
INSERT INTO player_team_game_play(player_id, team_id, game_id, play_id, seconds_start, seconds_end) VALUES(7015, 1649, 25010, 27711, 623, 649);
INSERT INTO player_team_game_play(player_id, team_id, game_id, play_id, seconds_start, seconds_end) VALUES(7404, 1649, 25010, 27711, 623, 649);
INSERT INTO player_team_game_play(player_id, team_id, game_id, play_id, seconds_start, seconds_end) VALUES(7406, 1649, 25010, 27711, 623, 649);
INSERT INTO player_team_game_play(player_id, team_id, game_id, play_id, seconds_start, seconds_end) VALUES(2608, 1646, 25010, 27711, 623, 649);
INSERT INTO player_team_game_play(player_id, team_id, game_id, play_id, seconds_start, seconds_end) VALUES(418, 1646, 25010, 27711, 623, 649);
INSERT INTO player_team_game_play(player_id, team_id, game_id, play_id, seconds_start, seconds_end) VALUES(6328, 1646, 25010, 27711, 623, 649);
INSERT INTO player_team_game_play(player_id, team_id, game_id, play_id, seconds_start, seconds_end) VALUES(5449, 1646, 25010, 27711, 623, 649);
INSERT INTO player_team_game_play(player_id, team_id, game_id, play_id, seconds_start, seconds_end) VALUES(1774, 1646, 25010, 27711, 623, 649);
UPDATE player_team_game_play SET seconds_end = 649 WHERE player_id = 7404 AND game_id = 25010 AND play_id = 27711;
INSERT INTO player_team_game_play(player_id, team_id, game_id, play_id, seconds_start, seconds_end) VALUES(5568, 1649, 25010, 27711, 649, 649);

INSERT INTO play(id, game_id, seconds_start, seconds_end, quarter, attack_home_01, score_home, score_guest)VALUES(27712, 25010, 649, 666, 2, '1', 31, 19);
INSERT INTO player_team_game_play(player_id, team_id, game_id, play_id, seconds_start, seconds_end) VALUES(4692, 1649, 25010, 27712, 649, 666);
INSERT INTO player_team_game_play(player_id, team_id, game_id, play_id, seconds_start, seconds_end) VALUES(2103, 1649, 25010, 27712, 649, 666);
INSERT INTO player_team_game_play(player_id, team_id, game_id, play_id, seconds_start, seconds_end) VALUES(7015, 1649, 25010, 27712, 649, 666);
INSERT INTO player_team_game_play(player_id, team_id, game_id, play_id, seconds_start, seconds_end) VALUES(7404, 1649, 25010, 27712, 649, 666);
INSERT INTO player_team_game_play(player_id, team_id, game_id, play_id, seconds_start, seconds_end) VALUES(7406, 1649, 25010, 27712, 649, 666);
INSERT INTO player_team_game_play(player_id, team_id, game_id, play_id, seconds_start, seconds_end) VALUES(2608, 1646, 25010, 27712, 649, 666);
INSERT INTO player_team_game_play(player_id, team_id, game_id, play_id, seconds_start, seconds_end) VALUES(418, 1646, 25010, 27712, 649, 666);
INSERT INTO player_team_game_play(player_id, team_id, game_id, play_id, seconds_start, seconds_end) VALUES(6328, 1646, 25010, 27712, 649, 666);
INSERT INTO player_team_game_play(player_id, team_id, game_id, play_id, seconds_start, seconds_end) VALUES(5449, 1646, 25010, 27712, 649, 666);
INSERT INTO player_team_game_play(player_id, team_id, game_id, play_id, seconds_start, seconds_end) VALUES(1774, 1646, 25010, 27712, 649, 666);
UPDATE player_team_game_play SET seconds_end = 649 WHERE player_id = 7404 AND game_id = 25010 AND play_id = 27712;
INSERT INTO player_team_game_play(player_id, team_id, game_id, play_id, seconds_start, seconds_end) VALUES(5568, 1649, 25010, 27712, 649, 666);
INSERT INTO lba.sub_play (play_id, seconds_da_start, player_made_id, team_made_id, game_made_id, player_suffered_id, team_suffered_id, game_suffered_id, shot_id, turnover_id, foul_id, rebound_defensive_01, rebound_offensive_01, assist_01, blocks_01, time_out_01, x, y)VALUES(27712, 17, 7015, 1649, 25010, NULL, NULL, NULL, 1, NULL, NULL, '', '', '', '', '', 94, 19);
INSERT INTO lba.sub_play (play_id, seconds_da_start, player_made_id, team_made_id, game_made_id, player_suffered_id, team_suffered_id, game_suffered_id, shot_id, turnover_id, foul_id, rebound_defensive_01, rebound_offensive_01, assist_01, blocks_01, time_out_01, x, y)VALUES(27712, 17, 7406, 1649, 25010, NULL, NULL, NULL, NULL, NULL, NULL, '', '', '1', '', '', 94, 19);

INSERT INTO play(id, game_id, seconds_start, seconds_end, quarter, attack_home_01, score_home, score_guest)VALUES(27713, 25010, 666, 685, 2, '0', 31, 21);
INSERT INTO player_team_game_play(player_id, team_id, game_id, play_id, seconds_start, seconds_end) VALUES(5568, 1649, 25010, 27713, 666, 685);
INSERT INTO player_team_game_play(player_id, team_id, game_id, play_id, seconds_start, seconds_end) VALUES(4692, 1649, 25010, 27713, 666, 685);
INSERT INTO player_team_game_play(player_id, team_id, game_id, play_id, seconds_start, seconds_end) VALUES(2103, 1649, 25010, 27713, 666, 685);
INSERT INTO player_team_game_play(player_id, team_id, game_id, play_id, seconds_start, seconds_end) VALUES(7015, 1649, 25010, 27713, 666, 685);
INSERT INTO player_team_game_play(player_id, team_id, game_id, play_id, seconds_start, seconds_end) VALUES(7406, 1649, 25010, 27713, 666, 685);
INSERT INTO player_team_game_play(player_id, team_id, game_id, play_id, seconds_start, seconds_end) VALUES(2608, 1646, 25010, 27713, 666, 685);
INSERT INTO player_team_game_play(player_id, team_id, game_id, play_id, seconds_start, seconds_end) VALUES(418, 1646, 25010, 27713, 666, 685);
INSERT INTO player_team_game_play(player_id, team_id, game_id, play_id, seconds_start, seconds_end) VALUES(6328, 1646, 25010, 27713, 666, 685);
INSERT INTO player_team_game_play(player_id, team_id, game_id, play_id, seconds_start, seconds_end) VALUES(5449, 1646, 25010, 27713, 666, 685);
INSERT INTO player_team_game_play(player_id, team_id, game_id, play_id, seconds_start, seconds_end) VALUES(1774, 1646, 25010, 27713, 666, 685);
INSERT INTO lba.sub_play (play_id, seconds_da_start, player_made_id, team_made_id, game_made_id, player_suffered_id, team_suffered_id, game_suffered_id, shot_id, turnover_id, foul_id, rebound_defensive_01, rebound_offensive_01, assist_01, blocks_01, time_out_01, x, y)VALUES(27713, 19, 6328, 1646, 25010, NULL, NULL, NULL, 1, NULL, NULL, '', '', '', '', '', 5, 50);
INSERT INTO lba.sub_play (play_id, seconds_da_start, player_made_id, team_made_id, game_made_id, player_suffered_id, team_suffered_id, game_suffered_id, shot_id, turnover_id, foul_id, rebound_defensive_01, rebound_offensive_01, assist_01, blocks_01, time_out_01, x, y)VALUES(27713, 19, 5449, 1646, 25010, NULL, NULL, NULL, NULL, NULL, NULL, '', '', '1', '', '', 5, 50);

INSERT INTO play(id, game_id, seconds_start, seconds_end, quarter, attack_home_01, score_home, score_guest)VALUES(27714, 25010, 685, 708, 2, '1', 33, 21);
INSERT INTO player_team_game_play(player_id, team_id, game_id, play_id, seconds_start, seconds_end) VALUES(5568, 1649, 25010, 27714, 685, 708);
INSERT INTO player_team_game_play(player_id, team_id, game_id, play_id, seconds_start, seconds_end) VALUES(4692, 1649, 25010, 27714, 685, 708);
INSERT INTO player_team_game_play(player_id, team_id, game_id, play_id, seconds_start, seconds_end) VALUES(2103, 1649, 25010, 27714, 685, 708);
INSERT INTO player_team_game_play(player_id, team_id, game_id, play_id, seconds_start, seconds_end) VALUES(7015, 1649, 25010, 27714, 685, 708);
INSERT INTO player_team_game_play(player_id, team_id, game_id, play_id, seconds_start, seconds_end) VALUES(7406, 1649, 25010, 27714, 685, 708);
INSERT INTO player_team_game_play(player_id, team_id, game_id, play_id, seconds_start, seconds_end) VALUES(2608, 1646, 25010, 27714, 685, 708);
INSERT INTO player_team_game_play(player_id, team_id, game_id, play_id, seconds_start, seconds_end) VALUES(418, 1646, 25010, 27714, 685, 708);
INSERT INTO player_team_game_play(player_id, team_id, game_id, play_id, seconds_start, seconds_end) VALUES(6328, 1646, 25010, 27714, 685, 708);
INSERT INTO player_team_game_play(player_id, team_id, game_id, play_id, seconds_start, seconds_end) VALUES(5449, 1646, 25010, 27714, 685, 708);
INSERT INTO player_team_game_play(player_id, team_id, game_id, play_id, seconds_start, seconds_end) VALUES(1774, 1646, 25010, 27714, 685, 708);
INSERT INTO lba.sub_play (play_id, seconds_da_start, player_made_id, team_made_id, game_made_id, player_suffered_id, team_suffered_id, game_suffered_id, shot_id, turnover_id, foul_id, rebound_defensive_01, rebound_offensive_01, assist_01, blocks_01, time_out_01, x, y)VALUES(27714, 23, 7406, 1649, 25010, NULL, NULL, NULL, 1, NULL, NULL, '', '', '', '', '', 93, 47);
INSERT INTO lba.sub_play (play_id, seconds_da_start, player_made_id, team_made_id, game_made_id, player_suffered_id, team_suffered_id, game_suffered_id, shot_id, turnover_id, foul_id, rebound_defensive_01, rebound_offensive_01, assist_01, blocks_01, time_out_01, x, y)VALUES(27714, 23, 7015, 1649, 25010, NULL, NULL, NULL, NULL, NULL, NULL, '', '', '1', '', '', 93, 47);

INSERT INTO play(id, game_id, seconds_start, seconds_end, quarter, attack_home_01, score_home, score_guest)VALUES(27715, 25010, 708, 733, 2, '0', 33, 21);
INSERT INTO player_team_game_play(player_id, team_id, game_id, play_id, seconds_start, seconds_end) VALUES(5568, 1649, 25010, 27715, 708, 733);
INSERT INTO player_team_game_play(player_id, team_id, game_id, play_id, seconds_start, seconds_end) VALUES(4692, 1649, 25010, 27715, 708, 733);
INSERT INTO player_team_game_play(player_id, team_id, game_id, play_id, seconds_start, seconds_end) VALUES(2103, 1649, 25010, 27715, 708, 733);
INSERT INTO player_team_game_play(player_id, team_id, game_id, play_id, seconds_start, seconds_end) VALUES(7015, 1649, 25010, 27715, 708, 733);
INSERT INTO player_team_game_play(player_id, team_id, game_id, play_id, seconds_start, seconds_end) VALUES(7406, 1649, 25010, 27715, 708, 733);
INSERT INTO player_team_game_play(player_id, team_id, game_id, play_id, seconds_start, seconds_end) VALUES(2608, 1646, 25010, 27715, 708, 733);
INSERT INTO player_team_game_play(player_id, team_id, game_id, play_id, seconds_start, seconds_end) VALUES(418, 1646, 25010, 27715, 708, 733);
INSERT INTO player_team_game_play(player_id, team_id, game_id, play_id, seconds_start, seconds_end) VALUES(6328, 1646, 25010, 27715, 708, 733);
INSERT INTO player_team_game_play(player_id, team_id, game_id, play_id, seconds_start, seconds_end) VALUES(5449, 1646, 25010, 27715, 708, 733);
INSERT INTO player_team_game_play(player_id, team_id, game_id, play_id, seconds_start, seconds_end) VALUES(1774, 1646, 25010, 27715, 708, 733);
UPDATE player_team_game_play SET seconds_end = 732 WHERE player_id = 4692 AND game_id = 25010 AND play_id = 27715;
UPDATE player_team_game_play SET seconds_end = 732 WHERE player_id = 7015 AND game_id = 25010 AND play_id = 27715;
INSERT INTO player_team_game_play(player_id, team_id, game_id, play_id, seconds_start, seconds_end) VALUES(3176, 1649, 25010, 27715, 732, 733);
INSERT INTO player_team_game_play(player_id, team_id, game_id, play_id, seconds_start, seconds_end) VALUES(1775, 1649, 25010, 27715, 732, 733);
UPDATE player_team_game_play SET seconds_end = 732 WHERE player_id = 2608 AND game_id = 25010 AND play_id = 27715;
UPDATE player_team_game_play SET seconds_end = 732 WHERE player_id = 1774 AND game_id = 25010 AND play_id = 27715;
UPDATE player_team_game_play SET seconds_end = 732 WHERE player_id = 6328 AND game_id = 25010 AND play_id = 27715;
INSERT INTO player_team_game_play(player_id, team_id, game_id, play_id, seconds_start, seconds_end) VALUES(7314, 1646, 25010, 27715, 732, 733);
INSERT INTO player_team_game_play(player_id, team_id, game_id, play_id, seconds_start, seconds_end) VALUES(45, 1646, 25010, 27715, 732, 733);
INSERT INTO player_team_game_play(player_id, team_id, game_id, play_id, seconds_start, seconds_end) VALUES(6223, 1646, 25010, 27715, 732, 733);
INSERT INTO lba.sub_play (play_id, seconds_da_start, player_made_id, team_made_id, game_made_id, player_suffered_id, team_suffered_id, game_suffered_id, shot_id, turnover_id, foul_id, rebound_defensive_01, rebound_offensive_01, assist_01, blocks_01, time_out_01, x, y)VALUES(27715, 24, 7406, 1649, 25010, 6328, 1646, 25010, NULL, NULL, 1, '', '', '', '', '', 17, 70);
INSERT INTO lba.sub_play (play_id, seconds_da_start, player_made_id, team_made_id, game_made_id, player_suffered_id, team_suffered_id, game_suffered_id, shot_id, turnover_id, foul_id, rebound_defensive_01, rebound_offensive_01, assist_01, blocks_01, time_out_01, x, y)VALUES(27715, 25, 7314, 1646, 25010, 3176, 1649, 25010, NULL, NULL, 7, '', '', '', '', '', 10, 54);
INSERT INTO lba.sub_play (play_id, seconds_da_start, player_made_id, team_made_id, game_made_id, player_suffered_id, team_suffered_id, game_suffered_id, shot_id, turnover_id, foul_id, rebound_defensive_01, rebound_offensive_01, assist_01, blocks_01, time_out_01, x, y)VALUES(27715, 25, 7314, 1646, 25010, NULL, NULL, NULL, NULL, 13, NULL, '', '', '', '', '', 10, 54);

INSERT INTO play(id, game_id, seconds_start, seconds_end, quarter, attack_home_01, score_home, score_guest)VALUES(27716, 25010, 733, 749, 2, '1', 33, 21);
INSERT INTO player_team_game_play(player_id, team_id, game_id, play_id, seconds_start, seconds_end) VALUES(5568, 1649, 25010, 27716, 733, 749);
INSERT INTO player_team_game_play(player_id, team_id, game_id, play_id, seconds_start, seconds_end) VALUES(2103, 1649, 25010, 27716, 733, 749);
INSERT INTO player_team_game_play(player_id, team_id, game_id, play_id, seconds_start, seconds_end) VALUES(3176, 1649, 25010, 27716, 733, 749);
INSERT INTO player_team_game_play(player_id, team_id, game_id, play_id, seconds_start, seconds_end) VALUES(7406, 1649, 25010, 27716, 733, 749);
INSERT INTO player_team_game_play(player_id, team_id, game_id, play_id, seconds_start, seconds_end) VALUES(1775, 1649, 25010, 27716, 733, 749);
INSERT INTO player_team_game_play(player_id, team_id, game_id, play_id, seconds_start, seconds_end) VALUES(418, 1646, 25010, 27716, 733, 749);
INSERT INTO player_team_game_play(player_id, team_id, game_id, play_id, seconds_start, seconds_end) VALUES(7314, 1646, 25010, 27716, 733, 749);
INSERT INTO player_team_game_play(player_id, team_id, game_id, play_id, seconds_start, seconds_end) VALUES(5449, 1646, 25010, 27716, 733, 749);
INSERT INTO player_team_game_play(player_id, team_id, game_id, play_id, seconds_start, seconds_end) VALUES(45, 1646, 25010, 27716, 733, 749);
INSERT INTO player_team_game_play(player_id, team_id, game_id, play_id, seconds_start, seconds_end) VALUES(6223, 1646, 25010, 27716, 733, 749);
INSERT INTO lba.sub_play (play_id, seconds_da_start, player_made_id, team_made_id, game_made_id, player_suffered_id, team_suffered_id, game_suffered_id, shot_id, turnover_id, foul_id, rebound_defensive_01, rebound_offensive_01, assist_01, blocks_01, time_out_01, x, y)VALUES(27716, 16, 7406, 1649, 25010, NULL, NULL, NULL, 2, NULL, NULL, '', '', '', '', '', 77, 64);
INSERT INTO lba.sub_play (play_id, seconds_da_start, player_made_id, team_made_id, game_made_id, player_suffered_id, team_suffered_id, game_suffered_id, shot_id, turnover_id, foul_id, rebound_defensive_01, rebound_offensive_01, assist_01, blocks_01, time_out_01, x, y)VALUES(27716, 16, 5449, 1646, 25010, NULL, NULL, NULL, NULL, NULL, NULL, '1', '', '', '', '', 77, 64);

INSERT INTO play(id, game_id, seconds_start, seconds_end, quarter, attack_home_01, score_home, score_guest)VALUES(27717, 25010, 749, 773, 2, '0', 33, 24);
INSERT INTO player_team_game_play(player_id, team_id, game_id, play_id, seconds_start, seconds_end) VALUES(5568, 1649, 25010, 27717, 749, 773);
INSERT INTO player_team_game_play(player_id, team_id, game_id, play_id, seconds_start, seconds_end) VALUES(2103, 1649, 25010, 27717, 749, 773);
INSERT INTO player_team_game_play(player_id, team_id, game_id, play_id, seconds_start, seconds_end) VALUES(3176, 1649, 25010, 27717, 749, 773);
INSERT INTO player_team_game_play(player_id, team_id, game_id, play_id, seconds_start, seconds_end) VALUES(7406, 1649, 25010, 27717, 749, 773);
INSERT INTO player_team_game_play(player_id, team_id, game_id, play_id, seconds_start, seconds_end) VALUES(1775, 1649, 25010, 27717, 749, 773);
INSERT INTO player_team_game_play(player_id, team_id, game_id, play_id, seconds_start, seconds_end) VALUES(418, 1646, 25010, 27717, 749, 773);
INSERT INTO player_team_game_play(player_id, team_id, game_id, play_id, seconds_start, seconds_end) VALUES(7314, 1646, 25010, 27717, 749, 773);
INSERT INTO player_team_game_play(player_id, team_id, game_id, play_id, seconds_start, seconds_end) VALUES(5449, 1646, 25010, 27717, 749, 773);
INSERT INTO player_team_game_play(player_id, team_id, game_id, play_id, seconds_start, seconds_end) VALUES(45, 1646, 25010, 27717, 749, 773);
INSERT INTO player_team_game_play(player_id, team_id, game_id, play_id, seconds_start, seconds_end) VALUES(6223, 1646, 25010, 27717, 749, 773);
INSERT INTO lba.sub_play (play_id, seconds_da_start, player_made_id, team_made_id, game_made_id, player_suffered_id, team_suffered_id, game_suffered_id, shot_id, turnover_id, foul_id, rebound_defensive_01, rebound_offensive_01, assist_01, blocks_01, time_out_01, x, y)VALUES(27717, 6, 2103, 1649, 25010, 5449, 1646, 25010, NULL, NULL, 1, '', '', '', '', '', 38, 44);
INSERT INTO lba.sub_play (play_id, seconds_da_start, player_made_id, team_made_id, game_made_id, player_suffered_id, team_suffered_id, game_suffered_id, shot_id, turnover_id, foul_id, rebound_defensive_01, rebound_offensive_01, assist_01, blocks_01, time_out_01, x, y)VALUES(27717, 24, 5449, 1646, 25010, NULL, NULL, NULL, 3, NULL, NULL, '', '', '', '', '', 3, 3);
INSERT INTO lba.sub_play (play_id, seconds_da_start, player_made_id, team_made_id, game_made_id, player_suffered_id, team_suffered_id, game_suffered_id, shot_id, turnover_id, foul_id, rebound_defensive_01, rebound_offensive_01, assist_01, blocks_01, time_out_01, x, y)VALUES(27717, 24, 418, 1646, 25010, NULL, NULL, NULL, NULL, NULL, NULL, '', '', '1', '', '', 3, 3);

INSERT INTO play(id, game_id, seconds_start, seconds_end, quarter, attack_home_01, score_home, score_guest)VALUES(27718, 25010, 773, 800, 2, '1', 33, 24);
INSERT INTO player_team_game_play(player_id, team_id, game_id, play_id, seconds_start, seconds_end) VALUES(5568, 1649, 25010, 27718, 773, 800);
INSERT INTO player_team_game_play(player_id, team_id, game_id, play_id, seconds_start, seconds_end) VALUES(2103, 1649, 25010, 27718, 773, 800);
INSERT INTO player_team_game_play(player_id, team_id, game_id, play_id, seconds_start, seconds_end) VALUES(3176, 1649, 25010, 27718, 773, 800);
INSERT INTO player_team_game_play(player_id, team_id, game_id, play_id, seconds_start, seconds_end) VALUES(7406, 1649, 25010, 27718, 773, 800);
INSERT INTO player_team_game_play(player_id, team_id, game_id, play_id, seconds_start, seconds_end) VALUES(1775, 1649, 25010, 27718, 773, 800);
INSERT INTO player_team_game_play(player_id, team_id, game_id, play_id, seconds_start, seconds_end) VALUES(418, 1646, 25010, 27718, 773, 800);
INSERT INTO player_team_game_play(player_id, team_id, game_id, play_id, seconds_start, seconds_end) VALUES(7314, 1646, 25010, 27718, 773, 800);
INSERT INTO player_team_game_play(player_id, team_id, game_id, play_id, seconds_start, seconds_end) VALUES(5449, 1646, 25010, 27718, 773, 800);
INSERT INTO player_team_game_play(player_id, team_id, game_id, play_id, seconds_start, seconds_end) VALUES(45, 1646, 25010, 27718, 773, 800);
INSERT INTO player_team_game_play(player_id, team_id, game_id, play_id, seconds_start, seconds_end) VALUES(6223, 1646, 25010, 27718, 773, 800);
INSERT INTO lba.sub_play (play_id, seconds_da_start, player_made_id, team_made_id, game_made_id, player_suffered_id, team_suffered_id, game_suffered_id, shot_id, turnover_id, foul_id, rebound_defensive_01, rebound_offensive_01, assist_01, blocks_01, time_out_01, x, y)VALUES(27718, 27, 3176, 1649, 25010, NULL, NULL, NULL, 2, NULL, NULL, '', '', '', '', '', 88, 66);
INSERT INTO lba.sub_play (play_id, seconds_da_start, player_made_id, team_made_id, game_made_id, player_suffered_id, team_suffered_id, game_suffered_id, shot_id, turnover_id, foul_id, rebound_defensive_01, rebound_offensive_01, assist_01, blocks_01, time_out_01, x, y)VALUES(27718, 27, 5449, 1646, 25010, NULL, NULL, NULL, NULL, NULL, NULL, '1', '', '', '', '', 88, 66);

INSERT INTO play(id, game_id, seconds_start, seconds_end, quarter, attack_home_01, score_home, score_guest)VALUES(27719, 25010, 800, 813, 2, '0', 33, 26);
INSERT INTO player_team_game_play(player_id, team_id, game_id, play_id, seconds_start, seconds_end) VALUES(5568, 1649, 25010, 27719, 800, 813);
INSERT INTO player_team_game_play(player_id, team_id, game_id, play_id, seconds_start, seconds_end) VALUES(2103, 1649, 25010, 27719, 800, 813);
INSERT INTO player_team_game_play(player_id, team_id, game_id, play_id, seconds_start, seconds_end) VALUES(3176, 1649, 25010, 27719, 800, 813);
INSERT INTO player_team_game_play(player_id, team_id, game_id, play_id, seconds_start, seconds_end) VALUES(7406, 1649, 25010, 27719, 800, 813);
INSERT INTO player_team_game_play(player_id, team_id, game_id, play_id, seconds_start, seconds_end) VALUES(1775, 1649, 25010, 27719, 800, 813);
INSERT INTO player_team_game_play(player_id, team_id, game_id, play_id, seconds_start, seconds_end) VALUES(418, 1646, 25010, 27719, 800, 813);
INSERT INTO player_team_game_play(player_id, team_id, game_id, play_id, seconds_start, seconds_end) VALUES(7314, 1646, 25010, 27719, 800, 813);
INSERT INTO player_team_game_play(player_id, team_id, game_id, play_id, seconds_start, seconds_end) VALUES(5449, 1646, 25010, 27719, 800, 813);
INSERT INTO player_team_game_play(player_id, team_id, game_id, play_id, seconds_start, seconds_end) VALUES(45, 1646, 25010, 27719, 800, 813);
INSERT INTO player_team_game_play(player_id, team_id, game_id, play_id, seconds_start, seconds_end) VALUES(6223, 1646, 25010, 27719, 800, 813);
UPDATE player_team_game_play SET seconds_end = 813 WHERE player_id = 7406 AND game_id = 25010 AND play_id = 27719;
UPDATE player_team_game_play SET seconds_end = 813 WHERE player_id = 2103 AND game_id = 25010 AND play_id = 27719;
INSERT INTO player_team_game_play(player_id, team_id, game_id, play_id, seconds_start, seconds_end) VALUES(6138, 1649, 25010, 27719, 813, 813);
INSERT INTO player_team_game_play(player_id, team_id, game_id, play_id, seconds_start, seconds_end) VALUES(5150, 1649, 25010, 27719, 813, 813);
INSERT INTO lba.sub_play (play_id, seconds_da_start, player_made_id, team_made_id, game_made_id, player_suffered_id, team_suffered_id, game_suffered_id, shot_id, turnover_id, foul_id, rebound_defensive_01, rebound_offensive_01, assist_01, blocks_01, time_out_01, x, y)VALUES(27719, 13, 1775, 1649, 25010, 7314, 1646, 25010, NULL, NULL, 4, '', '', '', '', '', 7, 41);
INSERT INTO lba.sub_play (play_id, seconds_da_start, player_made_id, team_made_id, game_made_id, player_suffered_id, team_suffered_id, game_suffered_id, shot_id, turnover_id, foul_id, rebound_defensive_01, rebound_offensive_01, assist_01, blocks_01, time_out_01, x, y)VALUES(27719, 13, 7314, 1646, 25010, NULL, NULL, NULL, 5, NULL, NULL, '', '', '', '', '', NULL, NULL);
INSERT INTO lba.sub_play (play_id, seconds_da_start, player_made_id, team_made_id, game_made_id, player_suffered_id, team_suffered_id, game_suffered_id, shot_id, turnover_id, foul_id, rebound_defensive_01, rebound_offensive_01, assist_01, blocks_01, time_out_01, x, y)VALUES(27719, 13, 7314, 1646, 25010, NULL, NULL, NULL, 5, NULL, NULL, '', '', '', '', '', NULL, NULL);
INSERT INTO lba.sub_play (play_id, seconds_da_start, player_made_id, team_made_id, game_made_id, player_suffered_id, team_suffered_id, game_suffered_id, shot_id, turnover_id, foul_id, rebound_defensive_01, rebound_offensive_01, assist_01, blocks_01, time_out_01, x, y)VALUES(27719, 13, 5449, 1646, 25010, NULL, NULL, NULL, NULL, NULL, NULL, '', '', '1', '', '', NULL, NULL);

INSERT INTO play(id, game_id, seconds_start, seconds_end, quarter, attack_home_01, score_home, score_guest)VALUES(27720, 25010, 813, 827, 2, '1', 33, 26);
INSERT INTO player_team_game_play(player_id, team_id, game_id, play_id, seconds_start, seconds_end) VALUES(5568, 1649, 25010, 27720, 813, 827);
INSERT INTO player_team_game_play(player_id, team_id, game_id, play_id, seconds_start, seconds_end) VALUES(2103, 1649, 25010, 27720, 813, 827);
INSERT INTO player_team_game_play(player_id, team_id, game_id, play_id, seconds_start, seconds_end) VALUES(3176, 1649, 25010, 27720, 813, 827);
INSERT INTO player_team_game_play(player_id, team_id, game_id, play_id, seconds_start, seconds_end) VALUES(7406, 1649, 25010, 27720, 813, 827);
INSERT INTO player_team_game_play(player_id, team_id, game_id, play_id, seconds_start, seconds_end) VALUES(1775, 1649, 25010, 27720, 813, 827);
INSERT INTO player_team_game_play(player_id, team_id, game_id, play_id, seconds_start, seconds_end) VALUES(418, 1646, 25010, 27720, 813, 827);
INSERT INTO player_team_game_play(player_id, team_id, game_id, play_id, seconds_start, seconds_end) VALUES(7314, 1646, 25010, 27720, 813, 827);
INSERT INTO player_team_game_play(player_id, team_id, game_id, play_id, seconds_start, seconds_end) VALUES(5449, 1646, 25010, 27720, 813, 827);
INSERT INTO player_team_game_play(player_id, team_id, game_id, play_id, seconds_start, seconds_end) VALUES(45, 1646, 25010, 27720, 813, 827);
INSERT INTO player_team_game_play(player_id, team_id, game_id, play_id, seconds_start, seconds_end) VALUES(6223, 1646, 25010, 27720, 813, 827);
UPDATE player_team_game_play SET seconds_end = 813 WHERE player_id = 7406 AND game_id = 25010 AND play_id = 27720;
UPDATE player_team_game_play SET seconds_end = 813 WHERE player_id = 2103 AND game_id = 25010 AND play_id = 27720;
INSERT INTO player_team_game_play(player_id, team_id, game_id, play_id, seconds_start, seconds_end) VALUES(6138, 1649, 25010, 27720, 813, 827);
INSERT INTO player_team_game_play(player_id, team_id, game_id, play_id, seconds_start, seconds_end) VALUES(5150, 1649, 25010, 27720, 813, 827);
INSERT INTO lba.sub_play (play_id, seconds_da_start, player_made_id, team_made_id, game_made_id, player_suffered_id, team_suffered_id, game_suffered_id, shot_id, turnover_id, foul_id, rebound_defensive_01, rebound_offensive_01, assist_01, blocks_01, time_out_01, x, y)VALUES(27720, 14, 3176, 1649, 25010, 418, 1646, 25010, NULL, 2, NULL, '', '', '', '', '', 71, 74);

INSERT INTO play(id, game_id, seconds_start, seconds_end, quarter, attack_home_01, score_home, score_guest)VALUES(27721, 25010, 827, 833, 2, '0', 33, 28);
INSERT INTO player_team_game_play(player_id, team_id, game_id, play_id, seconds_start, seconds_end) VALUES(5568, 1649, 25010, 27721, 827, 833);
INSERT INTO player_team_game_play(player_id, team_id, game_id, play_id, seconds_start, seconds_end) VALUES(3176, 1649, 25010, 27721, 827, 833);
INSERT INTO player_team_game_play(player_id, team_id, game_id, play_id, seconds_start, seconds_end) VALUES(6138, 1649, 25010, 27721, 827, 833);
INSERT INTO player_team_game_play(player_id, team_id, game_id, play_id, seconds_start, seconds_end) VALUES(5150, 1649, 25010, 27721, 827, 833);
INSERT INTO player_team_game_play(player_id, team_id, game_id, play_id, seconds_start, seconds_end) VALUES(1775, 1649, 25010, 27721, 827, 833);
INSERT INTO player_team_game_play(player_id, team_id, game_id, play_id, seconds_start, seconds_end) VALUES(418, 1646, 25010, 27721, 827, 833);
INSERT INTO player_team_game_play(player_id, team_id, game_id, play_id, seconds_start, seconds_end) VALUES(7314, 1646, 25010, 27721, 827, 833);
INSERT INTO player_team_game_play(player_id, team_id, game_id, play_id, seconds_start, seconds_end) VALUES(5449, 1646, 25010, 27721, 827, 833);
INSERT INTO player_team_game_play(player_id, team_id, game_id, play_id, seconds_start, seconds_end) VALUES(45, 1646, 25010, 27721, 827, 833);
INSERT INTO player_team_game_play(player_id, team_id, game_id, play_id, seconds_start, seconds_end) VALUES(6223, 1646, 25010, 27721, 827, 833);
UPDATE player_team_game_play SET seconds_end = 833 WHERE player_id = 1775 AND game_id = 25010 AND play_id = 27721;
INSERT INTO player_team_game_play(player_id, team_id, game_id, play_id, seconds_start, seconds_end) VALUES(7015, 1649, 25010, 27721, 833, 833);
UPDATE player_team_game_play SET seconds_end = 833 WHERE player_id = 7314 AND game_id = 25010 AND play_id = 27721;
INSERT INTO player_team_game_play(player_id, team_id, game_id, play_id, seconds_start, seconds_end) VALUES(6328, 1646, 25010, 27721, 833, 833);
INSERT INTO lba.sub_play (play_id, seconds_da_start, player_made_id, team_made_id, game_made_id, player_suffered_id, team_suffered_id, game_suffered_id, shot_id, turnover_id, foul_id, rebound_defensive_01, rebound_offensive_01, assist_01, blocks_01, time_out_01, x, y)VALUES(27721, 6, 418, 1646, 25010, NULL, NULL, NULL, 1, NULL, NULL, '', '', '', '', '', 8, 57);

INSERT INTO play(id, game_id, seconds_start, seconds_end, quarter, attack_home_01, score_home, score_guest)VALUES(27722, 25010, 833, 848, 2, '1', 33, 28);
INSERT INTO player_team_game_play(player_id, team_id, game_id, play_id, seconds_start, seconds_end) VALUES(5568, 1649, 25010, 27722, 833, 848);
INSERT INTO player_team_game_play(player_id, team_id, game_id, play_id, seconds_start, seconds_end) VALUES(3176, 1649, 25010, 27722, 833, 848);
INSERT INTO player_team_game_play(player_id, team_id, game_id, play_id, seconds_start, seconds_end) VALUES(6138, 1649, 25010, 27722, 833, 848);
INSERT INTO player_team_game_play(player_id, team_id, game_id, play_id, seconds_start, seconds_end) VALUES(5150, 1649, 25010, 27722, 833, 848);
INSERT INTO player_team_game_play(player_id, team_id, game_id, play_id, seconds_start, seconds_end) VALUES(1775, 1649, 25010, 27722, 833, 848);
INSERT INTO player_team_game_play(player_id, team_id, game_id, play_id, seconds_start, seconds_end) VALUES(418, 1646, 25010, 27722, 833, 848);
INSERT INTO player_team_game_play(player_id, team_id, game_id, play_id, seconds_start, seconds_end) VALUES(7314, 1646, 25010, 27722, 833, 848);
INSERT INTO player_team_game_play(player_id, team_id, game_id, play_id, seconds_start, seconds_end) VALUES(5449, 1646, 25010, 27722, 833, 848);
INSERT INTO player_team_game_play(player_id, team_id, game_id, play_id, seconds_start, seconds_end) VALUES(45, 1646, 25010, 27722, 833, 848);
INSERT INTO player_team_game_play(player_id, team_id, game_id, play_id, seconds_start, seconds_end) VALUES(6223, 1646, 25010, 27722, 833, 848);
UPDATE player_team_game_play SET seconds_end = 833 WHERE player_id = 1775 AND game_id = 25010 AND play_id = 27722;
INSERT INTO player_team_game_play(player_id, team_id, game_id, play_id, seconds_start, seconds_end) VALUES(7015, 1649, 25010, 27722, 833, 848);
UPDATE player_team_game_play SET seconds_end = 833 WHERE player_id = 7314 AND game_id = 25010 AND play_id = 27722;
INSERT INTO player_team_game_play(player_id, team_id, game_id, play_id, seconds_start, seconds_end) VALUES(6328, 1646, 25010, 27722, 833, 848);
INSERT INTO lba.sub_play (play_id, seconds_da_start, player_made_id, team_made_id, game_made_id, player_suffered_id, team_suffered_id, game_suffered_id, shot_id, turnover_id, foul_id, rebound_defensive_01, rebound_offensive_01, assist_01, blocks_01, time_out_01, x, y)VALUES(27722, 15, 6138, 1649, 25010, NULL, NULL, NULL, 4, NULL, NULL, '', '', '', '', '', 74, 16);
INSERT INTO lba.sub_play (play_id, seconds_da_start, player_made_id, team_made_id, game_made_id, player_suffered_id, team_suffered_id, game_suffered_id, shot_id, turnover_id, foul_id, rebound_defensive_01, rebound_offensive_01, assist_01, blocks_01, time_out_01, x, y)VALUES(27722, 15, 6223, 1646, 25010, NULL, NULL, NULL, NULL, NULL, NULL, '1', '', '', '', '', 74, 16);

INSERT INTO play(id, game_id, seconds_start, seconds_end, quarter, attack_home_01, score_home, score_guest)VALUES(27723, 25010, 848, 871, 2, '0', 33, 30);
INSERT INTO player_team_game_play(player_id, team_id, game_id, play_id, seconds_start, seconds_end) VALUES(5568, 1649, 25010, 27723, 848, 871);
INSERT INTO player_team_game_play(player_id, team_id, game_id, play_id, seconds_start, seconds_end) VALUES(7015, 1649, 25010, 27723, 848, 871);
INSERT INTO player_team_game_play(player_id, team_id, game_id, play_id, seconds_start, seconds_end) VALUES(3176, 1649, 25010, 27723, 848, 871);
INSERT INTO player_team_game_play(player_id, team_id, game_id, play_id, seconds_start, seconds_end) VALUES(6138, 1649, 25010, 27723, 848, 871);
INSERT INTO player_team_game_play(player_id, team_id, game_id, play_id, seconds_start, seconds_end) VALUES(5150, 1649, 25010, 27723, 848, 871);
INSERT INTO player_team_game_play(player_id, team_id, game_id, play_id, seconds_start, seconds_end) VALUES(418, 1646, 25010, 27723, 848, 871);
INSERT INTO player_team_game_play(player_id, team_id, game_id, play_id, seconds_start, seconds_end) VALUES(6328, 1646, 25010, 27723, 848, 871);
INSERT INTO player_team_game_play(player_id, team_id, game_id, play_id, seconds_start, seconds_end) VALUES(5449, 1646, 25010, 27723, 848, 871);
INSERT INTO player_team_game_play(player_id, team_id, game_id, play_id, seconds_start, seconds_end) VALUES(45, 1646, 25010, 27723, 848, 871);
INSERT INTO player_team_game_play(player_id, team_id, game_id, play_id, seconds_start, seconds_end) VALUES(6223, 1646, 25010, 27723, 848, 871);
INSERT INTO lba.sub_play (play_id, seconds_da_start, player_made_id, team_made_id, game_made_id, player_suffered_id, team_suffered_id, game_suffered_id, shot_id, turnover_id, foul_id, rebound_defensive_01, rebound_offensive_01, assist_01, blocks_01, time_out_01, x, y)VALUES(27723, 23, 6328, 1646, 25010, NULL, NULL, NULL, 1, NULL, NULL, '', '', '', '', '', 9, 47);
INSERT INTO lba.sub_play (play_id, seconds_da_start, player_made_id, team_made_id, game_made_id, player_suffered_id, team_suffered_id, game_suffered_id, shot_id, turnover_id, foul_id, rebound_defensive_01, rebound_offensive_01, assist_01, blocks_01, time_out_01, x, y)VALUES(27723, 23, 5449, 1646, 25010, NULL, NULL, NULL, NULL, NULL, NULL, '', '', '1', '', '', 9, 47);

INSERT INTO play(id, game_id, seconds_start, seconds_end, quarter, attack_home_01, score_home, score_guest)VALUES(27724, 25010, 871, 886, 2, '1', 35, 30);
INSERT INTO player_team_game_play(player_id, team_id, game_id, play_id, seconds_start, seconds_end) VALUES(5568, 1649, 25010, 27724, 871, 886);
INSERT INTO player_team_game_play(player_id, team_id, game_id, play_id, seconds_start, seconds_end) VALUES(7015, 1649, 25010, 27724, 871, 886);
INSERT INTO player_team_game_play(player_id, team_id, game_id, play_id, seconds_start, seconds_end) VALUES(3176, 1649, 25010, 27724, 871, 886);
INSERT INTO player_team_game_play(player_id, team_id, game_id, play_id, seconds_start, seconds_end) VALUES(6138, 1649, 25010, 27724, 871, 886);
INSERT INTO player_team_game_play(player_id, team_id, game_id, play_id, seconds_start, seconds_end) VALUES(5150, 1649, 25010, 27724, 871, 886);
INSERT INTO player_team_game_play(player_id, team_id, game_id, play_id, seconds_start, seconds_end) VALUES(418, 1646, 25010, 27724, 871, 886);
INSERT INTO player_team_game_play(player_id, team_id, game_id, play_id, seconds_start, seconds_end) VALUES(6328, 1646, 25010, 27724, 871, 886);
INSERT INTO player_team_game_play(player_id, team_id, game_id, play_id, seconds_start, seconds_end) VALUES(5449, 1646, 25010, 27724, 871, 886);
INSERT INTO player_team_game_play(player_id, team_id, game_id, play_id, seconds_start, seconds_end) VALUES(45, 1646, 25010, 27724, 871, 886);
INSERT INTO player_team_game_play(player_id, team_id, game_id, play_id, seconds_start, seconds_end) VALUES(6223, 1646, 25010, 27724, 871, 886);
INSERT INTO lba.sub_play (play_id, seconds_da_start, player_made_id, team_made_id, game_made_id, player_suffered_id, team_suffered_id, game_suffered_id, shot_id, turnover_id, foul_id, rebound_defensive_01, rebound_offensive_01, assist_01, blocks_01, time_out_01, x, y)VALUES(27724, 15, 5568, 1649, 25010, NULL, NULL, NULL, 1, NULL, NULL, '', '', '', '', '', 93, 44);

INSERT INTO play(id, game_id, seconds_start, seconds_end, quarter, attack_home_01, score_home, score_guest)VALUES(27725, 25010, 886, 907, 2, '0', 35, 32);
INSERT INTO player_team_game_play(player_id, team_id, game_id, play_id, seconds_start, seconds_end) VALUES(5568, 1649, 25010, 27725, 886, 907);
INSERT INTO player_team_game_play(player_id, team_id, game_id, play_id, seconds_start, seconds_end) VALUES(7015, 1649, 25010, 27725, 886, 907);
INSERT INTO player_team_game_play(player_id, team_id, game_id, play_id, seconds_start, seconds_end) VALUES(3176, 1649, 25010, 27725, 886, 907);
INSERT INTO player_team_game_play(player_id, team_id, game_id, play_id, seconds_start, seconds_end) VALUES(6138, 1649, 25010, 27725, 886, 907);
INSERT INTO player_team_game_play(player_id, team_id, game_id, play_id, seconds_start, seconds_end) VALUES(5150, 1649, 25010, 27725, 886, 907);
INSERT INTO player_team_game_play(player_id, team_id, game_id, play_id, seconds_start, seconds_end) VALUES(418, 1646, 25010, 27725, 886, 907);
INSERT INTO player_team_game_play(player_id, team_id, game_id, play_id, seconds_start, seconds_end) VALUES(6328, 1646, 25010, 27725, 886, 907);
INSERT INTO player_team_game_play(player_id, team_id, game_id, play_id, seconds_start, seconds_end) VALUES(5449, 1646, 25010, 27725, 886, 907);
INSERT INTO player_team_game_play(player_id, team_id, game_id, play_id, seconds_start, seconds_end) VALUES(45, 1646, 25010, 27725, 886, 907);
INSERT INTO player_team_game_play(player_id, team_id, game_id, play_id, seconds_start, seconds_end) VALUES(6223, 1646, 25010, 27725, 886, 907);
INSERT INTO lba.sub_play (play_id, seconds_da_start, player_made_id, team_made_id, game_made_id, player_suffered_id, team_suffered_id, game_suffered_id, shot_id, turnover_id, foul_id, rebound_defensive_01, rebound_offensive_01, assist_01, blocks_01, time_out_01, x, y)VALUES(27725, 16, 418, 1646, 25010, NULL, NULL, NULL, 4, NULL, NULL, '', '', '', '', '', 30, 39);
INSERT INTO lba.sub_play (play_id, seconds_da_start, player_made_id, team_made_id, game_made_id, player_suffered_id, team_suffered_id, game_suffered_id, shot_id, turnover_id, foul_id, rebound_defensive_01, rebound_offensive_01, assist_01, blocks_01, time_out_01, x, y)VALUES(27725, 16, 6328, 1646, 25010, NULL, NULL, NULL, NULL, NULL, NULL, '', '1', '', '', '', 30, 39);
INSERT INTO lba.sub_play (play_id, seconds_da_start, player_made_id, team_made_id, game_made_id, player_suffered_id, team_suffered_id, game_suffered_id, shot_id, turnover_id, foul_id, rebound_defensive_01, rebound_offensive_01, assist_01, blocks_01, time_out_01, x, y)VALUES(27725, 21, 6328, 1646, 25010, NULL, NULL, NULL, 1, NULL, NULL, '', '', '', '', '', 5, 55);

INSERT INTO play(id, game_id, seconds_start, seconds_end, quarter, attack_home_01, score_home, score_guest)VALUES(27726, 25010, 907, 932, 2, '1', 35, 32);
INSERT INTO player_team_game_play(player_id, team_id, game_id, play_id, seconds_start, seconds_end) VALUES(5568, 1649, 25010, 27726, 907, 932);
INSERT INTO player_team_game_play(player_id, team_id, game_id, play_id, seconds_start, seconds_end) VALUES(7015, 1649, 25010, 27726, 907, 932);
INSERT INTO player_team_game_play(player_id, team_id, game_id, play_id, seconds_start, seconds_end) VALUES(3176, 1649, 25010, 27726, 907, 932);
INSERT INTO player_team_game_play(player_id, team_id, game_id, play_id, seconds_start, seconds_end) VALUES(6138, 1649, 25010, 27726, 907, 932);
INSERT INTO player_team_game_play(player_id, team_id, game_id, play_id, seconds_start, seconds_end) VALUES(5150, 1649, 25010, 27726, 907, 932);
INSERT INTO player_team_game_play(player_id, team_id, game_id, play_id, seconds_start, seconds_end) VALUES(418, 1646, 25010, 27726, 907, 932);
INSERT INTO player_team_game_play(player_id, team_id, game_id, play_id, seconds_start, seconds_end) VALUES(6328, 1646, 25010, 27726, 907, 932);
INSERT INTO player_team_game_play(player_id, team_id, game_id, play_id, seconds_start, seconds_end) VALUES(5449, 1646, 25010, 27726, 907, 932);
INSERT INTO player_team_game_play(player_id, team_id, game_id, play_id, seconds_start, seconds_end) VALUES(45, 1646, 25010, 27726, 907, 932);
INSERT INTO player_team_game_play(player_id, team_id, game_id, play_id, seconds_start, seconds_end) VALUES(6223, 1646, 25010, 27726, 907, 932);
UPDATE player_team_game_play SET seconds_end = 929 WHERE player_id = 6138 AND game_id = 25010 AND play_id = 27726;
INSERT INTO player_team_game_play(player_id, team_id, game_id, play_id, seconds_start, seconds_end) VALUES(7405, 1649, 25010, 27726, 929, 932);
UPDATE player_team_game_play SET seconds_end = 929 WHERE player_id = 45 AND game_id = 25010 AND play_id = 27726;
INSERT INTO player_team_game_play(player_id, team_id, game_id, play_id, seconds_start, seconds_end) VALUES(1774, 1646, 25010, 27726, 929, 932);
INSERT INTO lba.sub_play (play_id, seconds_da_start, player_made_id, team_made_id, game_made_id, player_suffered_id, team_suffered_id, game_suffered_id, shot_id, turnover_id, foul_id, rebound_defensive_01, rebound_offensive_01, assist_01, blocks_01, time_out_01, x, y)VALUES(27726, 21, 6138, 1649, 25010, NULL, NULL, NULL, 4, NULL, NULL, '', '', '', '', '', 68, 69);
INSERT INTO lba.sub_play (play_id, seconds_da_start, player_made_id, team_made_id, game_made_id, player_suffered_id, team_suffered_id, game_suffered_id, shot_id, turnover_id, foul_id, rebound_defensive_01, rebound_offensive_01, assist_01, blocks_01, time_out_01, x, y)VALUES(27726, 22, 45, 1646, 25010, 7015, 1649, 25010, NULL, NULL, 1, '', '', '', '', '', 90, 55);
INSERT INTO lba.sub_play (play_id, seconds_da_start, player_made_id, team_made_id, game_made_id, player_suffered_id, team_suffered_id, game_suffered_id, shot_id, turnover_id, foul_id, rebound_defensive_01, rebound_offensive_01, assist_01, blocks_01, time_out_01, x, y)VALUES(27726, 25, 7405, 1649, 25010, 6223, 1646, 25010, NULL, 1, NULL, '', '', '', '', '', 86, 49);

INSERT INTO play(id, game_id, seconds_start, seconds_end, quarter, attack_home_01, score_home, score_guest)VALUES(27727, 25010, 932, 942, 2, '0', 35, 32);
INSERT INTO player_team_game_play(player_id, team_id, game_id, play_id, seconds_start, seconds_end) VALUES(5568, 1649, 25010, 27727, 932, 942);
INSERT INTO player_team_game_play(player_id, team_id, game_id, play_id, seconds_start, seconds_end) VALUES(7015, 1649, 25010, 27727, 932, 942);
INSERT INTO player_team_game_play(player_id, team_id, game_id, play_id, seconds_start, seconds_end) VALUES(3176, 1649, 25010, 27727, 932, 942);
INSERT INTO player_team_game_play(player_id, team_id, game_id, play_id, seconds_start, seconds_end) VALUES(7405, 1649, 25010, 27727, 932, 942);
INSERT INTO player_team_game_play(player_id, team_id, game_id, play_id, seconds_start, seconds_end) VALUES(5150, 1649, 25010, 27727, 932, 942);
INSERT INTO player_team_game_play(player_id, team_id, game_id, play_id, seconds_start, seconds_end) VALUES(418, 1646, 25010, 27727, 932, 942);
INSERT INTO player_team_game_play(player_id, team_id, game_id, play_id, seconds_start, seconds_end) VALUES(6328, 1646, 25010, 27727, 932, 942);
INSERT INTO player_team_game_play(player_id, team_id, game_id, play_id, seconds_start, seconds_end) VALUES(5449, 1646, 25010, 27727, 932, 942);
INSERT INTO player_team_game_play(player_id, team_id, game_id, play_id, seconds_start, seconds_end) VALUES(1774, 1646, 25010, 27727, 932, 942);
INSERT INTO player_team_game_play(player_id, team_id, game_id, play_id, seconds_start, seconds_end) VALUES(6223, 1646, 25010, 27727, 932, 942);
INSERT INTO lba.sub_play (play_id, seconds_da_start, player_made_id, team_made_id, game_made_id, player_suffered_id, team_suffered_id, game_suffered_id, shot_id, turnover_id, foul_id, rebound_defensive_01, rebound_offensive_01, assist_01, blocks_01, time_out_01, x, y)VALUES(27727, 10, 5449, 1646, 25010, 7015, 1649, 25010, NULL, 1, NULL, '', '', '', '', '', 36, 47);

INSERT INTO play(id, game_id, seconds_start, seconds_end, quarter, attack_home_01, score_home, score_guest)VALUES(27728, 25010, 942, 947, 2, '1', 37, 32);
INSERT INTO player_team_game_play(player_id, team_id, game_id, play_id, seconds_start, seconds_end) VALUES(5568, 1649, 25010, 27728, 942, 947);
INSERT INTO player_team_game_play(player_id, team_id, game_id, play_id, seconds_start, seconds_end) VALUES(7015, 1649, 25010, 27728, 942, 947);
INSERT INTO player_team_game_play(player_id, team_id, game_id, play_id, seconds_start, seconds_end) VALUES(3176, 1649, 25010, 27728, 942, 947);
INSERT INTO player_team_game_play(player_id, team_id, game_id, play_id, seconds_start, seconds_end) VALUES(7405, 1649, 25010, 27728, 942, 947);
INSERT INTO player_team_game_play(player_id, team_id, game_id, play_id, seconds_start, seconds_end) VALUES(5150, 1649, 25010, 27728, 942, 947);
INSERT INTO player_team_game_play(player_id, team_id, game_id, play_id, seconds_start, seconds_end) VALUES(418, 1646, 25010, 27728, 942, 947);
INSERT INTO player_team_game_play(player_id, team_id, game_id, play_id, seconds_start, seconds_end) VALUES(6328, 1646, 25010, 27728, 942, 947);
INSERT INTO player_team_game_play(player_id, team_id, game_id, play_id, seconds_start, seconds_end) VALUES(5449, 1646, 25010, 27728, 942, 947);
INSERT INTO player_team_game_play(player_id, team_id, game_id, play_id, seconds_start, seconds_end) VALUES(1774, 1646, 25010, 27728, 942, 947);
INSERT INTO player_team_game_play(player_id, team_id, game_id, play_id, seconds_start, seconds_end) VALUES(6223, 1646, 25010, 27728, 942, 947);
INSERT INTO lba.sub_play (play_id, seconds_da_start, player_made_id, team_made_id, game_made_id, player_suffered_id, team_suffered_id, game_suffered_id, shot_id, turnover_id, foul_id, rebound_defensive_01, rebound_offensive_01, assist_01, blocks_01, time_out_01, x, y)VALUES(27728, 5, 7405, 1649, 25010, NULL, NULL, NULL, 1, NULL, NULL, '', '', '', '', '', 92, 48);
INSERT INTO lba.sub_play (play_id, seconds_da_start, player_made_id, team_made_id, game_made_id, player_suffered_id, team_suffered_id, game_suffered_id, shot_id, turnover_id, foul_id, rebound_defensive_01, rebound_offensive_01, assist_01, blocks_01, time_out_01, x, y)VALUES(27728, 5, 7015, 1649, 25010, NULL, NULL, NULL, NULL, NULL, NULL, '', '', '1', '', '', 92, 48);

INSERT INTO play(id, game_id, seconds_start, seconds_end, quarter, attack_home_01, score_home, score_guest)VALUES(27729, 25010, 947, 966, 2, '0', 37, 35);
INSERT INTO player_team_game_play(player_id, team_id, game_id, play_id, seconds_start, seconds_end) VALUES(5568, 1649, 25010, 27729, 947, 966);
INSERT INTO player_team_game_play(player_id, team_id, game_id, play_id, seconds_start, seconds_end) VALUES(7015, 1649, 25010, 27729, 947, 966);
INSERT INTO player_team_game_play(player_id, team_id, game_id, play_id, seconds_start, seconds_end) VALUES(3176, 1649, 25010, 27729, 947, 966);
INSERT INTO player_team_game_play(player_id, team_id, game_id, play_id, seconds_start, seconds_end) VALUES(7405, 1649, 25010, 27729, 947, 966);
INSERT INTO player_team_game_play(player_id, team_id, game_id, play_id, seconds_start, seconds_end) VALUES(5150, 1649, 25010, 27729, 947, 966);
INSERT INTO player_team_game_play(player_id, team_id, game_id, play_id, seconds_start, seconds_end) VALUES(418, 1646, 25010, 27729, 947, 966);
INSERT INTO player_team_game_play(player_id, team_id, game_id, play_id, seconds_start, seconds_end) VALUES(6328, 1646, 25010, 27729, 947, 966);
INSERT INTO player_team_game_play(player_id, team_id, game_id, play_id, seconds_start, seconds_end) VALUES(5449, 1646, 25010, 27729, 947, 966);
INSERT INTO player_team_game_play(player_id, team_id, game_id, play_id, seconds_start, seconds_end) VALUES(1774, 1646, 25010, 27729, 947, 966);
INSERT INTO player_team_game_play(player_id, team_id, game_id, play_id, seconds_start, seconds_end) VALUES(6223, 1646, 25010, 27729, 947, 966);
INSERT INTO lba.sub_play (play_id, seconds_da_start, player_made_id, team_made_id, game_made_id, player_suffered_id, team_suffered_id, game_suffered_id, shot_id, turnover_id, foul_id, rebound_defensive_01, rebound_offensive_01, assist_01, blocks_01, time_out_01, x, y)VALUES(27729, 19, 6328, 1646, 25010, NULL, NULL, NULL, 3, NULL, NULL, '', '', '', '', '', 27, 82);
INSERT INTO lba.sub_play (play_id, seconds_da_start, player_made_id, team_made_id, game_made_id, player_suffered_id, team_suffered_id, game_suffered_id, shot_id, turnover_id, foul_id, rebound_defensive_01, rebound_offensive_01, assist_01, blocks_01, time_out_01, x, y)VALUES(27729, 19, 6223, 1646, 25010, NULL, NULL, NULL, NULL, NULL, NULL, '', '', '1', '', '', 27, 82);

INSERT INTO play(id, game_id, seconds_start, seconds_end, quarter, attack_home_01, score_home, score_guest)VALUES(27730, 25010, 966, 990, 2, '1', 37, 35);
INSERT INTO player_team_game_play(player_id, team_id, game_id, play_id, seconds_start, seconds_end) VALUES(5568, 1649, 25010, 27730, 966, 990);
INSERT INTO player_team_game_play(player_id, team_id, game_id, play_id, seconds_start, seconds_end) VALUES(7015, 1649, 25010, 27730, 966, 990);
INSERT INTO player_team_game_play(player_id, team_id, game_id, play_id, seconds_start, seconds_end) VALUES(3176, 1649, 25010, 27730, 966, 990);
INSERT INTO player_team_game_play(player_id, team_id, game_id, play_id, seconds_start, seconds_end) VALUES(7405, 1649, 25010, 27730, 966, 990);
INSERT INTO player_team_game_play(player_id, team_id, game_id, play_id, seconds_start, seconds_end) VALUES(5150, 1649, 25010, 27730, 966, 990);
INSERT INTO player_team_game_play(player_id, team_id, game_id, play_id, seconds_start, seconds_end) VALUES(418, 1646, 25010, 27730, 966, 990);
INSERT INTO player_team_game_play(player_id, team_id, game_id, play_id, seconds_start, seconds_end) VALUES(6328, 1646, 25010, 27730, 966, 990);
INSERT INTO player_team_game_play(player_id, team_id, game_id, play_id, seconds_start, seconds_end) VALUES(5449, 1646, 25010, 27730, 966, 990);
INSERT INTO player_team_game_play(player_id, team_id, game_id, play_id, seconds_start, seconds_end) VALUES(1774, 1646, 25010, 27730, 966, 990);
INSERT INTO player_team_game_play(player_id, team_id, game_id, play_id, seconds_start, seconds_end) VALUES(6223, 1646, 25010, 27730, 966, 990);
UPDATE player_team_game_play SET seconds_end = 983 WHERE player_id = 5568 AND game_id = 25010 AND play_id = 27730;
INSERT INTO player_team_game_play(player_id, team_id, game_id, play_id, seconds_start, seconds_end) VALUES(7406, 1649, 25010, 27730, 983, 990);
UPDATE player_team_game_play SET seconds_end = 983 WHERE player_id = 5449 AND game_id = 25010 AND play_id = 27730;
UPDATE player_team_game_play SET seconds_end = 983 WHERE player_id = 418 AND game_id = 25010 AND play_id = 27730;
INSERT INTO player_team_game_play(player_id, team_id, game_id, play_id, seconds_start, seconds_end) VALUES(2608, 1646, 25010, 27730, 983, 990);
INSERT INTO player_team_game_play(player_id, team_id, game_id, play_id, seconds_start, seconds_end) VALUES(7462, 1646, 25010, 27730, 983, 990);
INSERT INTO lba.sub_play (play_id, seconds_da_start, player_made_id, team_made_id, game_made_id, player_suffered_id, team_suffered_id, game_suffered_id, shot_id, turnover_id, foul_id, rebound_defensive_01, rebound_offensive_01, assist_01, blocks_01, time_out_01, x, y)VALUES(27730, 17, 6223, 1646, 25010, 5150, 1649, 25010, NULL, NULL, 1, '', '', '', '', '', 72, 76);
INSERT INTO lba.sub_play (play_id, seconds_da_start, player_made_id, team_made_id, game_made_id, player_suffered_id, team_suffered_id, game_suffered_id, shot_id, turnover_id, foul_id, rebound_defensive_01, rebound_offensive_01, assist_01, blocks_01, time_out_01, x, y)VALUES(27730, 24, 3176, 1649, 25010, NULL, NULL, NULL, 4, NULL, NULL, '', '', '', '', '', 69, 71);
INSERT INTO lba.sub_play (play_id, seconds_da_start, player_made_id, team_made_id, game_made_id, player_suffered_id, team_suffered_id, game_suffered_id, shot_id, turnover_id, foul_id, rebound_defensive_01, rebound_offensive_01, assist_01, blocks_01, time_out_01, x, y)VALUES(27730, 24, 6328, 1646, 25010, NULL, NULL, NULL, NULL, NULL, NULL, '1', '', '', '', '', 69, 71);

INSERT INTO play(id, game_id, seconds_start, seconds_end, quarter, attack_home_01, score_home, score_guest)VALUES(27731, 25010, 990, 1000, 2, '0', 37, 35);
INSERT INTO player_team_game_play(player_id, team_id, game_id, play_id, seconds_start, seconds_end) VALUES(7015, 1649, 25010, 27731, 990, 1000);
INSERT INTO player_team_game_play(player_id, team_id, game_id, play_id, seconds_start, seconds_end) VALUES(3176, 1649, 25010, 27731, 990, 1000);
INSERT INTO player_team_game_play(player_id, team_id, game_id, play_id, seconds_start, seconds_end) VALUES(5150, 1649, 25010, 27731, 990, 1000);
INSERT INTO player_team_game_play(player_id, team_id, game_id, play_id, seconds_start, seconds_end) VALUES(7405, 1649, 25010, 27731, 990, 1000);
INSERT INTO player_team_game_play(player_id, team_id, game_id, play_id, seconds_start, seconds_end) VALUES(7406, 1649, 25010, 27731, 990, 1000);
INSERT INTO player_team_game_play(player_id, team_id, game_id, play_id, seconds_start, seconds_end) VALUES(2608, 1646, 25010, 27731, 990, 1000);
INSERT INTO player_team_game_play(player_id, team_id, game_id, play_id, seconds_start, seconds_end) VALUES(7462, 1646, 25010, 27731, 990, 1000);
INSERT INTO player_team_game_play(player_id, team_id, game_id, play_id, seconds_start, seconds_end) VALUES(6328, 1646, 25010, 27731, 990, 1000);
INSERT INTO player_team_game_play(player_id, team_id, game_id, play_id, seconds_start, seconds_end) VALUES(1774, 1646, 25010, 27731, 990, 1000);
INSERT INTO player_team_game_play(player_id, team_id, game_id, play_id, seconds_start, seconds_end) VALUES(6223, 1646, 25010, 27731, 990, 1000);
INSERT INTO lba.sub_play (play_id, seconds_da_start, player_made_id, team_made_id, game_made_id, player_suffered_id, team_suffered_id, game_suffered_id, shot_id, turnover_id, foul_id, rebound_defensive_01, rebound_offensive_01, assist_01, blocks_01, time_out_01, x, y)VALUES(27731, 10, 6223, 1646, 25010, NULL, NULL, NULL, 4, NULL, NULL, '', '', '', '', '', 6, 97);
INSERT INTO lba.sub_play (play_id, seconds_da_start, player_made_id, team_made_id, game_made_id, player_suffered_id, team_suffered_id, game_suffered_id, shot_id, turnover_id, foul_id, rebound_defensive_01, rebound_offensive_01, assist_01, blocks_01, time_out_01, x, y)VALUES(27731, 10, 7015, 1649, 25010, NULL, NULL, NULL, NULL, NULL, NULL, '1', '', '', '', '', 6, 97);

INSERT INTO play(id, game_id, seconds_start, seconds_end, quarter, attack_home_01, score_home, score_guest)VALUES(27732, 25010, 1000, 1008, 2, '1', 38, 35);
INSERT INTO player_team_game_play(player_id, team_id, game_id, play_id, seconds_start, seconds_end) VALUES(7015, 1649, 25010, 27732, 1000, 1008);
INSERT INTO player_team_game_play(player_id, team_id, game_id, play_id, seconds_start, seconds_end) VALUES(3176, 1649, 25010, 27732, 1000, 1008);
INSERT INTO player_team_game_play(player_id, team_id, game_id, play_id, seconds_start, seconds_end) VALUES(5150, 1649, 25010, 27732, 1000, 1008);
INSERT INTO player_team_game_play(player_id, team_id, game_id, play_id, seconds_start, seconds_end) VALUES(7405, 1649, 25010, 27732, 1000, 1008);
INSERT INTO player_team_game_play(player_id, team_id, game_id, play_id, seconds_start, seconds_end) VALUES(7406, 1649, 25010, 27732, 1000, 1008);
INSERT INTO player_team_game_play(player_id, team_id, game_id, play_id, seconds_start, seconds_end) VALUES(2608, 1646, 25010, 27732, 1000, 1008);
INSERT INTO player_team_game_play(player_id, team_id, game_id, play_id, seconds_start, seconds_end) VALUES(7462, 1646, 25010, 27732, 1000, 1008);
INSERT INTO player_team_game_play(player_id, team_id, game_id, play_id, seconds_start, seconds_end) VALUES(6328, 1646, 25010, 27732, 1000, 1008);
INSERT INTO player_team_game_play(player_id, team_id, game_id, play_id, seconds_start, seconds_end) VALUES(1774, 1646, 25010, 27732, 1000, 1008);
INSERT INTO player_team_game_play(player_id, team_id, game_id, play_id, seconds_start, seconds_end) VALUES(6223, 1646, 25010, 27732, 1000, 1008);
INSERT INTO lba.sub_play (play_id, seconds_da_start, player_made_id, team_made_id, game_made_id, player_suffered_id, team_suffered_id, game_suffered_id, shot_id, turnover_id, foul_id, rebound_defensive_01, rebound_offensive_01, assist_01, blocks_01, time_out_01, x, y)VALUES(27732, 8, 6328, 1646, 25010, 5150, 1649, 25010, NULL, NULL, 4, '', '', '', '', '', 88, 49);
INSERT INTO lba.sub_play (play_id, seconds_da_start, player_made_id, team_made_id, game_made_id, player_suffered_id, team_suffered_id, game_suffered_id, shot_id, turnover_id, foul_id, rebound_defensive_01, rebound_offensive_01, assist_01, blocks_01, time_out_01, x, y)VALUES(27732, 8, 5150, 1649, 25010, NULL, NULL, NULL, 6, NULL, NULL, '', '', '', '', '', NULL, NULL);
INSERT INTO lba.sub_play (play_id, seconds_da_start, player_made_id, team_made_id, game_made_id, player_suffered_id, team_suffered_id, game_suffered_id, shot_id, turnover_id, foul_id, rebound_defensive_01, rebound_offensive_01, assist_01, blocks_01, time_out_01, x, y)VALUES(27732, 8, 5150, 1649, 25010, NULL, NULL, NULL, 5, NULL, NULL, '', '', '', '', '', NULL, NULL);
INSERT INTO lba.sub_play (play_id, seconds_da_start, player_made_id, team_made_id, game_made_id, player_suffered_id, team_suffered_id, game_suffered_id, shot_id, turnover_id, foul_id, rebound_defensive_01, rebound_offensive_01, assist_01, blocks_01, time_out_01, x, y)VALUES(27732, 8, 7015, 1649, 25010, NULL, NULL, NULL, NULL, NULL, NULL, '', '', '1', '', '', NULL, NULL);

INSERT INTO play(id, game_id, seconds_start, seconds_end, quarter, attack_home_01, score_home, score_guest)VALUES(27733, 25010, 1008, 1031, 2, '0', 38, 37);
INSERT INTO player_team_game_play(player_id, team_id, game_id, play_id, seconds_start, seconds_end) VALUES(7015, 1649, 25010, 27733, 1008, 1031);
INSERT INTO player_team_game_play(player_id, team_id, game_id, play_id, seconds_start, seconds_end) VALUES(3176, 1649, 25010, 27733, 1008, 1031);
INSERT INTO player_team_game_play(player_id, team_id, game_id, play_id, seconds_start, seconds_end) VALUES(5150, 1649, 25010, 27733, 1008, 1031);
INSERT INTO player_team_game_play(player_id, team_id, game_id, play_id, seconds_start, seconds_end) VALUES(7405, 1649, 25010, 27733, 1008, 1031);
INSERT INTO player_team_game_play(player_id, team_id, game_id, play_id, seconds_start, seconds_end) VALUES(7406, 1649, 25010, 27733, 1008, 1031);
INSERT INTO player_team_game_play(player_id, team_id, game_id, play_id, seconds_start, seconds_end) VALUES(2608, 1646, 25010, 27733, 1008, 1031);
INSERT INTO player_team_game_play(player_id, team_id, game_id, play_id, seconds_start, seconds_end) VALUES(7462, 1646, 25010, 27733, 1008, 1031);
INSERT INTO player_team_game_play(player_id, team_id, game_id, play_id, seconds_start, seconds_end) VALUES(6328, 1646, 25010, 27733, 1008, 1031);
INSERT INTO player_team_game_play(player_id, team_id, game_id, play_id, seconds_start, seconds_end) VALUES(1774, 1646, 25010, 27733, 1008, 1031);
INSERT INTO player_team_game_play(player_id, team_id, game_id, play_id, seconds_start, seconds_end) VALUES(6223, 1646, 25010, 27733, 1008, 1031);
INSERT INTO lba.sub_play (play_id, seconds_da_start, player_made_id, team_made_id, game_made_id, player_suffered_id, team_suffered_id, game_suffered_id, shot_id, turnover_id, foul_id, rebound_defensive_01, rebound_offensive_01, assist_01, blocks_01, time_out_01, x, y)VALUES(27733, 23, 2608, 1646, 25010, NULL, NULL, NULL, 1, NULL, NULL, '', '', '', '', '', 28, 61);

INSERT INTO play(id, game_id, seconds_start, seconds_end, quarter, attack_home_01, score_home, score_guest)VALUES(27734, 25010, 1031, 1049, 2, '1', 38, 37);
INSERT INTO player_team_game_play(player_id, team_id, game_id, play_id, seconds_start, seconds_end) VALUES(7015, 1649, 25010, 27734, 1031, 1049);
INSERT INTO player_team_game_play(player_id, team_id, game_id, play_id, seconds_start, seconds_end) VALUES(3176, 1649, 25010, 27734, 1031, 1049);
INSERT INTO player_team_game_play(player_id, team_id, game_id, play_id, seconds_start, seconds_end) VALUES(5150, 1649, 25010, 27734, 1031, 1049);
INSERT INTO player_team_game_play(player_id, team_id, game_id, play_id, seconds_start, seconds_end) VALUES(7405, 1649, 25010, 27734, 1031, 1049);
INSERT INTO player_team_game_play(player_id, team_id, game_id, play_id, seconds_start, seconds_end) VALUES(7406, 1649, 25010, 27734, 1031, 1049);
INSERT INTO player_team_game_play(player_id, team_id, game_id, play_id, seconds_start, seconds_end) VALUES(2608, 1646, 25010, 27734, 1031, 1049);
INSERT INTO player_team_game_play(player_id, team_id, game_id, play_id, seconds_start, seconds_end) VALUES(7462, 1646, 25010, 27734, 1031, 1049);
INSERT INTO player_team_game_play(player_id, team_id, game_id, play_id, seconds_start, seconds_end) VALUES(6328, 1646, 25010, 27734, 1031, 1049);
INSERT INTO player_team_game_play(player_id, team_id, game_id, play_id, seconds_start, seconds_end) VALUES(1774, 1646, 25010, 27734, 1031, 1049);
INSERT INTO player_team_game_play(player_id, team_id, game_id, play_id, seconds_start, seconds_end) VALUES(6223, 1646, 25010, 27734, 1031, 1049);
INSERT INTO lba.sub_play (play_id, seconds_da_start, player_made_id, team_made_id, game_made_id, player_suffered_id, team_suffered_id, game_suffered_id, shot_id, turnover_id, foul_id, rebound_defensive_01, rebound_offensive_01, assist_01, blocks_01, time_out_01, x, y)VALUES(27734, 18, 3176, 1649, 25010, NULL, NULL, NULL, 2, NULL, NULL, '', '', '', '', '', 90, 45);
INSERT INTO lba.sub_play (play_id, seconds_da_start, player_made_id, team_made_id, game_made_id, player_suffered_id, team_suffered_id, game_suffered_id, shot_id, turnover_id, foul_id, rebound_defensive_01, rebound_offensive_01, assist_01, blocks_01, time_out_01, x, y)VALUES(27734, 18, 2608, 1646, 25010, NULL, NULL, NULL, NULL, NULL, NULL, '1', '', '', '', '', 90, 45);

INSERT INTO play(id, game_id, seconds_start, seconds_end, quarter, attack_home_01, score_home, score_guest)VALUES(27735, 25010, 1049, 1056, 2, '0', 38, 39);
INSERT INTO player_team_game_play(player_id, team_id, game_id, play_id, seconds_start, seconds_end) VALUES(7015, 1649, 25010, 27735, 1049, 1056);
INSERT INTO player_team_game_play(player_id, team_id, game_id, play_id, seconds_start, seconds_end) VALUES(3176, 1649, 25010, 27735, 1049, 1056);
INSERT INTO player_team_game_play(player_id, team_id, game_id, play_id, seconds_start, seconds_end) VALUES(5150, 1649, 25010, 27735, 1049, 1056);
INSERT INTO player_team_game_play(player_id, team_id, game_id, play_id, seconds_start, seconds_end) VALUES(7405, 1649, 25010, 27735, 1049, 1056);
INSERT INTO player_team_game_play(player_id, team_id, game_id, play_id, seconds_start, seconds_end) VALUES(7406, 1649, 25010, 27735, 1049, 1056);
INSERT INTO player_team_game_play(player_id, team_id, game_id, play_id, seconds_start, seconds_end) VALUES(2608, 1646, 25010, 27735, 1049, 1056);
INSERT INTO player_team_game_play(player_id, team_id, game_id, play_id, seconds_start, seconds_end) VALUES(7462, 1646, 25010, 27735, 1049, 1056);
INSERT INTO player_team_game_play(player_id, team_id, game_id, play_id, seconds_start, seconds_end) VALUES(6328, 1646, 25010, 27735, 1049, 1056);
INSERT INTO player_team_game_play(player_id, team_id, game_id, play_id, seconds_start, seconds_end) VALUES(1774, 1646, 25010, 27735, 1049, 1056);
INSERT INTO player_team_game_play(player_id, team_id, game_id, play_id, seconds_start, seconds_end) VALUES(6223, 1646, 25010, 27735, 1049, 1056);
INSERT INTO lba.sub_play (play_id, seconds_da_start, player_made_id, team_made_id, game_made_id, player_suffered_id, team_suffered_id, game_suffered_id, shot_id, turnover_id, foul_id, rebound_defensive_01, rebound_offensive_01, assist_01, blocks_01, time_out_01, x, y)VALUES(27735, 7, 6328, 1646, 25010, NULL, NULL, NULL, 1, NULL, NULL, '', '', '', '', '', 8, 57);
INSERT INTO lba.sub_play (play_id, seconds_da_start, player_made_id, team_made_id, game_made_id, player_suffered_id, team_suffered_id, game_suffered_id, shot_id, turnover_id, foul_id, rebound_defensive_01, rebound_offensive_01, assist_01, blocks_01, time_out_01, x, y)VALUES(27735, 7, 7462, 1646, 25010, NULL, NULL, NULL, NULL, NULL, NULL, '', '', '1', '', '', 8, 57);

INSERT INTO play(id, game_id, seconds_start, seconds_end, quarter, attack_home_01, score_home, score_guest)VALUES(27736, 25010, 1056, 1084, 2, '1', 38, 39);
INSERT INTO player_team_game_play(player_id, team_id, game_id, play_id, seconds_start, seconds_end) VALUES(7015, 1649, 25010, 27736, 1056, 1084);
INSERT INTO player_team_game_play(player_id, team_id, game_id, play_id, seconds_start, seconds_end) VALUES(3176, 1649, 25010, 27736, 1056, 1084);
INSERT INTO player_team_game_play(player_id, team_id, game_id, play_id, seconds_start, seconds_end) VALUES(5150, 1649, 25010, 27736, 1056, 1084);
INSERT INTO player_team_game_play(player_id, team_id, game_id, play_id, seconds_start, seconds_end) VALUES(7405, 1649, 25010, 27736, 1056, 1084);
INSERT INTO player_team_game_play(player_id, team_id, game_id, play_id, seconds_start, seconds_end) VALUES(7406, 1649, 25010, 27736, 1056, 1084);
INSERT INTO player_team_game_play(player_id, team_id, game_id, play_id, seconds_start, seconds_end) VALUES(2608, 1646, 25010, 27736, 1056, 1084);
INSERT INTO player_team_game_play(player_id, team_id, game_id, play_id, seconds_start, seconds_end) VALUES(7462, 1646, 25010, 27736, 1056, 1084);
INSERT INTO player_team_game_play(player_id, team_id, game_id, play_id, seconds_start, seconds_end) VALUES(6328, 1646, 25010, 27736, 1056, 1084);
INSERT INTO player_team_game_play(player_id, team_id, game_id, play_id, seconds_start, seconds_end) VALUES(1774, 1646, 25010, 27736, 1056, 1084);
INSERT INTO player_team_game_play(player_id, team_id, game_id, play_id, seconds_start, seconds_end) VALUES(6223, 1646, 25010, 27736, 1056, 1084);
INSERT INTO lba.sub_play (play_id, seconds_da_start, player_made_id, team_made_id, game_made_id, player_suffered_id, team_suffered_id, game_suffered_id, shot_id, turnover_id, foul_id, rebound_defensive_01, rebound_offensive_01, assist_01, blocks_01, time_out_01, x, y)VALUES(27736, 28, 5150, 1649, 25010, NULL, NULL, NULL, 4, NULL, NULL, '', '', '', '', '', 82, 5);

INSERT INTO play(id, game_id, seconds_start, seconds_end, quarter, attack_home_01, score_home, score_guest)VALUES(27737, 25010, 1084, 1101, 2, '0', 38, 39);
INSERT INTO player_team_game_play(player_id, team_id, game_id, play_id, seconds_start, seconds_end) VALUES(7015, 1649, 25010, 27737, 1084, 1101);
INSERT INTO player_team_game_play(player_id, team_id, game_id, play_id, seconds_start, seconds_end) VALUES(3176, 1649, 25010, 27737, 1084, 1101);
INSERT INTO player_team_game_play(player_id, team_id, game_id, play_id, seconds_start, seconds_end) VALUES(5150, 1649, 25010, 27737, 1084, 1101);
INSERT INTO player_team_game_play(player_id, team_id, game_id, play_id, seconds_start, seconds_end) VALUES(7405, 1649, 25010, 27737, 1084, 1101);
INSERT INTO player_team_game_play(player_id, team_id, game_id, play_id, seconds_start, seconds_end) VALUES(7406, 1649, 25010, 27737, 1084, 1101);
INSERT INTO player_team_game_play(player_id, team_id, game_id, play_id, seconds_start, seconds_end) VALUES(2608, 1646, 25010, 27737, 1084, 1101);
INSERT INTO player_team_game_play(player_id, team_id, game_id, play_id, seconds_start, seconds_end) VALUES(7462, 1646, 25010, 27737, 1084, 1101);
INSERT INTO player_team_game_play(player_id, team_id, game_id, play_id, seconds_start, seconds_end) VALUES(6328, 1646, 25010, 27737, 1084, 1101);
INSERT INTO player_team_game_play(player_id, team_id, game_id, play_id, seconds_start, seconds_end) VALUES(1774, 1646, 25010, 27737, 1084, 1101);
INSERT INTO player_team_game_play(player_id, team_id, game_id, play_id, seconds_start, seconds_end) VALUES(6223, 1646, 25010, 27737, 1084, 1101);
INSERT INTO lba.sub_play (play_id, seconds_da_start, player_made_id, team_made_id, game_made_id, player_suffered_id, team_suffered_id, game_suffered_id, shot_id, turnover_id, foul_id, rebound_defensive_01, rebound_offensive_01, assist_01, blocks_01, time_out_01, x, y)VALUES(27737, 17, 2608, 1646, 25010, NULL, NULL, NULL, 4, NULL, NULL, '', '', '', '', '', 5, 3);
INSERT INTO lba.sub_play (play_id, seconds_da_start, player_made_id, team_made_id, game_made_id, player_suffered_id, team_suffered_id, game_suffered_id, shot_id, turnover_id, foul_id, rebound_defensive_01, rebound_offensive_01, assist_01, blocks_01, time_out_01, x, y)VALUES(27737, 17, 3176, 1649, 25010, NULL, NULL, NULL, NULL, NULL, NULL, '1', '', '', '', '', 5, 3);

INSERT INTO play(id, game_id, seconds_start, seconds_end, quarter, attack_home_01, score_home, score_guest)VALUES(27738, 25010, 1101, 1107, 2, '1', 41, 39);
INSERT INTO player_team_game_play(player_id, team_id, game_id, play_id, seconds_start, seconds_end) VALUES(7015, 1649, 25010, 27738, 1101, 1107);
INSERT INTO player_team_game_play(player_id, team_id, game_id, play_id, seconds_start, seconds_end) VALUES(3176, 1649, 25010, 27738, 1101, 1107);
INSERT INTO player_team_game_play(player_id, team_id, game_id, play_id, seconds_start, seconds_end) VALUES(5150, 1649, 25010, 27738, 1101, 1107);
INSERT INTO player_team_game_play(player_id, team_id, game_id, play_id, seconds_start, seconds_end) VALUES(7405, 1649, 25010, 27738, 1101, 1107);
INSERT INTO player_team_game_play(player_id, team_id, game_id, play_id, seconds_start, seconds_end) VALUES(7406, 1649, 25010, 27738, 1101, 1107);
INSERT INTO player_team_game_play(player_id, team_id, game_id, play_id, seconds_start, seconds_end) VALUES(2608, 1646, 25010, 27738, 1101, 1107);
INSERT INTO player_team_game_play(player_id, team_id, game_id, play_id, seconds_start, seconds_end) VALUES(7462, 1646, 25010, 27738, 1101, 1107);
INSERT INTO player_team_game_play(player_id, team_id, game_id, play_id, seconds_start, seconds_end) VALUES(6328, 1646, 25010, 27738, 1101, 1107);
INSERT INTO player_team_game_play(player_id, team_id, game_id, play_id, seconds_start, seconds_end) VALUES(1774, 1646, 25010, 27738, 1101, 1107);
INSERT INTO player_team_game_play(player_id, team_id, game_id, play_id, seconds_start, seconds_end) VALUES(6223, 1646, 25010, 27738, 1101, 1107);
INSERT INTO lba.sub_play (play_id, seconds_da_start, player_made_id, team_made_id, game_made_id, player_suffered_id, team_suffered_id, game_suffered_id, shot_id, turnover_id, foul_id, rebound_defensive_01, rebound_offensive_01, assist_01, blocks_01, time_out_01, x, y)VALUES(27738, 6, 7015, 1649, 25010, NULL, NULL, NULL, 3, NULL, NULL, '', '', '', '', '', 79, 92);
INSERT INTO lba.sub_play (play_id, seconds_da_start, player_made_id, team_made_id, game_made_id, player_suffered_id, team_suffered_id, game_suffered_id, shot_id, turnover_id, foul_id, rebound_defensive_01, rebound_offensive_01, assist_01, blocks_01, time_out_01, x, y)VALUES(27738, 6, 5150, 1649, 25010, NULL, NULL, NULL, NULL, NULL, NULL, '', '', '1', '', '', 79, 92);

INSERT INTO play(id, game_id, seconds_start, seconds_end, quarter, attack_home_01, score_home, score_guest)VALUES(27739, 25010, 1107, 1118, 2, '0', 41, 42);
INSERT INTO player_team_game_play(player_id, team_id, game_id, play_id, seconds_start, seconds_end) VALUES(7015, 1649, 25010, 27739, 1107, 1118);
INSERT INTO player_team_game_play(player_id, team_id, game_id, play_id, seconds_start, seconds_end) VALUES(3176, 1649, 25010, 27739, 1107, 1118);
INSERT INTO player_team_game_play(player_id, team_id, game_id, play_id, seconds_start, seconds_end) VALUES(5150, 1649, 25010, 27739, 1107, 1118);
INSERT INTO player_team_game_play(player_id, team_id, game_id, play_id, seconds_start, seconds_end) VALUES(7405, 1649, 25010, 27739, 1107, 1118);
INSERT INTO player_team_game_play(player_id, team_id, game_id, play_id, seconds_start, seconds_end) VALUES(7406, 1649, 25010, 27739, 1107, 1118);
INSERT INTO player_team_game_play(player_id, team_id, game_id, play_id, seconds_start, seconds_end) VALUES(2608, 1646, 25010, 27739, 1107, 1118);
INSERT INTO player_team_game_play(player_id, team_id, game_id, play_id, seconds_start, seconds_end) VALUES(7462, 1646, 25010, 27739, 1107, 1118);
INSERT INTO player_team_game_play(player_id, team_id, game_id, play_id, seconds_start, seconds_end) VALUES(6328, 1646, 25010, 27739, 1107, 1118);
INSERT INTO player_team_game_play(player_id, team_id, game_id, play_id, seconds_start, seconds_end) VALUES(1774, 1646, 25010, 27739, 1107, 1118);
INSERT INTO player_team_game_play(player_id, team_id, game_id, play_id, seconds_start, seconds_end) VALUES(6223, 1646, 25010, 27739, 1107, 1118);
INSERT INTO lba.sub_play (play_id, seconds_da_start, player_made_id, team_made_id, game_made_id, player_suffered_id, team_suffered_id, game_suffered_id, shot_id, turnover_id, foul_id, rebound_defensive_01, rebound_offensive_01, assist_01, blocks_01, time_out_01, x, y)VALUES(27739, 11, 7462, 1646, 25010, NULL, NULL, NULL, 3, NULL, NULL, '', '', '', '', '', 32, 42);

INSERT INTO play(id, game_id, seconds_start, seconds_end, quarter, attack_home_01, score_home, score_guest)VALUES(27740, 25010, 1118, 1142, 2, '1', 44, 42);
INSERT INTO player_team_game_play(player_id, team_id, game_id, play_id, seconds_start, seconds_end) VALUES(7015, 1649, 25010, 27740, 1118, 1142);
INSERT INTO player_team_game_play(player_id, team_id, game_id, play_id, seconds_start, seconds_end) VALUES(3176, 1649, 25010, 27740, 1118, 1142);
INSERT INTO player_team_game_play(player_id, team_id, game_id, play_id, seconds_start, seconds_end) VALUES(5150, 1649, 25010, 27740, 1118, 1142);
INSERT INTO player_team_game_play(player_id, team_id, game_id, play_id, seconds_start, seconds_end) VALUES(7405, 1649, 25010, 27740, 1118, 1142);
INSERT INTO player_team_game_play(player_id, team_id, game_id, play_id, seconds_start, seconds_end) VALUES(7406, 1649, 25010, 27740, 1118, 1142);
INSERT INTO player_team_game_play(player_id, team_id, game_id, play_id, seconds_start, seconds_end) VALUES(2608, 1646, 25010, 27740, 1118, 1142);
INSERT INTO player_team_game_play(player_id, team_id, game_id, play_id, seconds_start, seconds_end) VALUES(7462, 1646, 25010, 27740, 1118, 1142);
INSERT INTO player_team_game_play(player_id, team_id, game_id, play_id, seconds_start, seconds_end) VALUES(6328, 1646, 25010, 27740, 1118, 1142);
INSERT INTO player_team_game_play(player_id, team_id, game_id, play_id, seconds_start, seconds_end) VALUES(1774, 1646, 25010, 27740, 1118, 1142);
INSERT INTO player_team_game_play(player_id, team_id, game_id, play_id, seconds_start, seconds_end) VALUES(6223, 1646, 25010, 27740, 1118, 1142);
UPDATE player_team_game_play SET seconds_end = 1121 WHERE player_id = 2608 AND game_id = 25010 AND play_id = 27740;
INSERT INTO player_team_game_play(player_id, team_id, game_id, play_id, seconds_start, seconds_end) VALUES(4162, 1646, 25010, 27740, 1121, 1142);
INSERT INTO lba.sub_play (play_id, seconds_da_start, player_made_id, team_made_id, game_made_id, player_suffered_id, team_suffered_id, game_suffered_id, shot_id, turnover_id, foul_id, rebound_defensive_01, rebound_offensive_01, assist_01, blocks_01, time_out_01, x, y)VALUES(27740, 24, 5150, 1649, 25010, NULL, NULL, NULL, 3, NULL, NULL, '', '', '', '', '', 77, 89);

INSERT INTO play(id, game_id, seconds_start, seconds_end, quarter, attack_home_01, score_home, score_guest)VALUES(27741, 25010, 1142, 1156, 2, '0', 44, 42);
INSERT INTO player_team_game_play(player_id, team_id, game_id, play_id, seconds_start, seconds_end) VALUES(7015, 1649, 25010, 27741, 1142, 1156);
INSERT INTO player_team_game_play(player_id, team_id, game_id, play_id, seconds_start, seconds_end) VALUES(3176, 1649, 25010, 27741, 1142, 1156);
INSERT INTO player_team_game_play(player_id, team_id, game_id, play_id, seconds_start, seconds_end) VALUES(5150, 1649, 25010, 27741, 1142, 1156);
INSERT INTO player_team_game_play(player_id, team_id, game_id, play_id, seconds_start, seconds_end) VALUES(7405, 1649, 25010, 27741, 1142, 1156);
INSERT INTO player_team_game_play(player_id, team_id, game_id, play_id, seconds_start, seconds_end) VALUES(7406, 1649, 25010, 27741, 1142, 1156);
INSERT INTO player_team_game_play(player_id, team_id, game_id, play_id, seconds_start, seconds_end) VALUES(4162, 1646, 25010, 27741, 1142, 1156);
INSERT INTO player_team_game_play(player_id, team_id, game_id, play_id, seconds_start, seconds_end) VALUES(7462, 1646, 25010, 27741, 1142, 1156);
INSERT INTO player_team_game_play(player_id, team_id, game_id, play_id, seconds_start, seconds_end) VALUES(6328, 1646, 25010, 27741, 1142, 1156);
INSERT INTO player_team_game_play(player_id, team_id, game_id, play_id, seconds_start, seconds_end) VALUES(1774, 1646, 25010, 27741, 1142, 1156);
INSERT INTO player_team_game_play(player_id, team_id, game_id, play_id, seconds_start, seconds_end) VALUES(6223, 1646, 25010, 27741, 1142, 1156);
INSERT INTO lba.sub_play (play_id, seconds_da_start, player_made_id, team_made_id, game_made_id, player_suffered_id, team_suffered_id, game_suffered_id, shot_id, turnover_id, foul_id, rebound_defensive_01, rebound_offensive_01, assist_01, blocks_01, time_out_01, x, y)VALUES(27741, 14, 7462, 1646, 25010, NULL, NULL, NULL, 4, NULL, NULL, '', '', '', '', '', 30, 29);
INSERT INTO lba.sub_play (play_id, seconds_da_start, player_made_id, team_made_id, game_made_id, player_suffered_id, team_suffered_id, game_suffered_id, shot_id, turnover_id, foul_id, rebound_defensive_01, rebound_offensive_01, assist_01, blocks_01, time_out_01, x, y)VALUES(27741, 14, 3176, 1649, 25010, NULL, NULL, NULL, NULL, NULL, NULL, '1', '', '', '', '', 30, 29);

INSERT INTO play(id, game_id, seconds_start, seconds_end, quarter, attack_home_01, score_home, score_guest)VALUES(27742, 25010, 1156, 1166, 2, '1', 44, 42);
INSERT INTO player_team_game_play(player_id, team_id, game_id, play_id, seconds_start, seconds_end) VALUES(7015, 1649, 25010, 27742, 1156, 1166);
INSERT INTO player_team_game_play(player_id, team_id, game_id, play_id, seconds_start, seconds_end) VALUES(3176, 1649, 25010, 27742, 1156, 1166);
INSERT INTO player_team_game_play(player_id, team_id, game_id, play_id, seconds_start, seconds_end) VALUES(5150, 1649, 25010, 27742, 1156, 1166);
INSERT INTO player_team_game_play(player_id, team_id, game_id, play_id, seconds_start, seconds_end) VALUES(7405, 1649, 25010, 27742, 1156, 1166);
INSERT INTO player_team_game_play(player_id, team_id, game_id, play_id, seconds_start, seconds_end) VALUES(7406, 1649, 25010, 27742, 1156, 1166);
INSERT INTO player_team_game_play(player_id, team_id, game_id, play_id, seconds_start, seconds_end) VALUES(4162, 1646, 25010, 27742, 1156, 1166);
INSERT INTO player_team_game_play(player_id, team_id, game_id, play_id, seconds_start, seconds_end) VALUES(7462, 1646, 25010, 27742, 1156, 1166);
INSERT INTO player_team_game_play(player_id, team_id, game_id, play_id, seconds_start, seconds_end) VALUES(6328, 1646, 25010, 27742, 1156, 1166);
INSERT INTO player_team_game_play(player_id, team_id, game_id, play_id, seconds_start, seconds_end) VALUES(1774, 1646, 25010, 27742, 1156, 1166);
INSERT INTO player_team_game_play(player_id, team_id, game_id, play_id, seconds_start, seconds_end) VALUES(6223, 1646, 25010, 27742, 1156, 1166);
INSERT INTO lba.sub_play (play_id, seconds_da_start, player_made_id, team_made_id, game_made_id, player_suffered_id, team_suffered_id, game_suffered_id, shot_id, turnover_id, foul_id, rebound_defensive_01, rebound_offensive_01, assist_01, blocks_01, time_out_01, x, y)VALUES(27742, 10, 7015, 1649, 25010, NULL, NULL, NULL, 4, NULL, NULL, '', '', '', '', '', 95, 5);
INSERT INTO lba.sub_play (play_id, seconds_da_start, player_made_id, team_made_id, game_made_id, player_suffered_id, team_suffered_id, game_suffered_id, shot_id, turnover_id, foul_id, rebound_defensive_01, rebound_offensive_01, assist_01, blocks_01, time_out_01, x, y)VALUES(27742, 10, 6328, 1646, 25010, NULL, NULL, NULL, NULL, NULL, NULL, '1', '', '', '', '', 95, 5);

INSERT INTO play(id, game_id, seconds_start, seconds_end, quarter, attack_home_01, score_home, score_guest)VALUES(27743, 25010, 1166, 1190, 2, '0', 44, 42);
INSERT INTO player_team_game_play(player_id, team_id, game_id, play_id, seconds_start, seconds_end) VALUES(7015, 1649, 25010, 27743, 1166, 1190);
INSERT INTO player_team_game_play(player_id, team_id, game_id, play_id, seconds_start, seconds_end) VALUES(3176, 1649, 25010, 27743, 1166, 1190);
INSERT INTO player_team_game_play(player_id, team_id, game_id, play_id, seconds_start, seconds_end) VALUES(5150, 1649, 25010, 27743, 1166, 1190);
INSERT INTO player_team_game_play(player_id, team_id, game_id, play_id, seconds_start, seconds_end) VALUES(7405, 1649, 25010, 27743, 1166, 1190);
INSERT INTO player_team_game_play(player_id, team_id, game_id, play_id, seconds_start, seconds_end) VALUES(7406, 1649, 25010, 27743, 1166, 1190);
INSERT INTO player_team_game_play(player_id, team_id, game_id, play_id, seconds_start, seconds_end) VALUES(4162, 1646, 25010, 27743, 1166, 1190);
INSERT INTO player_team_game_play(player_id, team_id, game_id, play_id, seconds_start, seconds_end) VALUES(7462, 1646, 25010, 27743, 1166, 1190);
INSERT INTO player_team_game_play(player_id, team_id, game_id, play_id, seconds_start, seconds_end) VALUES(6328, 1646, 25010, 27743, 1166, 1190);
INSERT INTO player_team_game_play(player_id, team_id, game_id, play_id, seconds_start, seconds_end) VALUES(1774, 1646, 25010, 27743, 1166, 1190);
INSERT INTO player_team_game_play(player_id, team_id, game_id, play_id, seconds_start, seconds_end) VALUES(6223, 1646, 25010, 27743, 1166, 1190);
INSERT INTO lba.sub_play (play_id, seconds_da_start, player_made_id, team_made_id, game_made_id, player_suffered_id, team_suffered_id, game_suffered_id, shot_id, turnover_id, foul_id, rebound_defensive_01, rebound_offensive_01, assist_01, blocks_01, time_out_01, x, y)VALUES(27743, 24, 6223, 1646, 25010, NULL, NULL, NULL, 4, NULL, NULL, '', '', '', '', '', 32, 63);
INSERT INTO lba.sub_play (play_id, seconds_da_start, player_made_id, team_made_id, game_made_id, player_suffered_id, team_suffered_id, game_suffered_id, shot_id, turnover_id, foul_id, rebound_defensive_01, rebound_offensive_01, assist_01, blocks_01, time_out_01, x, y)VALUES(27743, 24, 3176, 1649, 25010, NULL, NULL, NULL, NULL, NULL, NULL, '1', '', '', '', '', 32, 63);

INSERT INTO play(id, game_id, seconds_start, seconds_end, quarter, attack_home_01, score_home, score_guest)VALUES(27744, 25010, 1190, 1221, 3, '0', 44, 42);
INSERT INTO player_team_game_play(player_id, team_id, game_id, play_id, seconds_start, seconds_end) VALUES(7015, 1649, 25010, 27744, 1190, 1221);
INSERT INTO player_team_game_play(player_id, team_id, game_id, play_id, seconds_start, seconds_end) VALUES(3176, 1649, 25010, 27744, 1190, 1221);
INSERT INTO player_team_game_play(player_id, team_id, game_id, play_id, seconds_start, seconds_end) VALUES(5150, 1649, 25010, 27744, 1190, 1221);
INSERT INTO player_team_game_play(player_id, team_id, game_id, play_id, seconds_start, seconds_end) VALUES(7405, 1649, 25010, 27744, 1190, 1221);
INSERT INTO player_team_game_play(player_id, team_id, game_id, play_id, seconds_start, seconds_end) VALUES(7406, 1649, 25010, 27744, 1190, 1221);
INSERT INTO player_team_game_play(player_id, team_id, game_id, play_id, seconds_start, seconds_end) VALUES(4162, 1646, 25010, 27744, 1190, 1221);
INSERT INTO player_team_game_play(player_id, team_id, game_id, play_id, seconds_start, seconds_end) VALUES(7462, 1646, 25010, 27744, 1190, 1221);
INSERT INTO player_team_game_play(player_id, team_id, game_id, play_id, seconds_start, seconds_end) VALUES(6328, 1646, 25010, 27744, 1190, 1221);
INSERT INTO player_team_game_play(player_id, team_id, game_id, play_id, seconds_start, seconds_end) VALUES(1774, 1646, 25010, 27744, 1190, 1221);
INSERT INTO player_team_game_play(player_id, team_id, game_id, play_id, seconds_start, seconds_end) VALUES(6223, 1646, 25010, 27744, 1190, 1221);
UPDATE player_team_game_play SET seconds_end = 1200 WHERE player_id = 7406 AND game_id = 25010 AND play_id = 27744;
INSERT INTO player_team_game_play(player_id, team_id, game_id, play_id, seconds_start, seconds_end) VALUES(6138, 1649, 25010, 27744, 1200, 1221);
UPDATE player_team_game_play SET seconds_end = 1200 WHERE player_id = 4162 AND game_id = 25010 AND play_id = 27744;
UPDATE player_team_game_play SET seconds_end = 1200 WHERE player_id = 7462 AND game_id = 25010 AND play_id = 27744;
INSERT INTO player_team_game_play(player_id, team_id, game_id, play_id, seconds_start, seconds_end) VALUES(2608, 1646, 25010, 27744, 1200, 1221);
INSERT INTO player_team_game_play(player_id, team_id, game_id, play_id, seconds_start, seconds_end) VALUES(5449, 1646, 25010, 27744, 1200, 1221);
INSERT INTO lba.sub_play (play_id, seconds_da_start, player_made_id, team_made_id, game_made_id, player_suffered_id, team_suffered_id, game_suffered_id, shot_id, turnover_id, foul_id, rebound_defensive_01, rebound_offensive_01, assist_01, blocks_01, time_out_01, x, y)VALUES(27744, 9, 7405, 1649, 25010, NULL, NULL, NULL, 2, NULL, NULL, '', '', '', '', '', 86, 71);
INSERT INTO lba.sub_play (play_id, seconds_da_start, player_made_id, team_made_id, game_made_id, player_suffered_id, team_suffered_id, game_suffered_id, shot_id, turnover_id, foul_id, rebound_defensive_01, rebound_offensive_01, assist_01, blocks_01, time_out_01, x, y)VALUES(27744, 31, 2608, 1646, 25010, NULL, NULL, NULL, 4, NULL, NULL, '', '', '', '', '', 70, 30);
INSERT INTO lba.sub_play (play_id, seconds_da_start, player_made_id, team_made_id, game_made_id, player_suffered_id, team_suffered_id, game_suffered_id, shot_id, turnover_id, foul_id, rebound_defensive_01, rebound_offensive_01, assist_01, blocks_01, time_out_01, x, y)VALUES(27744, 31, 6138, 1649, 25010, NULL, NULL, NULL, NULL, NULL, NULL, '1', '', '', '', '', 70, 30);

INSERT INTO play(id, game_id, seconds_start, seconds_end, quarter, attack_home_01, score_home, score_guest)VALUES(27745, 25010, 1221, 1241, 3, '1', 44, 42);
INSERT INTO player_team_game_play(player_id, team_id, game_id, play_id, seconds_start, seconds_end) VALUES(7015, 1649, 25010, 27745, 1221, 1241);
INSERT INTO player_team_game_play(player_id, team_id, game_id, play_id, seconds_start, seconds_end) VALUES(3176, 1649, 25010, 27745, 1221, 1241);
INSERT INTO player_team_game_play(player_id, team_id, game_id, play_id, seconds_start, seconds_end) VALUES(6138, 1649, 25010, 27745, 1221, 1241);
INSERT INTO player_team_game_play(player_id, team_id, game_id, play_id, seconds_start, seconds_end) VALUES(7405, 1649, 25010, 27745, 1221, 1241);
INSERT INTO player_team_game_play(player_id, team_id, game_id, play_id, seconds_start, seconds_end) VALUES(5150, 1649, 25010, 27745, 1221, 1241);
INSERT INTO player_team_game_play(player_id, team_id, game_id, play_id, seconds_start, seconds_end) VALUES(2608, 1646, 25010, 27745, 1221, 1241);
INSERT INTO player_team_game_play(player_id, team_id, game_id, play_id, seconds_start, seconds_end) VALUES(6328, 1646, 25010, 27745, 1221, 1241);
INSERT INTO player_team_game_play(player_id, team_id, game_id, play_id, seconds_start, seconds_end) VALUES(5449, 1646, 25010, 27745, 1221, 1241);
INSERT INTO player_team_game_play(player_id, team_id, game_id, play_id, seconds_start, seconds_end) VALUES(1774, 1646, 25010, 27745, 1221, 1241);
INSERT INTO player_team_game_play(player_id, team_id, game_id, play_id, seconds_start, seconds_end) VALUES(6223, 1646, 25010, 27745, 1221, 1241);
INSERT INTO lba.sub_play (play_id, seconds_da_start, player_made_id, team_made_id, game_made_id, player_suffered_id, team_suffered_id, game_suffered_id, shot_id, turnover_id, foul_id, rebound_defensive_01, rebound_offensive_01, assist_01, blocks_01, time_out_01, x, y)VALUES(27745, 20, 5150, 1649, 25010, NULL, NULL, NULL, 2, NULL, NULL, '', '', '', '', '', 10, 55);
INSERT INTO lba.sub_play (play_id, seconds_da_start, player_made_id, team_made_id, game_made_id, player_suffered_id, team_suffered_id, game_suffered_id, shot_id, turnover_id, foul_id, rebound_defensive_01, rebound_offensive_01, assist_01, blocks_01, time_out_01, x, y)VALUES(27745, 20, 6328, 1646, 25010, NULL, NULL, NULL, NULL, NULL, NULL, '1', '', '', '', '', 10, 55);

INSERT INTO play(id, game_id, seconds_start, seconds_end, quarter, attack_home_01, score_home, score_guest)VALUES(27746, 25010, 1241, 1263, 3, '0', 44, 42);
INSERT INTO player_team_game_play(player_id, team_id, game_id, play_id, seconds_start, seconds_end) VALUES(7015, 1649, 25010, 27746, 1241, 1263);
INSERT INTO player_team_game_play(player_id, team_id, game_id, play_id, seconds_start, seconds_end) VALUES(3176, 1649, 25010, 27746, 1241, 1263);
INSERT INTO player_team_game_play(player_id, team_id, game_id, play_id, seconds_start, seconds_end) VALUES(6138, 1649, 25010, 27746, 1241, 1263);
INSERT INTO player_team_game_play(player_id, team_id, game_id, play_id, seconds_start, seconds_end) VALUES(7405, 1649, 25010, 27746, 1241, 1263);
INSERT INTO player_team_game_play(player_id, team_id, game_id, play_id, seconds_start, seconds_end) VALUES(5150, 1649, 25010, 27746, 1241, 1263);
INSERT INTO player_team_game_play(player_id, team_id, game_id, play_id, seconds_start, seconds_end) VALUES(2608, 1646, 25010, 27746, 1241, 1263);
INSERT INTO player_team_game_play(player_id, team_id, game_id, play_id, seconds_start, seconds_end) VALUES(6328, 1646, 25010, 27746, 1241, 1263);
INSERT INTO player_team_game_play(player_id, team_id, game_id, play_id, seconds_start, seconds_end) VALUES(5449, 1646, 25010, 27746, 1241, 1263);
INSERT INTO player_team_game_play(player_id, team_id, game_id, play_id, seconds_start, seconds_end) VALUES(1774, 1646, 25010, 27746, 1241, 1263);
INSERT INTO player_team_game_play(player_id, team_id, game_id, play_id, seconds_start, seconds_end) VALUES(6223, 1646, 25010, 27746, 1241, 1263);
INSERT INTO lba.sub_play (play_id, seconds_da_start, player_made_id, team_made_id, game_made_id, player_suffered_id, team_suffered_id, game_suffered_id, shot_id, turnover_id, foul_id, rebound_defensive_01, rebound_offensive_01, assist_01, blocks_01, time_out_01, x, y)VALUES(27746, 22, 6328, 1646, 25010, NULL, NULL, NULL, 2, NULL, NULL, '', '', '', '', '', 92, 23);
INSERT INTO lba.sub_play (play_id, seconds_da_start, player_made_id, team_made_id, game_made_id, player_suffered_id, team_suffered_id, game_suffered_id, shot_id, turnover_id, foul_id, rebound_defensive_01, rebound_offensive_01, assist_01, blocks_01, time_out_01, x, y)VALUES(27746, 22, 6138, 1649, 25010, NULL, NULL, NULL, NULL, NULL, NULL, '1', '', '', '', '', 92, 23);

INSERT INTO play(id, game_id, seconds_start, seconds_end, quarter, attack_home_01, score_home, score_guest)VALUES(27747, 25010, 1263, 1287, 3, '1', 44, 42);
INSERT INTO player_team_game_play(player_id, team_id, game_id, play_id, seconds_start, seconds_end) VALUES(7015, 1649, 25010, 27747, 1263, 1287);
INSERT INTO player_team_game_play(player_id, team_id, game_id, play_id, seconds_start, seconds_end) VALUES(3176, 1649, 25010, 27747, 1263, 1287);
INSERT INTO player_team_game_play(player_id, team_id, game_id, play_id, seconds_start, seconds_end) VALUES(6138, 1649, 25010, 27747, 1263, 1287);
INSERT INTO player_team_game_play(player_id, team_id, game_id, play_id, seconds_start, seconds_end) VALUES(7405, 1649, 25010, 27747, 1263, 1287);
INSERT INTO player_team_game_play(player_id, team_id, game_id, play_id, seconds_start, seconds_end) VALUES(5150, 1649, 25010, 27747, 1263, 1287);
INSERT INTO player_team_game_play(player_id, team_id, game_id, play_id, seconds_start, seconds_end) VALUES(2608, 1646, 25010, 27747, 1263, 1287);
INSERT INTO player_team_game_play(player_id, team_id, game_id, play_id, seconds_start, seconds_end) VALUES(6328, 1646, 25010, 27747, 1263, 1287);
INSERT INTO player_team_game_play(player_id, team_id, game_id, play_id, seconds_start, seconds_end) VALUES(5449, 1646, 25010, 27747, 1263, 1287);
INSERT INTO player_team_game_play(player_id, team_id, game_id, play_id, seconds_start, seconds_end) VALUES(1774, 1646, 25010, 27747, 1263, 1287);
INSERT INTO player_team_game_play(player_id, team_id, game_id, play_id, seconds_start, seconds_end) VALUES(6223, 1646, 25010, 27747, 1263, 1287);
INSERT INTO lba.sub_play (play_id, seconds_da_start, player_made_id, team_made_id, game_made_id, player_suffered_id, team_suffered_id, game_suffered_id, shot_id, turnover_id, foul_id, rebound_defensive_01, rebound_offensive_01, assist_01, blocks_01, time_out_01, x, y)VALUES(27747, 24, 7405, 1649, 25010, NULL, NULL, NULL, 2, NULL, NULL, '', '', '', '', '', 9, 71);
INSERT INTO lba.sub_play (play_id, seconds_da_start, player_made_id, team_made_id, game_made_id, player_suffered_id, team_suffered_id, game_suffered_id, shot_id, turnover_id, foul_id, rebound_defensive_01, rebound_offensive_01, assist_01, blocks_01, time_out_01, x, y)VALUES(27747, 24, 6328, 1646, 25010, NULL, NULL, NULL, NULL, NULL, NULL, '1', '', '', '', '', 9, 71);

INSERT INTO play(id, game_id, seconds_start, seconds_end, quarter, attack_home_01, score_home, score_guest)VALUES(27748, 25010, 1287, 1305, 3, '0', 44, 44);
INSERT INTO player_team_game_play(player_id, team_id, game_id, play_id, seconds_start, seconds_end) VALUES(7015, 1649, 25010, 27748, 1287, 1305);
INSERT INTO player_team_game_play(player_id, team_id, game_id, play_id, seconds_start, seconds_end) VALUES(3176, 1649, 25010, 27748, 1287, 1305);
INSERT INTO player_team_game_play(player_id, team_id, game_id, play_id, seconds_start, seconds_end) VALUES(6138, 1649, 25010, 27748, 1287, 1305);
INSERT INTO player_team_game_play(player_id, team_id, game_id, play_id, seconds_start, seconds_end) VALUES(7405, 1649, 25010, 27748, 1287, 1305);
INSERT INTO player_team_game_play(player_id, team_id, game_id, play_id, seconds_start, seconds_end) VALUES(5150, 1649, 25010, 27748, 1287, 1305);
INSERT INTO player_team_game_play(player_id, team_id, game_id, play_id, seconds_start, seconds_end) VALUES(2608, 1646, 25010, 27748, 1287, 1305);
INSERT INTO player_team_game_play(player_id, team_id, game_id, play_id, seconds_start, seconds_end) VALUES(6328, 1646, 25010, 27748, 1287, 1305);
INSERT INTO player_team_game_play(player_id, team_id, game_id, play_id, seconds_start, seconds_end) VALUES(5449, 1646, 25010, 27748, 1287, 1305);
INSERT INTO player_team_game_play(player_id, team_id, game_id, play_id, seconds_start, seconds_end) VALUES(1774, 1646, 25010, 27748, 1287, 1305);
INSERT INTO player_team_game_play(player_id, team_id, game_id, play_id, seconds_start, seconds_end) VALUES(6223, 1646, 25010, 27748, 1287, 1305);
INSERT INTO lba.sub_play (play_id, seconds_da_start, player_made_id, team_made_id, game_made_id, player_suffered_id, team_suffered_id, game_suffered_id, shot_id, turnover_id, foul_id, rebound_defensive_01, rebound_offensive_01, assist_01, blocks_01, time_out_01, x, y)VALUES(27748, 18, 1774, 1646, 25010, NULL, NULL, NULL, 1, NULL, NULL, '', '', '', '', '', 86, 80);
INSERT INTO lba.sub_play (play_id, seconds_da_start, player_made_id, team_made_id, game_made_id, player_suffered_id, team_suffered_id, game_suffered_id, shot_id, turnover_id, foul_id, rebound_defensive_01, rebound_offensive_01, assist_01, blocks_01, time_out_01, x, y)VALUES(27748, 18, 5449, 1646, 25010, NULL, NULL, NULL, NULL, NULL, NULL, '', '', '1', '', '', 86, 80);

INSERT INTO play(id, game_id, seconds_start, seconds_end, quarter, attack_home_01, score_home, score_guest)VALUES(27749, 25010, 1305, 1328, 3, '1', 44, 44);
INSERT INTO player_team_game_play(player_id, team_id, game_id, play_id, seconds_start, seconds_end) VALUES(7015, 1649, 25010, 27749, 1305, 1328);
INSERT INTO player_team_game_play(player_id, team_id, game_id, play_id, seconds_start, seconds_end) VALUES(3176, 1649, 25010, 27749, 1305, 1328);
INSERT INTO player_team_game_play(player_id, team_id, game_id, play_id, seconds_start, seconds_end) VALUES(6138, 1649, 25010, 27749, 1305, 1328);
INSERT INTO player_team_game_play(player_id, team_id, game_id, play_id, seconds_start, seconds_end) VALUES(7405, 1649, 25010, 27749, 1305, 1328);
INSERT INTO player_team_game_play(player_id, team_id, game_id, play_id, seconds_start, seconds_end) VALUES(5150, 1649, 25010, 27749, 1305, 1328);
INSERT INTO player_team_game_play(player_id, team_id, game_id, play_id, seconds_start, seconds_end) VALUES(2608, 1646, 25010, 27749, 1305, 1328);
INSERT INTO player_team_game_play(player_id, team_id, game_id, play_id, seconds_start, seconds_end) VALUES(6328, 1646, 25010, 27749, 1305, 1328);
INSERT INTO player_team_game_play(player_id, team_id, game_id, play_id, seconds_start, seconds_end) VALUES(5449, 1646, 25010, 27749, 1305, 1328);
INSERT INTO player_team_game_play(player_id, team_id, game_id, play_id, seconds_start, seconds_end) VALUES(1774, 1646, 25010, 27749, 1305, 1328);
INSERT INTO player_team_game_play(player_id, team_id, game_id, play_id, seconds_start, seconds_end) VALUES(6223, 1646, 25010, 27749, 1305, 1328);
INSERT INTO lba.sub_play (play_id, seconds_da_start, player_made_id, team_made_id, game_made_id, player_suffered_id, team_suffered_id, game_suffered_id, shot_id, turnover_id, foul_id, rebound_defensive_01, rebound_offensive_01, assist_01, blocks_01, time_out_01, x, y)VALUES(27749, 23, 3176, 1649, 25010, NULL, NULL, NULL, 2, NULL, NULL, '', '', '', '', '', 9, 59);
INSERT INTO lba.sub_play (play_id, seconds_da_start, player_made_id, team_made_id, game_made_id, player_suffered_id, team_suffered_id, game_suffered_id, shot_id, turnover_id, foul_id, rebound_defensive_01, rebound_offensive_01, assist_01, blocks_01, time_out_01, x, y)VALUES(27749, 23, 6328, 1646, 25010, NULL, NULL, NULL, NULL, NULL, NULL, '1', '', '', '', '', 9, 59);

INSERT INTO play(id, game_id, seconds_start, seconds_end, quarter, attack_home_01, score_home, score_guest)VALUES(27750, 25010, 1328, 1343, 3, '0', 44, 44);
INSERT INTO player_team_game_play(player_id, team_id, game_id, play_id, seconds_start, seconds_end) VALUES(7015, 1649, 25010, 27750, 1328, 1343);
INSERT INTO player_team_game_play(player_id, team_id, game_id, play_id, seconds_start, seconds_end) VALUES(3176, 1649, 25010, 27750, 1328, 1343);
INSERT INTO player_team_game_play(player_id, team_id, game_id, play_id, seconds_start, seconds_end) VALUES(6138, 1649, 25010, 27750, 1328, 1343);
INSERT INTO player_team_game_play(player_id, team_id, game_id, play_id, seconds_start, seconds_end) VALUES(7405, 1649, 25010, 27750, 1328, 1343);
INSERT INTO player_team_game_play(player_id, team_id, game_id, play_id, seconds_start, seconds_end) VALUES(5150, 1649, 25010, 27750, 1328, 1343);
INSERT INTO player_team_game_play(player_id, team_id, game_id, play_id, seconds_start, seconds_end) VALUES(2608, 1646, 25010, 27750, 1328, 1343);
INSERT INTO player_team_game_play(player_id, team_id, game_id, play_id, seconds_start, seconds_end) VALUES(6328, 1646, 25010, 27750, 1328, 1343);
INSERT INTO player_team_game_play(player_id, team_id, game_id, play_id, seconds_start, seconds_end) VALUES(5449, 1646, 25010, 27750, 1328, 1343);
INSERT INTO player_team_game_play(player_id, team_id, game_id, play_id, seconds_start, seconds_end) VALUES(1774, 1646, 25010, 27750, 1328, 1343);
INSERT INTO player_team_game_play(player_id, team_id, game_id, play_id, seconds_start, seconds_end) VALUES(6223, 1646, 25010, 27750, 1328, 1343);
INSERT INTO lba.sub_play (play_id, seconds_da_start, player_made_id, team_made_id, game_made_id, player_suffered_id, team_suffered_id, game_suffered_id, shot_id, turnover_id, foul_id, rebound_defensive_01, rebound_offensive_01, assist_01, blocks_01, time_out_01, x, y)VALUES(27750, 15, 6328, 1646, 25010, 3176, 1649, 25010, NULL, 2, NULL, '', '', '', '', '', 68, 45);

INSERT INTO play(id, game_id, seconds_start, seconds_end, quarter, attack_home_01, score_home, score_guest)VALUES(27751, 25010, 1343, 1349, 3, '1', 46, 44);
INSERT INTO player_team_game_play(player_id, team_id, game_id, play_id, seconds_start, seconds_end) VALUES(7015, 1649, 25010, 27751, 1343, 1349);
INSERT INTO player_team_game_play(player_id, team_id, game_id, play_id, seconds_start, seconds_end) VALUES(3176, 1649, 25010, 27751, 1343, 1349);
INSERT INTO player_team_game_play(player_id, team_id, game_id, play_id, seconds_start, seconds_end) VALUES(6138, 1649, 25010, 27751, 1343, 1349);
INSERT INTO player_team_game_play(player_id, team_id, game_id, play_id, seconds_start, seconds_end) VALUES(7405, 1649, 25010, 27751, 1343, 1349);
INSERT INTO player_team_game_play(player_id, team_id, game_id, play_id, seconds_start, seconds_end) VALUES(5150, 1649, 25010, 27751, 1343, 1349);
INSERT INTO player_team_game_play(player_id, team_id, game_id, play_id, seconds_start, seconds_end) VALUES(2608, 1646, 25010, 27751, 1343, 1349);
INSERT INTO player_team_game_play(player_id, team_id, game_id, play_id, seconds_start, seconds_end) VALUES(6328, 1646, 25010, 27751, 1343, 1349);
INSERT INTO player_team_game_play(player_id, team_id, game_id, play_id, seconds_start, seconds_end) VALUES(5449, 1646, 25010, 27751, 1343, 1349);
INSERT INTO player_team_game_play(player_id, team_id, game_id, play_id, seconds_start, seconds_end) VALUES(1774, 1646, 25010, 27751, 1343, 1349);
INSERT INTO player_team_game_play(player_id, team_id, game_id, play_id, seconds_start, seconds_end) VALUES(6223, 1646, 25010, 27751, 1343, 1349);
INSERT INTO lba.sub_play (play_id, seconds_da_start, player_made_id, team_made_id, game_made_id, player_suffered_id, team_suffered_id, game_suffered_id, shot_id, turnover_id, foul_id, rebound_defensive_01, rebound_offensive_01, assist_01, blocks_01, time_out_01, x, y)VALUES(27751, 6, 6138, 1649, 25010, NULL, NULL, NULL, 1, NULL, NULL, '', '', '', '', '', 6, 55);

INSERT INTO play(id, game_id, seconds_start, seconds_end, quarter, attack_home_01, score_home, score_guest)VALUES(27752, 25010, 1349, 1368, 3, '0', 46, 46);
INSERT INTO player_team_game_play(player_id, team_id, game_id, play_id, seconds_start, seconds_end) VALUES(7015, 1649, 25010, 27752, 1349, 1368);
INSERT INTO player_team_game_play(player_id, team_id, game_id, play_id, seconds_start, seconds_end) VALUES(3176, 1649, 25010, 27752, 1349, 1368);
INSERT INTO player_team_game_play(player_id, team_id, game_id, play_id, seconds_start, seconds_end) VALUES(6138, 1649, 25010, 27752, 1349, 1368);
INSERT INTO player_team_game_play(player_id, team_id, game_id, play_id, seconds_start, seconds_end) VALUES(7405, 1649, 25010, 27752, 1349, 1368);
INSERT INTO player_team_game_play(player_id, team_id, game_id, play_id, seconds_start, seconds_end) VALUES(5150, 1649, 25010, 27752, 1349, 1368);
INSERT INTO player_team_game_play(player_id, team_id, game_id, play_id, seconds_start, seconds_end) VALUES(2608, 1646, 25010, 27752, 1349, 1368);
INSERT INTO player_team_game_play(player_id, team_id, game_id, play_id, seconds_start, seconds_end) VALUES(6328, 1646, 25010, 27752, 1349, 1368);
INSERT INTO player_team_game_play(player_id, team_id, game_id, play_id, seconds_start, seconds_end) VALUES(5449, 1646, 25010, 27752, 1349, 1368);
INSERT INTO player_team_game_play(player_id, team_id, game_id, play_id, seconds_start, seconds_end) VALUES(1774, 1646, 25010, 27752, 1349, 1368);
INSERT INTO player_team_game_play(player_id, team_id, game_id, play_id, seconds_start, seconds_end) VALUES(6223, 1646, 25010, 27752, 1349, 1368);
INSERT INTO lba.sub_play (play_id, seconds_da_start, player_made_id, team_made_id, game_made_id, player_suffered_id, team_suffered_id, game_suffered_id, shot_id, turnover_id, foul_id, rebound_defensive_01, rebound_offensive_01, assist_01, blocks_01, time_out_01, x, y)VALUES(27752, 19, 2608, 1646, 25010, NULL, NULL, NULL, 1, NULL, NULL, '', '', '', '', '', 92, 50);
INSERT INTO lba.sub_play (play_id, seconds_da_start, player_made_id, team_made_id, game_made_id, player_suffered_id, team_suffered_id, game_suffered_id, shot_id, turnover_id, foul_id, rebound_defensive_01, rebound_offensive_01, assist_01, blocks_01, time_out_01, x, y)VALUES(27752, 19, 6138, 1649, 25010, 2608, 1646, 25010, NULL, NULL, 4, '', '', '', '', '', 92, 50);
INSERT INTO lba.sub_play (play_id, seconds_da_start, player_made_id, team_made_id, game_made_id, player_suffered_id, team_suffered_id, game_suffered_id, shot_id, turnover_id, foul_id, rebound_defensive_01, rebound_offensive_01, assist_01, blocks_01, time_out_01, x, y)VALUES(27752, 19, 2608, 1646, 25010, NULL, NULL, NULL, 6, NULL, NULL, '', '', '', '', '', NULL, NULL);
INSERT INTO lba.sub_play (play_id, seconds_da_start, player_made_id, team_made_id, game_made_id, player_suffered_id, team_suffered_id, game_suffered_id, shot_id, turnover_id, foul_id, rebound_defensive_01, rebound_offensive_01, assist_01, blocks_01, time_out_01, x, y)VALUES(27752, 19, 3176, 1649, 25010, NULL, NULL, NULL, NULL, NULL, NULL, '1', '', '', '', '', NULL, NULL);

INSERT INTO play(id, game_id, seconds_start, seconds_end, quarter, attack_home_01, score_home, score_guest)VALUES(27753, 25010, 1368, 1388, 3, '1', 46, 46);
INSERT INTO player_team_game_play(player_id, team_id, game_id, play_id, seconds_start, seconds_end) VALUES(7015, 1649, 25010, 27753, 1368, 1388);
INSERT INTO player_team_game_play(player_id, team_id, game_id, play_id, seconds_start, seconds_end) VALUES(3176, 1649, 25010, 27753, 1368, 1388);
INSERT INTO player_team_game_play(player_id, team_id, game_id, play_id, seconds_start, seconds_end) VALUES(6138, 1649, 25010, 27753, 1368, 1388);
INSERT INTO player_team_game_play(player_id, team_id, game_id, play_id, seconds_start, seconds_end) VALUES(7405, 1649, 25010, 27753, 1368, 1388);
INSERT INTO player_team_game_play(player_id, team_id, game_id, play_id, seconds_start, seconds_end) VALUES(5150, 1649, 25010, 27753, 1368, 1388);
INSERT INTO player_team_game_play(player_id, team_id, game_id, play_id, seconds_start, seconds_end) VALUES(2608, 1646, 25010, 27753, 1368, 1388);
INSERT INTO player_team_game_play(player_id, team_id, game_id, play_id, seconds_start, seconds_end) VALUES(6328, 1646, 25010, 27753, 1368, 1388);
INSERT INTO player_team_game_play(player_id, team_id, game_id, play_id, seconds_start, seconds_end) VALUES(5449, 1646, 25010, 27753, 1368, 1388);
INSERT INTO player_team_game_play(player_id, team_id, game_id, play_id, seconds_start, seconds_end) VALUES(1774, 1646, 25010, 27753, 1368, 1388);
INSERT INTO player_team_game_play(player_id, team_id, game_id, play_id, seconds_start, seconds_end) VALUES(6223, 1646, 25010, 27753, 1368, 1388);
INSERT INTO lba.sub_play (play_id, seconds_da_start, player_made_id, team_made_id, game_made_id, player_suffered_id, team_suffered_id, game_suffered_id, shot_id, turnover_id, foul_id, rebound_defensive_01, rebound_offensive_01, assist_01, blocks_01, time_out_01, x, y)VALUES(27753, 20, 7015, 1649, 25010, NULL, NULL, NULL, 4, NULL, NULL, '', '', '', '', '', 33, 61);
INSERT INTO lba.sub_play (play_id, seconds_da_start, player_made_id, team_made_id, game_made_id, player_suffered_id, team_suffered_id, game_suffered_id, shot_id, turnover_id, foul_id, rebound_defensive_01, rebound_offensive_01, assist_01, blocks_01, time_out_01, x, y)VALUES(27753, 20, 6328, 1646, 25010, NULL, NULL, NULL, NULL, NULL, NULL, '1', '', '', '', '', 33, 61);

INSERT INTO play(id, game_id, seconds_start, seconds_end, quarter, attack_home_01, score_home, score_guest)VALUES(27754, 25010, 1388, 1399, 3, '0', 46, 46);
INSERT INTO player_team_game_play(player_id, team_id, game_id, play_id, seconds_start, seconds_end) VALUES(7015, 1649, 25010, 27754, 1388, 1399);
INSERT INTO player_team_game_play(player_id, team_id, game_id, play_id, seconds_start, seconds_end) VALUES(3176, 1649, 25010, 27754, 1388, 1399);
INSERT INTO player_team_game_play(player_id, team_id, game_id, play_id, seconds_start, seconds_end) VALUES(6138, 1649, 25010, 27754, 1388, 1399);
INSERT INTO player_team_game_play(player_id, team_id, game_id, play_id, seconds_start, seconds_end) VALUES(7405, 1649, 25010, 27754, 1388, 1399);
INSERT INTO player_team_game_play(player_id, team_id, game_id, play_id, seconds_start, seconds_end) VALUES(5150, 1649, 25010, 27754, 1388, 1399);
INSERT INTO player_team_game_play(player_id, team_id, game_id, play_id, seconds_start, seconds_end) VALUES(2608, 1646, 25010, 27754, 1388, 1399);
INSERT INTO player_team_game_play(player_id, team_id, game_id, play_id, seconds_start, seconds_end) VALUES(6328, 1646, 25010, 27754, 1388, 1399);
INSERT INTO player_team_game_play(player_id, team_id, game_id, play_id, seconds_start, seconds_end) VALUES(5449, 1646, 25010, 27754, 1388, 1399);
INSERT INTO player_team_game_play(player_id, team_id, game_id, play_id, seconds_start, seconds_end) VALUES(1774, 1646, 25010, 27754, 1388, 1399);
INSERT INTO player_team_game_play(player_id, team_id, game_id, play_id, seconds_start, seconds_end) VALUES(6223, 1646, 25010, 27754, 1388, 1399);
INSERT INTO lba.sub_play (play_id, seconds_da_start, player_made_id, team_made_id, game_made_id, player_suffered_id, team_suffered_id, game_suffered_id, shot_id, turnover_id, foul_id, rebound_defensive_01, rebound_offensive_01, assist_01, blocks_01, time_out_01, x, y)VALUES(27754, 11, 5449, 1646, 25010, NULL, NULL, NULL, 4, NULL, NULL, '', '', '', '', '', 68, 59);
INSERT INTO lba.sub_play (play_id, seconds_da_start, player_made_id, team_made_id, game_made_id, player_suffered_id, team_suffered_id, game_suffered_id, shot_id, turnover_id, foul_id, rebound_defensive_01, rebound_offensive_01, assist_01, blocks_01, time_out_01, x, y)VALUES(27754, 11, 3176, 1649, 25010, NULL, NULL, NULL, NULL, NULL, NULL, '1', '', '', '', '', 68, 59);

INSERT INTO play(id, game_id, seconds_start, seconds_end, quarter, attack_home_01, score_home, score_guest)VALUES(27755, 25010, 1399, 1415, 3, '1', 48, 46);
INSERT INTO player_team_game_play(player_id, team_id, game_id, play_id, seconds_start, seconds_end) VALUES(7015, 1649, 25010, 27755, 1399, 1415);
INSERT INTO player_team_game_play(player_id, team_id, game_id, play_id, seconds_start, seconds_end) VALUES(3176, 1649, 25010, 27755, 1399, 1415);
INSERT INTO player_team_game_play(player_id, team_id, game_id, play_id, seconds_start, seconds_end) VALUES(6138, 1649, 25010, 27755, 1399, 1415);
INSERT INTO player_team_game_play(player_id, team_id, game_id, play_id, seconds_start, seconds_end) VALUES(7405, 1649, 25010, 27755, 1399, 1415);
INSERT INTO player_team_game_play(player_id, team_id, game_id, play_id, seconds_start, seconds_end) VALUES(5150, 1649, 25010, 27755, 1399, 1415);
INSERT INTO player_team_game_play(player_id, team_id, game_id, play_id, seconds_start, seconds_end) VALUES(2608, 1646, 25010, 27755, 1399, 1415);
INSERT INTO player_team_game_play(player_id, team_id, game_id, play_id, seconds_start, seconds_end) VALUES(6328, 1646, 25010, 27755, 1399, 1415);
INSERT INTO player_team_game_play(player_id, team_id, game_id, play_id, seconds_start, seconds_end) VALUES(5449, 1646, 25010, 27755, 1399, 1415);
INSERT INTO player_team_game_play(player_id, team_id, game_id, play_id, seconds_start, seconds_end) VALUES(1774, 1646, 25010, 27755, 1399, 1415);
INSERT INTO player_team_game_play(player_id, team_id, game_id, play_id, seconds_start, seconds_end) VALUES(6223, 1646, 25010, 27755, 1399, 1415);
INSERT INTO lba.sub_play (play_id, seconds_da_start, player_made_id, team_made_id, game_made_id, player_suffered_id, team_suffered_id, game_suffered_id, shot_id, turnover_id, foul_id, rebound_defensive_01, rebound_offensive_01, assist_01, blocks_01, time_out_01, x, y)VALUES(27755, 16, 7015, 1649, 25010, NULL, NULL, NULL, 1, NULL, NULL, '', '', '', '', '', 9, 59);

INSERT INTO play(id, game_id, seconds_start, seconds_end, quarter, attack_home_01, score_home, score_guest)VALUES(27756, 25010, 1415, 1440, 3, '0', 48, 49);
INSERT INTO player_team_game_play(player_id, team_id, game_id, play_id, seconds_start, seconds_end) VALUES(7015, 1649, 25010, 27756, 1415, 1440);
INSERT INTO player_team_game_play(player_id, team_id, game_id, play_id, seconds_start, seconds_end) VALUES(3176, 1649, 25010, 27756, 1415, 1440);
INSERT INTO player_team_game_play(player_id, team_id, game_id, play_id, seconds_start, seconds_end) VALUES(6138, 1649, 25010, 27756, 1415, 1440);
INSERT INTO player_team_game_play(player_id, team_id, game_id, play_id, seconds_start, seconds_end) VALUES(7405, 1649, 25010, 27756, 1415, 1440);
INSERT INTO player_team_game_play(player_id, team_id, game_id, play_id, seconds_start, seconds_end) VALUES(5150, 1649, 25010, 27756, 1415, 1440);
INSERT INTO player_team_game_play(player_id, team_id, game_id, play_id, seconds_start, seconds_end) VALUES(2608, 1646, 25010, 27756, 1415, 1440);
INSERT INTO player_team_game_play(player_id, team_id, game_id, play_id, seconds_start, seconds_end) VALUES(6328, 1646, 25010, 27756, 1415, 1440);
INSERT INTO player_team_game_play(player_id, team_id, game_id, play_id, seconds_start, seconds_end) VALUES(5449, 1646, 25010, 27756, 1415, 1440);
INSERT INTO player_team_game_play(player_id, team_id, game_id, play_id, seconds_start, seconds_end) VALUES(1774, 1646, 25010, 27756, 1415, 1440);
INSERT INTO player_team_game_play(player_id, team_id, game_id, play_id, seconds_start, seconds_end) VALUES(6223, 1646, 25010, 27756, 1415, 1440);
UPDATE player_team_game_play SET seconds_end = 1440 WHERE player_id = 2608 AND game_id = 25010 AND play_id = 27756;
INSERT INTO player_team_game_play(player_id, team_id, game_id, play_id, seconds_start, seconds_end) VALUES(4162, 1646, 25010, 27756, 1440, 1440);
INSERT INTO lba.sub_play (play_id, seconds_da_start, player_made_id, team_made_id, game_made_id, player_suffered_id, team_suffered_id, game_suffered_id, shot_id, turnover_id, foul_id, rebound_defensive_01, rebound_offensive_01, assist_01, blocks_01, time_out_01, x, y)VALUES(27756, 25, 6328, 1646, 25010, NULL, NULL, NULL, 1, NULL, NULL, '', '', '', '', '', 89, 41);
INSERT INTO lba.sub_play (play_id, seconds_da_start, player_made_id, team_made_id, game_made_id, player_suffered_id, team_suffered_id, game_suffered_id, shot_id, turnover_id, foul_id, rebound_defensive_01, rebound_offensive_01, assist_01, blocks_01, time_out_01, x, y)VALUES(27756, 25, 6138, 1649, 25010, 6328, 1646, 25010, NULL, NULL, 4, '', '', '', '', '', 89, 41);
INSERT INTO lba.sub_play (play_id, seconds_da_start, player_made_id, team_made_id, game_made_id, player_suffered_id, team_suffered_id, game_suffered_id, shot_id, turnover_id, foul_id, rebound_defensive_01, rebound_offensive_01, assist_01, blocks_01, time_out_01, x, y)VALUES(27756, 25, 6328, 1646, 25010, NULL, NULL, NULL, 5, NULL, NULL, '', '', '', '', '', NULL, NULL);

INSERT INTO play(id, game_id, seconds_start, seconds_end, quarter, attack_home_01, score_home, score_guest)VALUES(27757, 25010, 1440, 1460, 3, '1', 48, 49);
INSERT INTO player_team_game_play(player_id, team_id, game_id, play_id, seconds_start, seconds_end) VALUES(7015, 1649, 25010, 27757, 1440, 1460);
INSERT INTO player_team_game_play(player_id, team_id, game_id, play_id, seconds_start, seconds_end) VALUES(3176, 1649, 25010, 27757, 1440, 1460);
INSERT INTO player_team_game_play(player_id, team_id, game_id, play_id, seconds_start, seconds_end) VALUES(6138, 1649, 25010, 27757, 1440, 1460);
INSERT INTO player_team_game_play(player_id, team_id, game_id, play_id, seconds_start, seconds_end) VALUES(7405, 1649, 25010, 27757, 1440, 1460);
INSERT INTO player_team_game_play(player_id, team_id, game_id, play_id, seconds_start, seconds_end) VALUES(5150, 1649, 25010, 27757, 1440, 1460);
INSERT INTO player_team_game_play(player_id, team_id, game_id, play_id, seconds_start, seconds_end) VALUES(2608, 1646, 25010, 27757, 1440, 1460);
INSERT INTO player_team_game_play(player_id, team_id, game_id, play_id, seconds_start, seconds_end) VALUES(6328, 1646, 25010, 27757, 1440, 1460);
INSERT INTO player_team_game_play(player_id, team_id, game_id, play_id, seconds_start, seconds_end) VALUES(5449, 1646, 25010, 27757, 1440, 1460);
INSERT INTO player_team_game_play(player_id, team_id, game_id, play_id, seconds_start, seconds_end) VALUES(1774, 1646, 25010, 27757, 1440, 1460);
INSERT INTO player_team_game_play(player_id, team_id, game_id, play_id, seconds_start, seconds_end) VALUES(6223, 1646, 25010, 27757, 1440, 1460);
UPDATE player_team_game_play SET seconds_end = 1440 WHERE player_id = 2608 AND game_id = 25010 AND play_id = 27757;
INSERT INTO player_team_game_play(player_id, team_id, game_id, play_id, seconds_start, seconds_end) VALUES(4162, 1646, 25010, 27757, 1440, 1460);
INSERT INTO lba.sub_play (play_id, seconds_da_start, player_made_id, team_made_id, game_made_id, player_suffered_id, team_suffered_id, game_suffered_id, shot_id, turnover_id, foul_id, rebound_defensive_01, rebound_offensive_01, assist_01, blocks_01, time_out_01, x, y)VALUES(27757, 20, 3176, 1649, 25010, NULL, NULL, NULL, 2, NULL, NULL, '', '', '', '', '', 17, 66);
INSERT INTO lba.sub_play (play_id, seconds_da_start, player_made_id, team_made_id, game_made_id, player_suffered_id, team_suffered_id, game_suffered_id, shot_id, turnover_id, foul_id, rebound_defensive_01, rebound_offensive_01, assist_01, blocks_01, time_out_01, x, y)VALUES(27757, 20, 5449, 1646, 25010, NULL, NULL, NULL, NULL, NULL, NULL, '1', '', '', '', '', 17, 66);

INSERT INTO play(id, game_id, seconds_start, seconds_end, quarter, attack_home_01, score_home, score_guest)VALUES(27758, 25010, 1460, 1475, 3, '0', 48, 51);
INSERT INTO player_team_game_play(player_id, team_id, game_id, play_id, seconds_start, seconds_end) VALUES(7015, 1649, 25010, 27758, 1460, 1475);
INSERT INTO player_team_game_play(player_id, team_id, game_id, play_id, seconds_start, seconds_end) VALUES(3176, 1649, 25010, 27758, 1460, 1475);
INSERT INTO player_team_game_play(player_id, team_id, game_id, play_id, seconds_start, seconds_end) VALUES(6138, 1649, 25010, 27758, 1460, 1475);
INSERT INTO player_team_game_play(player_id, team_id, game_id, play_id, seconds_start, seconds_end) VALUES(7405, 1649, 25010, 27758, 1460, 1475);
INSERT INTO player_team_game_play(player_id, team_id, game_id, play_id, seconds_start, seconds_end) VALUES(5150, 1649, 25010, 27758, 1460, 1475);
INSERT INTO player_team_game_play(player_id, team_id, game_id, play_id, seconds_start, seconds_end) VALUES(4162, 1646, 25010, 27758, 1460, 1475);
INSERT INTO player_team_game_play(player_id, team_id, game_id, play_id, seconds_start, seconds_end) VALUES(6328, 1646, 25010, 27758, 1460, 1475);
INSERT INTO player_team_game_play(player_id, team_id, game_id, play_id, seconds_start, seconds_end) VALUES(5449, 1646, 25010, 27758, 1460, 1475);
INSERT INTO player_team_game_play(player_id, team_id, game_id, play_id, seconds_start, seconds_end) VALUES(1774, 1646, 25010, 27758, 1460, 1475);
INSERT INTO player_team_game_play(player_id, team_id, game_id, play_id, seconds_start, seconds_end) VALUES(6223, 1646, 25010, 27758, 1460, 1475);
UPDATE player_team_game_play SET seconds_end = 1475 WHERE player_id = 7015 AND game_id = 25010 AND play_id = 27758;
INSERT INTO player_team_game_play(player_id, team_id, game_id, play_id, seconds_start, seconds_end) VALUES(1775, 1649, 25010, 27758, 1475, 1475);
UPDATE player_team_game_play SET seconds_end = 1475 WHERE player_id = 6328 AND game_id = 25010 AND play_id = 27758;
INSERT INTO player_team_game_play(player_id, team_id, game_id, play_id, seconds_start, seconds_end) VALUES(7314, 1646, 25010, 27758, 1475, 1475);
INSERT INTO lba.sub_play (play_id, seconds_da_start, player_made_id, team_made_id, game_made_id, player_suffered_id, team_suffered_id, game_suffered_id, shot_id, turnover_id, foul_id, rebound_defensive_01, rebound_offensive_01, assist_01, blocks_01, time_out_01, x, y)VALUES(27758, 15, 1774, 1646, 25010, NULL, NULL, NULL, 1, NULL, NULL, '', '', '', '', '', 93, 44);
INSERT INTO lba.sub_play (play_id, seconds_da_start, player_made_id, team_made_id, game_made_id, player_suffered_id, team_suffered_id, game_suffered_id, shot_id, turnover_id, foul_id, rebound_defensive_01, rebound_offensive_01, assist_01, blocks_01, time_out_01, x, y)VALUES(27758, 15, 6328, 1646, 25010, NULL, NULL, NULL, NULL, NULL, NULL, '', '', '1', '', '', 93, 44);

INSERT INTO play(id, game_id, seconds_start, seconds_end, quarter, attack_home_01, score_home, score_guest)VALUES(27759, 25010, 1475, 1495, 3, '1', 51, 51);
INSERT INTO player_team_game_play(player_id, team_id, game_id, play_id, seconds_start, seconds_end) VALUES(7015, 1649, 25010, 27759, 1475, 1495);
INSERT INTO player_team_game_play(player_id, team_id, game_id, play_id, seconds_start, seconds_end) VALUES(3176, 1649, 25010, 27759, 1475, 1495);
INSERT INTO player_team_game_play(player_id, team_id, game_id, play_id, seconds_start, seconds_end) VALUES(6138, 1649, 25010, 27759, 1475, 1495);
INSERT INTO player_team_game_play(player_id, team_id, game_id, play_id, seconds_start, seconds_end) VALUES(7405, 1649, 25010, 27759, 1475, 1495);
INSERT INTO player_team_game_play(player_id, team_id, game_id, play_id, seconds_start, seconds_end) VALUES(5150, 1649, 25010, 27759, 1475, 1495);
INSERT INTO player_team_game_play(player_id, team_id, game_id, play_id, seconds_start, seconds_end) VALUES(4162, 1646, 25010, 27759, 1475, 1495);
INSERT INTO player_team_game_play(player_id, team_id, game_id, play_id, seconds_start, seconds_end) VALUES(6328, 1646, 25010, 27759, 1475, 1495);
INSERT INTO player_team_game_play(player_id, team_id, game_id, play_id, seconds_start, seconds_end) VALUES(5449, 1646, 25010, 27759, 1475, 1495);
INSERT INTO player_team_game_play(player_id, team_id, game_id, play_id, seconds_start, seconds_end) VALUES(1774, 1646, 25010, 27759, 1475, 1495);
INSERT INTO player_team_game_play(player_id, team_id, game_id, play_id, seconds_start, seconds_end) VALUES(6223, 1646, 25010, 27759, 1475, 1495);
UPDATE player_team_game_play SET seconds_end = 1475 WHERE player_id = 7015 AND game_id = 25010 AND play_id = 27759;
INSERT INTO player_team_game_play(player_id, team_id, game_id, play_id, seconds_start, seconds_end) VALUES(1775, 1649, 25010, 27759, 1475, 1495);
UPDATE player_team_game_play SET seconds_end = 1475 WHERE player_id = 6328 AND game_id = 25010 AND play_id = 27759;
INSERT INTO player_team_game_play(player_id, team_id, game_id, play_id, seconds_start, seconds_end) VALUES(7314, 1646, 25010, 27759, 1475, 1495);
INSERT INTO lba.sub_play (play_id, seconds_da_start, player_made_id, team_made_id, game_made_id, player_suffered_id, team_suffered_id, game_suffered_id, shot_id, turnover_id, foul_id, rebound_defensive_01, rebound_offensive_01, assist_01, blocks_01, time_out_01, x, y)VALUES(27759, 20, 6138, 1649, 25010, NULL, NULL, NULL, 3, NULL, NULL, '', '', '', '', '', 15, 4);
INSERT INTO lba.sub_play (play_id, seconds_da_start, player_made_id, team_made_id, game_made_id, player_suffered_id, team_suffered_id, game_suffered_id, shot_id, turnover_id, foul_id, rebound_defensive_01, rebound_offensive_01, assist_01, blocks_01, time_out_01, x, y)VALUES(27759, 20, 3176, 1649, 25010, NULL, NULL, NULL, NULL, NULL, NULL, '', '', '1', '', '', 15, 4);

INSERT INTO play(id, game_id, seconds_start, seconds_end, quarter, attack_home_01, score_home, score_guest)VALUES(27760, 25010, 1495, 1520, 3, '0', 51, 53);
INSERT INTO player_team_game_play(player_id, team_id, game_id, play_id, seconds_start, seconds_end) VALUES(3176, 1649, 25010, 27760, 1495, 1520);
INSERT INTO player_team_game_play(player_id, team_id, game_id, play_id, seconds_start, seconds_end) VALUES(6138, 1649, 25010, 27760, 1495, 1520);
INSERT INTO player_team_game_play(player_id, team_id, game_id, play_id, seconds_start, seconds_end) VALUES(7405, 1649, 25010, 27760, 1495, 1520);
INSERT INTO player_team_game_play(player_id, team_id, game_id, play_id, seconds_start, seconds_end) VALUES(5150, 1649, 25010, 27760, 1495, 1520);
INSERT INTO player_team_game_play(player_id, team_id, game_id, play_id, seconds_start, seconds_end) VALUES(1775, 1649, 25010, 27760, 1495, 1520);
INSERT INTO player_team_game_play(player_id, team_id, game_id, play_id, seconds_start, seconds_end) VALUES(4162, 1646, 25010, 27760, 1495, 1520);
INSERT INTO player_team_game_play(player_id, team_id, game_id, play_id, seconds_start, seconds_end) VALUES(7314, 1646, 25010, 27760, 1495, 1520);
INSERT INTO player_team_game_play(player_id, team_id, game_id, play_id, seconds_start, seconds_end) VALUES(5449, 1646, 25010, 27760, 1495, 1520);
INSERT INTO player_team_game_play(player_id, team_id, game_id, play_id, seconds_start, seconds_end) VALUES(1774, 1646, 25010, 27760, 1495, 1520);
INSERT INTO player_team_game_play(player_id, team_id, game_id, play_id, seconds_start, seconds_end) VALUES(6223, 1646, 25010, 27760, 1495, 1520);
INSERT INTO lba.sub_play (play_id, seconds_da_start, player_made_id, team_made_id, game_made_id, player_suffered_id, team_suffered_id, game_suffered_id, shot_id, turnover_id, foul_id, rebound_defensive_01, rebound_offensive_01, assist_01, blocks_01, time_out_01, x, y)VALUES(27760, 25, 7314, 1646, 25010, NULL, NULL, NULL, 1, NULL, NULL, '', '', '', '', '', 90, 58);
INSERT INTO lba.sub_play (play_id, seconds_da_start, player_made_id, team_made_id, game_made_id, player_suffered_id, team_suffered_id, game_suffered_id, shot_id, turnover_id, foul_id, rebound_defensive_01, rebound_offensive_01, assist_01, blocks_01, time_out_01, x, y)VALUES(27760, 25, 4162, 1646, 25010, NULL, NULL, NULL, NULL, NULL, NULL, '', '', '1', '', '', 90, 58);

INSERT INTO play(id, game_id, seconds_start, seconds_end, quarter, attack_home_01, score_home, score_guest)VALUES(27761, 25010, 1520, 1545, 3, '1', 51, 53);
INSERT INTO player_team_game_play(player_id, team_id, game_id, play_id, seconds_start, seconds_end) VALUES(3176, 1649, 25010, 27761, 1520, 1545);
INSERT INTO player_team_game_play(player_id, team_id, game_id, play_id, seconds_start, seconds_end) VALUES(6138, 1649, 25010, 27761, 1520, 1545);
INSERT INTO player_team_game_play(player_id, team_id, game_id, play_id, seconds_start, seconds_end) VALUES(7405, 1649, 25010, 27761, 1520, 1545);
INSERT INTO player_team_game_play(player_id, team_id, game_id, play_id, seconds_start, seconds_end) VALUES(5150, 1649, 25010, 27761, 1520, 1545);
INSERT INTO player_team_game_play(player_id, team_id, game_id, play_id, seconds_start, seconds_end) VALUES(1775, 1649, 25010, 27761, 1520, 1545);
INSERT INTO player_team_game_play(player_id, team_id, game_id, play_id, seconds_start, seconds_end) VALUES(4162, 1646, 25010, 27761, 1520, 1545);
INSERT INTO player_team_game_play(player_id, team_id, game_id, play_id, seconds_start, seconds_end) VALUES(7314, 1646, 25010, 27761, 1520, 1545);
INSERT INTO player_team_game_play(player_id, team_id, game_id, play_id, seconds_start, seconds_end) VALUES(5449, 1646, 25010, 27761, 1520, 1545);
INSERT INTO player_team_game_play(player_id, team_id, game_id, play_id, seconds_start, seconds_end) VALUES(1774, 1646, 25010, 27761, 1520, 1545);
INSERT INTO player_team_game_play(player_id, team_id, game_id, play_id, seconds_start, seconds_end) VALUES(6223, 1646, 25010, 27761, 1520, 1545);
INSERT INTO lba.sub_play (play_id, seconds_da_start, player_made_id, team_made_id, game_made_id, player_suffered_id, team_suffered_id, game_suffered_id, shot_id, turnover_id, foul_id, rebound_defensive_01, rebound_offensive_01, assist_01, blocks_01, time_out_01, x, y)VALUES(27761, 25, 3176, 1649, 25010, NULL, NULL, NULL, 4, NULL, NULL, '', '', '', '', '', 32, 44);
INSERT INTO lba.sub_play (play_id, seconds_da_start, player_made_id, team_made_id, game_made_id, player_suffered_id, team_suffered_id, game_suffered_id, shot_id, turnover_id, foul_id, rebound_defensive_01, rebound_offensive_01, assist_01, blocks_01, time_out_01, x, y)VALUES(27761, 25, 7314, 1646, 25010, NULL, NULL, NULL, NULL, NULL, NULL, '1', '', '', '', '', 32, 44);

INSERT INTO play(id, game_id, seconds_start, seconds_end, quarter, attack_home_01, score_home, score_guest)VALUES(27762, 25010, 1545, 1558, 3, '0', 51, 55);
INSERT INTO player_team_game_play(player_id, team_id, game_id, play_id, seconds_start, seconds_end) VALUES(3176, 1649, 25010, 27762, 1545, 1558);
INSERT INTO player_team_game_play(player_id, team_id, game_id, play_id, seconds_start, seconds_end) VALUES(6138, 1649, 25010, 27762, 1545, 1558);
INSERT INTO player_team_game_play(player_id, team_id, game_id, play_id, seconds_start, seconds_end) VALUES(7405, 1649, 25010, 27762, 1545, 1558);
INSERT INTO player_team_game_play(player_id, team_id, game_id, play_id, seconds_start, seconds_end) VALUES(5150, 1649, 25010, 27762, 1545, 1558);
INSERT INTO player_team_game_play(player_id, team_id, game_id, play_id, seconds_start, seconds_end) VALUES(1775, 1649, 25010, 27762, 1545, 1558);
INSERT INTO player_team_game_play(player_id, team_id, game_id, play_id, seconds_start, seconds_end) VALUES(4162, 1646, 25010, 27762, 1545, 1558);
INSERT INTO player_team_game_play(player_id, team_id, game_id, play_id, seconds_start, seconds_end) VALUES(7314, 1646, 25010, 27762, 1545, 1558);
INSERT INTO player_team_game_play(player_id, team_id, game_id, play_id, seconds_start, seconds_end) VALUES(5449, 1646, 25010, 27762, 1545, 1558);
INSERT INTO player_team_game_play(player_id, team_id, game_id, play_id, seconds_start, seconds_end) VALUES(1774, 1646, 25010, 27762, 1545, 1558);
INSERT INTO player_team_game_play(player_id, team_id, game_id, play_id, seconds_start, seconds_end) VALUES(6223, 1646, 25010, 27762, 1545, 1558);
INSERT INTO lba.sub_play (play_id, seconds_da_start, player_made_id, team_made_id, game_made_id, player_suffered_id, team_suffered_id, game_suffered_id, shot_id, turnover_id, foul_id, rebound_defensive_01, rebound_offensive_01, assist_01, blocks_01, time_out_01, x, y)VALUES(27762, 13, 7314, 1646, 25010, NULL, NULL, NULL, 1, NULL, NULL, '', '', '', '', '', 87, 51);
INSERT INTO lba.sub_play (play_id, seconds_da_start, player_made_id, team_made_id, game_made_id, player_suffered_id, team_suffered_id, game_suffered_id, shot_id, turnover_id, foul_id, rebound_defensive_01, rebound_offensive_01, assist_01, blocks_01, time_out_01, x, y)VALUES(27762, 13, 6223, 1646, 25010, NULL, NULL, NULL, NULL, NULL, NULL, '', '', '1', '', '', 87, 51);

INSERT INTO play(id, game_id, seconds_start, seconds_end, quarter, attack_home_01, score_home, score_guest)VALUES(27763, 25010, 1558, 1585, 3, '1', 53, 55);
INSERT INTO player_team_game_play(player_id, team_id, game_id, play_id, seconds_start, seconds_end) VALUES(3176, 1649, 25010, 27763, 1558, 1585);
INSERT INTO player_team_game_play(player_id, team_id, game_id, play_id, seconds_start, seconds_end) VALUES(6138, 1649, 25010, 27763, 1558, 1585);
INSERT INTO player_team_game_play(player_id, team_id, game_id, play_id, seconds_start, seconds_end) VALUES(7405, 1649, 25010, 27763, 1558, 1585);
INSERT INTO player_team_game_play(player_id, team_id, game_id, play_id, seconds_start, seconds_end) VALUES(5150, 1649, 25010, 27763, 1558, 1585);
INSERT INTO player_team_game_play(player_id, team_id, game_id, play_id, seconds_start, seconds_end) VALUES(1775, 1649, 25010, 27763, 1558, 1585);
INSERT INTO player_team_game_play(player_id, team_id, game_id, play_id, seconds_start, seconds_end) VALUES(4162, 1646, 25010, 27763, 1558, 1585);
INSERT INTO player_team_game_play(player_id, team_id, game_id, play_id, seconds_start, seconds_end) VALUES(7314, 1646, 25010, 27763, 1558, 1585);
INSERT INTO player_team_game_play(player_id, team_id, game_id, play_id, seconds_start, seconds_end) VALUES(5449, 1646, 25010, 27763, 1558, 1585);
INSERT INTO player_team_game_play(player_id, team_id, game_id, play_id, seconds_start, seconds_end) VALUES(1774, 1646, 25010, 27763, 1558, 1585);
INSERT INTO player_team_game_play(player_id, team_id, game_id, play_id, seconds_start, seconds_end) VALUES(6223, 1646, 25010, 27763, 1558, 1585);
INSERT INTO lba.sub_play (play_id, seconds_da_start, player_made_id, team_made_id, game_made_id, player_suffered_id, team_suffered_id, game_suffered_id, shot_id, turnover_id, foul_id, rebound_defensive_01, rebound_offensive_01, assist_01, blocks_01, time_out_01, x, y)VALUES(27763, 19, 7405, 1649, 25010, NULL, NULL, NULL, 4, NULL, NULL, '', '', '', '', '', 26, 87);
INSERT INTO lba.sub_play (play_id, seconds_da_start, player_made_id, team_made_id, game_made_id, player_suffered_id, team_suffered_id, game_suffered_id, shot_id, turnover_id, foul_id, rebound_defensive_01, rebound_offensive_01, assist_01, blocks_01, time_out_01, x, y)VALUES(27763, 19, 5150, 1649, 25010, NULL, NULL, NULL, NULL, NULL, NULL, '', '1', '', '', '', 26, 87);
INSERT INTO lba.sub_play (play_id, seconds_da_start, player_made_id, team_made_id, game_made_id, player_suffered_id, team_suffered_id, game_suffered_id, shot_id, turnover_id, foul_id, rebound_defensive_01, rebound_offensive_01, assist_01, blocks_01, time_out_01, x, y)VALUES(27763, 27, 6138, 1649, 25010, NULL, NULL, NULL, 2, NULL, NULL, '', '', '', '', '', 16, 27);
INSERT INTO lba.sub_play (play_id, seconds_da_start, player_made_id, team_made_id, game_made_id, player_suffered_id, team_suffered_id, game_suffered_id, shot_id, turnover_id, foul_id, rebound_defensive_01, rebound_offensive_01, assist_01, blocks_01, time_out_01, x, y)VALUES(27763, 27, 7405, 1649, 25010, NULL, NULL, NULL, NULL, NULL, NULL, '', '1', '', '', '', 16, 27);
INSERT INTO lba.sub_play (play_id, seconds_da_start, player_made_id, team_made_id, game_made_id, player_suffered_id, team_suffered_id, game_suffered_id, shot_id, turnover_id, foul_id, rebound_defensive_01, rebound_offensive_01, assist_01, blocks_01, time_out_01, x, y)VALUES(27763, 27, 7405, 1649, 25010, NULL, NULL, NULL, 1, NULL, NULL, '', '', '', '', '', 16, 27);

INSERT INTO play(id, game_id, seconds_start, seconds_end, quarter, attack_home_01, score_home, score_guest)VALUES(27764, 25010, 1585, 1605, 3, '0', 53, 55);
INSERT INTO player_team_game_play(player_id, team_id, game_id, play_id, seconds_start, seconds_end) VALUES(3176, 1649, 25010, 27764, 1585, 1605);
INSERT INTO player_team_game_play(player_id, team_id, game_id, play_id, seconds_start, seconds_end) VALUES(6138, 1649, 25010, 27764, 1585, 1605);
INSERT INTO player_team_game_play(player_id, team_id, game_id, play_id, seconds_start, seconds_end) VALUES(7405, 1649, 25010, 27764, 1585, 1605);
INSERT INTO player_team_game_play(player_id, team_id, game_id, play_id, seconds_start, seconds_end) VALUES(5150, 1649, 25010, 27764, 1585, 1605);
INSERT INTO player_team_game_play(player_id, team_id, game_id, play_id, seconds_start, seconds_end) VALUES(1775, 1649, 25010, 27764, 1585, 1605);
INSERT INTO player_team_game_play(player_id, team_id, game_id, play_id, seconds_start, seconds_end) VALUES(4162, 1646, 25010, 27764, 1585, 1605);
INSERT INTO player_team_game_play(player_id, team_id, game_id, play_id, seconds_start, seconds_end) VALUES(7314, 1646, 25010, 27764, 1585, 1605);
INSERT INTO player_team_game_play(player_id, team_id, game_id, play_id, seconds_start, seconds_end) VALUES(5449, 1646, 25010, 27764, 1585, 1605);
INSERT INTO player_team_game_play(player_id, team_id, game_id, play_id, seconds_start, seconds_end) VALUES(1774, 1646, 25010, 27764, 1585, 1605);
INSERT INTO player_team_game_play(player_id, team_id, game_id, play_id, seconds_start, seconds_end) VALUES(6223, 1646, 25010, 27764, 1585, 1605);
INSERT INTO lba.sub_play (play_id, seconds_da_start, player_made_id, team_made_id, game_made_id, player_suffered_id, team_suffered_id, game_suffered_id, shot_id, turnover_id, foul_id, rebound_defensive_01, rebound_offensive_01, assist_01, blocks_01, time_out_01, x, y)VALUES(27764, 20, 6223, 1646, 25010, NULL, NULL, NULL, 2, NULL, NULL, '', '', '', '', '', 89, 46);
INSERT INTO lba.sub_play (play_id, seconds_da_start, player_made_id, team_made_id, game_made_id, player_suffered_id, team_suffered_id, game_suffered_id, shot_id, turnover_id, foul_id, rebound_defensive_01, rebound_offensive_01, assist_01, blocks_01, time_out_01, x, y)VALUES(27764, 20, 3176, 1649, 25010, NULL, NULL, NULL, NULL, NULL, NULL, '1', '', '', '', '', 89, 46);

INSERT INTO play(id, game_id, seconds_start, seconds_end, quarter, attack_home_01, score_home, score_guest)VALUES(27765, 25010, 1605, 1614, 3, '1', 56, 55);
INSERT INTO player_team_game_play(player_id, team_id, game_id, play_id, seconds_start, seconds_end) VALUES(3176, 1649, 25010, 27765, 1605, 1614);
INSERT INTO player_team_game_play(player_id, team_id, game_id, play_id, seconds_start, seconds_end) VALUES(6138, 1649, 25010, 27765, 1605, 1614);
INSERT INTO player_team_game_play(player_id, team_id, game_id, play_id, seconds_start, seconds_end) VALUES(7405, 1649, 25010, 27765, 1605, 1614);
INSERT INTO player_team_game_play(player_id, team_id, game_id, play_id, seconds_start, seconds_end) VALUES(5150, 1649, 25010, 27765, 1605, 1614);
INSERT INTO player_team_game_play(player_id, team_id, game_id, play_id, seconds_start, seconds_end) VALUES(1775, 1649, 25010, 27765, 1605, 1614);
INSERT INTO player_team_game_play(player_id, team_id, game_id, play_id, seconds_start, seconds_end) VALUES(4162, 1646, 25010, 27765, 1605, 1614);
INSERT INTO player_team_game_play(player_id, team_id, game_id, play_id, seconds_start, seconds_end) VALUES(7314, 1646, 25010, 27765, 1605, 1614);
INSERT INTO player_team_game_play(player_id, team_id, game_id, play_id, seconds_start, seconds_end) VALUES(5449, 1646, 25010, 27765, 1605, 1614);
INSERT INTO player_team_game_play(player_id, team_id, game_id, play_id, seconds_start, seconds_end) VALUES(1774, 1646, 25010, 27765, 1605, 1614);
INSERT INTO player_team_game_play(player_id, team_id, game_id, play_id, seconds_start, seconds_end) VALUES(6223, 1646, 25010, 27765, 1605, 1614);
INSERT INTO lba.sub_play (play_id, seconds_da_start, player_made_id, team_made_id, game_made_id, player_suffered_id, team_suffered_id, game_suffered_id, shot_id, turnover_id, foul_id, rebound_defensive_01, rebound_offensive_01, assist_01, blocks_01, time_out_01, x, y)VALUES(27765, 9, 5150, 1649, 25010, NULL, NULL, NULL, 3, NULL, NULL, '', '', '', '', '', 5, 3);
INSERT INTO lba.sub_play (play_id, seconds_da_start, player_made_id, team_made_id, game_made_id, player_suffered_id, team_suffered_id, game_suffered_id, shot_id, turnover_id, foul_id, rebound_defensive_01, rebound_offensive_01, assist_01, blocks_01, time_out_01, x, y)VALUES(27765, 9, 7405, 1649, 25010, NULL, NULL, NULL, NULL, NULL, NULL, '', '', '1', '', '', 5, 3);

INSERT INTO play(id, game_id, seconds_start, seconds_end, quarter, attack_home_01, score_home, score_guest)VALUES(27766, 25010, 1614, 1638, 3, '0', 56, 58);
INSERT INTO player_team_game_play(player_id, team_id, game_id, play_id, seconds_start, seconds_end) VALUES(3176, 1649, 25010, 27766, 1614, 1638);
INSERT INTO player_team_game_play(player_id, team_id, game_id, play_id, seconds_start, seconds_end) VALUES(6138, 1649, 25010, 27766, 1614, 1638);
INSERT INTO player_team_game_play(player_id, team_id, game_id, play_id, seconds_start, seconds_end) VALUES(7405, 1649, 25010, 27766, 1614, 1638);
INSERT INTO player_team_game_play(player_id, team_id, game_id, play_id, seconds_start, seconds_end) VALUES(5150, 1649, 25010, 27766, 1614, 1638);
INSERT INTO player_team_game_play(player_id, team_id, game_id, play_id, seconds_start, seconds_end) VALUES(1775, 1649, 25010, 27766, 1614, 1638);
INSERT INTO player_team_game_play(player_id, team_id, game_id, play_id, seconds_start, seconds_end) VALUES(4162, 1646, 25010, 27766, 1614, 1638);
INSERT INTO player_team_game_play(player_id, team_id, game_id, play_id, seconds_start, seconds_end) VALUES(7314, 1646, 25010, 27766, 1614, 1638);
INSERT INTO player_team_game_play(player_id, team_id, game_id, play_id, seconds_start, seconds_end) VALUES(5449, 1646, 25010, 27766, 1614, 1638);
INSERT INTO player_team_game_play(player_id, team_id, game_id, play_id, seconds_start, seconds_end) VALUES(1774, 1646, 25010, 27766, 1614, 1638);
INSERT INTO player_team_game_play(player_id, team_id, game_id, play_id, seconds_start, seconds_end) VALUES(6223, 1646, 25010, 27766, 1614, 1638);
INSERT INTO lba.sub_play (play_id, seconds_da_start, player_made_id, team_made_id, game_made_id, player_suffered_id, team_suffered_id, game_suffered_id, shot_id, turnover_id, foul_id, rebound_defensive_01, rebound_offensive_01, assist_01, blocks_01, time_out_01, x, y)VALUES(27766, 24, 6223, 1646, 25010, NULL, NULL, NULL, 3, NULL, NULL, '', '', '', '', '', 95, 97);
INSERT INTO lba.sub_play (play_id, seconds_da_start, player_made_id, team_made_id, game_made_id, player_suffered_id, team_suffered_id, game_suffered_id, shot_id, turnover_id, foul_id, rebound_defensive_01, rebound_offensive_01, assist_01, blocks_01, time_out_01, x, y)VALUES(27766, 24, 5449, 1646, 25010, NULL, NULL, NULL, NULL, NULL, NULL, '', '', '1', '', '', 95, 97);

INSERT INTO play(id, game_id, seconds_start, seconds_end, quarter, attack_home_01, score_home, score_guest)VALUES(27767, 25010, 1638, 1653, 3, '1', 56, 58);
INSERT INTO player_team_game_play(player_id, team_id, game_id, play_id, seconds_start, seconds_end) VALUES(3176, 1649, 25010, 27767, 1638, 1653);
INSERT INTO player_team_game_play(player_id, team_id, game_id, play_id, seconds_start, seconds_end) VALUES(6138, 1649, 25010, 27767, 1638, 1653);
INSERT INTO player_team_game_play(player_id, team_id, game_id, play_id, seconds_start, seconds_end) VALUES(7405, 1649, 25010, 27767, 1638, 1653);
INSERT INTO player_team_game_play(player_id, team_id, game_id, play_id, seconds_start, seconds_end) VALUES(5150, 1649, 25010, 27767, 1638, 1653);
INSERT INTO player_team_game_play(player_id, team_id, game_id, play_id, seconds_start, seconds_end) VALUES(1775, 1649, 25010, 27767, 1638, 1653);
INSERT INTO player_team_game_play(player_id, team_id, game_id, play_id, seconds_start, seconds_end) VALUES(4162, 1646, 25010, 27767, 1638, 1653);
INSERT INTO player_team_game_play(player_id, team_id, game_id, play_id, seconds_start, seconds_end) VALUES(7314, 1646, 25010, 27767, 1638, 1653);
INSERT INTO player_team_game_play(player_id, team_id, game_id, play_id, seconds_start, seconds_end) VALUES(5449, 1646, 25010, 27767, 1638, 1653);
INSERT INTO player_team_game_play(player_id, team_id, game_id, play_id, seconds_start, seconds_end) VALUES(1774, 1646, 25010, 27767, 1638, 1653);
INSERT INTO player_team_game_play(player_id, team_id, game_id, play_id, seconds_start, seconds_end) VALUES(6223, 1646, 25010, 27767, 1638, 1653);
INSERT INTO lba.sub_play (play_id, seconds_da_start, player_made_id, team_made_id, game_made_id, player_suffered_id, team_suffered_id, game_suffered_id, shot_id, turnover_id, foul_id, rebound_defensive_01, rebound_offensive_01, assist_01, blocks_01, time_out_01, x, y)VALUES(27767, 15, 3176, 1649, 25010, NULL, NULL, NULL, 4, NULL, NULL, '', '', '', '', '', 15, 95);
INSERT INTO lba.sub_play (play_id, seconds_da_start, player_made_id, team_made_id, game_made_id, player_suffered_id, team_suffered_id, game_suffered_id, shot_id, turnover_id, foul_id, rebound_defensive_01, rebound_offensive_01, assist_01, blocks_01, time_out_01, x, y)VALUES(27767, 15, 7314, 1646, 25010, NULL, NULL, NULL, NULL, NULL, NULL, '1', '', '', '', '', 15, 95);

INSERT INTO play(id, game_id, seconds_start, seconds_end, quarter, attack_home_01, score_home, score_guest)VALUES(27768, 25010, 1653, 1661, 3, '0', 56, 60);
INSERT INTO player_team_game_play(player_id, team_id, game_id, play_id, seconds_start, seconds_end) VALUES(3176, 1649, 25010, 27768, 1653, 1661);
INSERT INTO player_team_game_play(player_id, team_id, game_id, play_id, seconds_start, seconds_end) VALUES(6138, 1649, 25010, 27768, 1653, 1661);
INSERT INTO player_team_game_play(player_id, team_id, game_id, play_id, seconds_start, seconds_end) VALUES(7405, 1649, 25010, 27768, 1653, 1661);
INSERT INTO player_team_game_play(player_id, team_id, game_id, play_id, seconds_start, seconds_end) VALUES(5150, 1649, 25010, 27768, 1653, 1661);
INSERT INTO player_team_game_play(player_id, team_id, game_id, play_id, seconds_start, seconds_end) VALUES(1775, 1649, 25010, 27768, 1653, 1661);
INSERT INTO player_team_game_play(player_id, team_id, game_id, play_id, seconds_start, seconds_end) VALUES(4162, 1646, 25010, 27768, 1653, 1661);
INSERT INTO player_team_game_play(player_id, team_id, game_id, play_id, seconds_start, seconds_end) VALUES(7314, 1646, 25010, 27768, 1653, 1661);
INSERT INTO player_team_game_play(player_id, team_id, game_id, play_id, seconds_start, seconds_end) VALUES(5449, 1646, 25010, 27768, 1653, 1661);
INSERT INTO player_team_game_play(player_id, team_id, game_id, play_id, seconds_start, seconds_end) VALUES(1774, 1646, 25010, 27768, 1653, 1661);
INSERT INTO player_team_game_play(player_id, team_id, game_id, play_id, seconds_start, seconds_end) VALUES(6223, 1646, 25010, 27768, 1653, 1661);
UPDATE player_team_game_play SET seconds_end = 1661 WHERE player_id = 3176 AND game_id = 25010 AND play_id = 27768;
UPDATE player_team_game_play SET seconds_end = 1661 WHERE player_id = 6138 AND game_id = 25010 AND play_id = 27768;
UPDATE player_team_game_play SET seconds_end = 1661 WHERE player_id = 7405 AND game_id = 25010 AND play_id = 27768;
INSERT INTO player_team_game_play(player_id, team_id, game_id, play_id, seconds_start, seconds_end) VALUES(7015, 1649, 25010, 27768, 1661, 1661);
INSERT INTO player_team_game_play(player_id, team_id, game_id, play_id, seconds_start, seconds_end) VALUES(7406, 1649, 25010, 27768, 1661, 1661);
INSERT INTO player_team_game_play(player_id, team_id, game_id, play_id, seconds_start, seconds_end) VALUES(2103, 1649, 25010, 27768, 1661, 1661);
UPDATE player_team_game_play SET seconds_end = 1661 WHERE player_id = 5449 AND game_id = 25010 AND play_id = 27768;
UPDATE player_team_game_play SET seconds_end = 1661 WHERE player_id = 1774 AND game_id = 25010 AND play_id = 27768;
UPDATE player_team_game_play SET seconds_end = 1661 WHERE player_id = 6223 AND game_id = 25010 AND play_id = 27768;
INSERT INTO player_team_game_play(player_id, team_id, game_id, play_id, seconds_start, seconds_end) VALUES(418, 1646, 25010, 27768, 1661, 1661);
INSERT INTO player_team_game_play(player_id, team_id, game_id, play_id, seconds_start, seconds_end) VALUES(45, 1646, 25010, 27768, 1661, 1661);
INSERT INTO player_team_game_play(player_id, team_id, game_id, play_id, seconds_start, seconds_end) VALUES(7462, 1646, 25010, 27768, 1661, 1661);
INSERT INTO lba.sub_play (play_id, seconds_da_start, player_made_id, team_made_id, game_made_id, player_suffered_id, team_suffered_id, game_suffered_id, shot_id, turnover_id, foul_id, rebound_defensive_01, rebound_offensive_01, assist_01, blocks_01, time_out_01, x, y)VALUES(27768, 8, 3176, 1649, 25010, 6223, 1646, 25010, NULL, NULL, 4, '', '', '', '', '', 94, 46);
INSERT INTO lba.sub_play (play_id, seconds_da_start, player_made_id, team_made_id, game_made_id, player_suffered_id, team_suffered_id, game_suffered_id, shot_id, turnover_id, foul_id, rebound_defensive_01, rebound_offensive_01, assist_01, blocks_01, time_out_01, x, y)VALUES(27768, 8, 6223, 1646, 25010, NULL, NULL, NULL, 5, NULL, NULL, '', '', '', '', '', NULL, NULL);
INSERT INTO lba.sub_play (play_id, seconds_da_start, player_made_id, team_made_id, game_made_id, player_suffered_id, team_suffered_id, game_suffered_id, shot_id, turnover_id, foul_id, rebound_defensive_01, rebound_offensive_01, assist_01, blocks_01, time_out_01, x, y)VALUES(27768, 8, 6223, 1646, 25010, NULL, NULL, NULL, 5, NULL, NULL, '', '', '', '', '', NULL, NULL);
INSERT INTO lba.sub_play (play_id, seconds_da_start, player_made_id, team_made_id, game_made_id, player_suffered_id, team_suffered_id, game_suffered_id, shot_id, turnover_id, foul_id, rebound_defensive_01, rebound_offensive_01, assist_01, blocks_01, time_out_01, x, y)VALUES(27768, 8, 4162, 1646, 25010, NULL, NULL, NULL, NULL, NULL, NULL, '', '', '1', '', '', NULL, NULL);

INSERT INTO play(id, game_id, seconds_start, seconds_end, quarter, attack_home_01, score_home, score_guest)VALUES(27769, 25010, 1661, 1680, 3, '1', 56, 60);
INSERT INTO player_team_game_play(player_id, team_id, game_id, play_id, seconds_start, seconds_end) VALUES(3176, 1649, 25010, 27769, 1661, 1680);
INSERT INTO player_team_game_play(player_id, team_id, game_id, play_id, seconds_start, seconds_end) VALUES(6138, 1649, 25010, 27769, 1661, 1680);
INSERT INTO player_team_game_play(player_id, team_id, game_id, play_id, seconds_start, seconds_end) VALUES(7405, 1649, 25010, 27769, 1661, 1680);
INSERT INTO player_team_game_play(player_id, team_id, game_id, play_id, seconds_start, seconds_end) VALUES(5150, 1649, 25010, 27769, 1661, 1680);
INSERT INTO player_team_game_play(player_id, team_id, game_id, play_id, seconds_start, seconds_end) VALUES(1775, 1649, 25010, 27769, 1661, 1680);
INSERT INTO player_team_game_play(player_id, team_id, game_id, play_id, seconds_start, seconds_end) VALUES(4162, 1646, 25010, 27769, 1661, 1680);
INSERT INTO player_team_game_play(player_id, team_id, game_id, play_id, seconds_start, seconds_end) VALUES(7314, 1646, 25010, 27769, 1661, 1680);
INSERT INTO player_team_game_play(player_id, team_id, game_id, play_id, seconds_start, seconds_end) VALUES(5449, 1646, 25010, 27769, 1661, 1680);
INSERT INTO player_team_game_play(player_id, team_id, game_id, play_id, seconds_start, seconds_end) VALUES(1774, 1646, 25010, 27769, 1661, 1680);
INSERT INTO player_team_game_play(player_id, team_id, game_id, play_id, seconds_start, seconds_end) VALUES(6223, 1646, 25010, 27769, 1661, 1680);
UPDATE player_team_game_play SET seconds_end = 1661 WHERE player_id = 3176 AND game_id = 25010 AND play_id = 27769;
UPDATE player_team_game_play SET seconds_end = 1661 WHERE player_id = 6138 AND game_id = 25010 AND play_id = 27769;
UPDATE player_team_game_play SET seconds_end = 1661 WHERE player_id = 7405 AND game_id = 25010 AND play_id = 27769;
INSERT INTO player_team_game_play(player_id, team_id, game_id, play_id, seconds_start, seconds_end) VALUES(7015, 1649, 25010, 27769, 1661, 1680);
INSERT INTO player_team_game_play(player_id, team_id, game_id, play_id, seconds_start, seconds_end) VALUES(7406, 1649, 25010, 27769, 1661, 1680);
INSERT INTO player_team_game_play(player_id, team_id, game_id, play_id, seconds_start, seconds_end) VALUES(2103, 1649, 25010, 27769, 1661, 1680);
UPDATE player_team_game_play SET seconds_end = 1661 WHERE player_id = 5449 AND game_id = 25010 AND play_id = 27769;
UPDATE player_team_game_play SET seconds_end = 1661 WHERE player_id = 1774 AND game_id = 25010 AND play_id = 27769;
UPDATE player_team_game_play SET seconds_end = 1661 WHERE player_id = 6223 AND game_id = 25010 AND play_id = 27769;
INSERT INTO player_team_game_play(player_id, team_id, game_id, play_id, seconds_start, seconds_end) VALUES(418, 1646, 25010, 27769, 1661, 1680);
INSERT INTO player_team_game_play(player_id, team_id, game_id, play_id, seconds_start, seconds_end) VALUES(45, 1646, 25010, 27769, 1661, 1680);
INSERT INTO player_team_game_play(player_id, team_id, game_id, play_id, seconds_start, seconds_end) VALUES(7462, 1646, 25010, 27769, 1661, 1680);
INSERT INTO lba.sub_play (play_id, seconds_da_start, player_made_id, team_made_id, game_made_id, player_suffered_id, team_suffered_id, game_suffered_id, shot_id, turnover_id, foul_id, rebound_defensive_01, rebound_offensive_01, assist_01, blocks_01, time_out_01, x, y)VALUES(27769, 19, 2103, 1649, 25010, NULL, NULL, NULL, 4, NULL, NULL, '', '', '', '', '', 5, 3);
INSERT INTO lba.sub_play (play_id, seconds_da_start, player_made_id, team_made_id, game_made_id, player_suffered_id, team_suffered_id, game_suffered_id, shot_id, turnover_id, foul_id, rebound_defensive_01, rebound_offensive_01, assist_01, blocks_01, time_out_01, x, y)VALUES(27769, 19, 7314, 1646, 25010, NULL, NULL, NULL, NULL, NULL, NULL, '1', '', '', '', '', 5, 3);

INSERT INTO play(id, game_id, seconds_start, seconds_end, quarter, attack_home_01, score_home, score_guest)VALUES(27770, 25010, 1680, 1700, 3, '0', 56, 63);
INSERT INTO player_team_game_play(player_id, team_id, game_id, play_id, seconds_start, seconds_end) VALUES(2103, 1649, 25010, 27770, 1680, 1700);
INSERT INTO player_team_game_play(player_id, team_id, game_id, play_id, seconds_start, seconds_end) VALUES(7015, 1649, 25010, 27770, 1680, 1700);
INSERT INTO player_team_game_play(player_id, team_id, game_id, play_id, seconds_start, seconds_end) VALUES(5150, 1649, 25010, 27770, 1680, 1700);
INSERT INTO player_team_game_play(player_id, team_id, game_id, play_id, seconds_start, seconds_end) VALUES(7406, 1649, 25010, 27770, 1680, 1700);
INSERT INTO player_team_game_play(player_id, team_id, game_id, play_id, seconds_start, seconds_end) VALUES(1775, 1649, 25010, 27770, 1680, 1700);
INSERT INTO player_team_game_play(player_id, team_id, game_id, play_id, seconds_start, seconds_end) VALUES(418, 1646, 25010, 27770, 1680, 1700);
INSERT INTO player_team_game_play(player_id, team_id, game_id, play_id, seconds_start, seconds_end) VALUES(4162, 1646, 25010, 27770, 1680, 1700);
INSERT INTO player_team_game_play(player_id, team_id, game_id, play_id, seconds_start, seconds_end) VALUES(7314, 1646, 25010, 27770, 1680, 1700);
INSERT INTO player_team_game_play(player_id, team_id, game_id, play_id, seconds_start, seconds_end) VALUES(7462, 1646, 25010, 27770, 1680, 1700);
INSERT INTO player_team_game_play(player_id, team_id, game_id, play_id, seconds_start, seconds_end) VALUES(45, 1646, 25010, 27770, 1680, 1700);
INSERT INTO lba.sub_play (play_id, seconds_da_start, player_made_id, team_made_id, game_made_id, player_suffered_id, team_suffered_id, game_suffered_id, shot_id, turnover_id, foul_id, rebound_defensive_01, rebound_offensive_01, assist_01, blocks_01, time_out_01, x, y)VALUES(27770, 20, 4162, 1646, 25010, NULL, NULL, NULL, 3, NULL, NULL, '', '', '', '', '', 67, 51);

INSERT INTO play(id, game_id, seconds_start, seconds_end, quarter, attack_home_01, score_home, score_guest)VALUES(27771, 25010, 1700, 1748, 3, '1', 59, 63);
INSERT INTO player_team_game_play(player_id, team_id, game_id, play_id, seconds_start, seconds_end) VALUES(2103, 1649, 25010, 27771, 1700, 1748);
INSERT INTO player_team_game_play(player_id, team_id, game_id, play_id, seconds_start, seconds_end) VALUES(7015, 1649, 25010, 27771, 1700, 1748);
INSERT INTO player_team_game_play(player_id, team_id, game_id, play_id, seconds_start, seconds_end) VALUES(5150, 1649, 25010, 27771, 1700, 1748);
INSERT INTO player_team_game_play(player_id, team_id, game_id, play_id, seconds_start, seconds_end) VALUES(7406, 1649, 25010, 27771, 1700, 1748);
INSERT INTO player_team_game_play(player_id, team_id, game_id, play_id, seconds_start, seconds_end) VALUES(1775, 1649, 25010, 27771, 1700, 1748);
INSERT INTO player_team_game_play(player_id, team_id, game_id, play_id, seconds_start, seconds_end) VALUES(418, 1646, 25010, 27771, 1700, 1748);
INSERT INTO player_team_game_play(player_id, team_id, game_id, play_id, seconds_start, seconds_end) VALUES(4162, 1646, 25010, 27771, 1700, 1748);
INSERT INTO player_team_game_play(player_id, team_id, game_id, play_id, seconds_start, seconds_end) VALUES(7314, 1646, 25010, 27771, 1700, 1748);
INSERT INTO player_team_game_play(player_id, team_id, game_id, play_id, seconds_start, seconds_end) VALUES(7462, 1646, 25010, 27771, 1700, 1748);
INSERT INTO player_team_game_play(player_id, team_id, game_id, play_id, seconds_start, seconds_end) VALUES(45, 1646, 25010, 27771, 1700, 1748);
INSERT INTO lba.sub_play (play_id, seconds_da_start, player_made_id, team_made_id, game_made_id, player_suffered_id, team_suffered_id, game_suffered_id, shot_id, turnover_id, foul_id, rebound_defensive_01, rebound_offensive_01, assist_01, blocks_01, time_out_01, x, y)VALUES(27771, 27, 7015, 1649, 25010, NULL, NULL, NULL, 2, NULL, NULL, '', '', '', '', '', 18, 62);
INSERT INTO lba.sub_play (play_id, seconds_da_start, player_made_id, team_made_id, game_made_id, player_suffered_id, team_suffered_id, game_suffered_id, shot_id, turnover_id, foul_id, rebound_defensive_01, rebound_offensive_01, assist_01, blocks_01, time_out_01, x, y)VALUES(27771, 27, 7314, 1646, 25010, 1775, 1649, 25010, NULL, NULL, 1, '', '', '', '', '', 14, 53);
INSERT INTO lba.sub_play (play_id, seconds_da_start, player_made_id, team_made_id, game_made_id, player_suffered_id, team_suffered_id, game_suffered_id, shot_id, turnover_id, foul_id, rebound_defensive_01, rebound_offensive_01, assist_01, blocks_01, time_out_01, x, y)VALUES(27771, 48, 5150, 1649, 25010, NULL, NULL, NULL, 3, NULL, NULL, '', '', '', '', '', 3, 98);
INSERT INTO lba.sub_play (play_id, seconds_da_start, player_made_id, team_made_id, game_made_id, player_suffered_id, team_suffered_id, game_suffered_id, shot_id, turnover_id, foul_id, rebound_defensive_01, rebound_offensive_01, assist_01, blocks_01, time_out_01, x, y)VALUES(27771, 48, 7406, 1649, 25010, NULL, NULL, NULL, NULL, NULL, NULL, '', '', '1', '', '', 3, 98);

INSERT INTO play(id, game_id, seconds_start, seconds_end, quarter, attack_home_01, score_home, score_guest)VALUES(27772, 25010, 1748, 1755, 3, '0', 59, 65);
INSERT INTO player_team_game_play(player_id, team_id, game_id, play_id, seconds_start, seconds_end) VALUES(2103, 1649, 25010, 27772, 1748, 1755);
INSERT INTO player_team_game_play(player_id, team_id, game_id, play_id, seconds_start, seconds_end) VALUES(7015, 1649, 25010, 27772, 1748, 1755);
INSERT INTO player_team_game_play(player_id, team_id, game_id, play_id, seconds_start, seconds_end) VALUES(5150, 1649, 25010, 27772, 1748, 1755);
INSERT INTO player_team_game_play(player_id, team_id, game_id, play_id, seconds_start, seconds_end) VALUES(7406, 1649, 25010, 27772, 1748, 1755);
INSERT INTO player_team_game_play(player_id, team_id, game_id, play_id, seconds_start, seconds_end) VALUES(1775, 1649, 25010, 27772, 1748, 1755);
INSERT INTO player_team_game_play(player_id, team_id, game_id, play_id, seconds_start, seconds_end) VALUES(418, 1646, 25010, 27772, 1748, 1755);
INSERT INTO player_team_game_play(player_id, team_id, game_id, play_id, seconds_start, seconds_end) VALUES(4162, 1646, 25010, 27772, 1748, 1755);
INSERT INTO player_team_game_play(player_id, team_id, game_id, play_id, seconds_start, seconds_end) VALUES(7314, 1646, 25010, 27772, 1748, 1755);
INSERT INTO player_team_game_play(player_id, team_id, game_id, play_id, seconds_start, seconds_end) VALUES(7462, 1646, 25010, 27772, 1748, 1755);
INSERT INTO player_team_game_play(player_id, team_id, game_id, play_id, seconds_start, seconds_end) VALUES(45, 1646, 25010, 27772, 1748, 1755);
INSERT INTO lba.sub_play (play_id, seconds_da_start, player_made_id, team_made_id, game_made_id, player_suffered_id, team_suffered_id, game_suffered_id, shot_id, turnover_id, foul_id, rebound_defensive_01, rebound_offensive_01, assist_01, blocks_01, time_out_01, x, y)VALUES(27772, 7, 7015, 1649, 25010, 7462, 1646, 25010, NULL, NULL, 4, '', '', '', '', '', 90, 48);
INSERT INTO lba.sub_play (play_id, seconds_da_start, player_made_id, team_made_id, game_made_id, player_suffered_id, team_suffered_id, game_suffered_id, shot_id, turnover_id, foul_id, rebound_defensive_01, rebound_offensive_01, assist_01, blocks_01, time_out_01, x, y)VALUES(27772, 7, 7462, 1646, 25010, NULL, NULL, NULL, 5, NULL, NULL, '', '', '', '', '', NULL, NULL);
INSERT INTO lba.sub_play (play_id, seconds_da_start, player_made_id, team_made_id, game_made_id, player_suffered_id, team_suffered_id, game_suffered_id, shot_id, turnover_id, foul_id, rebound_defensive_01, rebound_offensive_01, assist_01, blocks_01, time_out_01, x, y)VALUES(27772, 7, 7462, 1646, 25010, NULL, NULL, NULL, 5, NULL, NULL, '', '', '', '', '', NULL, NULL);

INSERT INTO play(id, game_id, seconds_start, seconds_end, quarter, attack_home_01, score_home, score_guest)VALUES(27773, 25010, 1755, 1775, 3, '1', 59, 65);
INSERT INTO player_team_game_play(player_id, team_id, game_id, play_id, seconds_start, seconds_end) VALUES(2103, 1649, 25010, 27773, 1755, 1775);
INSERT INTO player_team_game_play(player_id, team_id, game_id, play_id, seconds_start, seconds_end) VALUES(7015, 1649, 25010, 27773, 1755, 1775);
INSERT INTO player_team_game_play(player_id, team_id, game_id, play_id, seconds_start, seconds_end) VALUES(5150, 1649, 25010, 27773, 1755, 1775);
INSERT INTO player_team_game_play(player_id, team_id, game_id, play_id, seconds_start, seconds_end) VALUES(7406, 1649, 25010, 27773, 1755, 1775);
INSERT INTO player_team_game_play(player_id, team_id, game_id, play_id, seconds_start, seconds_end) VALUES(1775, 1649, 25010, 27773, 1755, 1775);
INSERT INTO player_team_game_play(player_id, team_id, game_id, play_id, seconds_start, seconds_end) VALUES(418, 1646, 25010, 27773, 1755, 1775);
INSERT INTO player_team_game_play(player_id, team_id, game_id, play_id, seconds_start, seconds_end) VALUES(4162, 1646, 25010, 27773, 1755, 1775);
INSERT INTO player_team_game_play(player_id, team_id, game_id, play_id, seconds_start, seconds_end) VALUES(7314, 1646, 25010, 27773, 1755, 1775);
INSERT INTO player_team_game_play(player_id, team_id, game_id, play_id, seconds_start, seconds_end) VALUES(7462, 1646, 25010, 27773, 1755, 1775);
INSERT INTO player_team_game_play(player_id, team_id, game_id, play_id, seconds_start, seconds_end) VALUES(45, 1646, 25010, 27773, 1755, 1775);
INSERT INTO lba.sub_play (play_id, seconds_da_start, player_made_id, team_made_id, game_made_id, player_suffered_id, team_suffered_id, game_suffered_id, shot_id, turnover_id, foul_id, rebound_defensive_01, rebound_offensive_01, assist_01, blocks_01, time_out_01, x, y)VALUES(27773, 10, 7015, 1649, 25010, NULL, NULL, NULL, 4, NULL, NULL, '', '', '', '', '', 32, 63);
INSERT INTO lba.sub_play (play_id, seconds_da_start, player_made_id, team_made_id, game_made_id, player_suffered_id, team_suffered_id, game_suffered_id, shot_id, turnover_id, foul_id, rebound_defensive_01, rebound_offensive_01, assist_01, blocks_01, time_out_01, x, y)VALUES(27773, 10, 7015, 1649, 25010, NULL, NULL, NULL, NULL, NULL, NULL, '', '1', '', '', '', 32, 63);
INSERT INTO lba.sub_play (play_id, seconds_da_start, player_made_id, team_made_id, game_made_id, player_suffered_id, team_suffered_id, game_suffered_id, shot_id, turnover_id, foul_id, rebound_defensive_01, rebound_offensive_01, assist_01, blocks_01, time_out_01, x, y)VALUES(27773, 15, 7015, 1649, 25010, NULL, NULL, NULL, 4, NULL, NULL, '', '', '', '', '', 32, 51);
INSERT INTO lba.sub_play (play_id, seconds_da_start, player_made_id, team_made_id, game_made_id, player_suffered_id, team_suffered_id, game_suffered_id, shot_id, turnover_id, foul_id, rebound_defensive_01, rebound_offensive_01, assist_01, blocks_01, time_out_01, x, y)VALUES(27773, 15, 2103, 1649, 25010, NULL, NULL, NULL, NULL, NULL, NULL, '', '1', '', '', '', 32, 51);
INSERT INTO lba.sub_play (play_id, seconds_da_start, player_made_id, team_made_id, game_made_id, player_suffered_id, team_suffered_id, game_suffered_id, shot_id, turnover_id, foul_id, rebound_defensive_01, rebound_offensive_01, assist_01, blocks_01, time_out_01, x, y)VALUES(27773, 20, 2103, 1649, 25010, 7462, 1646, 25010, NULL, 2, NULL, '', '', '', '', '', 16, 59);

INSERT INTO play(id, game_id, seconds_start, seconds_end, quarter, attack_home_01, score_home, score_guest)VALUES(27774, 25010, 1775, 1796, 3, '0', 59, 65);
INSERT INTO player_team_game_play(player_id, team_id, game_id, play_id, seconds_start, seconds_end) VALUES(2103, 1649, 25010, 27774, 1775, 1796);
INSERT INTO player_team_game_play(player_id, team_id, game_id, play_id, seconds_start, seconds_end) VALUES(7015, 1649, 25010, 27774, 1775, 1796);
INSERT INTO player_team_game_play(player_id, team_id, game_id, play_id, seconds_start, seconds_end) VALUES(5150, 1649, 25010, 27774, 1775, 1796);
INSERT INTO player_team_game_play(player_id, team_id, game_id, play_id, seconds_start, seconds_end) VALUES(7406, 1649, 25010, 27774, 1775, 1796);
INSERT INTO player_team_game_play(player_id, team_id, game_id, play_id, seconds_start, seconds_end) VALUES(1775, 1649, 25010, 27774, 1775, 1796);
INSERT INTO player_team_game_play(player_id, team_id, game_id, play_id, seconds_start, seconds_end) VALUES(418, 1646, 25010, 27774, 1775, 1796);
INSERT INTO player_team_game_play(player_id, team_id, game_id, play_id, seconds_start, seconds_end) VALUES(4162, 1646, 25010, 27774, 1775, 1796);
INSERT INTO player_team_game_play(player_id, team_id, game_id, play_id, seconds_start, seconds_end) VALUES(7314, 1646, 25010, 27774, 1775, 1796);
INSERT INTO player_team_game_play(player_id, team_id, game_id, play_id, seconds_start, seconds_end) VALUES(7462, 1646, 25010, 27774, 1775, 1796);
INSERT INTO player_team_game_play(player_id, team_id, game_id, play_id, seconds_start, seconds_end) VALUES(45, 1646, 25010, 27774, 1775, 1796);
UPDATE player_team_game_play SET seconds_end = 1796 WHERE player_id = 418 AND game_id = 25010 AND play_id = 27774;
INSERT INTO player_team_game_play(player_id, team_id, game_id, play_id, seconds_start, seconds_end) VALUES(6223, 1646, 25010, 27774, 1796, 1796);

INSERT INTO play(id, game_id, seconds_start, seconds_end, quarter, attack_home_01, score_home, score_guest)VALUES(27775, 25010, 1796, 1826, 4, '1', 61, 65);
INSERT INTO player_team_game_play(player_id, team_id, game_id, play_id, seconds_start, seconds_end) VALUES(2103, 1649, 25010, 27775, 1796, 1826);
INSERT INTO player_team_game_play(player_id, team_id, game_id, play_id, seconds_start, seconds_end) VALUES(7015, 1649, 25010, 27775, 1796, 1826);
INSERT INTO player_team_game_play(player_id, team_id, game_id, play_id, seconds_start, seconds_end) VALUES(5150, 1649, 25010, 27775, 1796, 1826);
INSERT INTO player_team_game_play(player_id, team_id, game_id, play_id, seconds_start, seconds_end) VALUES(7406, 1649, 25010, 27775, 1796, 1826);
INSERT INTO player_team_game_play(player_id, team_id, game_id, play_id, seconds_start, seconds_end) VALUES(1775, 1649, 25010, 27775, 1796, 1826);
INSERT INTO player_team_game_play(player_id, team_id, game_id, play_id, seconds_start, seconds_end) VALUES(418, 1646, 25010, 27775, 1796, 1826);
INSERT INTO player_team_game_play(player_id, team_id, game_id, play_id, seconds_start, seconds_end) VALUES(4162, 1646, 25010, 27775, 1796, 1826);
INSERT INTO player_team_game_play(player_id, team_id, game_id, play_id, seconds_start, seconds_end) VALUES(7314, 1646, 25010, 27775, 1796, 1826);
INSERT INTO player_team_game_play(player_id, team_id, game_id, play_id, seconds_start, seconds_end) VALUES(7462, 1646, 25010, 27775, 1796, 1826);
INSERT INTO player_team_game_play(player_id, team_id, game_id, play_id, seconds_start, seconds_end) VALUES(45, 1646, 25010, 27775, 1796, 1826);
UPDATE player_team_game_play SET seconds_end = 1796 WHERE player_id = 418 AND game_id = 25010 AND play_id = 27775;
INSERT INTO player_team_game_play(player_id, team_id, game_id, play_id, seconds_start, seconds_end) VALUES(6223, 1646, 25010, 27775, 1796, 1826);
UPDATE player_team_game_play SET seconds_end = 1800 WHERE player_id = 6223 AND game_id = 25010 AND play_id = 27775;
INSERT INTO lba.sub_play (play_id, seconds_da_start, player_made_id, team_made_id, game_made_id, player_suffered_id, team_suffered_id, game_suffered_id, shot_id, turnover_id, foul_id, rebound_defensive_01, rebound_offensive_01, assist_01, blocks_01, time_out_01, x, y)VALUES(27775, 2, 7015, 1649, 25010, NULL, NULL, NULL, 4, NULL, NULL, '', '', '', '', '', 37, 91);
INSERT INTO lba.sub_play (play_id, seconds_da_start, player_made_id, team_made_id, game_made_id, player_suffered_id, team_suffered_id, game_suffered_id, shot_id, turnover_id, foul_id, rebound_defensive_01, rebound_offensive_01, assist_01, blocks_01, time_out_01, x, y)VALUES(27775, 20, 7462, 1646, 25010, 7406, 1649, 25010, NULL, NULL, 1, '', '', '', '', '', 11, 75);
INSERT INTO lba.sub_play (play_id, seconds_da_start, player_made_id, team_made_id, game_made_id, player_suffered_id, team_suffered_id, game_suffered_id, shot_id, turnover_id, foul_id, rebound_defensive_01, rebound_offensive_01, assist_01, blocks_01, time_out_01, x, y)VALUES(27775, 30, 7406, 1649, 25010, NULL, NULL, NULL, 4, NULL, NULL, '', '', '', '', '', 32, 77);
INSERT INTO lba.sub_play (play_id, seconds_da_start, player_made_id, team_made_id, game_made_id, player_suffered_id, team_suffered_id, game_suffered_id, shot_id, turnover_id, foul_id, rebound_defensive_01, rebound_offensive_01, assist_01, blocks_01, time_out_01, x, y)VALUES(27775, 30, 1775, 1649, 25010, NULL, NULL, NULL, NULL, NULL, NULL, '', '1', '', '', '', 32, 77);
INSERT INTO lba.sub_play (play_id, seconds_da_start, player_made_id, team_made_id, game_made_id, player_suffered_id, team_suffered_id, game_suffered_id, shot_id, turnover_id, foul_id, rebound_defensive_01, rebound_offensive_01, assist_01, blocks_01, time_out_01, x, y)VALUES(27775, 30, 1775, 1649, 25010, NULL, NULL, NULL, 2, NULL, NULL, '', '', '', '', '', 32, 77);
INSERT INTO lba.sub_play (play_id, seconds_da_start, player_made_id, team_made_id, game_made_id, player_suffered_id, team_suffered_id, game_suffered_id, shot_id, turnover_id, foul_id, rebound_defensive_01, rebound_offensive_01, assist_01, blocks_01, time_out_01, x, y)VALUES(27775, 30, 7015, 1649, 25010, NULL, NULL, NULL, NULL, NULL, NULL, '', '1', '', '', '', 32, 77);
INSERT INTO lba.sub_play (play_id, seconds_da_start, player_made_id, team_made_id, game_made_id, player_suffered_id, team_suffered_id, game_suffered_id, shot_id, turnover_id, foul_id, rebound_defensive_01, rebound_offensive_01, assist_01, blocks_01, time_out_01, x, y)VALUES(27775, 30, 7015, 1649, 25010, NULL, NULL, NULL, 1, NULL, NULL, '', '', '', '', '', 32, 77);

INSERT INTO play(id, game_id, seconds_start, seconds_end, quarter, attack_home_01, score_home, score_guest)VALUES(27776, 25010, 1826, 1837, 4, '0', 61, 65);
INSERT INTO player_team_game_play(player_id, team_id, game_id, play_id, seconds_start, seconds_end) VALUES(2103, 1649, 25010, 27776, 1826, 1837);
INSERT INTO player_team_game_play(player_id, team_id, game_id, play_id, seconds_start, seconds_end) VALUES(7015, 1649, 25010, 27776, 1826, 1837);
INSERT INTO player_team_game_play(player_id, team_id, game_id, play_id, seconds_start, seconds_end) VALUES(5150, 1649, 25010, 27776, 1826, 1837);
INSERT INTO player_team_game_play(player_id, team_id, game_id, play_id, seconds_start, seconds_end) VALUES(7406, 1649, 25010, 27776, 1826, 1837);
INSERT INTO player_team_game_play(player_id, team_id, game_id, play_id, seconds_start, seconds_end) VALUES(1775, 1649, 25010, 27776, 1826, 1837);
INSERT INTO player_team_game_play(player_id, team_id, game_id, play_id, seconds_start, seconds_end) VALUES(418, 1646, 25010, 27776, 1826, 1837);
INSERT INTO player_team_game_play(player_id, team_id, game_id, play_id, seconds_start, seconds_end) VALUES(4162, 1646, 25010, 27776, 1826, 1837);
INSERT INTO player_team_game_play(player_id, team_id, game_id, play_id, seconds_start, seconds_end) VALUES(7314, 1646, 25010, 27776, 1826, 1837);
INSERT INTO player_team_game_play(player_id, team_id, game_id, play_id, seconds_start, seconds_end) VALUES(7462, 1646, 25010, 27776, 1826, 1837);
INSERT INTO player_team_game_play(player_id, team_id, game_id, play_id, seconds_start, seconds_end) VALUES(45, 1646, 25010, 27776, 1826, 1837);
INSERT INTO lba.sub_play (play_id, seconds_da_start, player_made_id, team_made_id, game_made_id, player_suffered_id, team_suffered_id, game_suffered_id, shot_id, turnover_id, foul_id, rebound_defensive_01, rebound_offensive_01, assist_01, blocks_01, time_out_01, x, y)VALUES(27776, 11, 4162, 1646, 25010, NULL, NULL, NULL, NULL, 1, NULL, '', '', '', '', '', 4, 61);

INSERT INTO play(id, game_id, seconds_start, seconds_end, quarter, attack_home_01, score_home, score_guest)VALUES(27777, 25010, 1837, 1844, 4, '1', 63, 65);
INSERT INTO player_team_game_play(player_id, team_id, game_id, play_id, seconds_start, seconds_end) VALUES(2103, 1649, 25010, 27777, 1837, 1844);
INSERT INTO player_team_game_play(player_id, team_id, game_id, play_id, seconds_start, seconds_end) VALUES(7015, 1649, 25010, 27777, 1837, 1844);
INSERT INTO player_team_game_play(player_id, team_id, game_id, play_id, seconds_start, seconds_end) VALUES(5150, 1649, 25010, 27777, 1837, 1844);
INSERT INTO player_team_game_play(player_id, team_id, game_id, play_id, seconds_start, seconds_end) VALUES(7406, 1649, 25010, 27777, 1837, 1844);
INSERT INTO player_team_game_play(player_id, team_id, game_id, play_id, seconds_start, seconds_end) VALUES(1775, 1649, 25010, 27777, 1837, 1844);
INSERT INTO player_team_game_play(player_id, team_id, game_id, play_id, seconds_start, seconds_end) VALUES(418, 1646, 25010, 27777, 1837, 1844);
INSERT INTO player_team_game_play(player_id, team_id, game_id, play_id, seconds_start, seconds_end) VALUES(4162, 1646, 25010, 27777, 1837, 1844);
INSERT INTO player_team_game_play(player_id, team_id, game_id, play_id, seconds_start, seconds_end) VALUES(7314, 1646, 25010, 27777, 1837, 1844);
INSERT INTO player_team_game_play(player_id, team_id, game_id, play_id, seconds_start, seconds_end) VALUES(7462, 1646, 25010, 27777, 1837, 1844);
INSERT INTO player_team_game_play(player_id, team_id, game_id, play_id, seconds_start, seconds_end) VALUES(45, 1646, 25010, 27777, 1837, 1844);
INSERT INTO lba.sub_play (play_id, seconds_da_start, player_made_id, team_made_id, game_made_id, player_suffered_id, team_suffered_id, game_suffered_id, shot_id, turnover_id, foul_id, rebound_defensive_01, rebound_offensive_01, assist_01, blocks_01, time_out_01, x, y)VALUES(27777, 7, 7015, 1649, 25010, NULL, NULL, NULL, 1, NULL, NULL, '', '', '', '', '', 11, 52);

INSERT INTO play(id, game_id, seconds_start, seconds_end, quarter, attack_home_01, score_home, score_guest)VALUES(27778, 25010, 1844, 1873, 4, '0', 63, 68);
INSERT INTO player_team_game_play(player_id, team_id, game_id, play_id, seconds_start, seconds_end) VALUES(2103, 1649, 25010, 27778, 1844, 1873);
INSERT INTO player_team_game_play(player_id, team_id, game_id, play_id, seconds_start, seconds_end) VALUES(7015, 1649, 25010, 27778, 1844, 1873);
INSERT INTO player_team_game_play(player_id, team_id, game_id, play_id, seconds_start, seconds_end) VALUES(5150, 1649, 25010, 27778, 1844, 1873);
INSERT INTO player_team_game_play(player_id, team_id, game_id, play_id, seconds_start, seconds_end) VALUES(7406, 1649, 25010, 27778, 1844, 1873);
INSERT INTO player_team_game_play(player_id, team_id, game_id, play_id, seconds_start, seconds_end) VALUES(1775, 1649, 25010, 27778, 1844, 1873);
INSERT INTO player_team_game_play(player_id, team_id, game_id, play_id, seconds_start, seconds_end) VALUES(418, 1646, 25010, 27778, 1844, 1873);
INSERT INTO player_team_game_play(player_id, team_id, game_id, play_id, seconds_start, seconds_end) VALUES(4162, 1646, 25010, 27778, 1844, 1873);
INSERT INTO player_team_game_play(player_id, team_id, game_id, play_id, seconds_start, seconds_end) VALUES(7314, 1646, 25010, 27778, 1844, 1873);
INSERT INTO player_team_game_play(player_id, team_id, game_id, play_id, seconds_start, seconds_end) VALUES(7462, 1646, 25010, 27778, 1844, 1873);
INSERT INTO player_team_game_play(player_id, team_id, game_id, play_id, seconds_start, seconds_end) VALUES(45, 1646, 25010, 27778, 1844, 1873);
INSERT INTO lba.sub_play (play_id, seconds_da_start, player_made_id, team_made_id, game_made_id, player_suffered_id, team_suffered_id, game_suffered_id, shot_id, turnover_id, foul_id, rebound_defensive_01, rebound_offensive_01, assist_01, blocks_01, time_out_01, x, y)VALUES(27778, 29, 418, 1646, 25010, NULL, NULL, NULL, 3, NULL, NULL, '', '', '', '', '', 94, 98);
INSERT INTO lba.sub_play (play_id, seconds_da_start, player_made_id, team_made_id, game_made_id, player_suffered_id, team_suffered_id, game_suffered_id, shot_id, turnover_id, foul_id, rebound_defensive_01, rebound_offensive_01, assist_01, blocks_01, time_out_01, x, y)VALUES(27778, 29, 4162, 1646, 25010, NULL, NULL, NULL, NULL, NULL, NULL, '', '', '1', '', '', 94, 98);

INSERT INTO play(id, game_id, seconds_start, seconds_end, quarter, attack_home_01, score_home, score_guest)VALUES(27779, 25010, 1873, 1919, 4, '0', 65, 68);
INSERT INTO player_team_game_play(player_id, team_id, game_id, play_id, seconds_start, seconds_end) VALUES(2103, 1649, 25010, 27779, 1873, 1919);
INSERT INTO player_team_game_play(player_id, team_id, game_id, play_id, seconds_start, seconds_end) VALUES(7015, 1649, 25010, 27779, 1873, 1919);
INSERT INTO player_team_game_play(player_id, team_id, game_id, play_id, seconds_start, seconds_end) VALUES(5150, 1649, 25010, 27779, 1873, 1919);
INSERT INTO player_team_game_play(player_id, team_id, game_id, play_id, seconds_start, seconds_end) VALUES(7406, 1649, 25010, 27779, 1873, 1919);
INSERT INTO player_team_game_play(player_id, team_id, game_id, play_id, seconds_start, seconds_end) VALUES(1775, 1649, 25010, 27779, 1873, 1919);
INSERT INTO player_team_game_play(player_id, team_id, game_id, play_id, seconds_start, seconds_end) VALUES(418, 1646, 25010, 27779, 1873, 1919);
INSERT INTO player_team_game_play(player_id, team_id, game_id, play_id, seconds_start, seconds_end) VALUES(4162, 1646, 25010, 27779, 1873, 1919);
INSERT INTO player_team_game_play(player_id, team_id, game_id, play_id, seconds_start, seconds_end) VALUES(7314, 1646, 25010, 27779, 1873, 1919);
INSERT INTO player_team_game_play(player_id, team_id, game_id, play_id, seconds_start, seconds_end) VALUES(7462, 1646, 25010, 27779, 1873, 1919);
INSERT INTO player_team_game_play(player_id, team_id, game_id, play_id, seconds_start, seconds_end) VALUES(45, 1646, 25010, 27779, 1873, 1919);
UPDATE player_team_game_play SET seconds_end = 1904 WHERE player_id = 7314 AND game_id = 25010 AND play_id = 27779;
INSERT INTO player_team_game_play(player_id, team_id, game_id, play_id, seconds_start, seconds_end) VALUES(6328, 1646, 25010, 27779, 1904, 1919);
INSERT INTO lba.sub_play (play_id, seconds_da_start, player_made_id, team_made_id, game_made_id, player_suffered_id, team_suffered_id, game_suffered_id, shot_id, turnover_id, foul_id, rebound_defensive_01, rebound_offensive_01, assist_01, blocks_01, time_out_01, x, y)VALUES(27779, 17, 5150, 1649, 25010, NULL, NULL, NULL, 1, NULL, NULL, '', '', '', '', '', 7, 55);
INSERT INTO lba.sub_play (play_id, seconds_da_start, player_made_id, team_made_id, game_made_id, player_suffered_id, team_suffered_id, game_suffered_id, shot_id, turnover_id, foul_id, rebound_defensive_01, rebound_offensive_01, assist_01, blocks_01, time_out_01, x, y)VALUES(27779, 31, 2103, 1649, 25010, 4162, 1646, 25010, NULL, NULL, 1, '', '', '', '', '', 66, 41);
INSERT INTO lba.sub_play (play_id, seconds_da_start, player_made_id, team_made_id, game_made_id, player_suffered_id, team_suffered_id, game_suffered_id, shot_id, turnover_id, foul_id, rebound_defensive_01, rebound_offensive_01, assist_01, blocks_01, time_out_01, x, y)VALUES(27779, 31, 1775, 1649, 25010, 6328, 1646, 25010, NULL, NULL, 1, '', '', '', '', '', 62, 34);
INSERT INTO lba.sub_play (play_id, seconds_da_start, player_made_id, team_made_id, game_made_id, player_suffered_id, team_suffered_id, game_suffered_id, shot_id, turnover_id, foul_id, rebound_defensive_01, rebound_offensive_01, assist_01, blocks_01, time_out_01, x, y)VALUES(27779, 46, 45, 1646, 25010, NULL, NULL, NULL, 4, NULL, NULL, '', '', '', '', '', 91, 98);
INSERT INTO lba.sub_play (play_id, seconds_da_start, player_made_id, team_made_id, game_made_id, player_suffered_id, team_suffered_id, game_suffered_id, shot_id, turnover_id, foul_id, rebound_defensive_01, rebound_offensive_01, assist_01, blocks_01, time_out_01, x, y)VALUES(27779, 46, 5150, 1649, 25010, NULL, NULL, NULL, NULL, NULL, NULL, '1', '', '', '', '', 91, 98);

INSERT INTO play(id, game_id, seconds_start, seconds_end, quarter, attack_home_01, score_home, score_guest)VALUES(27780, 25010, 1919, 1936, 4, '1', 67, 68);
INSERT INTO player_team_game_play(player_id, team_id, game_id, play_id, seconds_start, seconds_end) VALUES(2103, 1649, 25010, 27780, 1919, 1936);
INSERT INTO player_team_game_play(player_id, team_id, game_id, play_id, seconds_start, seconds_end) VALUES(7015, 1649, 25010, 27780, 1919, 1936);
INSERT INTO player_team_game_play(player_id, team_id, game_id, play_id, seconds_start, seconds_end) VALUES(5150, 1649, 25010, 27780, 1919, 1936);
INSERT INTO player_team_game_play(player_id, team_id, game_id, play_id, seconds_start, seconds_end) VALUES(7406, 1649, 25010, 27780, 1919, 1936);
INSERT INTO player_team_game_play(player_id, team_id, game_id, play_id, seconds_start, seconds_end) VALUES(1775, 1649, 25010, 27780, 1919, 1936);
INSERT INTO player_team_game_play(player_id, team_id, game_id, play_id, seconds_start, seconds_end) VALUES(418, 1646, 25010, 27780, 1919, 1936);
INSERT INTO player_team_game_play(player_id, team_id, game_id, play_id, seconds_start, seconds_end) VALUES(4162, 1646, 25010, 27780, 1919, 1936);
INSERT INTO player_team_game_play(player_id, team_id, game_id, play_id, seconds_start, seconds_end) VALUES(7462, 1646, 25010, 27780, 1919, 1936);
INSERT INTO player_team_game_play(player_id, team_id, game_id, play_id, seconds_start, seconds_end) VALUES(6328, 1646, 25010, 27780, 1919, 1936);
INSERT INTO player_team_game_play(player_id, team_id, game_id, play_id, seconds_start, seconds_end) VALUES(45, 1646, 25010, 27780, 1919, 1936);
UPDATE player_team_game_play SET seconds_end = 1936 WHERE player_id = 5150 AND game_id = 25010 AND play_id = 27780;
INSERT INTO player_team_game_play(player_id, team_id, game_id, play_id, seconds_start, seconds_end) VALUES(7405, 1649, 25010, 27780, 1936, 1936);
UPDATE player_team_game_play SET seconds_end = 1936 WHERE player_id = 4162 AND game_id = 25010 AND play_id = 27780;
UPDATE player_team_game_play SET seconds_end = 1936 WHERE player_id = 7462 AND game_id = 25010 AND play_id = 27780;
INSERT INTO player_team_game_play(player_id, team_id, game_id, play_id, seconds_start, seconds_end) VALUES(5449, 1646, 25010, 27780, 1936, 1936);
INSERT INTO player_team_game_play(player_id, team_id, game_id, play_id, seconds_start, seconds_end) VALUES(6223, 1646, 25010, 27780, 1936, 1936);
INSERT INTO lba.sub_play (play_id, seconds_da_start, player_made_id, team_made_id, game_made_id, player_suffered_id, team_suffered_id, game_suffered_id, shot_id, turnover_id, foul_id, rebound_defensive_01, rebound_offensive_01, assist_01, blocks_01, time_out_01, x, y)VALUES(27780, 5, 4162, 1646, 25010, 5150, 1649, 25010, NULL, NULL, 1, '', '', '', '', '', 36, 95);
INSERT INTO lba.sub_play (play_id, seconds_da_start, player_made_id, team_made_id, game_made_id, player_suffered_id, team_suffered_id, game_suffered_id, shot_id, turnover_id, foul_id, rebound_defensive_01, rebound_offensive_01, assist_01, blocks_01, time_out_01, x, y)VALUES(27780, 17, 7462, 1646, 25010, 7406, 1649, 25010, NULL, NULL, 4, '', '', '', '', '', 11, 45);
INSERT INTO lba.sub_play (play_id, seconds_da_start, player_made_id, team_made_id, game_made_id, player_suffered_id, team_suffered_id, game_suffered_id, shot_id, turnover_id, foul_id, rebound_defensive_01, rebound_offensive_01, assist_01, blocks_01, time_out_01, x, y)VALUES(27780, 17, 7406, 1649, 25010, NULL, NULL, NULL, 5, NULL, NULL, '', '', '', '', '', NULL, NULL);
INSERT INTO lba.sub_play (play_id, seconds_da_start, player_made_id, team_made_id, game_made_id, player_suffered_id, team_suffered_id, game_suffered_id, shot_id, turnover_id, foul_id, rebound_defensive_01, rebound_offensive_01, assist_01, blocks_01, time_out_01, x, y)VALUES(27780, 17, 7406, 1649, 25010, NULL, NULL, NULL, 5, NULL, NULL, '', '', '', '', '', NULL, NULL);

INSERT INTO play(id, game_id, seconds_start, seconds_end, quarter, attack_home_01, score_home, score_guest)VALUES(27781, 25010, 1936, 1948, 4, '0', 67, 68);
INSERT INTO player_team_game_play(player_id, team_id, game_id, play_id, seconds_start, seconds_end) VALUES(2103, 1649, 25010, 27781, 1936, 1948);
INSERT INTO player_team_game_play(player_id, team_id, game_id, play_id, seconds_start, seconds_end) VALUES(7015, 1649, 25010, 27781, 1936, 1948);
INSERT INTO player_team_game_play(player_id, team_id, game_id, play_id, seconds_start, seconds_end) VALUES(5150, 1649, 25010, 27781, 1936, 1948);
INSERT INTO player_team_game_play(player_id, team_id, game_id, play_id, seconds_start, seconds_end) VALUES(7406, 1649, 25010, 27781, 1936, 1948);
INSERT INTO player_team_game_play(player_id, team_id, game_id, play_id, seconds_start, seconds_end) VALUES(1775, 1649, 25010, 27781, 1936, 1948);
INSERT INTO player_team_game_play(player_id, team_id, game_id, play_id, seconds_start, seconds_end) VALUES(418, 1646, 25010, 27781, 1936, 1948);
INSERT INTO player_team_game_play(player_id, team_id, game_id, play_id, seconds_start, seconds_end) VALUES(4162, 1646, 25010, 27781, 1936, 1948);
INSERT INTO player_team_game_play(player_id, team_id, game_id, play_id, seconds_start, seconds_end) VALUES(7462, 1646, 25010, 27781, 1936, 1948);
INSERT INTO player_team_game_play(player_id, team_id, game_id, play_id, seconds_start, seconds_end) VALUES(6328, 1646, 25010, 27781, 1936, 1948);
INSERT INTO player_team_game_play(player_id, team_id, game_id, play_id, seconds_start, seconds_end) VALUES(45, 1646, 25010, 27781, 1936, 1948);
UPDATE player_team_game_play SET seconds_end = 1936 WHERE player_id = 5150 AND game_id = 25010 AND play_id = 27781;
INSERT INTO player_team_game_play(player_id, team_id, game_id, play_id, seconds_start, seconds_end) VALUES(7405, 1649, 25010, 27781, 1936, 1948);
UPDATE player_team_game_play SET seconds_end = 1936 WHERE player_id = 4162 AND game_id = 25010 AND play_id = 27781;
UPDATE player_team_game_play SET seconds_end = 1936 WHERE player_id = 7462 AND game_id = 25010 AND play_id = 27781;
INSERT INTO player_team_game_play(player_id, team_id, game_id, play_id, seconds_start, seconds_end) VALUES(5449, 1646, 25010, 27781, 1936, 1948);
INSERT INTO player_team_game_play(player_id, team_id, game_id, play_id, seconds_start, seconds_end) VALUES(6223, 1646, 25010, 27781, 1936, 1948);
INSERT INTO lba.sub_play (play_id, seconds_da_start, player_made_id, team_made_id, game_made_id, player_suffered_id, team_suffered_id, game_suffered_id, shot_id, turnover_id, foul_id, rebound_defensive_01, rebound_offensive_01, assist_01, blocks_01, time_out_01, x, y)VALUES(27781, 12, 5449, 1646, 25010, 2103, 1649, 25010, NULL, 2, NULL, '', '', '', '', '', 33, 28);

INSERT INTO play(id, game_id, seconds_start, seconds_end, quarter, attack_home_01, score_home, score_guest)VALUES(27782, 25010, 1948, 1948, 4, '1', 68, 68);
INSERT INTO player_team_game_play(player_id, team_id, game_id, play_id, seconds_start, seconds_end) VALUES(2103, 1649, 25010, 27782, 1948, 1948);
INSERT INTO player_team_game_play(player_id, team_id, game_id, play_id, seconds_start, seconds_end) VALUES(7015, 1649, 25010, 27782, 1948, 1948);
INSERT INTO player_team_game_play(player_id, team_id, game_id, play_id, seconds_start, seconds_end) VALUES(7405, 1649, 25010, 27782, 1948, 1948);
INSERT INTO player_team_game_play(player_id, team_id, game_id, play_id, seconds_start, seconds_end) VALUES(7406, 1649, 25010, 27782, 1948, 1948);
INSERT INTO player_team_game_play(player_id, team_id, game_id, play_id, seconds_start, seconds_end) VALUES(1775, 1649, 25010, 27782, 1948, 1948);
INSERT INTO player_team_game_play(player_id, team_id, game_id, play_id, seconds_start, seconds_end) VALUES(418, 1646, 25010, 27782, 1948, 1948);
INSERT INTO player_team_game_play(player_id, team_id, game_id, play_id, seconds_start, seconds_end) VALUES(6328, 1646, 25010, 27782, 1948, 1948);
INSERT INTO player_team_game_play(player_id, team_id, game_id, play_id, seconds_start, seconds_end) VALUES(5449, 1646, 25010, 27782, 1948, 1948);
INSERT INTO player_team_game_play(player_id, team_id, game_id, play_id, seconds_start, seconds_end) VALUES(45, 1646, 25010, 27782, 1948, 1948);
INSERT INTO player_team_game_play(player_id, team_id, game_id, play_id, seconds_start, seconds_end) VALUES(6223, 1646, 25010, 27782, 1948, 1948);
INSERT INTO lba.sub_play (play_id, seconds_da_start, player_made_id, team_made_id, game_made_id, player_suffered_id, team_suffered_id, game_suffered_id, shot_id, turnover_id, foul_id, rebound_defensive_01, rebound_offensive_01, assist_01, blocks_01, time_out_01, x, y)VALUES(27782, 0, 6328, 1646, 25010, 1775, 1649, 25010, NULL, NULL, 4, '', '', '', '', '', 8, 52);
INSERT INTO lba.sub_play (play_id, seconds_da_start, player_made_id, team_made_id, game_made_id, player_suffered_id, team_suffered_id, game_suffered_id, shot_id, turnover_id, foul_id, rebound_defensive_01, rebound_offensive_01, assist_01, blocks_01, time_out_01, x, y)VALUES(27782, 0, 1775, 1649, 25010, NULL, NULL, NULL, 6, NULL, NULL, '', '', '', '', '', NULL, NULL);
INSERT INTO lba.sub_play (play_id, seconds_da_start, player_made_id, team_made_id, game_made_id, player_suffered_id, team_suffered_id, game_suffered_id, shot_id, turnover_id, foul_id, rebound_defensive_01, rebound_offensive_01, assist_01, blocks_01, time_out_01, x, y)VALUES(27782, 0, 1775, 1649, 25010, NULL, NULL, NULL, 5, NULL, NULL, '', '', '', '', '', NULL, NULL);
INSERT INTO lba.sub_play (play_id, seconds_da_start, player_made_id, team_made_id, game_made_id, player_suffered_id, team_suffered_id, game_suffered_id, shot_id, turnover_id, foul_id, rebound_defensive_01, rebound_offensive_01, assist_01, blocks_01, time_out_01, x, y)VALUES(27782, 0, 2103, 1649, 25010, NULL, NULL, NULL, NULL, NULL, NULL, '', '', '1', '', '', NULL, NULL);

INSERT INTO play(id, game_id, seconds_start, seconds_end, quarter, attack_home_01, score_home, score_guest)VALUES(27783, 25010, 1948, 1966, 4, '0', 68, 69);
INSERT INTO player_team_game_play(player_id, team_id, game_id, play_id, seconds_start, seconds_end) VALUES(2103, 1649, 25010, 27783, 1948, 1966);
INSERT INTO player_team_game_play(player_id, team_id, game_id, play_id, seconds_start, seconds_end) VALUES(7015, 1649, 25010, 27783, 1948, 1966);
INSERT INTO player_team_game_play(player_id, team_id, game_id, play_id, seconds_start, seconds_end) VALUES(7405, 1649, 25010, 27783, 1948, 1966);
INSERT INTO player_team_game_play(player_id, team_id, game_id, play_id, seconds_start, seconds_end) VALUES(7406, 1649, 25010, 27783, 1948, 1966);
INSERT INTO player_team_game_play(player_id, team_id, game_id, play_id, seconds_start, seconds_end) VALUES(1775, 1649, 25010, 27783, 1948, 1966);
INSERT INTO player_team_game_play(player_id, team_id, game_id, play_id, seconds_start, seconds_end) VALUES(418, 1646, 25010, 27783, 1948, 1966);
INSERT INTO player_team_game_play(player_id, team_id, game_id, play_id, seconds_start, seconds_end) VALUES(6328, 1646, 25010, 27783, 1948, 1966);
INSERT INTO player_team_game_play(player_id, team_id, game_id, play_id, seconds_start, seconds_end) VALUES(5449, 1646, 25010, 27783, 1948, 1966);
INSERT INTO player_team_game_play(player_id, team_id, game_id, play_id, seconds_start, seconds_end) VALUES(45, 1646, 25010, 27783, 1948, 1966);
INSERT INTO player_team_game_play(player_id, team_id, game_id, play_id, seconds_start, seconds_end) VALUES(6223, 1646, 25010, 27783, 1948, 1966);
INSERT INTO lba.sub_play (play_id, seconds_da_start, player_made_id, team_made_id, game_made_id, player_suffered_id, team_suffered_id, game_suffered_id, shot_id, turnover_id, foul_id, rebound_defensive_01, rebound_offensive_01, assist_01, blocks_01, time_out_01, x, y)VALUES(27783, 11, 7406, 1649, 25010, 6223, 1646, 25010, NULL, NULL, 1, '', '', '', '', '', 80, 13);
INSERT INTO lba.sub_play (play_id, seconds_da_start, player_made_id, team_made_id, game_made_id, player_suffered_id, team_suffered_id, game_suffered_id, shot_id, turnover_id, foul_id, rebound_defensive_01, rebound_offensive_01, assist_01, blocks_01, time_out_01, x, y)VALUES(27783, 18, 7405, 1649, 25010, 418, 1646, 25010, NULL, NULL, 4, '', '', '', '', '', 78, 12);
INSERT INTO lba.sub_play (play_id, seconds_da_start, player_made_id, team_made_id, game_made_id, player_suffered_id, team_suffered_id, game_suffered_id, shot_id, turnover_id, foul_id, rebound_defensive_01, rebound_offensive_01, assist_01, blocks_01, time_out_01, x, y)VALUES(27783, 18, 418, 1646, 25010, NULL, NULL, NULL, 5, NULL, NULL, '', '', '', '', '', NULL, NULL);

INSERT INTO play(id, game_id, seconds_start, seconds_end, quarter, attack_home_01, score_home, score_guest)VALUES(27784, 25010, 1966, 1966, 4, '0', 68, 70);
INSERT INTO player_team_game_play(player_id, team_id, game_id, play_id, seconds_start, seconds_end) VALUES(2103, 1649, 25010, 27784, 1966, 1966);
INSERT INTO player_team_game_play(player_id, team_id, game_id, play_id, seconds_start, seconds_end) VALUES(7015, 1649, 25010, 27784, 1966, 1966);
INSERT INTO player_team_game_play(player_id, team_id, game_id, play_id, seconds_start, seconds_end) VALUES(7405, 1649, 25010, 27784, 1966, 1966);
INSERT INTO player_team_game_play(player_id, team_id, game_id, play_id, seconds_start, seconds_end) VALUES(7406, 1649, 25010, 27784, 1966, 1966);
INSERT INTO player_team_game_play(player_id, team_id, game_id, play_id, seconds_start, seconds_end) VALUES(1775, 1649, 25010, 27784, 1966, 1966);
INSERT INTO player_team_game_play(player_id, team_id, game_id, play_id, seconds_start, seconds_end) VALUES(418, 1646, 25010, 27784, 1966, 1966);
INSERT INTO player_team_game_play(player_id, team_id, game_id, play_id, seconds_start, seconds_end) VALUES(6328, 1646, 25010, 27784, 1966, 1966);
INSERT INTO player_team_game_play(player_id, team_id, game_id, play_id, seconds_start, seconds_end) VALUES(5449, 1646, 25010, 27784, 1966, 1966);
INSERT INTO player_team_game_play(player_id, team_id, game_id, play_id, seconds_start, seconds_end) VALUES(45, 1646, 25010, 27784, 1966, 1966);
INSERT INTO player_team_game_play(player_id, team_id, game_id, play_id, seconds_start, seconds_end) VALUES(6223, 1646, 25010, 27784, 1966, 1966);
INSERT INTO lba.sub_play (play_id, seconds_da_start, player_made_id, team_made_id, game_made_id, player_suffered_id, team_suffered_id, game_suffered_id, shot_id, turnover_id, foul_id, rebound_defensive_01, rebound_offensive_01, assist_01, blocks_01, time_out_01, x, y)VALUES(27784, 0, 418, 1646, 25010, NULL, NULL, NULL, 6, NULL, NULL, '', '', '', '', '', NULL, NULL);
INSERT INTO lba.sub_play (play_id, seconds_da_start, player_made_id, team_made_id, game_made_id, player_suffered_id, team_suffered_id, game_suffered_id, shot_id, turnover_id, foul_id, rebound_defensive_01, rebound_offensive_01, assist_01, blocks_01, time_out_01, x, y)VALUES(27784, 0, 418, 1646, 25010, NULL, NULL, NULL, 5, NULL, NULL, '', '', '', '', '', NULL, NULL);
INSERT INTO lba.sub_play (play_id, seconds_da_start, player_made_id, team_made_id, game_made_id, player_suffered_id, team_suffered_id, game_suffered_id, shot_id, turnover_id, foul_id, rebound_defensive_01, rebound_offensive_01, assist_01, blocks_01, time_out_01, x, y)VALUES(27784, 0, 5449, 1646, 25010, NULL, NULL, NULL, NULL, NULL, NULL, '', '', '1', '', '', NULL, NULL);

INSERT INTO play(id, game_id, seconds_start, seconds_end, quarter, attack_home_01, score_home, score_guest)VALUES(27785, 25010, 1966, 1986, 4, '1', 71, 70);
INSERT INTO player_team_game_play(player_id, team_id, game_id, play_id, seconds_start, seconds_end) VALUES(2103, 1649, 25010, 27785, 1966, 1986);
INSERT INTO player_team_game_play(player_id, team_id, game_id, play_id, seconds_start, seconds_end) VALUES(7015, 1649, 25010, 27785, 1966, 1986);
INSERT INTO player_team_game_play(player_id, team_id, game_id, play_id, seconds_start, seconds_end) VALUES(7405, 1649, 25010, 27785, 1966, 1986);
INSERT INTO player_team_game_play(player_id, team_id, game_id, play_id, seconds_start, seconds_end) VALUES(7406, 1649, 25010, 27785, 1966, 1986);
INSERT INTO player_team_game_play(player_id, team_id, game_id, play_id, seconds_start, seconds_end) VALUES(1775, 1649, 25010, 27785, 1966, 1986);
INSERT INTO player_team_game_play(player_id, team_id, game_id, play_id, seconds_start, seconds_end) VALUES(418, 1646, 25010, 27785, 1966, 1986);
INSERT INTO player_team_game_play(player_id, team_id, game_id, play_id, seconds_start, seconds_end) VALUES(6328, 1646, 25010, 27785, 1966, 1986);
INSERT INTO player_team_game_play(player_id, team_id, game_id, play_id, seconds_start, seconds_end) VALUES(5449, 1646, 25010, 27785, 1966, 1986);
INSERT INTO player_team_game_play(player_id, team_id, game_id, play_id, seconds_start, seconds_end) VALUES(45, 1646, 25010, 27785, 1966, 1986);
INSERT INTO player_team_game_play(player_id, team_id, game_id, play_id, seconds_start, seconds_end) VALUES(6223, 1646, 25010, 27785, 1966, 1986);
INSERT INTO lba.sub_play (play_id, seconds_da_start, player_made_id, team_made_id, game_made_id, player_suffered_id, team_suffered_id, game_suffered_id, shot_id, turnover_id, foul_id, rebound_defensive_01, rebound_offensive_01, assist_01, blocks_01, time_out_01, x, y)VALUES(27785, 20, 7015, 1649, 25010, NULL, NULL, NULL, 3, NULL, NULL, '', '', '', '', '', 26, 13);
INSERT INTO lba.sub_play (play_id, seconds_da_start, player_made_id, team_made_id, game_made_id, player_suffered_id, team_suffered_id, game_suffered_id, shot_id, turnover_id, foul_id, rebound_defensive_01, rebound_offensive_01, assist_01, blocks_01, time_out_01, x, y)VALUES(27785, 20, 7405, 1649, 25010, NULL, NULL, NULL, NULL, NULL, NULL, '', '', '1', '', '', 26, 13);

INSERT INTO play(id, game_id, seconds_start, seconds_end, quarter, attack_home_01, score_home, score_guest)VALUES(27786, 25010, 1986, 2018, 4, '0', 71, 70);
INSERT INTO player_team_game_play(player_id, team_id, game_id, play_id, seconds_start, seconds_end) VALUES(2103, 1649, 25010, 27786, 1986, 2018);
INSERT INTO player_team_game_play(player_id, team_id, game_id, play_id, seconds_start, seconds_end) VALUES(7015, 1649, 25010, 27786, 1986, 2018);
INSERT INTO player_team_game_play(player_id, team_id, game_id, play_id, seconds_start, seconds_end) VALUES(7405, 1649, 25010, 27786, 1986, 2018);
INSERT INTO player_team_game_play(player_id, team_id, game_id, play_id, seconds_start, seconds_end) VALUES(7406, 1649, 25010, 27786, 1986, 2018);
INSERT INTO player_team_game_play(player_id, team_id, game_id, play_id, seconds_start, seconds_end) VALUES(1775, 1649, 25010, 27786, 1986, 2018);
INSERT INTO player_team_game_play(player_id, team_id, game_id, play_id, seconds_start, seconds_end) VALUES(418, 1646, 25010, 27786, 1986, 2018);
INSERT INTO player_team_game_play(player_id, team_id, game_id, play_id, seconds_start, seconds_end) VALUES(6328, 1646, 25010, 27786, 1986, 2018);
INSERT INTO player_team_game_play(player_id, team_id, game_id, play_id, seconds_start, seconds_end) VALUES(5449, 1646, 25010, 27786, 1986, 2018);
INSERT INTO player_team_game_play(player_id, team_id, game_id, play_id, seconds_start, seconds_end) VALUES(45, 1646, 25010, 27786, 1986, 2018);
INSERT INTO player_team_game_play(player_id, team_id, game_id, play_id, seconds_start, seconds_end) VALUES(6223, 1646, 25010, 27786, 1986, 2018);
INSERT INTO lba.sub_play (play_id, seconds_da_start, player_made_id, team_made_id, game_made_id, player_suffered_id, team_suffered_id, game_suffered_id, shot_id, turnover_id, foul_id, rebound_defensive_01, rebound_offensive_01, assist_01, blocks_01, time_out_01, x, y)VALUES(27786, 32, 5449, 1646, 25010, NULL, NULL, NULL, 4, NULL, NULL, '', '', '', '', '', 71, 75);

INSERT INTO play(id, game_id, seconds_start, seconds_end, quarter, attack_home_01, score_home, score_guest)VALUES(27787, 25010, 2018, 2037, 4, '1', 73, 70);
INSERT INTO player_team_game_play(player_id, team_id, game_id, play_id, seconds_start, seconds_end) VALUES(2103, 1649, 25010, 27787, 2018, 2037);
INSERT INTO player_team_game_play(player_id, team_id, game_id, play_id, seconds_start, seconds_end) VALUES(7015, 1649, 25010, 27787, 2018, 2037);
INSERT INTO player_team_game_play(player_id, team_id, game_id, play_id, seconds_start, seconds_end) VALUES(7405, 1649, 25010, 27787, 2018, 2037);
INSERT INTO player_team_game_play(player_id, team_id, game_id, play_id, seconds_start, seconds_end) VALUES(7406, 1649, 25010, 27787, 2018, 2037);
INSERT INTO player_team_game_play(player_id, team_id, game_id, play_id, seconds_start, seconds_end) VALUES(1775, 1649, 25010, 27787, 2018, 2037);
INSERT INTO player_team_game_play(player_id, team_id, game_id, play_id, seconds_start, seconds_end) VALUES(418, 1646, 25010, 27787, 2018, 2037);
INSERT INTO player_team_game_play(player_id, team_id, game_id, play_id, seconds_start, seconds_end) VALUES(6328, 1646, 25010, 27787, 2018, 2037);
INSERT INTO player_team_game_play(player_id, team_id, game_id, play_id, seconds_start, seconds_end) VALUES(5449, 1646, 25010, 27787, 2018, 2037);
INSERT INTO player_team_game_play(player_id, team_id, game_id, play_id, seconds_start, seconds_end) VALUES(45, 1646, 25010, 27787, 2018, 2037);
INSERT INTO player_team_game_play(player_id, team_id, game_id, play_id, seconds_start, seconds_end) VALUES(6223, 1646, 25010, 27787, 2018, 2037);
UPDATE player_team_game_play SET seconds_end = 2037 WHERE player_id = 418 AND game_id = 25010 AND play_id = 27787;
UPDATE player_team_game_play SET seconds_end = 2037 WHERE player_id = 45 AND game_id = 25010 AND play_id = 27787;
INSERT INTO player_team_game_play(player_id, team_id, game_id, play_id, seconds_start, seconds_end) VALUES(2608, 1646, 25010, 27787, 2037, 2037);
INSERT INTO player_team_game_play(player_id, team_id, game_id, play_id, seconds_start, seconds_end) VALUES(1774, 1646, 25010, 27787, 2037, 2037);
INSERT INTO lba.sub_play (play_id, seconds_da_start, player_made_id, team_made_id, game_made_id, player_suffered_id, team_suffered_id, game_suffered_id, shot_id, turnover_id, foul_id, rebound_defensive_01, rebound_offensive_01, assist_01, blocks_01, time_out_01, x, y)VALUES(27787, 19, 45, 1646, 25010, 7015, 1649, 25010, NULL, NULL, 4, '', '', '', '', '', 13, 41);
INSERT INTO lba.sub_play (play_id, seconds_da_start, player_made_id, team_made_id, game_made_id, player_suffered_id, team_suffered_id, game_suffered_id, shot_id, turnover_id, foul_id, rebound_defensive_01, rebound_offensive_01, assist_01, blocks_01, time_out_01, x, y)VALUES(27787, 19, 7015, 1649, 25010, NULL, NULL, NULL, 5, NULL, NULL, '', '', '', '', '', NULL, NULL);
INSERT INTO lba.sub_play (play_id, seconds_da_start, player_made_id, team_made_id, game_made_id, player_suffered_id, team_suffered_id, game_suffered_id, shot_id, turnover_id, foul_id, rebound_defensive_01, rebound_offensive_01, assist_01, blocks_01, time_out_01, x, y)VALUES(27787, 19, 7015, 1649, 25010, NULL, NULL, NULL, 5, NULL, NULL, '', '', '', '', '', NULL, NULL);

INSERT INTO play(id, game_id, seconds_start, seconds_end, quarter, attack_home_01, score_home, score_guest)VALUES(27788, 25010, 2037, 2054, 4, '0', 73, 73);
INSERT INTO player_team_game_play(player_id, team_id, game_id, play_id, seconds_start, seconds_end) VALUES(2103, 1649, 25010, 27788, 2037, 2054);
INSERT INTO player_team_game_play(player_id, team_id, game_id, play_id, seconds_start, seconds_end) VALUES(7015, 1649, 25010, 27788, 2037, 2054);
INSERT INTO player_team_game_play(player_id, team_id, game_id, play_id, seconds_start, seconds_end) VALUES(7405, 1649, 25010, 27788, 2037, 2054);
INSERT INTO player_team_game_play(player_id, team_id, game_id, play_id, seconds_start, seconds_end) VALUES(7406, 1649, 25010, 27788, 2037, 2054);
INSERT INTO player_team_game_play(player_id, team_id, game_id, play_id, seconds_start, seconds_end) VALUES(1775, 1649, 25010, 27788, 2037, 2054);
INSERT INTO player_team_game_play(player_id, team_id, game_id, play_id, seconds_start, seconds_end) VALUES(418, 1646, 25010, 27788, 2037, 2054);
INSERT INTO player_team_game_play(player_id, team_id, game_id, play_id, seconds_start, seconds_end) VALUES(6328, 1646, 25010, 27788, 2037, 2054);
INSERT INTO player_team_game_play(player_id, team_id, game_id, play_id, seconds_start, seconds_end) VALUES(5449, 1646, 25010, 27788, 2037, 2054);
INSERT INTO player_team_game_play(player_id, team_id, game_id, play_id, seconds_start, seconds_end) VALUES(45, 1646, 25010, 27788, 2037, 2054);
INSERT INTO player_team_game_play(player_id, team_id, game_id, play_id, seconds_start, seconds_end) VALUES(6223, 1646, 25010, 27788, 2037, 2054);
UPDATE player_team_game_play SET seconds_end = 2037 WHERE player_id = 418 AND game_id = 25010 AND play_id = 27788;
UPDATE player_team_game_play SET seconds_end = 2037 WHERE player_id = 45 AND game_id = 25010 AND play_id = 27788;
INSERT INTO player_team_game_play(player_id, team_id, game_id, play_id, seconds_start, seconds_end) VALUES(2608, 1646, 25010, 27788, 2037, 2054);
INSERT INTO player_team_game_play(player_id, team_id, game_id, play_id, seconds_start, seconds_end) VALUES(1774, 1646, 25010, 27788, 2037, 2054);
UPDATE player_team_game_play SET seconds_end = 2054 WHERE player_id = 1775 AND game_id = 25010 AND play_id = 27788;
INSERT INTO player_team_game_play(player_id, team_id, game_id, play_id, seconds_start, seconds_end) VALUES(4692, 1649, 25010, 27788, 2054, 2054);
UPDATE player_team_game_play SET seconds_end = 2054 WHERE player_id = 5449 AND game_id = 25010 AND play_id = 27788;
INSERT INTO player_team_game_play(player_id, team_id, game_id, play_id, seconds_start, seconds_end) VALUES(4162, 1646, 25010, 27788, 2054, 2054);
INSERT INTO lba.sub_play (play_id, seconds_da_start, player_made_id, team_made_id, game_made_id, player_suffered_id, team_suffered_id, game_suffered_id, shot_id, turnover_id, foul_id, rebound_defensive_01, rebound_offensive_01, assist_01, blocks_01, time_out_01, x, y)VALUES(27788, 17, 6223, 1646, 25010, NULL, NULL, NULL, 1, NULL, NULL, '', '', '', '', '', 89, 36);
INSERT INTO lba.sub_play (play_id, seconds_da_start, player_made_id, team_made_id, game_made_id, player_suffered_id, team_suffered_id, game_suffered_id, shot_id, turnover_id, foul_id, rebound_defensive_01, rebound_offensive_01, assist_01, blocks_01, time_out_01, x, y)VALUES(27788, 17, 1775, 1649, 25010, 6223, 1646, 25010, NULL, NULL, 4, '', '', '', '', '', 89, 36);
INSERT INTO lba.sub_play (play_id, seconds_da_start, player_made_id, team_made_id, game_made_id, player_suffered_id, team_suffered_id, game_suffered_id, shot_id, turnover_id, foul_id, rebound_defensive_01, rebound_offensive_01, assist_01, blocks_01, time_out_01, x, y)VALUES(27788, 17, 6223, 1646, 25010, NULL, NULL, NULL, 5, NULL, NULL, '', '', '', '', '', NULL, NULL);

INSERT INTO play(id, game_id, seconds_start, seconds_end, quarter, attack_home_01, score_home, score_guest)VALUES(27789, 25010, 2054, 2068, 4, '1', 75, 73);
INSERT INTO player_team_game_play(player_id, team_id, game_id, play_id, seconds_start, seconds_end) VALUES(2103, 1649, 25010, 27789, 2054, 2068);
INSERT INTO player_team_game_play(player_id, team_id, game_id, play_id, seconds_start, seconds_end) VALUES(7015, 1649, 25010, 27789, 2054, 2068);
INSERT INTO player_team_game_play(player_id, team_id, game_id, play_id, seconds_start, seconds_end) VALUES(7405, 1649, 25010, 27789, 2054, 2068);
INSERT INTO player_team_game_play(player_id, team_id, game_id, play_id, seconds_start, seconds_end) VALUES(7406, 1649, 25010, 27789, 2054, 2068);
INSERT INTO player_team_game_play(player_id, team_id, game_id, play_id, seconds_start, seconds_end) VALUES(1775, 1649, 25010, 27789, 2054, 2068);
INSERT INTO player_team_game_play(player_id, team_id, game_id, play_id, seconds_start, seconds_end) VALUES(2608, 1646, 25010, 27789, 2054, 2068);
INSERT INTO player_team_game_play(player_id, team_id, game_id, play_id, seconds_start, seconds_end) VALUES(6328, 1646, 25010, 27789, 2054, 2068);
INSERT INTO player_team_game_play(player_id, team_id, game_id, play_id, seconds_start, seconds_end) VALUES(5449, 1646, 25010, 27789, 2054, 2068);
INSERT INTO player_team_game_play(player_id, team_id, game_id, play_id, seconds_start, seconds_end) VALUES(1774, 1646, 25010, 27789, 2054, 2068);
INSERT INTO player_team_game_play(player_id, team_id, game_id, play_id, seconds_start, seconds_end) VALUES(6223, 1646, 25010, 27789, 2054, 2068);
UPDATE player_team_game_play SET seconds_end = 2054 WHERE player_id = 1775 AND game_id = 25010 AND play_id = 27789;
INSERT INTO player_team_game_play(player_id, team_id, game_id, play_id, seconds_start, seconds_end) VALUES(4692, 1649, 25010, 27789, 2054, 2068);
UPDATE player_team_game_play SET seconds_end = 2054 WHERE player_id = 5449 AND game_id = 25010 AND play_id = 27789;
INSERT INTO player_team_game_play(player_id, team_id, game_id, play_id, seconds_start, seconds_end) VALUES(4162, 1646, 25010, 27789, 2054, 2068);
INSERT INTO lba.sub_play (play_id, seconds_da_start, player_made_id, team_made_id, game_made_id, player_suffered_id, team_suffered_id, game_suffered_id, shot_id, turnover_id, foul_id, rebound_defensive_01, rebound_offensive_01, assist_01, blocks_01, time_out_01, x, y)VALUES(27789, 14, 7015, 1649, 25010, NULL, NULL, NULL, 1, NULL, NULL, '', '', '', '', '', 7, 56);

INSERT INTO play(id, game_id, seconds_start, seconds_end, quarter, attack_home_01, score_home, score_guest)VALUES(27790, 25010, 2068, 2089, 4, '0', 75, 73);
INSERT INTO player_team_game_play(player_id, team_id, game_id, play_id, seconds_start, seconds_end) VALUES(4692, 1649, 25010, 27790, 2068, 2089);
INSERT INTO player_team_game_play(player_id, team_id, game_id, play_id, seconds_start, seconds_end) VALUES(2103, 1649, 25010, 27790, 2068, 2089);
INSERT INTO player_team_game_play(player_id, team_id, game_id, play_id, seconds_start, seconds_end) VALUES(7015, 1649, 25010, 27790, 2068, 2089);
INSERT INTO player_team_game_play(player_id, team_id, game_id, play_id, seconds_start, seconds_end) VALUES(7405, 1649, 25010, 27790, 2068, 2089);
INSERT INTO player_team_game_play(player_id, team_id, game_id, play_id, seconds_start, seconds_end) VALUES(7406, 1649, 25010, 27790, 2068, 2089);
INSERT INTO player_team_game_play(player_id, team_id, game_id, play_id, seconds_start, seconds_end) VALUES(2608, 1646, 25010, 27790, 2068, 2089);
INSERT INTO player_team_game_play(player_id, team_id, game_id, play_id, seconds_start, seconds_end) VALUES(4162, 1646, 25010, 27790, 2068, 2089);
INSERT INTO player_team_game_play(player_id, team_id, game_id, play_id, seconds_start, seconds_end) VALUES(6328, 1646, 25010, 27790, 2068, 2089);
INSERT INTO player_team_game_play(player_id, team_id, game_id, play_id, seconds_start, seconds_end) VALUES(1774, 1646, 25010, 27790, 2068, 2089);
INSERT INTO player_team_game_play(player_id, team_id, game_id, play_id, seconds_start, seconds_end) VALUES(6223, 1646, 25010, 27790, 2068, 2089);
INSERT INTO lba.sub_play (play_id, seconds_da_start, player_made_id, team_made_id, game_made_id, player_suffered_id, team_suffered_id, game_suffered_id, shot_id, turnover_id, foul_id, rebound_defensive_01, rebound_offensive_01, assist_01, blocks_01, time_out_01, x, y)VALUES(27790, 21, 1774, 1646, 25010, NULL, NULL, NULL, NULL, 2, NULL, '', '', '', '', '', 89, 69);

INSERT INTO play(id, game_id, seconds_start, seconds_end, quarter, attack_home_01, score_home, score_guest)VALUES(27791, 25010, 2089, 2103, 4, '1', 75, 73);
INSERT INTO player_team_game_play(player_id, team_id, game_id, play_id, seconds_start, seconds_end) VALUES(4692, 1649, 25010, 27791, 2089, 2103);
INSERT INTO player_team_game_play(player_id, team_id, game_id, play_id, seconds_start, seconds_end) VALUES(2103, 1649, 25010, 27791, 2089, 2103);
INSERT INTO player_team_game_play(player_id, team_id, game_id, play_id, seconds_start, seconds_end) VALUES(7015, 1649, 25010, 27791, 2089, 2103);
INSERT INTO player_team_game_play(player_id, team_id, game_id, play_id, seconds_start, seconds_end) VALUES(7405, 1649, 25010, 27791, 2089, 2103);
INSERT INTO player_team_game_play(player_id, team_id, game_id, play_id, seconds_start, seconds_end) VALUES(7406, 1649, 25010, 27791, 2089, 2103);
INSERT INTO player_team_game_play(player_id, team_id, game_id, play_id, seconds_start, seconds_end) VALUES(2608, 1646, 25010, 27791, 2089, 2103);
INSERT INTO player_team_game_play(player_id, team_id, game_id, play_id, seconds_start, seconds_end) VALUES(4162, 1646, 25010, 27791, 2089, 2103);
INSERT INTO player_team_game_play(player_id, team_id, game_id, play_id, seconds_start, seconds_end) VALUES(6328, 1646, 25010, 27791, 2089, 2103);
INSERT INTO player_team_game_play(player_id, team_id, game_id, play_id, seconds_start, seconds_end) VALUES(1774, 1646, 25010, 27791, 2089, 2103);
INSERT INTO player_team_game_play(player_id, team_id, game_id, play_id, seconds_start, seconds_end) VALUES(6223, 1646, 25010, 27791, 2089, 2103);
INSERT INTO lba.sub_play (play_id, seconds_da_start, player_made_id, team_made_id, game_made_id, player_suffered_id, team_suffered_id, game_suffered_id, shot_id, turnover_id, foul_id, rebound_defensive_01, rebound_offensive_01, assist_01, blocks_01, time_out_01, x, y)VALUES(27791, 14, 7015, 1649, 25010, NULL, NULL, NULL, 2, NULL, NULL, '', '', '', '', '', 11, 15);
INSERT INTO lba.sub_play (play_id, seconds_da_start, player_made_id, team_made_id, game_made_id, player_suffered_id, team_suffered_id, game_suffered_id, shot_id, turnover_id, foul_id, rebound_defensive_01, rebound_offensive_01, assist_01, blocks_01, time_out_01, x, y)VALUES(27791, 14, 2608, 1646, 25010, NULL, NULL, NULL, NULL, NULL, NULL, '1', '', '', '', '', 11, 15);

INSERT INTO play(id, game_id, seconds_start, seconds_end, quarter, attack_home_01, score_home, score_guest)VALUES(27792, 25010, 2103, 2120, 4, '0', 75, 75);
INSERT INTO player_team_game_play(player_id, team_id, game_id, play_id, seconds_start, seconds_end) VALUES(4692, 1649, 25010, 27792, 2103, 2120);
INSERT INTO player_team_game_play(player_id, team_id, game_id, play_id, seconds_start, seconds_end) VALUES(2103, 1649, 25010, 27792, 2103, 2120);
INSERT INTO player_team_game_play(player_id, team_id, game_id, play_id, seconds_start, seconds_end) VALUES(7015, 1649, 25010, 27792, 2103, 2120);
INSERT INTO player_team_game_play(player_id, team_id, game_id, play_id, seconds_start, seconds_end) VALUES(7405, 1649, 25010, 27792, 2103, 2120);
INSERT INTO player_team_game_play(player_id, team_id, game_id, play_id, seconds_start, seconds_end) VALUES(7406, 1649, 25010, 27792, 2103, 2120);
INSERT INTO player_team_game_play(player_id, team_id, game_id, play_id, seconds_start, seconds_end) VALUES(2608, 1646, 25010, 27792, 2103, 2120);
INSERT INTO player_team_game_play(player_id, team_id, game_id, play_id, seconds_start, seconds_end) VALUES(4162, 1646, 25010, 27792, 2103, 2120);
INSERT INTO player_team_game_play(player_id, team_id, game_id, play_id, seconds_start, seconds_end) VALUES(6328, 1646, 25010, 27792, 2103, 2120);
INSERT INTO player_team_game_play(player_id, team_id, game_id, play_id, seconds_start, seconds_end) VALUES(1774, 1646, 25010, 27792, 2103, 2120);
INSERT INTO player_team_game_play(player_id, team_id, game_id, play_id, seconds_start, seconds_end) VALUES(6223, 1646, 25010, 27792, 2103, 2120);
INSERT INTO lba.sub_play (play_id, seconds_da_start, player_made_id, team_made_id, game_made_id, player_suffered_id, team_suffered_id, game_suffered_id, shot_id, turnover_id, foul_id, rebound_defensive_01, rebound_offensive_01, assist_01, blocks_01, time_out_01, x, y)VALUES(27792, 17, 1774, 1646, 25010, NULL, NULL, NULL, 1, NULL, NULL, '', '', '', '', '', 85, 53);
INSERT INTO lba.sub_play (play_id, seconds_da_start, player_made_id, team_made_id, game_made_id, player_suffered_id, team_suffered_id, game_suffered_id, shot_id, turnover_id, foul_id, rebound_defensive_01, rebound_offensive_01, assist_01, blocks_01, time_out_01, x, y)VALUES(27792, 17, 6328, 1646, 25010, NULL, NULL, NULL, NULL, NULL, NULL, '', '', '1', '', '', 85, 53);

INSERT INTO play(id, game_id, seconds_start, seconds_end, quarter, attack_home_01, score_home, score_guest)VALUES(27793, 25010, 2120, 2148, 4, '1', 75, 75);
INSERT INTO player_team_game_play(player_id, team_id, game_id, play_id, seconds_start, seconds_end) VALUES(4692, 1649, 25010, 27793, 2120, 2148);
INSERT INTO player_team_game_play(player_id, team_id, game_id, play_id, seconds_start, seconds_end) VALUES(2103, 1649, 25010, 27793, 2120, 2148);
INSERT INTO player_team_game_play(player_id, team_id, game_id, play_id, seconds_start, seconds_end) VALUES(7015, 1649, 25010, 27793, 2120, 2148);
INSERT INTO player_team_game_play(player_id, team_id, game_id, play_id, seconds_start, seconds_end) VALUES(7405, 1649, 25010, 27793, 2120, 2148);
INSERT INTO player_team_game_play(player_id, team_id, game_id, play_id, seconds_start, seconds_end) VALUES(7406, 1649, 25010, 27793, 2120, 2148);
INSERT INTO player_team_game_play(player_id, team_id, game_id, play_id, seconds_start, seconds_end) VALUES(2608, 1646, 25010, 27793, 2120, 2148);
INSERT INTO player_team_game_play(player_id, team_id, game_id, play_id, seconds_start, seconds_end) VALUES(4162, 1646, 25010, 27793, 2120, 2148);
INSERT INTO player_team_game_play(player_id, team_id, game_id, play_id, seconds_start, seconds_end) VALUES(6328, 1646, 25010, 27793, 2120, 2148);
INSERT INTO player_team_game_play(player_id, team_id, game_id, play_id, seconds_start, seconds_end) VALUES(1774, 1646, 25010, 27793, 2120, 2148);
INSERT INTO player_team_game_play(player_id, team_id, game_id, play_id, seconds_start, seconds_end) VALUES(6223, 1646, 25010, 27793, 2120, 2148);
INSERT INTO lba.sub_play (play_id, seconds_da_start, player_made_id, team_made_id, game_made_id, player_suffered_id, team_suffered_id, game_suffered_id, shot_id, turnover_id, foul_id, rebound_defensive_01, rebound_offensive_01, assist_01, blocks_01, time_out_01, x, y)VALUES(27793, 28, 2103, 1649, 25010, NULL, NULL, NULL, 2, NULL, NULL, '', '', '', '', '', 8, 27);
INSERT INTO lba.sub_play (play_id, seconds_da_start, player_made_id, team_made_id, game_made_id, player_suffered_id, team_suffered_id, game_suffered_id, shot_id, turnover_id, foul_id, rebound_defensive_01, rebound_offensive_01, assist_01, blocks_01, time_out_01, x, y)VALUES(27793, 28, 4162, 1646, 25010, NULL, NULL, NULL, NULL, NULL, NULL, '1', '', '', '', '', 8, 27);

INSERT INTO play(id, game_id, seconds_start, seconds_end, quarter, attack_home_01, score_home, score_guest)VALUES(27794, 25010, 2148, 2169, 4, '0', 75, 78);
INSERT INTO player_team_game_play(player_id, team_id, game_id, play_id, seconds_start, seconds_end) VALUES(4692, 1649, 25010, 27794, 2148, 2169);
INSERT INTO player_team_game_play(player_id, team_id, game_id, play_id, seconds_start, seconds_end) VALUES(2103, 1649, 25010, 27794, 2148, 2169);
INSERT INTO player_team_game_play(player_id, team_id, game_id, play_id, seconds_start, seconds_end) VALUES(7015, 1649, 25010, 27794, 2148, 2169);
INSERT INTO player_team_game_play(player_id, team_id, game_id, play_id, seconds_start, seconds_end) VALUES(7405, 1649, 25010, 27794, 2148, 2169);
INSERT INTO player_team_game_play(player_id, team_id, game_id, play_id, seconds_start, seconds_end) VALUES(7406, 1649, 25010, 27794, 2148, 2169);
INSERT INTO player_team_game_play(player_id, team_id, game_id, play_id, seconds_start, seconds_end) VALUES(2608, 1646, 25010, 27794, 2148, 2169);
INSERT INTO player_team_game_play(player_id, team_id, game_id, play_id, seconds_start, seconds_end) VALUES(4162, 1646, 25010, 27794, 2148, 2169);
INSERT INTO player_team_game_play(player_id, team_id, game_id, play_id, seconds_start, seconds_end) VALUES(6328, 1646, 25010, 27794, 2148, 2169);
INSERT INTO player_team_game_play(player_id, team_id, game_id, play_id, seconds_start, seconds_end) VALUES(1774, 1646, 25010, 27794, 2148, 2169);
INSERT INTO player_team_game_play(player_id, team_id, game_id, play_id, seconds_start, seconds_end) VALUES(6223, 1646, 25010, 27794, 2148, 2169);
UPDATE player_team_game_play SET seconds_end = 2166 WHERE player_id = 7405 AND game_id = 25010 AND play_id = 27794;
UPDATE player_team_game_play SET seconds_end = 2166 WHERE player_id = 7015 AND game_id = 25010 AND play_id = 27794;
INSERT INTO player_team_game_play(player_id, team_id, game_id, play_id, seconds_start, seconds_end) VALUES(3176, 1649, 25010, 27794, 2166, 2169);
INSERT INTO player_team_game_play(player_id, team_id, game_id, play_id, seconds_start, seconds_end) VALUES(5150, 1649, 25010, 27794, 2166, 2169);
INSERT INTO lba.sub_play (play_id, seconds_da_start, player_made_id, team_made_id, game_made_id, player_suffered_id, team_suffered_id, game_suffered_id, shot_id, turnover_id, foul_id, rebound_defensive_01, rebound_offensive_01, assist_01, blocks_01, time_out_01, x, y)VALUES(27794, 21, 6223, 1646, 25010, NULL, NULL, NULL, 3, NULL, NULL, '', '', '', '', '', 86, 97);
INSERT INTO lba.sub_play (play_id, seconds_da_start, player_made_id, team_made_id, game_made_id, player_suffered_id, team_suffered_id, game_suffered_id, shot_id, turnover_id, foul_id, rebound_defensive_01, rebound_offensive_01, assist_01, blocks_01, time_out_01, x, y)VALUES(27794, 21, 4162, 1646, 25010, NULL, NULL, NULL, NULL, NULL, NULL, '', '', '1', '', '', 86, 97);

INSERT INTO play(id, game_id, seconds_start, seconds_end, quarter, attack_home_01, score_home, score_guest)VALUES(27795, 25010, 2169, 2191, 4, '1', 76, 78);
INSERT INTO player_team_game_play(player_id, team_id, game_id, play_id, seconds_start, seconds_end) VALUES(4692, 1649, 25010, 27795, 2169, 2191);
INSERT INTO player_team_game_play(player_id, team_id, game_id, play_id, seconds_start, seconds_end) VALUES(2103, 1649, 25010, 27795, 2169, 2191);
INSERT INTO player_team_game_play(player_id, team_id, game_id, play_id, seconds_start, seconds_end) VALUES(3176, 1649, 25010, 27795, 2169, 2191);
INSERT INTO player_team_game_play(player_id, team_id, game_id, play_id, seconds_start, seconds_end) VALUES(5150, 1649, 25010, 27795, 2169, 2191);
INSERT INTO player_team_game_play(player_id, team_id, game_id, play_id, seconds_start, seconds_end) VALUES(7406, 1649, 25010, 27795, 2169, 2191);
INSERT INTO player_team_game_play(player_id, team_id, game_id, play_id, seconds_start, seconds_end) VALUES(2608, 1646, 25010, 27795, 2169, 2191);
INSERT INTO player_team_game_play(player_id, team_id, game_id, play_id, seconds_start, seconds_end) VALUES(4162, 1646, 25010, 27795, 2169, 2191);
INSERT INTO player_team_game_play(player_id, team_id, game_id, play_id, seconds_start, seconds_end) VALUES(6328, 1646, 25010, 27795, 2169, 2191);
INSERT INTO player_team_game_play(player_id, team_id, game_id, play_id, seconds_start, seconds_end) VALUES(1774, 1646, 25010, 27795, 2169, 2191);
INSERT INTO player_team_game_play(player_id, team_id, game_id, play_id, seconds_start, seconds_end) VALUES(6223, 1646, 25010, 27795, 2169, 2191);
UPDATE player_team_game_play SET seconds_end = 2191 WHERE player_id = 1774 AND game_id = 25010 AND play_id = 27795;
INSERT INTO player_team_game_play(player_id, team_id, game_id, play_id, seconds_start, seconds_end) VALUES(45, 1646, 25010, 27795, 2191, 2191);
INSERT INTO lba.sub_play (play_id, seconds_da_start, player_made_id, team_made_id, game_made_id, player_suffered_id, team_suffered_id, game_suffered_id, shot_id, turnover_id, foul_id, rebound_defensive_01, rebound_offensive_01, assist_01, blocks_01, time_out_01, x, y)VALUES(27795, 22, 6328, 1646, 25010, 5150, 1649, 25010, NULL, NULL, 1, '', '', '', '', '', 31, 39);
INSERT INTO lba.sub_play (play_id, seconds_da_start, player_made_id, team_made_id, game_made_id, player_suffered_id, team_suffered_id, game_suffered_id, shot_id, turnover_id, foul_id, rebound_defensive_01, rebound_offensive_01, assist_01, blocks_01, time_out_01, x, y)VALUES(27795, 22, 5150, 1649, 25010, NULL, NULL, NULL, 6, NULL, NULL, '', '', '', '', '', NULL, NULL);
INSERT INTO lba.sub_play (play_id, seconds_da_start, player_made_id, team_made_id, game_made_id, player_suffered_id, team_suffered_id, game_suffered_id, shot_id, turnover_id, foul_id, rebound_defensive_01, rebound_offensive_01, assist_01, blocks_01, time_out_01, x, y)VALUES(27795, 22, 5150, 1649, 25010, NULL, NULL, NULL, 5, NULL, NULL, '', '', '', '', '', NULL, NULL);

INSERT INTO play(id, game_id, seconds_start, seconds_end, quarter, attack_home_01, score_home, score_guest)VALUES(27796, 25010, 2191, 2206, 4, '0', 76, 80);
INSERT INTO player_team_game_play(player_id, team_id, game_id, play_id, seconds_start, seconds_end) VALUES(4692, 1649, 25010, 27796, 2191, 2206);
INSERT INTO player_team_game_play(player_id, team_id, game_id, play_id, seconds_start, seconds_end) VALUES(2103, 1649, 25010, 27796, 2191, 2206);
INSERT INTO player_team_game_play(player_id, team_id, game_id, play_id, seconds_start, seconds_end) VALUES(3176, 1649, 25010, 27796, 2191, 2206);
INSERT INTO player_team_game_play(player_id, team_id, game_id, play_id, seconds_start, seconds_end) VALUES(5150, 1649, 25010, 27796, 2191, 2206);
INSERT INTO player_team_game_play(player_id, team_id, game_id, play_id, seconds_start, seconds_end) VALUES(7406, 1649, 25010, 27796, 2191, 2206);
INSERT INTO player_team_game_play(player_id, team_id, game_id, play_id, seconds_start, seconds_end) VALUES(2608, 1646, 25010, 27796, 2191, 2206);
INSERT INTO player_team_game_play(player_id, team_id, game_id, play_id, seconds_start, seconds_end) VALUES(4162, 1646, 25010, 27796, 2191, 2206);
INSERT INTO player_team_game_play(player_id, team_id, game_id, play_id, seconds_start, seconds_end) VALUES(6328, 1646, 25010, 27796, 2191, 2206);
INSERT INTO player_team_game_play(player_id, team_id, game_id, play_id, seconds_start, seconds_end) VALUES(1774, 1646, 25010, 27796, 2191, 2206);
INSERT INTO player_team_game_play(player_id, team_id, game_id, play_id, seconds_start, seconds_end) VALUES(6223, 1646, 25010, 27796, 2191, 2206);
UPDATE player_team_game_play SET seconds_end = 2191 WHERE player_id = 1774 AND game_id = 25010 AND play_id = 27796;
INSERT INTO player_team_game_play(player_id, team_id, game_id, play_id, seconds_start, seconds_end) VALUES(45, 1646, 25010, 27796, 2191, 2206);
UPDATE player_team_game_play SET seconds_end = 2206 WHERE player_id = 4692 AND game_id = 25010 AND play_id = 27796;
INSERT INTO player_team_game_play(player_id, team_id, game_id, play_id, seconds_start, seconds_end) VALUES(7015, 1649, 25010, 27796, 2206, 2206);
INSERT INTO lba.sub_play (play_id, seconds_da_start, player_made_id, team_made_id, game_made_id, player_suffered_id, team_suffered_id, game_suffered_id, shot_id, turnover_id, foul_id, rebound_defensive_01, rebound_offensive_01, assist_01, blocks_01, time_out_01, x, y)VALUES(27796, 15, 4692, 1649, 25010, 6328, 1646, 25010, NULL, NULL, 1, '', '', '', '', '', 69, 63);
INSERT INTO lba.sub_play (play_id, seconds_da_start, player_made_id, team_made_id, game_made_id, player_suffered_id, team_suffered_id, game_suffered_id, shot_id, turnover_id, foul_id, rebound_defensive_01, rebound_offensive_01, assist_01, blocks_01, time_out_01, x, y)VALUES(27796, 15, 6328, 1646, 25010, NULL, NULL, NULL, 5, NULL, NULL, '', '', '', '', '', NULL, NULL);
INSERT INTO lba.sub_play (play_id, seconds_da_start, player_made_id, team_made_id, game_made_id, player_suffered_id, team_suffered_id, game_suffered_id, shot_id, turnover_id, foul_id, rebound_defensive_01, rebound_offensive_01, assist_01, blocks_01, time_out_01, x, y)VALUES(27796, 15, 6328, 1646, 25010, NULL, NULL, NULL, 5, NULL, NULL, '', '', '', '', '', NULL, NULL);

INSERT INTO play(id, game_id, seconds_start, seconds_end, quarter, attack_home_01, score_home, score_guest)VALUES(27797, 25010, 2206, 2230, 4, '1', 76, 80);
INSERT INTO player_team_game_play(player_id, team_id, game_id, play_id, seconds_start, seconds_end) VALUES(4692, 1649, 25010, 27797, 2206, 2230);
INSERT INTO player_team_game_play(player_id, team_id, game_id, play_id, seconds_start, seconds_end) VALUES(2103, 1649, 25010, 27797, 2206, 2230);
INSERT INTO player_team_game_play(player_id, team_id, game_id, play_id, seconds_start, seconds_end) VALUES(3176, 1649, 25010, 27797, 2206, 2230);
INSERT INTO player_team_game_play(player_id, team_id, game_id, play_id, seconds_start, seconds_end) VALUES(5150, 1649, 25010, 27797, 2206, 2230);
INSERT INTO player_team_game_play(player_id, team_id, game_id, play_id, seconds_start, seconds_end) VALUES(7406, 1649, 25010, 27797, 2206, 2230);
INSERT INTO player_team_game_play(player_id, team_id, game_id, play_id, seconds_start, seconds_end) VALUES(2608, 1646, 25010, 27797, 2206, 2230);
INSERT INTO player_team_game_play(player_id, team_id, game_id, play_id, seconds_start, seconds_end) VALUES(4162, 1646, 25010, 27797, 2206, 2230);
INSERT INTO player_team_game_play(player_id, team_id, game_id, play_id, seconds_start, seconds_end) VALUES(6328, 1646, 25010, 27797, 2206, 2230);
INSERT INTO player_team_game_play(player_id, team_id, game_id, play_id, seconds_start, seconds_end) VALUES(45, 1646, 25010, 27797, 2206, 2230);
INSERT INTO player_team_game_play(player_id, team_id, game_id, play_id, seconds_start, seconds_end) VALUES(6223, 1646, 25010, 27797, 2206, 2230);
UPDATE player_team_game_play SET seconds_end = 2206 WHERE player_id = 4692 AND game_id = 25010 AND play_id = 27797;
INSERT INTO player_team_game_play(player_id, team_id, game_id, play_id, seconds_start, seconds_end) VALUES(7015, 1649, 25010, 27797, 2206, 2230);
INSERT INTO lba.sub_play (play_id, seconds_da_start, player_made_id, team_made_id, game_made_id, player_suffered_id, team_suffered_id, game_suffered_id, shot_id, turnover_id, foul_id, rebound_defensive_01, rebound_offensive_01, assist_01, blocks_01, time_out_01, x, y)VALUES(27797, 24, 7406, 1649, 25010, NULL, NULL, NULL, 4, NULL, NULL, '', '', '', '', '', 30, 89);
INSERT INTO lba.sub_play (play_id, seconds_da_start, player_made_id, team_made_id, game_made_id, player_suffered_id, team_suffered_id, game_suffered_id, shot_id, turnover_id, foul_id, rebound_defensive_01, rebound_offensive_01, assist_01, blocks_01, time_out_01, x, y)VALUES(27797, 24, 2608, 1646, 25010, NULL, NULL, NULL, NULL, NULL, NULL, '1', '', '', '', '', 30, 89);

INSERT INTO play(id, game_id, seconds_start, seconds_end, quarter, attack_home_01, score_home, score_guest)VALUES(27798, 25010, 2230, 2248, 4, '0', 76, 82);
INSERT INTO player_team_game_play(player_id, team_id, game_id, play_id, seconds_start, seconds_end) VALUES(2103, 1649, 25010, 27798, 2230, 2248);
INSERT INTO player_team_game_play(player_id, team_id, game_id, play_id, seconds_start, seconds_end) VALUES(7015, 1649, 25010, 27798, 2230, 2248);
INSERT INTO player_team_game_play(player_id, team_id, game_id, play_id, seconds_start, seconds_end) VALUES(3176, 1649, 25010, 27798, 2230, 2248);
INSERT INTO player_team_game_play(player_id, team_id, game_id, play_id, seconds_start, seconds_end) VALUES(5150, 1649, 25010, 27798, 2230, 2248);
INSERT INTO player_team_game_play(player_id, team_id, game_id, play_id, seconds_start, seconds_end) VALUES(7406, 1649, 25010, 27798, 2230, 2248);
INSERT INTO player_team_game_play(player_id, team_id, game_id, play_id, seconds_start, seconds_end) VALUES(2608, 1646, 25010, 27798, 2230, 2248);
INSERT INTO player_team_game_play(player_id, team_id, game_id, play_id, seconds_start, seconds_end) VALUES(4162, 1646, 25010, 27798, 2230, 2248);
INSERT INTO player_team_game_play(player_id, team_id, game_id, play_id, seconds_start, seconds_end) VALUES(6328, 1646, 25010, 27798, 2230, 2248);
INSERT INTO player_team_game_play(player_id, team_id, game_id, play_id, seconds_start, seconds_end) VALUES(45, 1646, 25010, 27798, 2230, 2248);
INSERT INTO player_team_game_play(player_id, team_id, game_id, play_id, seconds_start, seconds_end) VALUES(6223, 1646, 25010, 27798, 2230, 2248);
INSERT INTO lba.sub_play (play_id, seconds_da_start, player_made_id, team_made_id, game_made_id, player_suffered_id, team_suffered_id, game_suffered_id, shot_id, turnover_id, foul_id, rebound_defensive_01, rebound_offensive_01, assist_01, blocks_01, time_out_01, x, y)VALUES(27798, 18, 6328, 1646, 25010, NULL, NULL, NULL, 1, NULL, NULL, '', '', '', '', '', 87, 23);
INSERT INTO lba.sub_play (play_id, seconds_da_start, player_made_id, team_made_id, game_made_id, player_suffered_id, team_suffered_id, game_suffered_id, shot_id, turnover_id, foul_id, rebound_defensive_01, rebound_offensive_01, assist_01, blocks_01, time_out_01, x, y)VALUES(27798, 18, 4162, 1646, 25010, NULL, NULL, NULL, NULL, NULL, NULL, '', '', '1', '', '', 87, 23);

INSERT INTO play(id, game_id, seconds_start, seconds_end, quarter, attack_home_01, score_home, score_guest)VALUES(27799, 25010, 2248, 2271, 4, '1', 76, 82);
INSERT INTO player_team_game_play(player_id, team_id, game_id, play_id, seconds_start, seconds_end) VALUES(2103, 1649, 25010, 27799, 2248, 2271);
INSERT INTO player_team_game_play(player_id, team_id, game_id, play_id, seconds_start, seconds_end) VALUES(7015, 1649, 25010, 27799, 2248, 2271);
INSERT INTO player_team_game_play(player_id, team_id, game_id, play_id, seconds_start, seconds_end) VALUES(3176, 1649, 25010, 27799, 2248, 2271);
INSERT INTO player_team_game_play(player_id, team_id, game_id, play_id, seconds_start, seconds_end) VALUES(5150, 1649, 25010, 27799, 2248, 2271);
INSERT INTO player_team_game_play(player_id, team_id, game_id, play_id, seconds_start, seconds_end) VALUES(7406, 1649, 25010, 27799, 2248, 2271);
INSERT INTO player_team_game_play(player_id, team_id, game_id, play_id, seconds_start, seconds_end) VALUES(2608, 1646, 25010, 27799, 2248, 2271);
INSERT INTO player_team_game_play(player_id, team_id, game_id, play_id, seconds_start, seconds_end) VALUES(4162, 1646, 25010, 27799, 2248, 2271);
INSERT INTO player_team_game_play(player_id, team_id, game_id, play_id, seconds_start, seconds_end) VALUES(6328, 1646, 25010, 27799, 2248, 2271);
INSERT INTO player_team_game_play(player_id, team_id, game_id, play_id, seconds_start, seconds_end) VALUES(45, 1646, 25010, 27799, 2248, 2271);
INSERT INTO player_team_game_play(player_id, team_id, game_id, play_id, seconds_start, seconds_end) VALUES(6223, 1646, 25010, 27799, 2248, 2271);
INSERT INTO lba.sub_play (play_id, seconds_da_start, player_made_id, team_made_id, game_made_id, player_suffered_id, team_suffered_id, game_suffered_id, shot_id, turnover_id, foul_id, rebound_defensive_01, rebound_offensive_01, assist_01, blocks_01, time_out_01, x, y)VALUES(27799, 23, 2103, 1649, 25010, NULL, NULL, NULL, 4, NULL, NULL, '', '', '', '', '', 32, 43);
INSERT INTO lba.sub_play (play_id, seconds_da_start, player_made_id, team_made_id, game_made_id, player_suffered_id, team_suffered_id, game_suffered_id, shot_id, turnover_id, foul_id, rebound_defensive_01, rebound_offensive_01, assist_01, blocks_01, time_out_01, x, y)VALUES(27799, 23, 6328, 1646, 25010, NULL, NULL, NULL, NULL, NULL, NULL, '1', '', '', '', '', 32, 43);

INSERT INTO play(id, game_id, seconds_start, seconds_end, quarter, attack_home_01, score_home, score_guest)VALUES(27800, 25010, 2271, 2293, 4, '0', 76, 82);
INSERT INTO player_team_game_play(player_id, team_id, game_id, play_id, seconds_start, seconds_end) VALUES(2103, 1649, 25010, 27800, 2271, 2293);
INSERT INTO player_team_game_play(player_id, team_id, game_id, play_id, seconds_start, seconds_end) VALUES(7015, 1649, 25010, 27800, 2271, 2293);
INSERT INTO player_team_game_play(player_id, team_id, game_id, play_id, seconds_start, seconds_end) VALUES(3176, 1649, 25010, 27800, 2271, 2293);
INSERT INTO player_team_game_play(player_id, team_id, game_id, play_id, seconds_start, seconds_end) VALUES(5150, 1649, 25010, 27800, 2271, 2293);
INSERT INTO player_team_game_play(player_id, team_id, game_id, play_id, seconds_start, seconds_end) VALUES(7406, 1649, 25010, 27800, 2271, 2293);
INSERT INTO player_team_game_play(player_id, team_id, game_id, play_id, seconds_start, seconds_end) VALUES(2608, 1646, 25010, 27800, 2271, 2293);
INSERT INTO player_team_game_play(player_id, team_id, game_id, play_id, seconds_start, seconds_end) VALUES(4162, 1646, 25010, 27800, 2271, 2293);
INSERT INTO player_team_game_play(player_id, team_id, game_id, play_id, seconds_start, seconds_end) VALUES(6328, 1646, 25010, 27800, 2271, 2293);
INSERT INTO player_team_game_play(player_id, team_id, game_id, play_id, seconds_start, seconds_end) VALUES(45, 1646, 25010, 27800, 2271, 2293);
INSERT INTO player_team_game_play(player_id, team_id, game_id, play_id, seconds_start, seconds_end) VALUES(6223, 1646, 25010, 27800, 2271, 2293);
INSERT INTO lba.sub_play (play_id, seconds_da_start, player_made_id, team_made_id, game_made_id, player_suffered_id, team_suffered_id, game_suffered_id, shot_id, turnover_id, foul_id, rebound_defensive_01, rebound_offensive_01, assist_01, blocks_01, time_out_01, x, y)VALUES(27800, 22, 6328, 1646, 25010, NULL, NULL, NULL, 2, NULL, NULL, '', '', '', '', '', 88, 66);
INSERT INTO lba.sub_play (play_id, seconds_da_start, player_made_id, team_made_id, game_made_id, player_suffered_id, team_suffered_id, game_suffered_id, shot_id, turnover_id, foul_id, rebound_defensive_01, rebound_offensive_01, assist_01, blocks_01, time_out_01, x, y)VALUES(27800, 22, 3176, 1649, 25010, NULL, NULL, NULL, NULL, NULL, NULL, '1', '', '', '', '', 88, 66);

INSERT INTO play(id, game_id, seconds_start, seconds_end, quarter, attack_home_01, score_home, score_guest)VALUES(27801, 25010, 2293, 2315, 4, '1', 78, 82);
INSERT INTO player_team_game_play(player_id, team_id, game_id, play_id, seconds_start, seconds_end) VALUES(2103, 1649, 25010, 27801, 2293, 2315);
INSERT INTO player_team_game_play(player_id, team_id, game_id, play_id, seconds_start, seconds_end) VALUES(7015, 1649, 25010, 27801, 2293, 2315);
INSERT INTO player_team_game_play(player_id, team_id, game_id, play_id, seconds_start, seconds_end) VALUES(3176, 1649, 25010, 27801, 2293, 2315);
INSERT INTO player_team_game_play(player_id, team_id, game_id, play_id, seconds_start, seconds_end) VALUES(5150, 1649, 25010, 27801, 2293, 2315);
INSERT INTO player_team_game_play(player_id, team_id, game_id, play_id, seconds_start, seconds_end) VALUES(7406, 1649, 25010, 27801, 2293, 2315);
INSERT INTO player_team_game_play(player_id, team_id, game_id, play_id, seconds_start, seconds_end) VALUES(2608, 1646, 25010, 27801, 2293, 2315);
INSERT INTO player_team_game_play(player_id, team_id, game_id, play_id, seconds_start, seconds_end) VALUES(4162, 1646, 25010, 27801, 2293, 2315);
INSERT INTO player_team_game_play(player_id, team_id, game_id, play_id, seconds_start, seconds_end) VALUES(6328, 1646, 25010, 27801, 2293, 2315);
INSERT INTO player_team_game_play(player_id, team_id, game_id, play_id, seconds_start, seconds_end) VALUES(45, 1646, 25010, 27801, 2293, 2315);
INSERT INTO player_team_game_play(player_id, team_id, game_id, play_id, seconds_start, seconds_end) VALUES(6223, 1646, 25010, 27801, 2293, 2315);
UPDATE player_team_game_play SET seconds_end = 2315 WHERE player_id = 2103 AND game_id = 25010 AND play_id = 27801;
INSERT INTO player_team_game_play(player_id, team_id, game_id, play_id, seconds_start, seconds_end) VALUES(7405, 1649, 25010, 27801, 2315, 2315);
INSERT INTO lba.sub_play (play_id, seconds_da_start, player_made_id, team_made_id, game_made_id, player_suffered_id, team_suffered_id, game_suffered_id, shot_id, turnover_id, foul_id, rebound_defensive_01, rebound_offensive_01, assist_01, blocks_01, time_out_01, x, y)VALUES(27801, 22, 5150, 1649, 25010, NULL, NULL, NULL, 1, NULL, NULL, '', '', '', '', '', 28, 48);
INSERT INTO lba.sub_play (play_id, seconds_da_start, player_made_id, team_made_id, game_made_id, player_suffered_id, team_suffered_id, game_suffered_id, shot_id, turnover_id, foul_id, rebound_defensive_01, rebound_offensive_01, assist_01, blocks_01, time_out_01, x, y)VALUES(27801, 22, 7406, 1649, 25010, NULL, NULL, NULL, NULL, NULL, NULL, '', '', '1', '', '', 28, 48);

INSERT INTO play(id, game_id, seconds_start, seconds_end, quarter, attack_home_01, score_home, score_guest)VALUES(27802, 25010, 2315, 2330, 4, '0', 78, 82);
INSERT INTO player_team_game_play(player_id, team_id, game_id, play_id, seconds_start, seconds_end) VALUES(2103, 1649, 25010, 27802, 2315, 2330);
INSERT INTO player_team_game_play(player_id, team_id, game_id, play_id, seconds_start, seconds_end) VALUES(7015, 1649, 25010, 27802, 2315, 2330);
INSERT INTO player_team_game_play(player_id, team_id, game_id, play_id, seconds_start, seconds_end) VALUES(3176, 1649, 25010, 27802, 2315, 2330);
INSERT INTO player_team_game_play(player_id, team_id, game_id, play_id, seconds_start, seconds_end) VALUES(5150, 1649, 25010, 27802, 2315, 2330);
INSERT INTO player_team_game_play(player_id, team_id, game_id, play_id, seconds_start, seconds_end) VALUES(7406, 1649, 25010, 27802, 2315, 2330);
INSERT INTO player_team_game_play(player_id, team_id, game_id, play_id, seconds_start, seconds_end) VALUES(2608, 1646, 25010, 27802, 2315, 2330);
INSERT INTO player_team_game_play(player_id, team_id, game_id, play_id, seconds_start, seconds_end) VALUES(4162, 1646, 25010, 27802, 2315, 2330);
INSERT INTO player_team_game_play(player_id, team_id, game_id, play_id, seconds_start, seconds_end) VALUES(6328, 1646, 25010, 27802, 2315, 2330);
INSERT INTO player_team_game_play(player_id, team_id, game_id, play_id, seconds_start, seconds_end) VALUES(45, 1646, 25010, 27802, 2315, 2330);
INSERT INTO player_team_game_play(player_id, team_id, game_id, play_id, seconds_start, seconds_end) VALUES(6223, 1646, 25010, 27802, 2315, 2330);
UPDATE player_team_game_play SET seconds_end = 2315 WHERE player_id = 2103 AND game_id = 25010 AND play_id = 27802;
INSERT INTO player_team_game_play(player_id, team_id, game_id, play_id, seconds_start, seconds_end) VALUES(7405, 1649, 25010, 27802, 2315, 2330);
INSERT INTO lba.sub_play (play_id, seconds_da_start, player_made_id, team_made_id, game_made_id, player_suffered_id, team_suffered_id, game_suffered_id, shot_id, turnover_id, foul_id, rebound_defensive_01, rebound_offensive_01, assist_01, blocks_01, time_out_01, x, y)VALUES(27802, 15, 6223, 1646, 25010, 3176, 1649, 25010, NULL, NULL, 7, '', '', '', '', '', 89, 44);
INSERT INTO lba.sub_play (play_id, seconds_da_start, player_made_id, team_made_id, game_made_id, player_suffered_id, team_suffered_id, game_suffered_id, shot_id, turnover_id, foul_id, rebound_defensive_01, rebound_offensive_01, assist_01, blocks_01, time_out_01, x, y)VALUES(27802, 15, 6223, 1646, 25010, NULL, NULL, NULL, NULL, 13, NULL, '', '', '', '', '', 89, 44);

INSERT INTO play(id, game_id, seconds_start, seconds_end, quarter, attack_home_01, score_home, score_guest)VALUES(27803, 25010, 2330, 2347, 4, '1', 78, 82);
INSERT INTO player_team_game_play(player_id, team_id, game_id, play_id, seconds_start, seconds_end) VALUES(7015, 1649, 25010, 27803, 2330, 2347);
INSERT INTO player_team_game_play(player_id, team_id, game_id, play_id, seconds_start, seconds_end) VALUES(3176, 1649, 25010, 27803, 2330, 2347);
INSERT INTO player_team_game_play(player_id, team_id, game_id, play_id, seconds_start, seconds_end) VALUES(5150, 1649, 25010, 27803, 2330, 2347);
INSERT INTO player_team_game_play(player_id, team_id, game_id, play_id, seconds_start, seconds_end) VALUES(7405, 1649, 25010, 27803, 2330, 2347);
INSERT INTO player_team_game_play(player_id, team_id, game_id, play_id, seconds_start, seconds_end) VALUES(7406, 1649, 25010, 27803, 2330, 2347);
INSERT INTO player_team_game_play(player_id, team_id, game_id, play_id, seconds_start, seconds_end) VALUES(2608, 1646, 25010, 27803, 2330, 2347);
INSERT INTO player_team_game_play(player_id, team_id, game_id, play_id, seconds_start, seconds_end) VALUES(4162, 1646, 25010, 27803, 2330, 2347);
INSERT INTO player_team_game_play(player_id, team_id, game_id, play_id, seconds_start, seconds_end) VALUES(6328, 1646, 25010, 27803, 2330, 2347);
INSERT INTO player_team_game_play(player_id, team_id, game_id, play_id, seconds_start, seconds_end) VALUES(45, 1646, 25010, 27803, 2330, 2347);
INSERT INTO player_team_game_play(player_id, team_id, game_id, play_id, seconds_start, seconds_end) VALUES(6223, 1646, 25010, 27803, 2330, 2347);
INSERT INTO lba.sub_play (play_id, seconds_da_start, player_made_id, team_made_id, game_made_id, player_suffered_id, team_suffered_id, game_suffered_id, shot_id, turnover_id, foul_id, rebound_defensive_01, rebound_offensive_01, assist_01, blocks_01, time_out_01, x, y)VALUES(27803, 17, 7405, 1649, 25010, 4162, 1646, 25010, NULL, 1, NULL, '', '', '', '', '', 21, 15);

INSERT INTO play(id, game_id, seconds_start, seconds_end, quarter, attack_home_01, score_home, score_guest)VALUES(27804, 25010, 2347, 2367, 4, '0', 78, 82);
INSERT INTO player_team_game_play(player_id, team_id, game_id, play_id, seconds_start, seconds_end) VALUES(7015, 1649, 25010, 27804, 2347, 2367);
INSERT INTO player_team_game_play(player_id, team_id, game_id, play_id, seconds_start, seconds_end) VALUES(3176, 1649, 25010, 27804, 2347, 2367);
INSERT INTO player_team_game_play(player_id, team_id, game_id, play_id, seconds_start, seconds_end) VALUES(5150, 1649, 25010, 27804, 2347, 2367);
INSERT INTO player_team_game_play(player_id, team_id, game_id, play_id, seconds_start, seconds_end) VALUES(7405, 1649, 25010, 27804, 2347, 2367);
INSERT INTO player_team_game_play(player_id, team_id, game_id, play_id, seconds_start, seconds_end) VALUES(7406, 1649, 25010, 27804, 2347, 2367);
INSERT INTO player_team_game_play(player_id, team_id, game_id, play_id, seconds_start, seconds_end) VALUES(2608, 1646, 25010, 27804, 2347, 2367);
INSERT INTO player_team_game_play(player_id, team_id, game_id, play_id, seconds_start, seconds_end) VALUES(4162, 1646, 25010, 27804, 2347, 2367);
INSERT INTO player_team_game_play(player_id, team_id, game_id, play_id, seconds_start, seconds_end) VALUES(6328, 1646, 25010, 27804, 2347, 2367);
INSERT INTO player_team_game_play(player_id, team_id, game_id, play_id, seconds_start, seconds_end) VALUES(45, 1646, 25010, 27804, 2347, 2367);
INSERT INTO player_team_game_play(player_id, team_id, game_id, play_id, seconds_start, seconds_end) VALUES(6223, 1646, 25010, 27804, 2347, 2367);
INSERT INTO lba.sub_play (play_id, seconds_da_start, player_made_id, team_made_id, game_made_id, player_suffered_id, team_suffered_id, game_suffered_id, shot_id, turnover_id, foul_id, rebound_defensive_01, rebound_offensive_01, assist_01, blocks_01, time_out_01, x, y)VALUES(27804, 20, 4162, 1646, 25010, NULL, NULL, NULL, 4, NULL, NULL, '', '', '', '', '', 67, 27);
INSERT INTO lba.sub_play (play_id, seconds_da_start, player_made_id, team_made_id, game_made_id, player_suffered_id, team_suffered_id, game_suffered_id, shot_id, turnover_id, foul_id, rebound_defensive_01, rebound_offensive_01, assist_01, blocks_01, time_out_01, x, y)VALUES(27804, 20, 7406, 1649, 25010, NULL, NULL, NULL, NULL, NULL, NULL, '1', '', '', '', '', 67, 27);

INSERT INTO play(id, game_id, seconds_start, seconds_end, quarter, attack_home_01, score_home, score_guest)VALUES(27805, 25010, 2367, 2374, 4, '1', 78, 82);
INSERT INTO player_team_game_play(player_id, team_id, game_id, play_id, seconds_start, seconds_end) VALUES(7015, 1649, 25010, 27805, 2367, 2374);
INSERT INTO player_team_game_play(player_id, team_id, game_id, play_id, seconds_start, seconds_end) VALUES(3176, 1649, 25010, 27805, 2367, 2374);
INSERT INTO player_team_game_play(player_id, team_id, game_id, play_id, seconds_start, seconds_end) VALUES(5150, 1649, 25010, 27805, 2367, 2374);
INSERT INTO player_team_game_play(player_id, team_id, game_id, play_id, seconds_start, seconds_end) VALUES(7405, 1649, 25010, 27805, 2367, 2374);
INSERT INTO player_team_game_play(player_id, team_id, game_id, play_id, seconds_start, seconds_end) VALUES(7406, 1649, 25010, 27805, 2367, 2374);
INSERT INTO player_team_game_play(player_id, team_id, game_id, play_id, seconds_start, seconds_end) VALUES(2608, 1646, 25010, 27805, 2367, 2374);
INSERT INTO player_team_game_play(player_id, team_id, game_id, play_id, seconds_start, seconds_end) VALUES(4162, 1646, 25010, 27805, 2367, 2374);
INSERT INTO player_team_game_play(player_id, team_id, game_id, play_id, seconds_start, seconds_end) VALUES(6328, 1646, 25010, 27805, 2367, 2374);
INSERT INTO player_team_game_play(player_id, team_id, game_id, play_id, seconds_start, seconds_end) VALUES(45, 1646, 25010, 27805, 2367, 2374);
INSERT INTO player_team_game_play(player_id, team_id, game_id, play_id, seconds_start, seconds_end) VALUES(6223, 1646, 25010, 27805, 2367, 2374);
INSERT INTO lba.sub_play (play_id, seconds_da_start, player_made_id, team_made_id, game_made_id, player_suffered_id, team_suffered_id, game_suffered_id, shot_id, turnover_id, foul_id, rebound_defensive_01, rebound_offensive_01, assist_01, blocks_01, time_out_01, x, y)VALUES(27805, 7, 7015, 1649, 25010, NULL, NULL, NULL, 4, NULL, NULL, '', '', '', '', '', 32, 85);
INSERT INTO lba.sub_play (play_id, seconds_da_start, player_made_id, team_made_id, game_made_id, player_suffered_id, team_suffered_id, game_suffered_id, shot_id, turnover_id, foul_id, rebound_defensive_01, rebound_offensive_01, assist_01, blocks_01, time_out_01, x, y)VALUES(27805, 7, 2608, 1646, 25010, NULL, NULL, NULL, NULL, NULL, NULL, '1', '', '', '', '', 32, 85);

INSERT INTO play(id, game_id, seconds_start, seconds_end, quarter, attack_home_01, score_home, score_guest)VALUES(27806, 25010, 2374, 2383, 4, '0', 78, 84);
INSERT INTO player_team_game_play(player_id, team_id, game_id, play_id, seconds_start, seconds_end) VALUES(7015, 1649, 25010, 27806, 2374, 2383);
INSERT INTO player_team_game_play(player_id, team_id, game_id, play_id, seconds_start, seconds_end) VALUES(3176, 1649, 25010, 27806, 2374, 2383);
INSERT INTO player_team_game_play(player_id, team_id, game_id, play_id, seconds_start, seconds_end) VALUES(5150, 1649, 25010, 27806, 2374, 2383);
INSERT INTO player_team_game_play(player_id, team_id, game_id, play_id, seconds_start, seconds_end) VALUES(7405, 1649, 25010, 27806, 2374, 2383);
INSERT INTO player_team_game_play(player_id, team_id, game_id, play_id, seconds_start, seconds_end) VALUES(7406, 1649, 25010, 27806, 2374, 2383);
INSERT INTO player_team_game_play(player_id, team_id, game_id, play_id, seconds_start, seconds_end) VALUES(2608, 1646, 25010, 27806, 2374, 2383);
INSERT INTO player_team_game_play(player_id, team_id, game_id, play_id, seconds_start, seconds_end) VALUES(4162, 1646, 25010, 27806, 2374, 2383);
INSERT INTO player_team_game_play(player_id, team_id, game_id, play_id, seconds_start, seconds_end) VALUES(6328, 1646, 25010, 27806, 2374, 2383);
INSERT INTO player_team_game_play(player_id, team_id, game_id, play_id, seconds_start, seconds_end) VALUES(45, 1646, 25010, 27806, 2374, 2383);
INSERT INTO player_team_game_play(player_id, team_id, game_id, play_id, seconds_start, seconds_end) VALUES(6223, 1646, 25010, 27806, 2374, 2383);
INSERT INTO lba.sub_play (play_id, seconds_da_start, player_made_id, team_made_id, game_made_id, player_suffered_id, team_suffered_id, game_suffered_id, shot_id, turnover_id, foul_id, rebound_defensive_01, rebound_offensive_01, assist_01, blocks_01, time_out_01, x, y)VALUES(27806, 9, 6328, 1646, 25010, NULL, NULL, NULL, 1, NULL, NULL, '', '', '', '', '', 94, 52);
INSERT INTO lba.sub_play (play_id, seconds_da_start, player_made_id, team_made_id, game_made_id, player_suffered_id, team_suffered_id, game_suffered_id, shot_id, turnover_id, foul_id, rebound_defensive_01, rebound_offensive_01, assist_01, blocks_01, time_out_01, x, y)VALUES(27806, 9, 4162, 1646, 25010, NULL, NULL, NULL, NULL, NULL, NULL, '', '', '1', '', '', 94, 52);

INSERT INTO play(id, game_id, seconds_start, seconds_end, quarter, attack_home_01, score_home, score_guest)VALUES(27807, 25010, 2383, 2400, 4, '1', 78, 84);
INSERT INTO player_team_game_play(player_id, team_id, game_id, play_id, seconds_start, seconds_end) VALUES(7015, 1649, 25010, 27807, 2383, 2400);
INSERT INTO player_team_game_play(player_id, team_id, game_id, play_id, seconds_start, seconds_end) VALUES(3176, 1649, 25010, 27807, 2383, 2400);
INSERT INTO player_team_game_play(player_id, team_id, game_id, play_id, seconds_start, seconds_end) VALUES(5150, 1649, 25010, 27807, 2383, 2400);
INSERT INTO player_team_game_play(player_id, team_id, game_id, play_id, seconds_start, seconds_end) VALUES(7405, 1649, 25010, 27807, 2383, 2400);
INSERT INTO player_team_game_play(player_id, team_id, game_id, play_id, seconds_start, seconds_end) VALUES(7406, 1649, 25010, 27807, 2383, 2400);
INSERT INTO player_team_game_play(player_id, team_id, game_id, play_id, seconds_start, seconds_end) VALUES(2608, 1646, 25010, 27807, 2383, 2400);
INSERT INTO player_team_game_play(player_id, team_id, game_id, play_id, seconds_start, seconds_end) VALUES(4162, 1646, 25010, 27807, 2383, 2400);
INSERT INTO player_team_game_play(player_id, team_id, game_id, play_id, seconds_start, seconds_end) VALUES(6328, 1646, 25010, 27807, 2383, 2400);
INSERT INTO player_team_game_play(player_id, team_id, game_id, play_id, seconds_start, seconds_end) VALUES(45, 1646, 25010, 27807, 2383, 2400);
INSERT INTO player_team_game_play(player_id, team_id, game_id, play_id, seconds_start, seconds_end) VALUES(6223, 1646, 25010, 27807, 2383, 2400);
INSERT INTO lba.sub_play (play_id, seconds_da_start, player_made_id, team_made_id, game_made_id, player_suffered_id, team_suffered_id, game_suffered_id, shot_id, turnover_id, foul_id, rebound_defensive_01, rebound_offensive_01, assist_01, blocks_01, time_out_01, x, y)VALUES(27807, 8, 5150, 1649, 25010, NULL, NULL, NULL, 4, NULL, NULL, '', '', '', '', '', 35, 89);
INSERT INTO lba.sub_play (play_id, seconds_da_start, player_made_id, team_made_id, game_made_id, player_suffered_id, team_suffered_id, game_suffered_id, shot_id, turnover_id, foul_id, rebound_defensive_01, rebound_offensive_01, assist_01, blocks_01, time_out_01, x, y)VALUES(27807, 8, 2608, 1646, 25010, NULL, NULL, NULL, NULL, NULL, NULL, '1', '', '', '', '', 35, 89);

